2026-06-15T17:14:26.0260368Z [AUDIT] auth:login actor=5b7bf422afc5417fb7d0a4f0db04524c target=5b7bf422afc5417fb7d0a4f0db04524c
2026-06-15T17:14:35.5860726Z [AUDIT] auth:login actor=0584ae33047742a18f657d4ca9c86a01 target=0584ae33047742a18f657d4ca9c86a01
2026-06-15T17:17:01.7503017Z [AUDIT] auth:login actor=0584ae33047742a18f657d4ca9c86a01 target=0584ae33047742a18f657d4ca9c86a01
2026-06-15T17:18:33.7255731Z [AUDIT] auth:login actor=5b7bf422afc5417fb7d0a4f0db04524c target=5b7bf422afc5417fb7d0a4f0db04524c
2026-06-15T17:24:17.5115937Z [AUDIT] auth:login actor=5b7bf422afc5417fb7d0a4f0db04524c target=5b7bf422afc5417fb7d0a4f0db04524c
2026-06-15T17:42:06.5431306Z [AUDIT] auth:login actor=5b7bf422afc5417fb7d0a4f0db04524c target=5b7bf422afc5417fb7d0a4f0db04524c
2026-06-15T18:05:59.9122361Z [AUDIT] auth:login actor=5b7bf422afc5417fb7d0a4f0db04524c target=5b7bf422afc5417fb7d0a4f0db04524c
2026-06-16T15:04:41.3568321Z [AUDIT] auth:login actor=5b7bf422afc5417fb7d0a4f0db04524c target=5b7bf422afc5417fb7d0a4f0db04524c
2026-06-19T15:06:31.7010348Z [AUDIT] auth:login actor=5b7bf422afc5417fb7d0a4f0db04524c target=5b7bf422afc5417fb7d0a4f0db04524c
2026-06-19T15:07:05.0405618Z [AUDIT] auth:login actor=5b7bf422afc5417fb7d0a4f0db04524c target=5b7bf422afc5417fb7d0a4f0db04524c
2026-06-19T15:07:21.2209243Z [AUDIT] auth:login actor=5b7bf422afc5417fb7d0a4f0db04524c target=5b7bf422afc5417fb7d0a4f0db04524c
2026-06-19T15:08:33.7989232Z [AUDIT] auth:login actor=5b7bf422afc5417fb7d0a4f0db04524c target=5b7bf422afc5417fb7d0a4f0db04524c
2026-06-19T15:08:48.7277941Z [AUDIT] auth:login actor=5b7bf422afc5417fb7d0a4f0db04524c target=5b7bf422afc5417fb7d0a4f0db04524c
2026-06-19T15:09:08.0849498Z [AUDIT] auth:login actor=5b7bf422afc5417fb7d0a4f0db04524c target=5b7bf422afc5417fb7d0a4f0db04524c
2026-06-19T15:09:44.0349747Z [AUDIT] auth:login actor=5b7bf422afc5417fb7d0a4f0db04524c target=5b7bf422afc5417fb7d0a4f0db04524c
2026-06-19T15:09:44.4851606Z [AUDIT] auth:login actor=0584ae33047742a18f657d4ca9c86a01 target=0584ae33047742a18f657d4ca9c86a01
2026-06-19T15:10:25.8901603Z [AUDIT] auth:login actor=5b7bf422afc5417fb7d0a4f0db04524c target=5b7bf422afc5417fb7d0a4f0db04524c
2026-06-19T15:10:26.3392447Z [AUDIT] auth:login actor=0584ae33047742a18f657d4ca9c86a01 target=0584ae33047742a18f657d4ca9c86a01
2026-06-19T15:10:26.5779270Z [AUDIT] chat:send actor=0584ae33047742a18f657d4ca9c86a01 target=f23eeaa11c374de1b088dbfaf6d0d4ec
2026-06-19T15:12:57.6380114Z [AUDIT] auth:login actor=5b7bf422afc5417fb7d0a4f0db04524c target=5b7bf422afc5417fb7d0a4f0db04524c
2026-06-19T15:12:58.2321944Z [AUDIT] auth:login actor=0584ae33047742a18f657d4ca9c86a01 target=0584ae33047742a18f657d4ca9c86a01
2026-06-19T15:12:58.4784218Z [AUDIT] chat:send actor=0584ae33047742a18f657d4ca9c86a01 target=ccd770311bcd4673a3b2fc752903a60a
2026-06-19T15:17:29.2045169Z [AUDIT] auth:login actor=5b7bf422afc5417fb7d0a4f0db04524c target=5b7bf422afc5417fb7d0a4f0db04524c
2026-06-19T15:17:29.8221148Z [AUDIT] auth:login actor=0584ae33047742a18f657d4ca9c86a01 target=0584ae33047742a18f657d4ca9c86a01
2026-06-19T15:17:30.0667308Z [AUDIT] chat:send actor=0584ae33047742a18f657d4ca9c86a01 target=bfec83e4e32146d2912abde6511be530
2026-06-19T15:17:42.1542403Z [AUDIT] auth:login actor=5b7bf422afc5417fb7d0a4f0db04524c target=5b7bf422afc5417fb7d0a4f0db04524c
2026-06-19T15:20:51.4978308Z [AUDIT] auth:login actor=5b7bf422afc5417fb7d0a4f0db04524c target=5b7bf422afc5417fb7d0a4f0db04524c
2026-06-19T15:23:05.2594660Z [AUDIT] auth:login actor=5b7bf422afc5417fb7d0a4f0db04524c target=5b7bf422afc5417fb7d0a4f0db04524c
2026-06-19T15:23:05.8834150Z [AUDIT] auth:login actor=0584ae33047742a18f657d4ca9c86a01 target=0584ae33047742a18f657d4ca9c86a01
2026-06-19T15:23:06.1324894Z [AUDIT] chat:send actor=0584ae33047742a18f657d4ca9c86a01 target=06adebc4e6b744dc9842656e32086290
2026-06-19T15:23:19.9781288Z [AUDIT] auth:login actor=5b7bf422afc5417fb7d0a4f0db04524c target=5b7bf422afc5417fb7d0a4f0db04524c
2026-06-19T15:23:39.8097161Z [AUDIT] auth:login actor=0584ae33047742a18f657d4ca9c86a01 target=0584ae33047742a18f657d4ca9c86a01
2026-06-19T15:24:49.3720940Z [AUDIT] auth:login actor=5b7bf422afc5417fb7d0a4f0db04524c target=5b7bf422afc5417fb7d0a4f0db04524c
2026-06-19T15:25:08.8878863Z [AUDIT] auth:login actor=0584ae33047742a18f657d4ca9c86a01 target=0584ae33047742a18f657d4ca9c86a01
2026-06-19T15:25:59.8927695Z [AUDIT] auth:login actor=5b7bf422afc5417fb7d0a4f0db04524c target=5b7bf422afc5417fb7d0a4f0db04524c
2026-06-19T15:26:19.4205782Z [AUDIT] auth:login actor=0584ae33047742a18f657d4ca9c86a01 target=0584ae33047742a18f657d4ca9c86a01
2026-06-19T15:27:40.4014224Z [AUDIT] auth:login actor=5b7bf422afc5417fb7d0a4f0db04524c target=5b7bf422afc5417fb7d0a4f0db04524c
2026-06-19T15:27:41.0140209Z [AUDIT] auth:login actor=0584ae33047742a18f657d4ca9c86a01 target=0584ae33047742a18f657d4ca9c86a01
2026-06-19T15:27:41.2682926Z [AUDIT] chat:send actor=0584ae33047742a18f657d4ca9c86a01 target=8a227c08d673466b8f6ea827fb7d806b
2026-06-19T15:27:54.9237228Z [AUDIT] auth:login actor=5b7bf422afc5417fb7d0a4f0db04524c target=5b7bf422afc5417fb7d0a4f0db04524c
2026-06-19T15:28:14.8540709Z [AUDIT] auth:login actor=0584ae33047742a18f657d4ca9c86a01 target=0584ae33047742a18f657d4ca9c86a01
2026-06-19T15:28:36.1549382Z [AUDIT] auth:login actor=0584ae33047742a18f657d4ca9c86a01 target=0584ae33047742a18f657d4ca9c86a01
2026-06-19T15:28:57.3517514Z [AUDIT] auth:login actor=0584ae33047742a18f657d4ca9c86a01 target=0584ae33047742a18f657d4ca9c86a01
2026-06-19T15:29:44.5578201Z [AUDIT] auth:login actor=5b7bf422afc5417fb7d0a4f0db04524c target=5b7bf422afc5417fb7d0a4f0db04524c
2026-06-19T15:29:55.1154893Z [AUDIT] auth:login actor=0584ae33047742a18f657d4ca9c86a01 target=0584ae33047742a18f657d4ca9c86a01
2026-06-19T15:55:23.4467917Z [AUDIT] auth:login actor=5b7bf422afc5417fb7d0a4f0db04524c target=5b7bf422afc5417fb7d0a4f0db04524c
2026-06-19T15:55:23.8197257Z [AUDIT] auth:login actor=0584ae33047742a18f657d4ca9c86a01 target=0584ae33047742a18f657d4ca9c86a01
2026-06-19T15:55:51.0344251Z [AUDIT] auth:login actor=5b7bf422afc5417fb7d0a4f0db04524c target=5b7bf422afc5417fb7d0a4f0db04524c
2026-06-19T15:55:51.3928464Z [AUDIT] auth:login actor=0584ae33047742a18f657d4ca9c86a01 target=0584ae33047742a18f657d4ca9c86a01
2026-06-19T15:56:15.3442138Z [AUDIT] auth:login actor=5b7bf422afc5417fb7d0a4f0db04524c target=5b7bf422afc5417fb7d0a4f0db04524c
2026-06-19T15:56:15.7023169Z [AUDIT] auth:login actor=0584ae33047742a18f657d4ca9c86a01 target=0584ae33047742a18f657d4ca9c86a01
2026-06-19T15:56:51.7017956Z [AUDIT] auth:login actor=5b7bf422afc5417fb7d0a4f0db04524c target=5b7bf422afc5417fb7d0a4f0db04524c
2026-06-19T15:56:52.0612186Z [AUDIT] auth:login actor=0584ae33047742a18f657d4ca9c86a01 target=0584ae33047742a18f657d4ca9c86a01
2026-06-19T15:57:10.2788669Z [AUDIT] auth:login actor=5b7bf422afc5417fb7d0a4f0db04524c target=5b7bf422afc5417fb7d0a4f0db04524c
2026-06-19T15:57:10.5927791Z [AUDIT] auth:login actor=0584ae33047742a18f657d4ca9c86a01 target=0584ae33047742a18f657d4ca9c86a01
2026-06-19T15:57:40.3200979Z [AUDIT] auth:login actor=5b7bf422afc5417fb7d0a4f0db04524c target=5b7bf422afc5417fb7d0a4f0db04524c
2026-06-19T15:58:15.2100889Z [AUDIT] auth:login actor=5b7bf422afc5417fb7d0a4f0db04524c target=5b7bf422afc5417fb7d0a4f0db04524c
2026-06-19T15:58:53.6204550Z [AUDIT] auth:login actor=5b7bf422afc5417fb7d0a4f0db04524c target=5b7bf422afc5417fb7d0a4f0db04524c
2026-06-19T16:01:21.4595916Z [AUDIT] auth:login actor=5b7bf422afc5417fb7d0a4f0db04524c target=5b7bf422afc5417fb7d0a4f0db04524c
2026-06-19T16:03:11.4347107Z [AUDIT] auth:login actor=5b7bf422afc5417fb7d0a4f0db04524c target=5b7bf422afc5417fb7d0a4f0db04524c
2026-06-19T16:04:23.5315854Z [AUDIT] auth:login actor=5b7bf422afc5417fb7d0a4f0db04524c target=5b7bf422afc5417fb7d0a4f0db04524c
2026-06-19T16:05:06.7087357Z [AUDIT] auth:login actor=0584ae33047742a18f657d4ca9c86a01 target=0584ae33047742a18f657d4ca9c86a01
2026-06-19T16:13:49.5134847Z [AUDIT] auth:login actor=5b7bf422afc5417fb7d0a4f0db04524c target=5b7bf422afc5417fb7d0a4f0db04524c
2026-06-19T16:13:49.8616118Z [AUDIT] auth:login actor=0584ae33047742a18f657d4ca9c86a01 target=0584ae33047742a18f657d4ca9c86a01
2026-06-19T16:13:50.6401829Z [AUDIT] auth:login actor=5b7bf422afc5417fb7d0a4f0db04524c target=5b7bf422afc5417fb7d0a4f0db04524c
2026-06-19T16:13:50.9857601Z [AUDIT] auth:login actor=0584ae33047742a18f657d4ca9c86a01 target=0584ae33047742a18f657d4ca9c86a01
2026-06-19T16:13:56.4431811Z [AUDIT] auth:login actor=5b7bf422afc5417fb7d0a4f0db04524c target=5b7bf422afc5417fb7d0a4f0db04524c
2026-06-19T16:14:28.5161667Z [AUDIT] auth:login actor=5b7bf422afc5417fb7d0a4f0db04524c target=5b7bf422afc5417fb7d0a4f0db04524c
2026-06-19T16:14:28.8708024Z [AUDIT] auth:login actor=0584ae33047742a18f657d4ca9c86a01 target=0584ae33047742a18f657d4ca9c86a01
2026-06-19T16:14:29.6019722Z [AUDIT] auth:login actor=5b7bf422afc5417fb7d0a4f0db04524c target=5b7bf422afc5417fb7d0a4f0db04524c
2026-06-19T16:14:29.9598684Z [AUDIT] auth:login actor=0584ae33047742a18f657d4ca9c86a01 target=0584ae33047742a18f657d4ca9c86a01
2026-06-19T16:14:35.4119292Z [AUDIT] auth:login actor=5b7bf422afc5417fb7d0a4f0db04524c target=5b7bf422afc5417fb7d0a4f0db04524c
2026-06-19T16:14:51.5551327Z [AUDIT] auth:login actor=5b7bf422afc5417fb7d0a4f0db04524c target=5b7bf422afc5417fb7d0a4f0db04524c
2026-06-19T16:14:51.8783254Z [AUDIT] auth:login actor=0584ae33047742a18f657d4ca9c86a01 target=0584ae33047742a18f657d4ca9c86a01
2026-06-19T16:15:07.7120892Z [AUDIT] auth:login actor=5b7bf422afc5417fb7d0a4f0db04524c target=5b7bf422afc5417fb7d0a4f0db04524c
2026-06-19T16:15:08.0347863Z [AUDIT] auth:login actor=0584ae33047742a18f657d4ca9c86a01 target=0584ae33047742a18f657d4ca9c86a01
2026-06-19T16:15:56.6122068Z [AUDIT] auth:login actor=5b7bf422afc5417fb7d0a4f0db04524c target=5b7bf422afc5417fb7d0a4f0db04524c
2026-06-19T16:15:56.9453792Z [AUDIT] auth:login actor=0584ae33047742a18f657d4ca9c86a01 target=0584ae33047742a18f657d4ca9c86a01
2026-06-19T16:15:57.6355927Z [AUDIT] auth:login actor=5b7bf422afc5417fb7d0a4f0db04524c target=5b7bf422afc5417fb7d0a4f0db04524c
2026-06-19T16:15:57.9688263Z [AUDIT] auth:login actor=0584ae33047742a18f657d4ca9c86a01 target=0584ae33047742a18f657d4ca9c86a01
2026-06-19T16:16:03.6328384Z [AUDIT] auth:login actor=5b7bf422afc5417fb7d0a4f0db04524c target=5b7bf422afc5417fb7d0a4f0db04524c
2026-06-19T16:16:19.7519130Z [AUDIT] auth:login actor=5b7bf422afc5417fb7d0a4f0db04524c target=5b7bf422afc5417fb7d0a4f0db04524c
2026-06-19T16:16:20.0805822Z [AUDIT] auth:login actor=0584ae33047742a18f657d4ca9c86a01 target=0584ae33047742a18f657d4ca9c86a01
2026-06-19T16:16:32.8965113Z [AUDIT] auth:login actor=5b7bf422afc5417fb7d0a4f0db04524c target=5b7bf422afc5417fb7d0a4f0db04524c
2026-06-19T16:16:33.2621921Z [AUDIT] auth:login actor=0584ae33047742a18f657d4ca9c86a01 target=0584ae33047742a18f657d4ca9c86a01
2026-06-19T16:17:11.5170266Z [AUDIT] auth:login actor=5b7bf422afc5417fb7d0a4f0db04524c target=5b7bf422afc5417fb7d0a4f0db04524c
2026-06-19T16:17:11.8282869Z [AUDIT] auth:login actor=0584ae33047742a18f657d4ca9c86a01 target=0584ae33047742a18f657d4ca9c86a01
2026-06-19T16:18:09.5705140Z [AUDIT] auth:login actor=5b7bf422afc5417fb7d0a4f0db04524c target=5b7bf422afc5417fb7d0a4f0db04524c
2026-06-19T16:18:09.9238571Z [AUDIT] auth:login actor=0584ae33047742a18f657d4ca9c86a01 target=0584ae33047742a18f657d4ca9c86a01
2026-06-19T16:18:31.3094647Z [AUDIT] auth:login actor=5b7bf422afc5417fb7d0a4f0db04524c target=5b7bf422afc5417fb7d0a4f0db04524c
2026-06-19T16:18:31.6458975Z [AUDIT] auth:login actor=0584ae33047742a18f657d4ca9c86a01 target=0584ae33047742a18f657d4ca9c86a01
2026-06-19T16:18:32.3369034Z [AUDIT] auth:login actor=5b7bf422afc5417fb7d0a4f0db04524c target=5b7bf422afc5417fb7d0a4f0db04524c
2026-06-19T16:18:32.6710846Z [AUDIT] auth:login actor=0584ae33047742a18f657d4ca9c86a01 target=0584ae33047742a18f657d4ca9c86a01
2026-06-19T16:18:44.0551035Z [AUDIT] auth:login actor=5b7bf422afc5417fb7d0a4f0db04524c target=5b7bf422afc5417fb7d0a4f0db04524c
2026-06-19T16:18:44.3947074Z [AUDIT] auth:login actor=0584ae33047742a18f657d4ca9c86a01 target=0584ae33047742a18f657d4ca9c86a01
2026-06-19T16:18:45.0633726Z [AUDIT] auth:login actor=5b7bf422afc5417fb7d0a4f0db04524c target=5b7bf422afc5417fb7d0a4f0db04524c
2026-06-19T16:18:45.3852384Z [AUDIT] auth:login actor=0584ae33047742a18f657d4ca9c86a01 target=0584ae33047742a18f657d4ca9c86a01
2026-06-19T16:18:50.9139420Z [AUDIT] auth:login actor=5b7bf422afc5417fb7d0a4f0db04524c target=5b7bf422afc5417fb7d0a4f0db04524c
2026-06-19T16:19:06.8461494Z [AUDIT] auth:login actor=5b7bf422afc5417fb7d0a4f0db04524c target=5b7bf422afc5417fb7d0a4f0db04524c
2026-06-19T16:19:07.1627554Z [AUDIT] auth:login actor=0584ae33047742a18f657d4ca9c86a01 target=0584ae33047742a18f657d4ca9c86a01
2026-06-19T16:19:12.8090090Z [AUDIT] auth:login actor=0584ae33047742a18f657d4ca9c86a01 target=0584ae33047742a18f657d4ca9c86a01
2026-06-19T16:20:21.1427296Z [AUDIT] auth:login actor=0584ae33047742a18f657d4ca9c86a01 target=0584ae33047742a18f657d4ca9c86a01
2026-06-19T16:21:55.2232413Z [AUDIT] auth:login actor=5b7bf422afc5417fb7d0a4f0db04524c target=5b7bf422afc5417fb7d0a4f0db04524c
2026-06-19T16:21:55.5727280Z [AUDIT] auth:login actor=0584ae33047742a18f657d4ca9c86a01 target=0584ae33047742a18f657d4ca9c86a01
2026-06-19T16:21:56.4214921Z [AUDIT] auth:login actor=5b7bf422afc5417fb7d0a4f0db04524c target=5b7bf422afc5417fb7d0a4f0db04524c
2026-06-19T16:21:56.7315739Z [AUDIT] auth:login actor=0584ae33047742a18f657d4ca9c86a01 target=0584ae33047742a18f657d4ca9c86a01
2026-06-19T16:22:02.2315766Z [AUDIT] auth:login actor=5b7bf422afc5417fb7d0a4f0db04524c target=5b7bf422afc5417fb7d0a4f0db04524c
2026-06-19T16:22:18.1358592Z [AUDIT] auth:login actor=5b7bf422afc5417fb7d0a4f0db04524c target=5b7bf422afc5417fb7d0a4f0db04524c
2026-06-19T16:22:18.4625130Z [AUDIT] auth:login actor=0584ae33047742a18f657d4ca9c86a01 target=0584ae33047742a18f657d4ca9c86a01
2026-06-19T16:22:24.1897042Z [AUDIT] auth:login actor=0584ae33047742a18f657d4ca9c86a01 target=0584ae33047742a18f657d4ca9c86a01
2026-06-19T16:23:17.4258486Z [AUDIT] auth:login actor=0584ae33047742a18f657d4ca9c86a01 target=0584ae33047742a18f657d4ca9c86a01
2026-06-19T16:24:24.7623570Z [AUDIT] auth:login actor=0584ae33047742a18f657d4ca9c86a01 target=0584ae33047742a18f657d4ca9c86a01
2026-06-19T16:25:18.0963858Z [AUDIT] auth:login actor=5b7bf422afc5417fb7d0a4f0db04524c target=5b7bf422afc5417fb7d0a4f0db04524c
2026-06-19T16:25:18.4276583Z [AUDIT] auth:login actor=0584ae33047742a18f657d4ca9c86a01 target=0584ae33047742a18f657d4ca9c86a01
2026-06-19T16:25:19.2385112Z [AUDIT] auth:login actor=5b7bf422afc5417fb7d0a4f0db04524c target=5b7bf422afc5417fb7d0a4f0db04524c
2026-06-19T16:25:19.5454412Z [AUDIT] auth:login actor=0584ae33047742a18f657d4ca9c86a01 target=0584ae33047742a18f657d4ca9c86a01
2026-06-19T16:25:24.9561411Z [AUDIT] auth:login actor=5b7bf422afc5417fb7d0a4f0db04524c target=5b7bf422afc5417fb7d0a4f0db04524c
2026-06-19T16:25:40.8271154Z [AUDIT] auth:login actor=5b7bf422afc5417fb7d0a4f0db04524c target=5b7bf422afc5417fb7d0a4f0db04524c
2026-06-19T16:25:41.1507630Z [AUDIT] auth:login actor=0584ae33047742a18f657d4ca9c86a01 target=0584ae33047742a18f657d4ca9c86a01
2026-06-19T16:25:46.8326874Z [AUDIT] auth:login actor=0584ae33047742a18f657d4ca9c86a01 target=0584ae33047742a18f657d4ca9c86a01
2026-06-19T16:26:58.8910675Z [AUDIT] auth:login actor=5b7bf422afc5417fb7d0a4f0db04524c target=5b7bf422afc5417fb7d0a4f0db04524c
2026-06-19T16:26:59.2383904Z [AUDIT] auth:login actor=0584ae33047742a18f657d4ca9c86a01 target=0584ae33047742a18f657d4ca9c86a01
2026-06-19T16:27:00.1395738Z [AUDIT] auth:login actor=5b7bf422afc5417fb7d0a4f0db04524c target=5b7bf422afc5417fb7d0a4f0db04524c
2026-06-19T16:27:00.4928490Z [AUDIT] auth:login actor=0584ae33047742a18f657d4ca9c86a01 target=0584ae33047742a18f657d4ca9c86a01
2026-06-19T16:27:05.9817745Z [AUDIT] auth:login actor=5b7bf422afc5417fb7d0a4f0db04524c target=5b7bf422afc5417fb7d0a4f0db04524c
2026-06-19T16:27:22.0138862Z [AUDIT] auth:login actor=5b7bf422afc5417fb7d0a4f0db04524c target=5b7bf422afc5417fb7d0a4f0db04524c
2026-06-19T16:27:22.3442128Z [AUDIT] auth:login actor=0584ae33047742a18f657d4ca9c86a01 target=0584ae33047742a18f657d4ca9c86a01
2026-06-19T16:27:27.8551677Z [AUDIT] auth:login actor=0584ae33047742a18f657d4ca9c86a01 target=0584ae33047742a18f657d4ca9c86a01
2026-06-19T16:27:49.7412974Z [AUDIT] auth:login actor=5b7bf422afc5417fb7d0a4f0db04524c target=5b7bf422afc5417fb7d0a4f0db04524c
2026-06-19T16:27:50.0575137Z [AUDIT] auth:login actor=0584ae33047742a18f657d4ca9c86a01 target=0584ae33047742a18f657d4ca9c86a01
2026-06-19T16:27:55.3039653Z [AUDIT] auth:login actor=0584ae33047742a18f657d4ca9c86a01 target=0584ae33047742a18f657d4ca9c86a01
2026-06-19T16:28:14.0996599Z [AUDIT] auth:login actor=0584ae33047742a18f657d4ca9c86a01 target=0584ae33047742a18f657d4ca9c86a01
2026-06-19T16:28:23.5956163Z [AUDIT] auth:login actor=5b7bf422afc5417fb7d0a4f0db04524c target=5b7bf422afc5417fb7d0a4f0db04524c
2026-06-19T16:28:23.8916803Z [AUDIT] auth:login actor=0584ae33047742a18f657d4ca9c86a01 target=0584ae33047742a18f657d4ca9c86a01
2026-06-19T16:28:29.5046304Z [AUDIT] auth:login actor=5b7bf422afc5417fb7d0a4f0db04524c target=5b7bf422afc5417fb7d0a4f0db04524c
2026-06-19T16:28:42.0883997Z [AUDIT] auth:login actor=5b7bf422afc5417fb7d0a4f0db04524c target=5b7bf422afc5417fb7d0a4f0db04524c
2026-06-19T16:28:42.4021413Z [AUDIT] auth:login actor=0584ae33047742a18f657d4ca9c86a01 target=0584ae33047742a18f657d4ca9c86a01
2026-06-19T16:29:14.4629597Z [AUDIT] auth:login actor=5b7bf422afc5417fb7d0a4f0db04524c target=5b7bf422afc5417fb7d0a4f0db04524c
2026-06-19T16:29:14.8430382Z [AUDIT] auth:login actor=0584ae33047742a18f657d4ca9c86a01 target=0584ae33047742a18f657d4ca9c86a01
2026-06-19T16:29:42.3539204Z [AUDIT] auth:login actor=5b7bf422afc5417fb7d0a4f0db04524c target=5b7bf422afc5417fb7d0a4f0db04524c
2026-06-19T16:29:42.6635404Z [AUDIT] auth:login actor=0584ae33047742a18f657d4ca9c86a01 target=0584ae33047742a18f657d4ca9c86a01
2026-06-19T16:29:43.3104631Z [AUDIT] auth:login actor=5b7bf422afc5417fb7d0a4f0db04524c target=5b7bf422afc5417fb7d0a4f0db04524c
2026-06-19T16:29:43.6394974Z [AUDIT] auth:login actor=0584ae33047742a18f657d4ca9c86a01 target=0584ae33047742a18f657d4ca9c86a01
2026-06-19T16:29:48.9989706Z [AUDIT] auth:login actor=5b7bf422afc5417fb7d0a4f0db04524c target=5b7bf422afc5417fb7d0a4f0db04524c
2026-06-19T16:30:04.7941223Z [AUDIT] auth:login actor=5b7bf422afc5417fb7d0a4f0db04524c target=5b7bf422afc5417fb7d0a4f0db04524c
2026-06-19T16:30:05.0965336Z [AUDIT] auth:login actor=0584ae33047742a18f657d4ca9c86a01 target=0584ae33047742a18f657d4ca9c86a01
2026-06-19T16:30:10.3117967Z [AUDIT] auth:login actor=0584ae33047742a18f657d4ca9c86a01 target=0584ae33047742a18f657d4ca9c86a01
2026-06-19T16:30:31.8398780Z [AUDIT] auth:login actor=5b7bf422afc5417fb7d0a4f0db04524c target=5b7bf422afc5417fb7d0a4f0db04524c
2026-06-19T16:30:32.1514531Z [AUDIT] auth:login actor=0584ae33047742a18f657d4ca9c86a01 target=0584ae33047742a18f657d4ca9c86a01
2026-06-19T16:30:37.1447754Z [AUDIT] auth:login actor=0584ae33047742a18f657d4ca9c86a01 target=0584ae33047742a18f657d4ca9c86a01
2026-06-19T16:30:55.8186031Z [AUDIT] auth:login actor=0584ae33047742a18f657d4ca9c86a01 target=0584ae33047742a18f657d4ca9c86a01
2026-06-19T16:31:05.3431004Z [AUDIT] auth:login actor=5b7bf422afc5417fb7d0a4f0db04524c target=5b7bf422afc5417fb7d0a4f0db04524c
2026-06-19T16:31:05.6789774Z [AUDIT] auth:login actor=0584ae33047742a18f657d4ca9c86a01 target=0584ae33047742a18f657d4ca9c86a01
2026-06-19T16:31:11.0876625Z [AUDIT] auth:login actor=5b7bf422afc5417fb7d0a4f0db04524c target=5b7bf422afc5417fb7d0a4f0db04524c
2026-06-19T16:31:24.9360317Z [AUDIT] auth:login actor=5b7bf422afc5417fb7d0a4f0db04524c target=5b7bf422afc5417fb7d0a4f0db04524c
2026-06-19T16:31:25.2213356Z [AUDIT] auth:login actor=0584ae33047742a18f657d4ca9c86a01 target=0584ae33047742a18f657d4ca9c86a01
2026-06-19T16:31:30.1906231Z [AUDIT] auth:login actor=0584ae33047742a18f657d4ca9c86a01 target=0584ae33047742a18f657d4ca9c86a01
2026-06-19T16:31:53.4632821Z [AUDIT] auth:login actor=5b7bf422afc5417fb7d0a4f0db04524c target=5b7bf422afc5417fb7d0a4f0db04524c
2026-06-19T16:31:53.7624395Z [AUDIT] auth:login actor=0584ae33047742a18f657d4ca9c86a01 target=0584ae33047742a18f657d4ca9c86a01
2026-06-19T16:31:59.2422896Z [AUDIT] auth:login actor=5b7bf422afc5417fb7d0a4f0db04524c target=5b7bf422afc5417fb7d0a4f0db04524c
2026-06-19T16:31:59.5233345Z [AUDIT] auth:login actor=0584ae33047742a18f657d4ca9c86a01 target=0584ae33047742a18f657d4ca9c86a01
2026-06-19T16:32:07.0848525Z [AUDIT] auth:login actor=5b7bf422afc5417fb7d0a4f0db04524c target=5b7bf422afc5417fb7d0a4f0db04524c
2026-06-19T16:32:07.3902881Z [AUDIT] auth:login actor=0584ae33047742a18f657d4ca9c86a01 target=0584ae33047742a18f657d4ca9c86a01
2026-06-19T16:32:08.0756897Z [AUDIT] auth:login actor=5b7bf422afc5417fb7d0a4f0db04524c target=5b7bf422afc5417fb7d0a4f0db04524c
2026-06-19T16:32:08.3786567Z [AUDIT] auth:login actor=0584ae33047742a18f657d4ca9c86a01 target=0584ae33047742a18f657d4ca9c86a01
2026-06-19T16:32:34.5482157Z [AUDIT] auth:login actor=5b7bf422afc5417fb7d0a4f0db04524c target=5b7bf422afc5417fb7d0a4f0db04524c
2026-06-19T16:32:34.8540809Z [AUDIT] auth:login actor=0584ae33047742a18f657d4ca9c86a01 target=0584ae33047742a18f657d4ca9c86a01
2026-06-19T16:33:45.8875317Z [AUDIT] auth:login actor=5b7bf422afc5417fb7d0a4f0db04524c target=5b7bf422afc5417fb7d0a4f0db04524c
2026-06-19T16:33:54.2594739Z [AUDIT] auth:login actor=0584ae33047742a18f657d4ca9c86a01 target=0584ae33047742a18f657d4ca9c86a01
2026-06-19T16:38:19.3837393Z [AUDIT] auth:login actor=5b7bf422afc5417fb7d0a4f0db04524c target=5b7bf422afc5417fb7d0a4f0db04524c
2026-06-19T16:38:19.7053783Z [AUDIT] auth:login actor=0584ae33047742a18f657d4ca9c86a01 target=0584ae33047742a18f657d4ca9c86a01
2026-06-19T16:38:20.6167919Z [AUDIT] auth:login actor=5b7bf422afc5417fb7d0a4f0db04524c target=5b7bf422afc5417fb7d0a4f0db04524c
2026-06-19T16:38:20.9470840Z [AUDIT] auth:login actor=0584ae33047742a18f657d4ca9c86a01 target=0584ae33047742a18f657d4ca9c86a01
2026-06-19T16:38:26.4099772Z [AUDIT] auth:login actor=5b7bf422afc5417fb7d0a4f0db04524c target=5b7bf422afc5417fb7d0a4f0db04524c
2026-06-19T16:38:41.9295057Z [AUDIT] auth:login actor=5b7bf422afc5417fb7d0a4f0db04524c target=5b7bf422afc5417fb7d0a4f0db04524c
2026-06-19T16:38:42.2199352Z [AUDIT] auth:login actor=0584ae33047742a18f657d4ca9c86a01 target=0584ae33047742a18f657d4ca9c86a01
2026-06-19T16:38:47.1828706Z [AUDIT] auth:login actor=0584ae33047742a18f657d4ca9c86a01 target=0584ae33047742a18f657d4ca9c86a01
2026-06-19T16:39:08.2144334Z [AUDIT] auth:login actor=5b7bf422afc5417fb7d0a4f0db04524c target=5b7bf422afc5417fb7d0a4f0db04524c
2026-06-19T16:39:08.4986181Z [AUDIT] auth:login actor=0584ae33047742a18f657d4ca9c86a01 target=0584ae33047742a18f657d4ca9c86a01
2026-06-19T16:39:13.7921595Z [AUDIT] auth:login actor=0584ae33047742a18f657d4ca9c86a01 target=0584ae33047742a18f657d4ca9c86a01
2026-06-19T16:39:32.3317679Z [AUDIT] auth:login actor=0584ae33047742a18f657d4ca9c86a01 target=0584ae33047742a18f657d4ca9c86a01
2026-06-19T16:39:41.7871022Z [AUDIT] auth:login actor=5b7bf422afc5417fb7d0a4f0db04524c target=5b7bf422afc5417fb7d0a4f0db04524c
2026-06-19T16:39:42.0644454Z [AUDIT] auth:login actor=0584ae33047742a18f657d4ca9c86a01 target=0584ae33047742a18f657d4ca9c86a01
2026-06-19T16:39:49.7415395Z [AUDIT] auth:login actor=5b7bf422afc5417fb7d0a4f0db04524c target=5b7bf422afc5417fb7d0a4f0db04524c
2026-06-19T16:40:03.5297854Z [AUDIT] auth:login actor=5b7bf422afc5417fb7d0a4f0db04524c target=5b7bf422afc5417fb7d0a4f0db04524c
2026-06-19T16:40:03.8138547Z [AUDIT] auth:login actor=0584ae33047742a18f657d4ca9c86a01 target=0584ae33047742a18f657d4ca9c86a01
2026-06-19T16:40:08.9160753Z [AUDIT] auth:login actor=0584ae33047742a18f657d4ca9c86a01 target=0584ae33047742a18f657d4ca9c86a01
2026-06-19T16:40:31.8456100Z [AUDIT] auth:login actor=5b7bf422afc5417fb7d0a4f0db04524c target=5b7bf422afc5417fb7d0a4f0db04524c
2026-06-19T16:40:32.1266566Z [AUDIT] auth:login actor=0584ae33047742a18f657d4ca9c86a01 target=0584ae33047742a18f657d4ca9c86a01
2026-06-19T16:40:37.5873571Z [AUDIT] auth:login actor=5b7bf422afc5417fb7d0a4f0db04524c target=5b7bf422afc5417fb7d0a4f0db04524c
2026-06-19T16:40:37.8627467Z [AUDIT] auth:login actor=0584ae33047742a18f657d4ca9c86a01 target=0584ae33047742a18f657d4ca9c86a01
2026-06-19T16:40:45.3714874Z [AUDIT] auth:login actor=5b7bf422afc5417fb7d0a4f0db04524c target=5b7bf422afc5417fb7d0a4f0db04524c
2026-06-19T16:40:45.6656241Z [AUDIT] auth:login actor=0584ae33047742a18f657d4ca9c86a01 target=0584ae33047742a18f657d4ca9c86a01
2026-06-19T16:40:46.3287490Z [AUDIT] auth:login actor=5b7bf422afc5417fb7d0a4f0db04524c target=5b7bf422afc5417fb7d0a4f0db04524c
2026-06-19T16:40:46.6038345Z [AUDIT] auth:login actor=0584ae33047742a18f657d4ca9c86a01 target=0584ae33047742a18f657d4ca9c86a01
2026-06-19T16:40:56.4061548Z [AUDIT] auth:login actor=5b7bf422afc5417fb7d0a4f0db04524c target=5b7bf422afc5417fb7d0a4f0db04524c
2026-06-19T16:40:56.7251637Z [AUDIT] auth:login actor=0584ae33047742a18f657d4ca9c86a01 target=0584ae33047742a18f657d4ca9c86a01
2026-06-19T16:41:22.1106671Z [AUDIT] auth:login actor=5b7bf422afc5417fb7d0a4f0db04524c target=5b7bf422afc5417fb7d0a4f0db04524c
2026-06-19T16:41:30.4262292Z [AUDIT] auth:login actor=0584ae33047742a18f657d4ca9c86a01 target=0584ae33047742a18f657d4ca9c86a01
2026-06-19T21:28:53.3841794Z [AUDIT] auth:login actor=5b7bf422afc5417fb7d0a4f0db04524c target=5b7bf422afc5417fb7d0a4f0db04524c
2026-06-19T21:34:37.5894921Z [AUDIT] auth:login actor=5b7bf422afc5417fb7d0a4f0db04524c target=5b7bf422afc5417fb7d0a4f0db04524c
2026-06-19T21:38:42.3127095Z [AUDIT] auth:login actor=5b7bf422afc5417fb7d0a4f0db04524c target=5b7bf422afc5417fb7d0a4f0db04524c
2026-06-19T21:39:43.4703515Z [AUDIT] auth:login actor=0584ae33047742a18f657d4ca9c86a01 target=0584ae33047742a18f657d4ca9c86a01
2026-06-19T21:39:49.1694664Z [AUDIT] auth:login actor=5b7bf422afc5417fb7d0a4f0db04524c target=5b7bf422afc5417fb7d0a4f0db04524c
2026-06-19T21:39:49.4378327Z [AUDIT] auth:login actor=0584ae33047742a18f657d4ca9c86a01 target=0584ae33047742a18f657d4ca9c86a01
2026-06-19T21:39:53.4485043Z [AUDIT] auth:login actor=5b7bf422afc5417fb7d0a4f0db04524c target=5b7bf422afc5417fb7d0a4f0db04524c
2026-06-19T21:39:53.7342806Z [AUDIT] auth:login actor=0584ae33047742a18f657d4ca9c86a01 target=0584ae33047742a18f657d4ca9c86a01
2026-06-19T21:40:56.8654923Z [AUDIT] auth:login actor=5b7bf422afc5417fb7d0a4f0db04524c target=5b7bf422afc5417fb7d0a4f0db04524c
2026-06-19T21:41:57.7012053Z [AUDIT] auth:login actor=0584ae33047742a18f657d4ca9c86a01 target=0584ae33047742a18f657d4ca9c86a01
2026-06-19T21:42:03.3736098Z [AUDIT] auth:login actor=5b7bf422afc5417fb7d0a4f0db04524c target=5b7bf422afc5417fb7d0a4f0db04524c
2026-06-19T21:42:03.6410269Z [AUDIT] auth:login actor=0584ae33047742a18f657d4ca9c86a01 target=0584ae33047742a18f657d4ca9c86a01
2026-06-19T21:42:07.6147766Z [AUDIT] auth:login actor=5b7bf422afc5417fb7d0a4f0db04524c target=5b7bf422afc5417fb7d0a4f0db04524c
2026-06-19T21:42:07.9023169Z [AUDIT] auth:login actor=0584ae33047742a18f657d4ca9c86a01 target=0584ae33047742a18f657d4ca9c86a01
2026-06-19T21:44:19.0507936Z [AUDIT] auth:login actor=5b7bf422afc5417fb7d0a4f0db04524c target=5b7bf422afc5417fb7d0a4f0db04524c
2026-06-19T21:45:20.0395994Z [AUDIT] auth:login actor=0584ae33047742a18f657d4ca9c86a01 target=0584ae33047742a18f657d4ca9c86a01
2026-06-19T21:45:25.7346630Z [AUDIT] auth:login actor=5b7bf422afc5417fb7d0a4f0db04524c target=5b7bf422afc5417fb7d0a4f0db04524c
2026-06-19T21:45:26.0105535Z [AUDIT] auth:login actor=0584ae33047742a18f657d4ca9c86a01 target=0584ae33047742a18f657d4ca9c86a01
2026-06-19T21:45:30.0530747Z [AUDIT] auth:login actor=5b7bf422afc5417fb7d0a4f0db04524c target=5b7bf422afc5417fb7d0a4f0db04524c
2026-06-19T21:45:30.3377543Z [AUDIT] auth:login actor=0584ae33047742a18f657d4ca9c86a01 target=0584ae33047742a18f657d4ca9c86a01
2026-06-19T21:46:06.3017617Z [AUDIT] auth:login actor=5b7bf422afc5417fb7d0a4f0db04524c target=5b7bf422afc5417fb7d0a4f0db04524c
2026-06-19T21:47:07.2098714Z [AUDIT] auth:login actor=0584ae33047742a18f657d4ca9c86a01 target=0584ae33047742a18f657d4ca9c86a01
2026-06-19T21:47:12.9162419Z [AUDIT] auth:login actor=5b7bf422afc5417fb7d0a4f0db04524c target=5b7bf422afc5417fb7d0a4f0db04524c
2026-06-19T21:47:13.1865055Z [AUDIT] auth:login actor=0584ae33047742a18f657d4ca9c86a01 target=0584ae33047742a18f657d4ca9c86a01
2026-06-19T21:47:17.1875663Z [AUDIT] auth:login actor=5b7bf422afc5417fb7d0a4f0db04524c target=5b7bf422afc5417fb7d0a4f0db04524c
2026-06-19T21:47:17.4695996Z [AUDIT] auth:login actor=0584ae33047742a18f657d4ca9c86a01 target=0584ae33047742a18f657d4ca9c86a01
2026-06-20T11:25:56.2233591Z [AUDIT] auth:login actor=5b7bf422afc5417fb7d0a4f0db04524c target=5b7bf422afc5417fb7d0a4f0db04524c
2026-06-20T11:27:33.4242750Z [AUDIT] auth:login actor=5b7bf422afc5417fb7d0a4f0db04524c target=5b7bf422afc5417fb7d0a4f0db04524c
2026-06-20T11:27:49.4160944Z [AUDIT] auth:login actor=0584ae33047742a18f657d4ca9c86a01 target=0584ae33047742a18f657d4ca9c86a01
2026-06-20T11:28:07.9446221Z [AUDIT] auth:login actor=5b7bf422afc5417fb7d0a4f0db04524c target=5b7bf422afc5417fb7d0a4f0db04524c
2026-06-20T11:28:08.2417512Z [AUDIT] auth:login actor=0584ae33047742a18f657d4ca9c86a01 target=0584ae33047742a18f657d4ca9c86a01
2026-06-20T11:29:51.8796842Z [AUDIT] auth:login actor=0584ae33047742a18f657d4ca9c86a01 target=0584ae33047742a18f657d4ca9c86a01
2026-06-20T11:30:09.5595631Z [AUDIT] auth:login actor=5b7bf422afc5417fb7d0a4f0db04524c target=5b7bf422afc5417fb7d0a4f0db04524c
2026-06-20T11:30:09.8662439Z [AUDIT] auth:login actor=0584ae33047742a18f657d4ca9c86a01 target=0584ae33047742a18f657d4ca9c86a01
2026-06-20T11:30:14.0831969Z [AUDIT] auth:login actor=5b7bf422afc5417fb7d0a4f0db04524c target=5b7bf422afc5417fb7d0a4f0db04524c
2026-06-20T11:30:14.3752492Z [AUDIT] auth:login actor=0584ae33047742a18f657d4ca9c86a01 target=0584ae33047742a18f657d4ca9c86a01
2026-06-20T11:31:38.6650938Z [AUDIT] auth:login actor=5b7bf422afc5417fb7d0a4f0db04524c target=5b7bf422afc5417fb7d0a4f0db04524c
2026-06-20T11:31:54.3422259Z [AUDIT] auth:login actor=0584ae33047742a18f657d4ca9c86a01 target=0584ae33047742a18f657d4ca9c86a01
2026-06-20T11:32:12.4086119Z [AUDIT] auth:login actor=5b7bf422afc5417fb7d0a4f0db04524c target=5b7bf422afc5417fb7d0a4f0db04524c
2026-06-20T11:32:12.7047378Z [AUDIT] auth:login actor=0584ae33047742a18f657d4ca9c86a01 target=0584ae33047742a18f657d4ca9c86a01
2026-06-20T11:32:16.9311735Z [AUDIT] auth:login actor=5b7bf422afc5417fb7d0a4f0db04524c target=5b7bf422afc5417fb7d0a4f0db04524c
2026-06-20T11:32:17.2378938Z [AUDIT] auth:login actor=0584ae33047742a18f657d4ca9c86a01 target=0584ae33047742a18f657d4ca9c86a01
2026-06-20T12:00:25.2265543Z [AUDIT] auth:login actor=5b7bf422afc5417fb7d0a4f0db04524c target=5b7bf422afc5417fb7d0a4f0db04524c
2026-06-20T12:03:40.3477250Z [AUDIT] auth:login actor=5b7bf422afc5417fb7d0a4f0db04524c target=5b7bf422afc5417fb7d0a4f0db04524c
2026-06-20T12:08:26.3218852Z [AUDIT] auth:login actor=5b7bf422afc5417fb7d0a4f0db04524c target=5b7bf422afc5417fb7d0a4f0db04524c
2026-06-20T12:12:16.5717578Z [AUDIT] auth:login actor=5b7bf422afc5417fb7d0a4f0db04524c target=5b7bf422afc5417fb7d0a4f0db04524c
2026-06-20T12:14:12.8935601Z [AUDIT] auth:login actor=5b7bf422afc5417fb7d0a4f0db04524c target=5b7bf422afc5417fb7d0a4f0db04524c
2026-06-20T12:14:28.6775815Z [AUDIT] auth:login actor=0584ae33047742a18f657d4ca9c86a01 target=0584ae33047742a18f657d4ca9c86a01
2026-06-20T12:16:35.7225562Z [AUDIT] auth:login actor=5b7bf422afc5417fb7d0a4f0db04524c target=5b7bf422afc5417fb7d0a4f0db04524c
2026-06-20T12:16:51.3209676Z [AUDIT] auth:login actor=0584ae33047742a18f657d4ca9c86a01 target=0584ae33047742a18f657d4ca9c86a01
2026-06-20T12:17:09.7905285Z [AUDIT] auth:login actor=5b7bf422afc5417fb7d0a4f0db04524c target=5b7bf422afc5417fb7d0a4f0db04524c
2026-06-20T12:17:10.0854517Z [AUDIT] auth:login actor=0584ae33047742a18f657d4ca9c86a01 target=0584ae33047742a18f657d4ca9c86a01
2026-06-20T12:17:10.3284943Z [AUDIT] character:addReputationProfile actor=5b7bf422afc5417fb7d0a4f0db04524c target=fbd8a7b8e9a74810becc233f30fe9160
2026-06-20T12:17:49.8218913Z [AUDIT] auth:login actor=5b7bf422afc5417fb7d0a4f0db04524c target=5b7bf422afc5417fb7d0a4f0db04524c
2026-06-20T12:18:05.9699649Z [AUDIT] auth:login actor=0584ae33047742a18f657d4ca9c86a01 target=0584ae33047742a18f657d4ca9c86a01
2026-06-20T12:18:15.9912461Z [AUDIT] auth:login actor=5b7bf422afc5417fb7d0a4f0db04524c target=5b7bf422afc5417fb7d0a4f0db04524c
2026-06-20T12:18:16.2770702Z [AUDIT] auth:login actor=0584ae33047742a18f657d4ca9c86a01 target=0584ae33047742a18f657d4ca9c86a01
2026-06-20T12:18:16.3889403Z [AUDIT] character:addReputationProfile actor=5b7bf422afc5417fb7d0a4f0db04524c target=fbd8a7b8e9a74810becc233f30fe9160
2026-06-20T12:20:28.8229134Z [AUDIT] auth:login actor=5b7bf422afc5417fb7d0a4f0db04524c target=5b7bf422afc5417fb7d0a4f0db04524c
2026-06-20T12:20:44.7857189Z [AUDIT] auth:login actor=0584ae33047742a18f657d4ca9c86a01 target=0584ae33047742a18f657d4ca9c86a01
2026-06-20T12:20:55.0756047Z [AUDIT] auth:login actor=5b7bf422afc5417fb7d0a4f0db04524c target=5b7bf422afc5417fb7d0a4f0db04524c
2026-06-20T12:20:55.3820791Z [AUDIT] auth:login actor=0584ae33047742a18f657d4ca9c86a01 target=0584ae33047742a18f657d4ca9c86a01
2026-06-20T12:20:55.5056225Z [AUDIT] character:addReputationProfile actor=5b7bf422afc5417fb7d0a4f0db04524c target=fbd8a7b8e9a74810becc233f30fe9160
2026-06-20T12:21:51.6197987Z [AUDIT] auth:login actor=5b7bf422afc5417fb7d0a4f0db04524c target=5b7bf422afc5417fb7d0a4f0db04524c
2026-06-20T12:22:07.9897526Z [AUDIT] auth:login actor=0584ae33047742a18f657d4ca9c86a01 target=0584ae33047742a18f657d4ca9c86a01
2026-06-20T12:22:18.1844429Z [AUDIT] auth:login actor=5b7bf422afc5417fb7d0a4f0db04524c target=5b7bf422afc5417fb7d0a4f0db04524c
2026-06-20T12:22:18.4874160Z [AUDIT] auth:login actor=0584ae33047742a18f657d4ca9c86a01 target=0584ae33047742a18f657d4ca9c86a01
2026-06-20T12:22:18.5973700Z [AUDIT] character:addReputationProfile actor=5b7bf422afc5417fb7d0a4f0db04524c target=fbd8a7b8e9a74810becc233f30fe9160
2026-06-20T12:23:03.0416879Z [AUDIT] auth:login actor=5b7bf422afc5417fb7d0a4f0db04524c target=5b7bf422afc5417fb7d0a4f0db04524c
2026-06-20T12:23:19.3465936Z [AUDIT] auth:login actor=0584ae33047742a18f657d4ca9c86a01 target=0584ae33047742a18f657d4ca9c86a01
2026-06-20T12:23:29.5790036Z [AUDIT] auth:login actor=5b7bf422afc5417fb7d0a4f0db04524c target=5b7bf422afc5417fb7d0a4f0db04524c
2026-06-20T12:23:29.8809899Z [AUDIT] auth:login actor=0584ae33047742a18f657d4ca9c86a01 target=0584ae33047742a18f657d4ca9c86a01
2026-06-20T12:23:29.9973643Z [AUDIT] character:addReputationProfile actor=5b7bf422afc5417fb7d0a4f0db04524c target=fbd8a7b8e9a74810becc233f30fe9160
2026-06-20T12:24:05.4645196Z [AUDIT] auth:login actor=5b7bf422afc5417fb7d0a4f0db04524c target=5b7bf422afc5417fb7d0a4f0db04524c
2026-06-20T12:24:21.9322010Z [AUDIT] auth:login actor=0584ae33047742a18f657d4ca9c86a01 target=0584ae33047742a18f657d4ca9c86a01
2026-06-20T12:24:32.1097071Z [AUDIT] auth:login actor=5b7bf422afc5417fb7d0a4f0db04524c target=5b7bf422afc5417fb7d0a4f0db04524c
2026-06-20T12:24:32.4041339Z [AUDIT] auth:login actor=0584ae33047742a18f657d4ca9c86a01 target=0584ae33047742a18f657d4ca9c86a01
2026-06-20T12:24:32.5149016Z [AUDIT] character:addReputationProfile actor=5b7bf422afc5417fb7d0a4f0db04524c target=fbd8a7b8e9a74810becc233f30fe9160
2026-06-20T12:24:56.0543506Z [AUDIT] auth:login actor=5b7bf422afc5417fb7d0a4f0db04524c target=5b7bf422afc5417fb7d0a4f0db04524c
2026-06-20T12:25:12.4730133Z [AUDIT] auth:login actor=0584ae33047742a18f657d4ca9c86a01 target=0584ae33047742a18f657d4ca9c86a01
2026-06-20T12:25:22.7462312Z [AUDIT] auth:login actor=5b7bf422afc5417fb7d0a4f0db04524c target=5b7bf422afc5417fb7d0a4f0db04524c
2026-06-20T12:25:23.0514980Z [AUDIT] auth:login actor=0584ae33047742a18f657d4ca9c86a01 target=0584ae33047742a18f657d4ca9c86a01
2026-06-20T12:25:23.1679283Z [AUDIT] character:addReputationProfile actor=5b7bf422afc5417fb7d0a4f0db04524c target=fbd8a7b8e9a74810becc233f30fe9160
2026-06-20T12:25:23.1807997Z [AUDIT] character:updateReputationProfile actor=5b7bf422afc5417fb7d0a4f0db04524c target=fbd8a7b8e9a74810becc233f30fe9160
2026-06-20T12:25:23.1866975Z [AUDIT] character:addReputationProfile actor=5b7bf422afc5417fb7d0a4f0db04524c target=fbd8a7b8e9a74810becc233f30fe9160
2026-06-20T12:25:23.1932151Z [AUDIT] character:addReputationProfile actor=5b7bf422afc5417fb7d0a4f0db04524c target=fbd8a7b8e9a74810becc233f30fe9160
2026-06-20T12:25:23.2100947Z [AUDIT] character:addHoldingProfile actor=5b7bf422afc5417fb7d0a4f0db04524c target=fbd8a7b8e9a74810becc233f30fe9160
2026-06-20T12:25:23.2230979Z [AUDIT] character:updateHoldingProfile actor=5b7bf422afc5417fb7d0a4f0db04524c target=fbd8a7b8e9a74810becc233f30fe9160
2026-06-20T12:25:23.2290966Z [AUDIT] character:addHoldingProfile actor=5b7bf422afc5417fb7d0a4f0db04524c target=fbd8a7b8e9a74810becc233f30fe9160
2026-06-20T12:25:23.2350955Z [AUDIT] character:addHoldingProfile actor=5b7bf422afc5417fb7d0a4f0db04524c target=fbd8a7b8e9a74810becc233f30fe9160
2026-06-20T12:25:23.2490967Z [AUDIT] character:addCompanionProfile actor=5b7bf422afc5417fb7d0a4f0db04524c target=fbd8a7b8e9a74810becc233f30fe9160
2026-06-20T12:25:23.2604324Z [AUDIT] character:updateCompanionProfile actor=5b7bf422afc5417fb7d0a4f0db04524c target=fbd8a7b8e9a74810becc233f30fe9160
2026-06-20T12:25:23.2657169Z [AUDIT] character:addCompanionProfile actor=5b7bf422afc5417fb7d0a4f0db04524c target=fbd8a7b8e9a74810becc233f30fe9160
2026-06-20T12:25:23.2716309Z [AUDIT] character:addCompanionProfile actor=5b7bf422afc5417fb7d0a4f0db04524c target=fbd8a7b8e9a74810becc233f30fe9160
2026-06-20T12:25:23.2773522Z [AUDIT] character:removeReputationProfile actor=5b7bf422afc5417fb7d0a4f0db04524c target=fbd8a7b8e9a74810becc233f30fe9160
2026-06-20T12:25:23.2823522Z [AUDIT] character:removeHoldingProfile actor=5b7bf422afc5417fb7d0a4f0db04524c target=fbd8a7b8e9a74810becc233f30fe9160
2026-06-20T12:25:23.2883512Z [AUDIT] character:removeCompanionProfile actor=5b7bf422afc5417fb7d0a4f0db04524c target=fbd8a7b8e9a74810becc233f30fe9160
2026-06-20T12:26:20.9717564Z [AUDIT] auth:login actor=5b7bf422afc5417fb7d0a4f0db04524c target=5b7bf422afc5417fb7d0a4f0db04524c
2026-06-20T12:26:37.9637946Z [AUDIT] auth:login actor=0584ae33047742a18f657d4ca9c86a01 target=0584ae33047742a18f657d4ca9c86a01
2026-06-20T12:26:48.2519136Z [AUDIT] auth:login actor=5b7bf422afc5417fb7d0a4f0db04524c target=5b7bf422afc5417fb7d0a4f0db04524c
2026-06-20T12:26:48.5469553Z [AUDIT] auth:login actor=0584ae33047742a18f657d4ca9c86a01 target=0584ae33047742a18f657d4ca9c86a01
2026-06-20T12:26:48.6581006Z [AUDIT] character:addReputationProfile actor=5b7bf422afc5417fb7d0a4f0db04524c target=fbd8a7b8e9a74810becc233f30fe9160
2026-06-20T12:26:48.6701024Z [AUDIT] character:updateReputationProfile actor=5b7bf422afc5417fb7d0a4f0db04524c target=fbd8a7b8e9a74810becc233f30fe9160
2026-06-20T12:26:48.6771027Z [AUDIT] character:addReputationProfile actor=5b7bf422afc5417fb7d0a4f0db04524c target=fbd8a7b8e9a74810becc233f30fe9160
2026-06-20T12:26:48.6851038Z [AUDIT] character:addReputationProfile actor=5b7bf422afc5417fb7d0a4f0db04524c target=fbd8a7b8e9a74810becc233f30fe9160
2026-06-20T12:26:48.6971019Z [AUDIT] character:addHoldingProfile actor=5b7bf422afc5417fb7d0a4f0db04524c target=fbd8a7b8e9a74810becc233f30fe9160
2026-06-20T12:26:48.7051016Z [AUDIT] character:updateHoldingProfile actor=5b7bf422afc5417fb7d0a4f0db04524c target=fbd8a7b8e9a74810becc233f30fe9160
2026-06-20T12:26:48.7111009Z [AUDIT] character:addHoldingProfile actor=5b7bf422afc5417fb7d0a4f0db04524c target=fbd8a7b8e9a74810becc233f30fe9160
2026-06-20T12:26:48.7171017Z [AUDIT] character:addHoldingProfile actor=5b7bf422afc5417fb7d0a4f0db04524c target=fbd8a7b8e9a74810becc233f30fe9160
2026-06-20T12:26:48.7299155Z [AUDIT] character:addCompanionProfile actor=5b7bf422afc5417fb7d0a4f0db04524c target=fbd8a7b8e9a74810becc233f30fe9160
2026-06-20T12:26:48.7373653Z [AUDIT] character:updateCompanionProfile actor=5b7bf422afc5417fb7d0a4f0db04524c target=fbd8a7b8e9a74810becc233f30fe9160
2026-06-20T12:26:48.7432233Z [AUDIT] character:addCompanionProfile actor=5b7bf422afc5417fb7d0a4f0db04524c target=fbd8a7b8e9a74810becc233f30fe9160
2026-06-20T12:26:48.7491267Z [AUDIT] character:addCompanionProfile actor=5b7bf422afc5417fb7d0a4f0db04524c target=fbd8a7b8e9a74810becc233f30fe9160
2026-06-20T12:26:48.7551271Z [AUDIT] character:removeReputationProfile actor=5b7bf422afc5417fb7d0a4f0db04524c target=fbd8a7b8e9a74810becc233f30fe9160
2026-06-20T12:26:48.7601270Z [AUDIT] character:removeHoldingProfile actor=5b7bf422afc5417fb7d0a4f0db04524c target=fbd8a7b8e9a74810becc233f30fe9160
2026-06-20T12:26:48.7661270Z [AUDIT] character:removeCompanionProfile actor=5b7bf422afc5417fb7d0a4f0db04524c target=fbd8a7b8e9a74810becc233f30fe9160
2026-06-20T12:26:53.8616840Z [AUDIT] auth:login actor=5b7bf422afc5417fb7d0a4f0db04524c target=5b7bf422afc5417fb7d0a4f0db04524c
2026-06-20T12:26:54.1784277Z [AUDIT] auth:login actor=0584ae33047742a18f657d4ca9c86a01 target=0584ae33047742a18f657d4ca9c86a01
2026-06-20T13:08:44.8442952Z [AUDIT] auth:login actor=5b7bf422afc5417fb7d0a4f0db04524c target=5b7bf422afc5417fb7d0a4f0db04524c
2026-06-20T13:11:44.3286453Z [AUDIT] auth:login actor=5b7bf422afc5417fb7d0a4f0db04524c target=5b7bf422afc5417fb7d0a4f0db04524c
2026-06-20T13:16:17.5732606Z [AUDIT] auth:login actor=5b7bf422afc5417fb7d0a4f0db04524c target=5b7bf422afc5417fb7d0a4f0db04524c
2026-06-20T13:19:16.7266711Z [AUDIT] auth:login actor=5b7bf422afc5417fb7d0a4f0db04524c target=5b7bf422afc5417fb7d0a4f0db04524c
2026-06-20T13:20:17.9516757Z [AUDIT] auth:login actor=5b7bf422afc5417fb7d0a4f0db04524c target=5b7bf422afc5417fb7d0a4f0db04524c
2026-06-20T13:21:46.8105746Z [AUDIT] auth:login actor=5b7bf422afc5417fb7d0a4f0db04524c target=5b7bf422afc5417fb7d0a4f0db04524c
2026-06-20T13:23:27.9917833Z [AUDIT] auth:login actor=5b7bf422afc5417fb7d0a4f0db04524c target=5b7bf422afc5417fb7d0a4f0db04524c
2026-06-20T13:25:24.9745810Z [AUDIT] auth:login actor=5b7bf422afc5417fb7d0a4f0db04524c target=5b7bf422afc5417fb7d0a4f0db04524c
2026-06-20T13:28:00.7494287Z [AUDIT] auth:login actor=5b7bf422afc5417fb7d0a4f0db04524c target=5b7bf422afc5417fb7d0a4f0db04524c
2026-06-20T13:30:07.9051864Z [AUDIT] auth:login actor=5b7bf422afc5417fb7d0a4f0db04524c target=5b7bf422afc5417fb7d0a4f0db04524c
2026-06-20T13:31:24.4026136Z [AUDIT] auth:login actor=5b7bf422afc5417fb7d0a4f0db04524c target=5b7bf422afc5417fb7d0a4f0db04524c
2026-06-20T13:35:01.3997672Z [AUDIT] auth:login actor=5b7bf422afc5417fb7d0a4f0db04524c target=5b7bf422afc5417fb7d0a4f0db04524c
2026-06-20T13:42:17.1365174Z [AUDIT] auth:login actor=5b7bf422afc5417fb7d0a4f0db04524c target=5b7bf422afc5417fb7d0a4f0db04524c
2026-06-20T13:42:56.4570810Z [AUDIT] auth:login actor=ce399825e72343ac918885026d32aa4f target=ce399825e72343ac918885026d32aa4f
2026-06-20T13:48:02.5421046Z [AUDIT] auth:login actor=5b7bf422afc5417fb7d0a4f0db04524c target=5b7bf422afc5417fb7d0a4f0db04524c
2026-06-20T13:48:42.0883512Z [AUDIT] auth:login actor=ce399825e72343ac918885026d32aa4f target=ce399825e72343ac918885026d32aa4f
2026-06-20T13:50:45.1973558Z [AUDIT] auth:login actor=5b7bf422afc5417fb7d0a4f0db04524c target=5b7bf422afc5417fb7d0a4f0db04524c
2026-06-20T13:50:45.4818288Z [AUDIT] auth:login actor=ce399825e72343ac918885026d32aa4f target=ce399825e72343ac918885026d32aa4f
2026-06-20T13:58:36.0688005Z [AUDIT] auth:login actor=5b7bf422afc5417fb7d0a4f0db04524c target=5b7bf422afc5417fb7d0a4f0db04524c
2026-06-20T13:59:15.2844592Z [AUDIT] auth:login actor=ce399825e72343ac918885026d32aa4f target=ce399825e72343ac918885026d32aa4f
2026-06-20T14:02:51.8527807Z [AUDIT] auth:login actor=5b7bf422afc5417fb7d0a4f0db04524c target=5b7bf422afc5417fb7d0a4f0db04524c
2026-06-20T14:03:24.4113675Z [AUDIT] auth:login actor=ce399825e72343ac918885026d32aa4f target=ce399825e72343ac918885026d32aa4f
2026-06-20T14:09:39.0350453Z [AUDIT] auth:login actor=5b7bf422afc5417fb7d0a4f0db04524c target=5b7bf422afc5417fb7d0a4f0db04524c
2026-06-20T14:12:10.0979724Z [AUDIT] auth:login actor=5b7bf422afc5417fb7d0a4f0db04524c target=5b7bf422afc5417fb7d0a4f0db04524c
2026-06-20T14:12:42.5484961Z [AUDIT] auth:login actor=ce399825e72343ac918885026d32aa4f target=ce399825e72343ac918885026d32aa4f
2026-06-20T14:12:59.6373819Z [AUDIT] auth:login actor=5b7bf422afc5417fb7d0a4f0db04524c target=5b7bf422afc5417fb7d0a4f0db04524c
2026-06-20T14:12:59.9248054Z [AUDIT] auth:login actor=ce399825e72343ac918885026d32aa4f target=ce399825e72343ac918885026d32aa4f
2026-06-20T14:16:47.8307641Z [AUDIT] auth:login actor=5b7bf422afc5417fb7d0a4f0db04524c target=5b7bf422afc5417fb7d0a4f0db04524c
2026-06-20T14:17:20.0896925Z [AUDIT] auth:login actor=ce399825e72343ac918885026d32aa4f target=ce399825e72343ac918885026d32aa4f
2026-06-20T14:17:37.1376534Z [AUDIT] auth:login actor=5b7bf422afc5417fb7d0a4f0db04524c target=5b7bf422afc5417fb7d0a4f0db04524c
2026-06-20T14:17:37.4221718Z [AUDIT] auth:login actor=ce399825e72343ac918885026d32aa4f target=ce399825e72343ac918885026d32aa4f
2026-06-20T14:19:22.3236301Z [AUDIT] auth:login actor=5b7bf422afc5417fb7d0a4f0db04524c target=5b7bf422afc5417fb7d0a4f0db04524c
2026-06-20T14:19:55.1507002Z [AUDIT] auth:login actor=ce399825e72343ac918885026d32aa4f target=ce399825e72343ac918885026d32aa4f
2026-06-20T14:20:12.2335781Z [AUDIT] auth:login actor=5b7bf422afc5417fb7d0a4f0db04524c target=5b7bf422afc5417fb7d0a4f0db04524c
2026-06-20T14:20:12.5329691Z [AUDIT] auth:login actor=ce399825e72343ac918885026d32aa4f target=ce399825e72343ac918885026d32aa4f
2026-06-20T14:21:38.9367710Z [AUDIT] auth:login actor=5b7bf422afc5417fb7d0a4f0db04524c target=5b7bf422afc5417fb7d0a4f0db04524c
2026-06-20T14:21:39.2399217Z [AUDIT] auth:login actor=ce399825e72343ac918885026d32aa4f target=ce399825e72343ac918885026d32aa4f
2026-06-20T14:22:40.2215587Z [AUDIT] auth:login actor=5b7bf422afc5417fb7d0a4f0db04524c target=5b7bf422afc5417fb7d0a4f0db04524c
2026-06-20T14:22:40.5316022Z [AUDIT] auth:login actor=ce399825e72343ac918885026d32aa4f target=ce399825e72343ac918885026d32aa4f
2026-06-20T14:23:49.9276593Z [AUDIT] auth:login actor=5b7bf422afc5417fb7d0a4f0db04524c target=5b7bf422afc5417fb7d0a4f0db04524c
2026-06-20T14:23:50.2490362Z [AUDIT] auth:login actor=ce399825e72343ac918885026d32aa4f target=ce399825e72343ac918885026d32aa4f
2026-06-20T14:24:48.2107011Z [AUDIT] auth:login actor=5b7bf422afc5417fb7d0a4f0db04524c target=5b7bf422afc5417fb7d0a4f0db04524c
2026-06-20T14:24:48.4925593Z [AUDIT] auth:login actor=ce399825e72343ac918885026d32aa4f target=ce399825e72343ac918885026d32aa4f
2026-06-20T14:25:17.9179188Z [AUDIT] auth:login actor=5b7bf422afc5417fb7d0a4f0db04524c target=5b7bf422afc5417fb7d0a4f0db04524c
2026-06-20T14:25:50.7515535Z [AUDIT] auth:login actor=ce399825e72343ac918885026d32aa4f target=ce399825e72343ac918885026d32aa4f
2026-06-20T14:26:07.7962418Z [AUDIT] auth:login actor=5b7bf422afc5417fb7d0a4f0db04524c target=5b7bf422afc5417fb7d0a4f0db04524c
2026-06-20T14:26:08.0853554Z [AUDIT] auth:login actor=ce399825e72343ac918885026d32aa4f target=ce399825e72343ac918885026d32aa4f
2026-06-20T14:26:26.9850225Z [AUDIT] auth:login actor=5b7bf422afc5417fb7d0a4f0db04524c target=5b7bf422afc5417fb7d0a4f0db04524c
2026-06-20T14:26:27.2918961Z [AUDIT] auth:login actor=ce399825e72343ac918885026d32aa4f target=ce399825e72343ac918885026d32aa4f
2026-06-20T14:27:45.2332616Z [AUDIT] auth:login actor=5b7bf422afc5417fb7d0a4f0db04524c target=5b7bf422afc5417fb7d0a4f0db04524c
2026-06-20T14:28:17.3779185Z [AUDIT] auth:login actor=ce399825e72343ac918885026d32aa4f target=ce399825e72343ac918885026d32aa4f
2026-06-20T14:28:34.4544933Z [AUDIT] auth:login actor=5b7bf422afc5417fb7d0a4f0db04524c target=5b7bf422afc5417fb7d0a4f0db04524c
2026-06-20T14:28:34.7444381Z [AUDIT] auth:login actor=ce399825e72343ac918885026d32aa4f target=ce399825e72343ac918885026d32aa4f
2026-06-20T14:28:53.5031487Z [AUDIT] auth:login actor=5b7bf422afc5417fb7d0a4f0db04524c target=5b7bf422afc5417fb7d0a4f0db04524c
2026-06-20T14:28:53.8205142Z [AUDIT] auth:login actor=0584ae33047742a18f657d4ca9c86a01 target=0584ae33047742a18f657d4ca9c86a01
2026-06-20T16:51:05.4991746Z [AUDIT] auth:login actor=5b7bf422afc5417fb7d0a4f0db04524c target=5b7bf422afc5417fb7d0a4f0db04524c
2026-06-20T16:52:49.6117005Z [AUDIT] auth:login actor=5b7bf422afc5417fb7d0a4f0db04524c target=5b7bf422afc5417fb7d0a4f0db04524c
2026-06-20T16:53:11.8373459Z [AUDIT] auth:login actor=5b7bf422afc5417fb7d0a4f0db04524c target=5b7bf422afc5417fb7d0a4f0db04524c
2026-06-20T16:53:12.1301781Z [AUDIT] auth:login actor=ce399825e72343ac918885026d32aa4f target=ce399825e72343ac918885026d32aa4f
2026-06-20T16:53:18.2731149Z [AUDIT] auth:login actor=5b7bf422afc5417fb7d0a4f0db04524c target=5b7bf422afc5417fb7d0a4f0db04524c
2026-06-20T16:53:18.5871205Z [AUDIT] auth:login actor=ce399825e72343ac918885026d32aa4f target=ce399825e72343ac918885026d32aa4f
2026-06-20T16:53:25.2772257Z [AUDIT] auth:login actor=5b7bf422afc5417fb7d0a4f0db04524c target=5b7bf422afc5417fb7d0a4f0db04524c
2026-06-20T16:53:47.4018611Z [AUDIT] auth:login actor=5b7bf422afc5417fb7d0a4f0db04524c target=5b7bf422afc5417fb7d0a4f0db04524c
2026-06-20T16:53:47.6940313Z [AUDIT] auth:login actor=ce399825e72343ac918885026d32aa4f target=ce399825e72343ac918885026d32aa4f
2026-06-20T16:55:19.2577670Z [AUDIT] auth:login actor=5b7bf422afc5417fb7d0a4f0db04524c target=5b7bf422afc5417fb7d0a4f0db04524c
2026-06-20T16:55:41.4723942Z [AUDIT] auth:login actor=5b7bf422afc5417fb7d0a4f0db04524c target=5b7bf422afc5417fb7d0a4f0db04524c
2026-06-20T16:55:41.7865988Z [AUDIT] auth:login actor=0584ae33047742a18f657d4ca9c86a01 target=0584ae33047742a18f657d4ca9c86a01
2026-06-20T16:55:47.9285941Z [AUDIT] auth:login actor=5b7bf422afc5417fb7d0a4f0db04524c target=5b7bf422afc5417fb7d0a4f0db04524c
2026-06-20T16:55:48.2429548Z [AUDIT] auth:login actor=0584ae33047742a18f657d4ca9c86a01 target=0584ae33047742a18f657d4ca9c86a01
2026-06-20T16:55:55.0460201Z [AUDIT] auth:login actor=5b7bf422afc5417fb7d0a4f0db04524c target=5b7bf422afc5417fb7d0a4f0db04524c
2026-06-20T16:56:17.1646715Z [AUDIT] auth:login actor=5b7bf422afc5417fb7d0a4f0db04524c target=5b7bf422afc5417fb7d0a4f0db04524c
2026-06-20T16:56:17.4557357Z [AUDIT] auth:login actor=0584ae33047742a18f657d4ca9c86a01 target=0584ae33047742a18f657d4ca9c86a01
2026-06-20T16:56:23.6000171Z [AUDIT] auth:login actor=5b7bf422afc5417fb7d0a4f0db04524c target=5b7bf422afc5417fb7d0a4f0db04524c
2026-06-20T16:56:23.9097745Z [AUDIT] auth:login actor=0584ae33047742a18f657d4ca9c86a01 target=0584ae33047742a18f657d4ca9c86a01
2026-06-20T16:56:26.0234643Z [AUDIT] auth:login actor=5b7bf422afc5417fb7d0a4f0db04524c target=5b7bf422afc5417fb7d0a4f0db04524c
2026-06-20T16:56:26.3123684Z [AUDIT] auth:login actor=0584ae33047742a18f657d4ca9c86a01 target=0584ae33047742a18f657d4ca9c86a01
2026-06-20T17:20:16.8036765Z [AUDIT] auth:login actor=5b7bf422afc5417fb7d0a4f0db04524c target=5b7bf422afc5417fb7d0a4f0db04524c
2026-06-20T17:20:49.1286471Z [AUDIT] auth:login actor=ce399825e72343ac918885026d32aa4f target=ce399825e72343ac918885026d32aa4f
2026-06-20T17:21:06.3258959Z [AUDIT] auth:login actor=5b7bf422afc5417fb7d0a4f0db04524c target=5b7bf422afc5417fb7d0a4f0db04524c
2026-06-20T17:21:06.6194720Z [AUDIT] auth:login actor=ce399825e72343ac918885026d32aa4f target=ce399825e72343ac918885026d32aa4f
2026-06-20T17:21:25.8416671Z [AUDIT] auth:login actor=5b7bf422afc5417fb7d0a4f0db04524c target=5b7bf422afc5417fb7d0a4f0db04524c
2026-06-20T17:21:26.1571934Z [AUDIT] auth:login actor=0584ae33047742a18f657d4ca9c86a01 target=0584ae33047742a18f657d4ca9c86a01
2026-06-20T17:21:49.7067732Z [AUDIT] auth:login actor=5b7bf422afc5417fb7d0a4f0db04524c target=5b7bf422afc5417fb7d0a4f0db04524c
2026-06-20T17:22:12.2480094Z [AUDIT] auth:login actor=5b7bf422afc5417fb7d0a4f0db04524c target=5b7bf422afc5417fb7d0a4f0db04524c
2026-06-20T17:22:12.5597989Z [AUDIT] auth:login actor=0584ae33047742a18f657d4ca9c86a01 target=0584ae33047742a18f657d4ca9c86a01
2026-06-20T17:22:19.8286330Z [AUDIT] auth:login actor=5b7bf422afc5417fb7d0a4f0db04524c target=5b7bf422afc5417fb7d0a4f0db04524c
2026-06-20T17:22:20.1819192Z [AUDIT] auth:login actor=0584ae33047742a18f657d4ca9c86a01 target=0584ae33047742a18f657d4ca9c86a01
2026-06-20T17:22:27.0587692Z [AUDIT] auth:login actor=5b7bf422afc5417fb7d0a4f0db04524c target=5b7bf422afc5417fb7d0a4f0db04524c
2026-06-20T17:22:49.6136992Z [AUDIT] auth:login actor=5b7bf422afc5417fb7d0a4f0db04524c target=5b7bf422afc5417fb7d0a4f0db04524c
2026-06-20T17:22:49.9037530Z [AUDIT] auth:login actor=0584ae33047742a18f657d4ca9c86a01 target=0584ae33047742a18f657d4ca9c86a01
2026-06-20T17:22:57.2675290Z [AUDIT] auth:login actor=5b7bf422afc5417fb7d0a4f0db04524c target=5b7bf422afc5417fb7d0a4f0db04524c
2026-06-20T17:22:57.6309718Z [AUDIT] auth:login actor=0584ae33047742a18f657d4ca9c86a01 target=0584ae33047742a18f657d4ca9c86a01
2026-06-20T17:23:00.2306771Z [AUDIT] auth:login actor=5b7bf422afc5417fb7d0a4f0db04524c target=5b7bf422afc5417fb7d0a4f0db04524c
2026-06-20T17:23:00.5324957Z [AUDIT] auth:login actor=0584ae33047742a18f657d4ca9c86a01 target=0584ae33047742a18f657d4ca9c86a01
2026-06-20T17:26:58.0332486Z [AUDIT] auth:login actor=5b7bf422afc5417fb7d0a4f0db04524c target=5b7bf422afc5417fb7d0a4f0db04524c
2026-06-20T17:27:36.5584798Z [AUDIT] auth:login actor=ce399825e72343ac918885026d32aa4f target=ce399825e72343ac918885026d32aa4f
2026-06-20T17:27:58.2089076Z [AUDIT] auth:login actor=5b7bf422afc5417fb7d0a4f0db04524c target=5b7bf422afc5417fb7d0a4f0db04524c
2026-06-20T17:27:58.5256098Z [AUDIT] auth:login actor=ce399825e72343ac918885026d32aa4f target=ce399825e72343ac918885026d32aa4f
2026-06-20T17:28:51.5272090Z [AUDIT] auth:login actor=5b7bf422afc5417fb7d0a4f0db04524c target=5b7bf422afc5417fb7d0a4f0db04524c
2026-06-20T17:31:09.0347600Z [AUDIT] auth:login actor=5b7bf422afc5417fb7d0a4f0db04524c target=5b7bf422afc5417fb7d0a4f0db04524c
2026-06-20T17:32:44.5899157Z [AUDIT] auth:login actor=5b7bf422afc5417fb7d0a4f0db04524c target=5b7bf422afc5417fb7d0a4f0db04524c
2026-06-20T17:33:47.8650263Z [AUDIT] auth:login actor=5b7bf422afc5417fb7d0a4f0db04524c target=5b7bf422afc5417fb7d0a4f0db04524c
2026-06-20T17:35:12.9444739Z [AUDIT] auth:login actor=5b7bf422afc5417fb7d0a4f0db04524c target=5b7bf422afc5417fb7d0a4f0db04524c
2026-06-20T17:36:37.8438770Z [AUDIT] auth:login actor=5b7bf422afc5417fb7d0a4f0db04524c target=5b7bf422afc5417fb7d0a4f0db04524c
2026-06-20T17:39:19.2850507Z [AUDIT] auth:login actor=5b7bf422afc5417fb7d0a4f0db04524c target=5b7bf422afc5417fb7d0a4f0db04524c
2026-06-20T17:42:13.2902951Z [AUDIT] auth:login actor=5b7bf422afc5417fb7d0a4f0db04524c target=5b7bf422afc5417fb7d0a4f0db04524c
2026-06-20T17:42:40.3105493Z [AUDIT] auth:login actor=ce399825e72343ac918885026d32aa4f target=ce399825e72343ac918885026d32aa4f
2026-06-20T17:42:57.6773198Z [AUDIT] auth:login actor=5b7bf422afc5417fb7d0a4f0db04524c target=5b7bf422afc5417fb7d0a4f0db04524c
2026-06-20T17:42:57.9619163Z [AUDIT] auth:login actor=ce399825e72343ac918885026d32aa4f target=ce399825e72343ac918885026d32aa4f
2026-06-20T17:43:18.6703142Z [AUDIT] auth:login actor=5b7bf422afc5417fb7d0a4f0db04524c target=5b7bf422afc5417fb7d0a4f0db04524c
2026-06-20T17:43:18.9943655Z [AUDIT] auth:login actor=0584ae33047742a18f657d4ca9c86a01 target=0584ae33047742a18f657d4ca9c86a01
2026-06-20T17:43:41.0401485Z [AUDIT] auth:login actor=5b7bf422afc5417fb7d0a4f0db04524c target=5b7bf422afc5417fb7d0a4f0db04524c
2026-06-20T17:44:56.8383963Z [AUDIT] auth:login actor=5b7bf422afc5417fb7d0a4f0db04524c target=5b7bf422afc5417fb7d0a4f0db04524c
2026-06-20T17:45:16.4049338Z [AUDIT] auth:login actor=5b7bf422afc5417fb7d0a4f0db04524c target=5b7bf422afc5417fb7d0a4f0db04524c
2026-06-20T17:45:16.7069645Z [AUDIT] auth:login actor=0584ae33047742a18f657d4ca9c86a01 target=0584ae33047742a18f657d4ca9c86a01
2026-06-20T17:45:23.8263132Z [AUDIT] auth:login actor=5b7bf422afc5417fb7d0a4f0db04524c target=5b7bf422afc5417fb7d0a4f0db04524c
2026-06-20T17:45:24.1499127Z [AUDIT] auth:login actor=0584ae33047742a18f657d4ca9c86a01 target=0584ae33047742a18f657d4ca9c86a01
2026-06-20T17:45:30.9815201Z [AUDIT] auth:login actor=5b7bf422afc5417fb7d0a4f0db04524c target=5b7bf422afc5417fb7d0a4f0db04524c
2026-06-20T17:45:50.6701395Z [AUDIT] auth:login actor=5b7bf422afc5417fb7d0a4f0db04524c target=5b7bf422afc5417fb7d0a4f0db04524c
2026-06-20T17:45:50.9667132Z [AUDIT] auth:login actor=0584ae33047742a18f657d4ca9c86a01 target=0584ae33047742a18f657d4ca9c86a01
2026-06-20T17:45:58.1932309Z [AUDIT] auth:login actor=5b7bf422afc5417fb7d0a4f0db04524c target=5b7bf422afc5417fb7d0a4f0db04524c
2026-06-20T17:45:58.5244047Z [AUDIT] auth:login actor=0584ae33047742a18f657d4ca9c86a01 target=0584ae33047742a18f657d4ca9c86a01
2026-06-20T17:46:00.8669400Z [AUDIT] auth:login actor=5b7bf422afc5417fb7d0a4f0db04524c target=5b7bf422afc5417fb7d0a4f0db04524c
2026-06-20T17:46:01.1718889Z [AUDIT] auth:login actor=0584ae33047742a18f657d4ca9c86a01 target=0584ae33047742a18f657d4ca9c86a01
2026-06-20T18:26:33.3867895Z [AUDIT] auth:login actor=5b7bf422afc5417fb7d0a4f0db04524c target=5b7bf422afc5417fb7d0a4f0db04524c
2026-06-20T18:26:41.8692354Z [AUDIT] auth:login actor=5b7bf422afc5417fb7d0a4f0db04524c target=5b7bf422afc5417fb7d0a4f0db04524c
2026-06-20T18:26:50.8496813Z [AUDIT] auth:login actor=5b7bf422afc5417fb7d0a4f0db04524c target=5b7bf422afc5417fb7d0a4f0db04524c
2026-06-20T18:27:21.4758665Z [AUDIT] auth:login actor=5b7bf422afc5417fb7d0a4f0db04524c target=5b7bf422afc5417fb7d0a4f0db04524c
2026-06-20T18:31:39.3385007Z [AUDIT] auth:login actor=5b7bf422afc5417fb7d0a4f0db04524c target=5b7bf422afc5417fb7d0a4f0db04524c
2026-06-20T18:35:14.8497010Z [AUDIT] auth:login actor=5b7bf422afc5417fb7d0a4f0db04524c target=5b7bf422afc5417fb7d0a4f0db04524c
2026-06-20T18:45:06.1285803Z [AUDIT] auth:login actor=5b7bf422afc5417fb7d0a4f0db04524c target=5b7bf422afc5417fb7d0a4f0db04524c
2026-06-20T18:46:57.3441787Z [AUDIT] auth:login actor=5b7bf422afc5417fb7d0a4f0db04524c target=5b7bf422afc5417fb7d0a4f0db04524c
2026-06-20T18:48:13.6624915Z [AUDIT] auth:login actor=5b7bf422afc5417fb7d0a4f0db04524c target=5b7bf422afc5417fb7d0a4f0db04524c
2026-06-20T18:50:34.0337404Z [AUDIT] auth:login actor=5b7bf422afc5417fb7d0a4f0db04524c target=5b7bf422afc5417fb7d0a4f0db04524c
2026-06-20T18:51:23.6072841Z [AUDIT] auth:login actor=5b7bf422afc5417fb7d0a4f0db04524c target=5b7bf422afc5417fb7d0a4f0db04524c
2026-06-20T18:54:15.3496356Z [AUDIT] auth:login actor=0584ae33047742a18f657d4ca9c86a01 target=0584ae33047742a18f657d4ca9c86a01
2026-06-20T18:55:20.3147778Z [AUDIT] auth:login actor=0584ae33047742a18f657d4ca9c86a01 target=0584ae33047742a18f657d4ca9c86a01
2026-06-20T18:56:25.4986520Z [AUDIT] auth:login actor=0584ae33047742a18f657d4ca9c86a01 target=0584ae33047742a18f657d4ca9c86a01
2026-06-20T18:57:00.5366311Z [AUDIT] auth:login actor=5b7bf422afc5417fb7d0a4f0db04524c target=5b7bf422afc5417fb7d0a4f0db04524c
2026-06-20T18:58:37.5660591Z [AUDIT] auth:login actor=0584ae33047742a18f657d4ca9c86a01 target=0584ae33047742a18f657d4ca9c86a01
2026-06-20T18:59:57.0962607Z [AUDIT] auth:login actor=5b7bf422afc5417fb7d0a4f0db04524c target=5b7bf422afc5417fb7d0a4f0db04524c
2026-06-20T19:01:23.6670830Z [AUDIT] auth:login actor=5b7bf422afc5417fb7d0a4f0db04524c target=5b7bf422afc5417fb7d0a4f0db04524c
2026-06-20T19:04:01.5857138Z [AUDIT] auth:login actor=0584ae33047742a18f657d4ca9c86a01 target=0584ae33047742a18f657d4ca9c86a01
2026-06-20T19:06:38.4987879Z [AUDIT] auth:login actor=0584ae33047742a18f657d4ca9c86a01 target=0584ae33047742a18f657d4ca9c86a01
2026-06-20T19:07:04.0558434Z [AUDIT] auth:login actor=0584ae33047742a18f657d4ca9c86a01 target=0584ae33047742a18f657d4ca9c86a01
2026-06-20T19:07:19.8125923Z [AUDIT] auth:login actor=0584ae33047742a18f657d4ca9c86a01 target=0584ae33047742a18f657d4ca9c86a01
2026-06-20T19:07:20.1557238Z [AUDIT] auth:login actor=5b7bf422afc5417fb7d0a4f0db04524c target=5b7bf422afc5417fb7d0a4f0db04524c
2026-06-21T09:46:33.0335154Z [AUDIT] auth:login actor=5b7bf422afc5417fb7d0a4f0db04524c target=5b7bf422afc5417fb7d0a4f0db04524c
2026-06-21T09:48:46.4914615Z [AUDIT] auth:login actor=0584ae33047742a18f657d4ca9c86a01 target=0584ae33047742a18f657d4ca9c86a01
2026-06-21T10:47:02.8813032Z [AUDIT] auth:login actor=5b7bf422afc5417fb7d0a4f0db04524c target=5b7bf422afc5417fb7d0a4f0db04524c
2026-06-21T10:47:03.1804696Z [AUDIT] auth:login actor=0584ae33047742a18f657d4ca9c86a01 target=0584ae33047742a18f657d4ca9c86a01
2026-06-21T10:48:27.8067984Z [AUDIT] auth:login actor=5b7bf422afc5417fb7d0a4f0db04524c target=5b7bf422afc5417fb7d0a4f0db04524c
2026-06-21T10:48:28.1120975Z [AUDIT] auth:login actor=0584ae33047742a18f657d4ca9c86a01 target=0584ae33047742a18f657d4ca9c86a01
2026-06-21T10:48:28.1551723Z [AUDIT] definitions:reload actor=5b7bf422afc5417fb7d0a4f0db04524c target=class-skill-definitions
2026-06-21T10:49:24.6754708Z [AUDIT] auth:login actor=5b7bf422afc5417fb7d0a4f0db04524c target=5b7bf422afc5417fb7d0a4f0db04524c
2026-06-21T10:49:24.9608037Z [AUDIT] auth:login actor=0584ae33047742a18f657d4ca9c86a01 target=0584ae33047742a18f657d4ca9c86a01
2026-06-21T10:49:24.9728062Z [AUDIT] definitions:reload actor=5b7bf422afc5417fb7d0a4f0db04524c target=class-skill-definitions
2026-06-21T10:49:46.7758063Z [AUDIT] auth:login actor=5b7bf422afc5417fb7d0a4f0db04524c target=5b7bf422afc5417fb7d0a4f0db04524c
2026-06-21T10:49:47.0528605Z [AUDIT] auth:login actor=0584ae33047742a18f657d4ca9c86a01 target=0584ae33047742a18f657d4ca9c86a01
2026-06-21T10:49:47.0628584Z [AUDIT] definitions:reload actor=5b7bf422afc5417fb7d0a4f0db04524c target=class-skill-definitions
2026-06-21T10:50:11.8150570Z [AUDIT] auth:login actor=5b7bf422afc5417fb7d0a4f0db04524c target=5b7bf422afc5417fb7d0a4f0db04524c
2026-06-21T10:50:12.0975978Z [AUDIT] auth:login actor=0584ae33047742a18f657d4ca9c86a01 target=0584ae33047742a18f657d4ca9c86a01
2026-06-21T10:50:12.1065924Z [AUDIT] definitions:reload actor=5b7bf422afc5417fb7d0a4f0db04524c target=class-skill-definitions
2026-06-21T10:50:31.9763172Z [AUDIT] auth:login actor=5b7bf422afc5417fb7d0a4f0db04524c target=5b7bf422afc5417fb7d0a4f0db04524c
2026-06-21T10:50:32.2592373Z [AUDIT] auth:login actor=0584ae33047742a18f657d4ca9c86a01 target=0584ae33047742a18f657d4ca9c86a01
2026-06-21T10:50:32.2698565Z [AUDIT] definitions:reload actor=5b7bf422afc5417fb7d0a4f0db04524c target=class-skill-definitions
2026-06-21T10:50:32.4812137Z [AUDIT] character:class.assign actor=5b7bf422afc5417fb7d0a4f0db04524c target=fbd8a7b8e9a74810becc233f30fe9160:dev_hex_class_01445:dev_hex_node_01445_1:1
2026-06-21T10:50:32.5212153Z [AUDIT] definitions:reload actor=5b7bf422afc5417fb7d0a4f0db04524c target=class-skill-definitions
2026-06-21T10:52:47.7188556Z [AUDIT] auth:login actor=5b7bf422afc5417fb7d0a4f0db04524c target=5b7bf422afc5417fb7d0a4f0db04524c
2026-06-21T10:52:48.0244287Z [AUDIT] auth:login actor=0584ae33047742a18f657d4ca9c86a01 target=0584ae33047742a18f657d4ca9c86a01
2026-06-21T10:52:48.0684766Z [AUDIT] definitions:reload actor=5b7bf422afc5417fb7d0a4f0db04524c target=class-skill-definitions
2026-06-21T10:52:48.3424470Z [AUDIT] character:class.assign actor=5b7bf422afc5417fb7d0a4f0db04524c target=fbd8a7b8e9a74810becc233f30fe9160:dev_hex_class_01445:dev_hex_node_01445_1:1
2026-06-21T10:52:48.3796342Z [AUDIT] definitions:reload actor=5b7bf422afc5417fb7d0a4f0db04524c target=class-skill-definitions
2026-06-21T10:52:48.3931651Z [AUDIT] definitions:reload actor=5b7bf422afc5417fb7d0a4f0db04524c target=class-skill-definitions
2026-06-21T10:52:48.4005800Z [AUDIT] character:class.assign actor=5b7bf422afc5417fb7d0a4f0db04524c target=fbd8a7b8e9a74810becc233f30fe9160:dev_hex_class_01445:dev_hex_node_01445_2:1
2026-06-21T10:55:06.0626891Z [AUDIT] auth:login actor=5b7bf422afc5417fb7d0a4f0db04524c target=5b7bf422afc5417fb7d0a4f0db04524c
2026-06-21T10:55:06.3693857Z [AUDIT] auth:login actor=0584ae33047742a18f657d4ca9c86a01 target=0584ae33047742a18f657d4ca9c86a01
2026-06-21T10:55:06.4083875Z [AUDIT] definitions:reload actor=5b7bf422afc5417fb7d0a4f0db04524c target=class-skill-definitions
2026-06-21T10:55:06.6775855Z [AUDIT] character:class.assign actor=5b7bf422afc5417fb7d0a4f0db04524c target=fbd8a7b8e9a74810becc233f30fe9160:dev_hex_class_01445:dev_hex_node_01445_1:1
2026-06-21T10:55:06.7145853Z [AUDIT] definitions:reload actor=5b7bf422afc5417fb7d0a4f0db04524c target=class-skill-definitions
2026-06-21T10:55:06.7285857Z [AUDIT] definitions:reload actor=5b7bf422afc5417fb7d0a4f0db04524c target=class-skill-definitions
2026-06-21T10:55:06.7365857Z [AUDIT] character:class.assign actor=5b7bf422afc5417fb7d0a4f0db04524c target=fbd8a7b8e9a74810becc233f30fe9160:dev_hex_class_01445:dev_hex_node_01445_2:1
2026-06-21T10:58:28.2181312Z [AUDIT] auth:login actor=5b7bf422afc5417fb7d0a4f0db04524c target=5b7bf422afc5417fb7d0a4f0db04524c
2026-06-21T10:58:42.0393572Z [AUDIT] auth:login actor=0584ae33047742a18f657d4ca9c86a01 target=0584ae33047742a18f657d4ca9c86a01
2026-06-21T10:59:43.6473581Z [AUDIT] auth:login actor=5b7bf422afc5417fb7d0a4f0db04524c target=5b7bf422afc5417fb7d0a4f0db04524c
2026-06-21T10:59:43.9523313Z [AUDIT] auth:login actor=0584ae33047742a18f657d4ca9c86a01 target=0584ae33047742a18f657d4ca9c86a01
2026-06-21T10:59:43.9933315Z [AUDIT] definitions:reload actor=5b7bf422afc5417fb7d0a4f0db04524c target=class-skill-definitions
2026-06-21T10:59:44.2569840Z [AUDIT] character:class.assign actor=5b7bf422afc5417fb7d0a4f0db04524c target=fbd8a7b8e9a74810becc233f30fe9160:dev_hex_class_01445:dev_hex_node_01445_1:1
2026-06-21T10:59:44.2919826Z [AUDIT] definitions:reload actor=5b7bf422afc5417fb7d0a4f0db04524c target=class-skill-definitions
2026-06-21T10:59:44.3059831Z [AUDIT] definitions:reload actor=5b7bf422afc5417fb7d0a4f0db04524c target=class-skill-definitions
2026-06-21T10:59:44.3135425Z [AUDIT] character:class.assign actor=5b7bf422afc5417fb7d0a4f0db04524c target=fbd8a7b8e9a74810becc233f30fe9160:dev_hex_class_01445:dev_hex_node_01445_2:1
2026-06-21T10:59:55.7074983Z [AUDIT] auth:login actor=5b7bf422afc5417fb7d0a4f0db04524c target=5b7bf422afc5417fb7d0a4f0db04524c
2026-06-21T11:00:09.5522916Z [AUDIT] auth:login actor=0584ae33047742a18f657d4ca9c86a01 target=0584ae33047742a18f657d4ca9c86a01
2026-06-21T11:04:54.0825055Z [AUDIT] auth:login actor=5b7bf422afc5417fb7d0a4f0db04524c target=5b7bf422afc5417fb7d0a4f0db04524c
2026-06-21T11:04:54.3808289Z [AUDIT] auth:login actor=0584ae33047742a18f657d4ca9c86a01 target=0584ae33047742a18f657d4ca9c86a01
2026-06-21T11:04:54.4228668Z [AUDIT] definitions:reload actor=5b7bf422afc5417fb7d0a4f0db04524c target=class-skill-definitions
2026-06-21T11:04:54.6828681Z [AUDIT] character:class.assign actor=5b7bf422afc5417fb7d0a4f0db04524c target=fbd8a7b8e9a74810becc233f30fe9160:dev_hex_class_01445:dev_hex_node_01445_1:1
2026-06-21T11:04:54.7188670Z [AUDIT] definitions:reload actor=5b7bf422afc5417fb7d0a4f0db04524c target=class-skill-definitions
2026-06-21T11:04:54.7318667Z [AUDIT] definitions:reload actor=5b7bf422afc5417fb7d0a4f0db04524c target=class-skill-definitions
2026-06-21T11:04:54.7388665Z [AUDIT] character:class.assign actor=5b7bf422afc5417fb7d0a4f0db04524c target=fbd8a7b8e9a74810becc233f30fe9160:dev_hex_class_01445:dev_hex_node_01445_2:1
2026-06-21T11:05:13.1562046Z [AUDIT] auth:login actor=5b7bf422afc5417fb7d0a4f0db04524c target=5b7bf422afc5417fb7d0a4f0db04524c
2026-06-21T11:05:26.7941845Z [AUDIT] auth:login actor=0584ae33047742a18f657d4ca9c86a01 target=0584ae33047742a18f657d4ca9c86a01
2026-06-21T11:08:49.0022155Z [AUDIT] auth:login actor=5b7bf422afc5417fb7d0a4f0db04524c target=5b7bf422afc5417fb7d0a4f0db04524c
2026-06-21T11:08:49.2948623Z [AUDIT] auth:login actor=0584ae33047742a18f657d4ca9c86a01 target=0584ae33047742a18f657d4ca9c86a01
2026-06-21T11:08:49.3358652Z [AUDIT] definitions:reload actor=5b7bf422afc5417fb7d0a4f0db04524c target=class-skill-definitions
2026-06-21T11:08:49.5990576Z [AUDIT] character:class.assign actor=5b7bf422afc5417fb7d0a4f0db04524c target=fbd8a7b8e9a74810becc233f30fe9160:dev_hex_class_01445:dev_hex_node_01445_1:1
2026-06-21T11:08:49.6329859Z [AUDIT] definitions:reload actor=5b7bf422afc5417fb7d0a4f0db04524c target=class-skill-definitions
2026-06-21T11:08:49.6465138Z [AUDIT] definitions:reload actor=5b7bf422afc5417fb7d0a4f0db04524c target=class-skill-definitions
2026-06-21T11:08:49.6536821Z [AUDIT] character:class.assign actor=5b7bf422afc5417fb7d0a4f0db04524c target=fbd8a7b8e9a74810becc233f30fe9160:dev_hex_class_01445:dev_hex_node_01445_2:1
2026-06-21T11:09:01.5725251Z [AUDIT] auth:login actor=5b7bf422afc5417fb7d0a4f0db04524c target=5b7bf422afc5417fb7d0a4f0db04524c
2026-06-21T11:09:15.0772950Z [AUDIT] auth:login actor=0584ae33047742a18f657d4ca9c86a01 target=0584ae33047742a18f657d4ca9c86a01
2026-06-23T14:23:10.8653403Z [AUDIT] auth:login actor=5b7bf422afc5417fb7d0a4f0db04524c target=5b7bf422afc5417fb7d0a4f0db04524c
2026-06-23T14:23:11.3264148Z [AUDIT] auth:login actor=0584ae33047742a18f657d4ca9c86a01 target=0584ae33047742a18f657d4ca9c86a01
2026-06-23T14:24:32.7490838Z [AUDIT] auth:login actor=5b7bf422afc5417fb7d0a4f0db04524c target=5b7bf422afc5417fb7d0a4f0db04524c
2026-06-23T14:24:33.1158480Z [AUDIT] auth:login actor=0584ae33047742a18f657d4ca9c86a01 target=0584ae33047742a18f657d4ca9c86a01
2026-06-23T14:24:44.3650643Z [AUDIT] auth:login actor=5b7bf422afc5417fb7d0a4f0db04524c target=5b7bf422afc5417fb7d0a4f0db04524c
2026-06-23T14:24:52.5238044Z [AUDIT] auth:login actor=0584ae33047742a18f657d4ca9c86a01 target=0584ae33047742a18f657d4ca9c86a01
2026-06-23T14:24:59.1808094Z [AUDIT] player_request:submit actor=0584ae33047742a18f657d4ca9c86a01 target=812dee3d58aa46ed9dd213d15b98359c
2026-06-23T14:32:43.2876954Z [AUDIT] auth:login actor=5b7bf422afc5417fb7d0a4f0db04524c target=5b7bf422afc5417fb7d0a4f0db04524c
2026-06-23T14:32:43.6316853Z [AUDIT] auth:login actor=0584ae33047742a18f657d4ca9c86a01 target=0584ae33047742a18f657d4ca9c86a01
2026-06-23T14:32:51.7228077Z [AUDIT] auth:login actor=5b7bf422afc5417fb7d0a4f0db04524c target=5b7bf422afc5417fb7d0a4f0db04524c
2026-06-23T14:32:59.4074206Z [AUDIT] auth:login actor=0584ae33047742a18f657d4ca9c86a01 target=0584ae33047742a18f657d4ca9c86a01
2026-06-23T14:33:05.9744555Z [AUDIT] player_request:submit actor=0584ae33047742a18f657d4ca9c86a01 target=b166eb676ad545cfb246de31a93d86db
2026-06-23T14:35:22.2169546Z [AUDIT] auth:login actor=5b7bf422afc5417fb7d0a4f0db04524c target=5b7bf422afc5417fb7d0a4f0db04524c
2026-06-23T14:35:22.5766255Z [AUDIT] auth:login actor=0584ae33047742a18f657d4ca9c86a01 target=0584ae33047742a18f657d4ca9c86a01
2026-06-23T14:35:30.7213392Z [AUDIT] auth:login actor=5b7bf422afc5417fb7d0a4f0db04524c target=5b7bf422afc5417fb7d0a4f0db04524c
2026-06-23T14:35:38.3183291Z [AUDIT] auth:login actor=0584ae33047742a18f657d4ca9c86a01 target=0584ae33047742a18f657d4ca9c86a01
2026-06-23T14:35:44.9434310Z [AUDIT] player_request:submit actor=0584ae33047742a18f657d4ca9c86a01 target=63f4fa1c1a9942b787b46bbe95f2a5e6
2026-06-23T14:36:45.7072091Z [AUDIT] auth:login actor=5b7bf422afc5417fb7d0a4f0db04524c target=5b7bf422afc5417fb7d0a4f0db04524c
2026-06-23T14:36:46.0432042Z [AUDIT] auth:login actor=0584ae33047742a18f657d4ca9c86a01 target=0584ae33047742a18f657d4ca9c86a01
2026-06-23T14:36:53.9844880Z [AUDIT] auth:login actor=5b7bf422afc5417fb7d0a4f0db04524c target=5b7bf422afc5417fb7d0a4f0db04524c
2026-06-23T14:37:01.6079418Z [AUDIT] auth:login actor=0584ae33047742a18f657d4ca9c86a01 target=0584ae33047742a18f657d4ca9c86a01
2026-06-23T14:37:08.2326077Z [AUDIT] player_request:submit actor=0584ae33047742a18f657d4ca9c86a01 target=c130df4519874424b2dfe51b130790ee
2026-06-23T14:38:53.8826521Z [AUDIT] auth:login actor=5b7bf422afc5417fb7d0a4f0db04524c target=5b7bf422afc5417fb7d0a4f0db04524c
2026-06-23T14:38:54.2265426Z [AUDIT] auth:login actor=0584ae33047742a18f657d4ca9c86a01 target=0584ae33047742a18f657d4ca9c86a01
2026-06-23T14:39:02.1257289Z [AUDIT] auth:login actor=5b7bf422afc5417fb7d0a4f0db04524c target=5b7bf422afc5417fb7d0a4f0db04524c
2026-06-23T14:39:09.7347072Z [AUDIT] auth:login actor=0584ae33047742a18f657d4ca9c86a01 target=0584ae33047742a18f657d4ca9c86a01
2026-06-23T14:39:16.3492248Z [AUDIT] player_request:submit actor=0584ae33047742a18f657d4ca9c86a01 target=32bdf187434c4a3e9938188313a50789
2026-06-23T14:41:36.4815526Z [AUDIT] auth:login actor=5b7bf422afc5417fb7d0a4f0db04524c target=5b7bf422afc5417fb7d0a4f0db04524c
2026-06-23T14:43:32.8348015Z [AUDIT] auth:login actor=5b7bf422afc5417fb7d0a4f0db04524c target=5b7bf422afc5417fb7d0a4f0db04524c
2026-06-23T14:43:33.1914655Z [AUDIT] auth:login actor=0584ae33047742a18f657d4ca9c86a01 target=0584ae33047742a18f657d4ca9c86a01
2026-06-23T14:43:41.3722211Z [AUDIT] auth:login actor=5b7bf422afc5417fb7d0a4f0db04524c target=5b7bf422afc5417fb7d0a4f0db04524c
2026-06-23T14:43:49.0291584Z [AUDIT] auth:login actor=0584ae33047742a18f657d4ca9c86a01 target=0584ae33047742a18f657d4ca9c86a01
2026-06-23T14:43:55.6210455Z [AUDIT] player_request:submit actor=0584ae33047742a18f657d4ca9c86a01 target=7d30d5f442be48b3ac3490f9648a454a
2026-06-23T14:45:57.7470147Z [AUDIT] auth:login actor=5b7bf422afc5417fb7d0a4f0db04524c target=5b7bf422afc5417fb7d0a4f0db04524c
2026-06-23T14:45:58.0965599Z [AUDIT] auth:login actor=0584ae33047742a18f657d4ca9c86a01 target=0584ae33047742a18f657d4ca9c86a01
2026-06-23T14:46:06.6355951Z [AUDIT] auth:login actor=5b7bf422afc5417fb7d0a4f0db04524c target=5b7bf422afc5417fb7d0a4f0db04524c
2026-06-23T14:46:14.3167321Z [AUDIT] auth:login actor=0584ae33047742a18f657d4ca9c86a01 target=0584ae33047742a18f657d4ca9c86a01
2026-06-23T14:46:20.9153993Z [AUDIT] player_request:submit actor=0584ae33047742a18f657d4ca9c86a01 target=a801e36aac9b45c99ac70a604141d3aa
2026-06-23T14:46:31.3751211Z [AUDIT] player_request:approve actor=5b7bf422afc5417fb7d0a4f0db04524c target=a801e36aac9b45c99ac70a604141d3aa
2026-06-23T14:47:48.2065604Z [AUDIT] auth:login actor=5b7bf422afc5417fb7d0a4f0db04524c target=5b7bf422afc5417fb7d0a4f0db04524c
2026-06-23T14:47:48.5546977Z [AUDIT] auth:login actor=0584ae33047742a18f657d4ca9c86a01 target=0584ae33047742a18f657d4ca9c86a01
2026-06-23T14:47:56.8247310Z [AUDIT] auth:login actor=5b7bf422afc5417fb7d0a4f0db04524c target=5b7bf422afc5417fb7d0a4f0db04524c
2026-06-23T14:48:04.4886804Z [AUDIT] auth:login actor=0584ae33047742a18f657d4ca9c86a01 target=0584ae33047742a18f657d4ca9c86a01
2026-06-23T14:48:11.0267125Z [AUDIT] player_request:submit actor=0584ae33047742a18f657d4ca9c86a01 target=64a3a0132c074f61a4ce26dc17fdb838
2026-06-23T14:48:21.6706821Z [AUDIT] player_request:approve actor=5b7bf422afc5417fb7d0a4f0db04524c target=64a3a0132c074f61a4ce26dc17fdb838
2026-06-23T14:48:31.9847649Z [AUDIT] player_request:submit actor=0584ae33047742a18f657d4ca9c86a01 target=96a221d60a2b47ae8c11cd44da3f5764
2026-06-23T14:48:41.0132548Z [AUDIT] player_request:request_changes actor=5b7bf422afc5417fb7d0a4f0db04524c target=96a221d60a2b47ae8c11cd44da3f5764
2026-06-23T14:48:48.8109298Z [AUDIT] player_request:resubmit actor=0584ae33047742a18f657d4ca9c86a01 target=96a221d60a2b47ae8c11cd44da3f5764
2026-06-23T14:48:57.2656785Z [AUDIT] player_request:reject actor=5b7bf422afc5417fb7d0a4f0db04524c target=96a221d60a2b47ae8c11cd44da3f5764
2026-06-23T14:49:04.4685738Z [AUDIT] player_request:submit actor=0584ae33047742a18f657d4ca9c86a01 target=f93e4d0ecb6a41dfb97c9fabb140e458
2026-06-23T14:49:12.1889255Z [AUDIT] player_request:cancel actor=0584ae33047742a18f657d4ca9c86a01 target=f93e4d0ecb6a41dfb97c9fabb140e458
2026-06-23T14:49:21.7978635Z [AUDIT] auth:login actor=5b7bf422afc5417fb7d0a4f0db04524c target=5b7bf422afc5417fb7d0a4f0db04524c
2026-06-23T14:49:22.1058304Z [AUDIT] auth:login actor=0584ae33047742a18f657d4ca9c86a01 target=0584ae33047742a18f657d4ca9c86a01
2026-06-23T14:49:31.7703728Z [AUDIT] auth:login actor=0584ae33047742a18f657d4ca9c86a01 target=0584ae33047742a18f657d4ca9c86a01
2026-06-23T14:55:37.2200855Z [AUDIT] auth:login actor=5b7bf422afc5417fb7d0a4f0db04524c target=5b7bf422afc5417fb7d0a4f0db04524c
2026-06-23T14:55:37.6067204Z [AUDIT] auth:login actor=0584ae33047742a18f657d4ca9c86a01 target=0584ae33047742a18f657d4ca9c86a01
2026-06-23T14:55:46.5407119Z [AUDIT] auth:login actor=5b7bf422afc5417fb7d0a4f0db04524c target=5b7bf422afc5417fb7d0a4f0db04524c
2026-06-23T14:55:54.5370810Z [AUDIT] auth:login actor=0584ae33047742a18f657d4ca9c86a01 target=0584ae33047742a18f657d4ca9c86a01
2026-06-23T14:56:01.1194493Z [AUDIT] player_request:submit actor=0584ae33047742a18f657d4ca9c86a01 target=6cc62d0efce745a595790b0df3cad6dc
2026-06-23T14:56:11.8669536Z [AUDIT] player_request:approve actor=5b7bf422afc5417fb7d0a4f0db04524c target=6cc62d0efce745a595790b0df3cad6dc
2026-06-23T14:57:14.6688494Z [AUDIT] auth:login actor=5b7bf422afc5417fb7d0a4f0db04524c target=5b7bf422afc5417fb7d0a4f0db04524c
2026-06-23T14:57:15.0370842Z [AUDIT] auth:login actor=0584ae33047742a18f657d4ca9c86a01 target=0584ae33047742a18f657d4ca9c86a01
2026-06-23T14:57:23.7813576Z [AUDIT] auth:login actor=5b7bf422afc5417fb7d0a4f0db04524c target=5b7bf422afc5417fb7d0a4f0db04524c
2026-06-23T14:57:31.4203934Z [AUDIT] auth:login actor=0584ae33047742a18f657d4ca9c86a01 target=0584ae33047742a18f657d4ca9c86a01
2026-06-23T14:57:37.9902948Z [AUDIT] player_request:submit actor=0584ae33047742a18f657d4ca9c86a01 target=5cf4d946f43e42419914682298bdbc11
2026-06-23T14:57:48.6436393Z [AUDIT] player_request:approve actor=5b7bf422afc5417fb7d0a4f0db04524c target=5cf4d946f43e42419914682298bdbc11
2026-06-23T14:59:39.8441165Z [AUDIT] auth:login actor=5b7bf422afc5417fb7d0a4f0db04524c target=5b7bf422afc5417fb7d0a4f0db04524c
2026-06-23T14:59:40.2049579Z [AUDIT] auth:login actor=0584ae33047742a18f657d4ca9c86a01 target=0584ae33047742a18f657d4ca9c86a01
2026-06-23T14:59:48.9538705Z [AUDIT] auth:login actor=5b7bf422afc5417fb7d0a4f0db04524c target=5b7bf422afc5417fb7d0a4f0db04524c
2026-06-23T14:59:56.5938215Z [AUDIT] auth:login actor=0584ae33047742a18f657d4ca9c86a01 target=0584ae33047742a18f657d4ca9c86a01
2026-06-23T15:00:03.1840621Z [AUDIT] player_request:submit actor=0584ae33047742a18f657d4ca9c86a01 target=103787f3696e430d89c7b1194c44b3b8
2026-06-23T15:00:14.0500008Z [AUDIT] player_request:approve actor=5b7bf422afc5417fb7d0a4f0db04524c target=103787f3696e430d89c7b1194c44b3b8
2026-06-23T15:01:54.8177685Z [AUDIT] auth:login actor=5b7bf422afc5417fb7d0a4f0db04524c target=5b7bf422afc5417fb7d0a4f0db04524c
2026-06-23T15:01:55.1863593Z [AUDIT] auth:login actor=0584ae33047742a18f657d4ca9c86a01 target=0584ae33047742a18f657d4ca9c86a01
2026-06-23T15:02:03.5359379Z [AUDIT] auth:login actor=5b7bf422afc5417fb7d0a4f0db04524c target=5b7bf422afc5417fb7d0a4f0db04524c
2026-06-23T15:02:11.1211061Z [AUDIT] auth:login actor=0584ae33047742a18f657d4ca9c86a01 target=0584ae33047742a18f657d4ca9c86a01
2026-06-23T15:02:17.7107853Z [AUDIT] player_request:submit actor=0584ae33047742a18f657d4ca9c86a01 target=ceb15961ef7e44389d19f1e0b40d6b6c
2026-06-23T15:02:29.0781526Z [AUDIT] player_request:approve actor=5b7bf422afc5417fb7d0a4f0db04524c target=ceb15961ef7e44389d19f1e0b40d6b6c
2026-06-23T15:04:53.0687681Z [AUDIT] auth:login actor=5b7bf422afc5417fb7d0a4f0db04524c target=5b7bf422afc5417fb7d0a4f0db04524c
2026-06-23T15:04:53.4275768Z [AUDIT] auth:login actor=0584ae33047742a18f657d4ca9c86a01 target=0584ae33047742a18f657d4ca9c86a01
2026-06-23T15:05:01.7260270Z [AUDIT] auth:login actor=5b7bf422afc5417fb7d0a4f0db04524c target=5b7bf422afc5417fb7d0a4f0db04524c
2026-06-23T15:11:19.1151277Z [AUDIT] auth:login actor=5b7bf422afc5417fb7d0a4f0db04524c target=5b7bf422afc5417fb7d0a4f0db04524c
2026-06-23T15:11:19.4904661Z [AUDIT] auth:login actor=0584ae33047742a18f657d4ca9c86a01 target=0584ae33047742a18f657d4ca9c86a01
2026-06-23T15:11:28.1915658Z [AUDIT] auth:login actor=5b7bf422afc5417fb7d0a4f0db04524c target=5b7bf422afc5417fb7d0a4f0db04524c
2026-06-23T15:11:36.1601808Z [AUDIT] auth:login actor=0584ae33047742a18f657d4ca9c86a01 target=0584ae33047742a18f657d4ca9c86a01
2026-06-23T15:13:42.0296486Z [AUDIT] auth:login actor=5b7bf422afc5417fb7d0a4f0db04524c target=5b7bf422afc5417fb7d0a4f0db04524c
2026-06-23T15:13:42.3922498Z [AUDIT] auth:login actor=0584ae33047742a18f657d4ca9c86a01 target=0584ae33047742a18f657d4ca9c86a01
2026-06-23T15:13:50.8247710Z [AUDIT] auth:login actor=5b7bf422afc5417fb7d0a4f0db04524c target=5b7bf422afc5417fb7d0a4f0db04524c
2026-06-23T15:13:58.4006486Z [AUDIT] auth:login actor=0584ae33047742a18f657d4ca9c86a01 target=0584ae33047742a18f657d4ca9c86a01
2026-06-23T15:15:28.6140378Z [AUDIT] auth:login actor=5b7bf422afc5417fb7d0a4f0db04524c target=5b7bf422afc5417fb7d0a4f0db04524c
2026-06-23T15:15:28.9647299Z [AUDIT] auth:login actor=0584ae33047742a18f657d4ca9c86a01 target=0584ae33047742a18f657d4ca9c86a01
2026-06-23T15:15:37.2228191Z [AUDIT] auth:login actor=5b7bf422afc5417fb7d0a4f0db04524c target=5b7bf422afc5417fb7d0a4f0db04524c
2026-06-23T15:15:44.8335429Z [AUDIT] auth:login actor=0584ae33047742a18f657d4ca9c86a01 target=0584ae33047742a18f657d4ca9c86a01
2026-06-23T15:15:51.4713442Z [AUDIT] player_request:submit actor=0584ae33047742a18f657d4ca9c86a01 target=1599cbbe86f84e6f994f33e20fcb8cd8
2026-06-23T15:16:02.6696189Z [AUDIT] player_request:approve actor=5b7bf422afc5417fb7d0a4f0db04524c target=1599cbbe86f84e6f994f33e20fcb8cd8
2026-06-23T15:16:13.1599182Z [AUDIT] player_request:submit actor=0584ae33047742a18f657d4ca9c86a01 target=60301e278bd44a0fa92de7022efa20ec
2026-06-23T15:16:22.9644379Z [AUDIT] player_request:request_changes actor=5b7bf422afc5417fb7d0a4f0db04524c target=60301e278bd44a0fa92de7022efa20ec
2026-06-23T15:16:30.6373834Z [AUDIT] player_request:resubmit actor=0584ae33047742a18f657d4ca9c86a01 target=60301e278bd44a0fa92de7022efa20ec
2026-06-23T15:19:16.4477313Z [AUDIT] auth:login actor=5b7bf422afc5417fb7d0a4f0db04524c target=5b7bf422afc5417fb7d0a4f0db04524c
2026-06-23T15:19:16.8031236Z [AUDIT] auth:login actor=0584ae33047742a18f657d4ca9c86a01 target=0584ae33047742a18f657d4ca9c86a01
2026-06-23T15:19:25.0270231Z [AUDIT] auth:login actor=5b7bf422afc5417fb7d0a4f0db04524c target=5b7bf422afc5417fb7d0a4f0db04524c
2026-06-23T15:19:33.0793017Z [AUDIT] auth:login actor=0584ae33047742a18f657d4ca9c86a01 target=0584ae33047742a18f657d4ca9c86a01
2026-06-23T15:19:39.7149990Z [AUDIT] player_request:submit actor=0584ae33047742a18f657d4ca9c86a01 target=b2f60a8bedec46e1adc0e38b7999af44
2026-06-23T15:19:51.0921774Z [AUDIT] player_request:approve actor=5b7bf422afc5417fb7d0a4f0db04524c target=b2f60a8bedec46e1adc0e38b7999af44
2026-06-23T15:20:01.8135271Z [AUDIT] player_request:submit actor=0584ae33047742a18f657d4ca9c86a01 target=d40a88c1a1154723a77afa9bdc01f20c
2026-06-23T15:20:11.4327368Z [AUDIT] player_request:request_changes actor=5b7bf422afc5417fb7d0a4f0db04524c target=d40a88c1a1154723a77afa9bdc01f20c
2026-06-23T15:20:19.1228718Z [AUDIT] player_request:resubmit actor=0584ae33047742a18f657d4ca9c86a01 target=d40a88c1a1154723a77afa9bdc01f20c
2026-06-23T15:23:20.6220405Z [AUDIT] auth:login actor=5b7bf422afc5417fb7d0a4f0db04524c target=5b7bf422afc5417fb7d0a4f0db04524c
2026-06-23T15:23:20.9673565Z [AUDIT] auth:login actor=0584ae33047742a18f657d4ca9c86a01 target=0584ae33047742a18f657d4ca9c86a01
2026-06-23T15:23:29.1999976Z [AUDIT] auth:login actor=5b7bf422afc5417fb7d0a4f0db04524c target=5b7bf422afc5417fb7d0a4f0db04524c
2026-06-23T15:23:36.8569592Z [AUDIT] auth:login actor=0584ae33047742a18f657d4ca9c86a01 target=0584ae33047742a18f657d4ca9c86a01
2026-06-23T15:23:43.4629249Z [AUDIT] player_request:submit actor=0584ae33047742a18f657d4ca9c86a01 target=d94714fd05e24a41a95c409c78de3c24
2026-06-23T15:23:54.8420366Z [AUDIT] player_request:approve actor=5b7bf422afc5417fb7d0a4f0db04524c target=d94714fd05e24a41a95c409c78de3c24
2026-06-23T15:24:05.4564489Z [AUDIT] player_request:submit actor=0584ae33047742a18f657d4ca9c86a01 target=95d62202ff804b73a53a0652e3ef16a8
2026-06-23T15:24:15.1842045Z [AUDIT] player_request:request_changes actor=5b7bf422afc5417fb7d0a4f0db04524c target=95d62202ff804b73a53a0652e3ef16a8
2026-06-23T15:24:22.9656098Z [AUDIT] player_request:resubmit actor=0584ae33047742a18f657d4ca9c86a01 target=95d62202ff804b73a53a0652e3ef16a8
2026-06-23T15:25:31.4612946Z [AUDIT] auth:login actor=5b7bf422afc5417fb7d0a4f0db04524c target=5b7bf422afc5417fb7d0a4f0db04524c
2026-06-23T15:25:31.8077484Z [AUDIT] auth:login actor=0584ae33047742a18f657d4ca9c86a01 target=0584ae33047742a18f657d4ca9c86a01
2026-06-23T15:25:40.2346820Z [AUDIT] auth:login actor=5b7bf422afc5417fb7d0a4f0db04524c target=5b7bf422afc5417fb7d0a4f0db04524c
2026-06-23T15:25:47.8316477Z [AUDIT] auth:login actor=0584ae33047742a18f657d4ca9c86a01 target=0584ae33047742a18f657d4ca9c86a01
2026-06-23T15:25:54.4666633Z [AUDIT] player_request:submit actor=0584ae33047742a18f657d4ca9c86a01 target=3a68e69fa12b4664bb314a2dd20027a2
2026-06-23T15:26:05.7647331Z [AUDIT] player_request:approve actor=5b7bf422afc5417fb7d0a4f0db04524c target=3a68e69fa12b4664bb314a2dd20027a2
2026-06-23T15:26:16.3325668Z [AUDIT] player_request:submit actor=0584ae33047742a18f657d4ca9c86a01 target=4a81ea938d3545238e5426987623b98a
2026-06-23T15:26:26.1048710Z [AUDIT] player_request:request_changes actor=5b7bf422afc5417fb7d0a4f0db04524c target=4a81ea938d3545238e5426987623b98a
2026-06-23T15:26:33.7829831Z [AUDIT] player_request:resubmit actor=0584ae33047742a18f657d4ca9c86a01 target=4a81ea938d3545238e5426987623b98a
2026-06-23T15:28:01.2465777Z [AUDIT] auth:login actor=5b7bf422afc5417fb7d0a4f0db04524c target=5b7bf422afc5417fb7d0a4f0db04524c
2026-06-23T15:28:01.5904264Z [AUDIT] auth:login actor=0584ae33047742a18f657d4ca9c86a01 target=0584ae33047742a18f657d4ca9c86a01
2026-06-23T15:28:10.1347602Z [AUDIT] auth:login actor=5b7bf422afc5417fb7d0a4f0db04524c target=5b7bf422afc5417fb7d0a4f0db04524c
2026-06-23T15:28:17.7505586Z [AUDIT] auth:login actor=0584ae33047742a18f657d4ca9c86a01 target=0584ae33047742a18f657d4ca9c86a01
2026-06-23T15:28:24.3847024Z [AUDIT] player_request:submit actor=0584ae33047742a18f657d4ca9c86a01 target=df9b327f6a974300be6855acacada460
2026-06-23T15:28:35.6242924Z [AUDIT] player_request:approve actor=5b7bf422afc5417fb7d0a4f0db04524c target=df9b327f6a974300be6855acacada460
2026-06-23T15:28:46.0779494Z [AUDIT] player_request:submit actor=0584ae33047742a18f657d4ca9c86a01 target=5b8ec146f240442ebffb9837e4122057
2026-06-23T15:28:55.9389044Z [AUDIT] player_request:request_changes actor=5b7bf422afc5417fb7d0a4f0db04524c target=5b8ec146f240442ebffb9837e4122057
2026-06-23T15:29:03.6456012Z [AUDIT] player_request:resubmit actor=0584ae33047742a18f657d4ca9c86a01 target=5b8ec146f240442ebffb9837e4122057
2026-06-23T15:30:14.1983261Z [AUDIT] auth:login actor=5b7bf422afc5417fb7d0a4f0db04524c target=5b7bf422afc5417fb7d0a4f0db04524c
2026-06-23T15:30:14.5324342Z [AUDIT] auth:login actor=0584ae33047742a18f657d4ca9c86a01 target=0584ae33047742a18f657d4ca9c86a01
2026-06-23T15:30:22.9294276Z [AUDIT] auth:login actor=5b7bf422afc5417fb7d0a4f0db04524c target=5b7bf422afc5417fb7d0a4f0db04524c
2026-06-23T15:30:30.5788675Z [AUDIT] auth:login actor=0584ae33047742a18f657d4ca9c86a01 target=0584ae33047742a18f657d4ca9c86a01
2026-06-23T15:30:37.2270364Z [AUDIT] player_request:submit actor=0584ae33047742a18f657d4ca9c86a01 target=67cac69215324146a2b8b926aed271d4
2026-06-23T15:30:48.4211287Z [AUDIT] player_request:approve actor=5b7bf422afc5417fb7d0a4f0db04524c target=67cac69215324146a2b8b926aed271d4
2026-06-23T15:30:58.9208783Z [AUDIT] player_request:submit actor=0584ae33047742a18f657d4ca9c86a01 target=f8f388a2586c4acaaaece42377fc0e1f
2026-06-23T15:31:08.7611471Z [AUDIT] player_request:request_changes actor=5b7bf422afc5417fb7d0a4f0db04524c target=f8f388a2586c4acaaaece42377fc0e1f
2026-06-23T15:31:16.4335237Z [AUDIT] player_request:resubmit actor=0584ae33047742a18f657d4ca9c86a01 target=f8f388a2586c4acaaaece42377fc0e1f
2026-06-23T15:32:41.1906405Z [AUDIT] auth:login actor=5b7bf422afc5417fb7d0a4f0db04524c target=5b7bf422afc5417fb7d0a4f0db04524c
2026-06-23T15:32:41.5289663Z [AUDIT] auth:login actor=0584ae33047742a18f657d4ca9c86a01 target=0584ae33047742a18f657d4ca9c86a01
2026-06-23T15:32:49.6105452Z [AUDIT] auth:login actor=5b7bf422afc5417fb7d0a4f0db04524c target=5b7bf422afc5417fb7d0a4f0db04524c
2026-06-23T15:32:57.2810863Z [AUDIT] auth:login actor=0584ae33047742a18f657d4ca9c86a01 target=0584ae33047742a18f657d4ca9c86a01
2026-06-23T15:33:03.8693339Z [AUDIT] player_request:submit actor=0584ae33047742a18f657d4ca9c86a01 target=129d75476df2484f86a145c755bc68ca
2026-06-23T15:33:15.1607677Z [AUDIT] player_request:approve actor=5b7bf422afc5417fb7d0a4f0db04524c target=129d75476df2484f86a145c755bc68ca
2026-06-23T15:33:25.6406720Z [AUDIT] player_request:submit actor=0584ae33047742a18f657d4ca9c86a01 target=98d91ae325d5403ba84725cface2fe7e
2026-06-23T15:33:35.4346368Z [AUDIT] player_request:request_changes actor=5b7bf422afc5417fb7d0a4f0db04524c target=98d91ae325d5403ba84725cface2fe7e
2026-06-23T15:33:43.1216241Z [AUDIT] player_request:resubmit actor=0584ae33047742a18f657d4ca9c86a01 target=98d91ae325d5403ba84725cface2fe7e
2026-06-23T15:35:36.4227197Z [AUDIT] auth:login actor=5b7bf422afc5417fb7d0a4f0db04524c target=5b7bf422afc5417fb7d0a4f0db04524c
2026-06-23T15:35:36.7629825Z [AUDIT] auth:login actor=0584ae33047742a18f657d4ca9c86a01 target=0584ae33047742a18f657d4ca9c86a01
2026-06-23T15:35:45.1112601Z [AUDIT] auth:login actor=5b7bf422afc5417fb7d0a4f0db04524c target=5b7bf422afc5417fb7d0a4f0db04524c
2026-06-23T15:35:52.7773538Z [AUDIT] auth:login actor=0584ae33047742a18f657d4ca9c86a01 target=0584ae33047742a18f657d4ca9c86a01
2026-06-23T15:35:59.4004983Z [AUDIT] player_request:submit actor=0584ae33047742a18f657d4ca9c86a01 target=25f8edeb0fcc4424824880fbe0540052
2026-06-23T15:36:10.5654153Z [AUDIT] player_request:approve actor=5b7bf422afc5417fb7d0a4f0db04524c target=25f8edeb0fcc4424824880fbe0540052
2026-06-23T15:36:21.0488584Z [AUDIT] player_request:submit actor=0584ae33047742a18f657d4ca9c86a01 target=f5539ff624e549508fc629baaf3c16e4
2026-06-23T15:36:30.8549933Z [AUDIT] player_request:request_changes actor=5b7bf422afc5417fb7d0a4f0db04524c target=f5539ff624e549508fc629baaf3c16e4
2026-06-23T15:36:38.5294466Z [AUDIT] player_request:resubmit actor=0584ae33047742a18f657d4ca9c86a01 target=f5539ff624e549508fc629baaf3c16e4
2026-06-23T15:36:47.5921269Z [AUDIT] player_request:reject actor=5b7bf422afc5417fb7d0a4f0db04524c target=f5539ff624e549508fc629baaf3c16e4
2026-06-23T15:36:54.7340445Z [AUDIT] player_request:submit actor=0584ae33047742a18f657d4ca9c86a01 target=54aaa25a230b4434a010a7d759a22a1e
2026-06-23T15:37:02.4801194Z [AUDIT] player_request:cancel actor=0584ae33047742a18f657d4ca9c86a01 target=54aaa25a230b4434a010a7d759a22a1e
2026-06-23T15:37:15.0684685Z [AUDIT] auth:login actor=5b7bf422afc5417fb7d0a4f0db04524c target=5b7bf422afc5417fb7d0a4f0db04524c
2026-06-23T15:37:15.3665603Z [AUDIT] auth:login actor=0584ae33047742a18f657d4ca9c86a01 target=0584ae33047742a18f657d4ca9c86a01
2026-06-23T15:37:24.7713909Z [AUDIT] auth:login actor=0584ae33047742a18f657d4ca9c86a01 target=0584ae33047742a18f657d4ca9c86a01
2026-06-23T15:54:50.1069991Z [AUDIT] auth:login actor=5b7bf422afc5417fb7d0a4f0db04524c target=5b7bf422afc5417fb7d0a4f0db04524c
2026-06-23T15:54:50.4500351Z [AUDIT] auth:login actor=0584ae33047742a18f657d4ca9c86a01 target=0584ae33047742a18f657d4ca9c86a01
2026-06-23T15:54:50.7409888Z [AUDIT] auth:login actor=ce399825e72343ac918885026d32aa4f target=ce399825e72343ac918885026d32aa4f
2026-06-23T15:55:24.6059791Z [AUDIT] auth:login actor=5b7bf422afc5417fb7d0a4f0db04524c target=5b7bf422afc5417fb7d0a4f0db04524c
2026-06-23T15:55:24.9407924Z [AUDIT] auth:login actor=0584ae33047742a18f657d4ca9c86a01 target=0584ae33047742a18f657d4ca9c86a01
2026-06-23T15:55:25.2770549Z [AUDIT] auth:login actor=ce399825e72343ac918885026d32aa4f target=ce399825e72343ac918885026d32aa4f
2026-06-23T15:55:44.1485822Z [AUDIT] auth:login actor=5b7bf422afc5417fb7d0a4f0db04524c target=5b7bf422afc5417fb7d0a4f0db04524c
2026-06-23T15:55:44.4866474Z [AUDIT] auth:login actor=0584ae33047742a18f657d4ca9c86a01 target=0584ae33047742a18f657d4ca9c86a01
2026-06-23T15:55:44.8102230Z [AUDIT] auth:login actor=ce399825e72343ac918885026d32aa4f target=ce399825e72343ac918885026d32aa4f
2026-06-23T15:56:05.6960531Z [AUDIT] auth:login actor=5b7bf422afc5417fb7d0a4f0db04524c target=5b7bf422afc5417fb7d0a4f0db04524c
2026-06-23T15:56:06.0346147Z [AUDIT] auth:login actor=0584ae33047742a18f657d4ca9c86a01 target=0584ae33047742a18f657d4ca9c86a01
2026-06-23T15:56:06.3234337Z [AUDIT] auth:login actor=ce399825e72343ac918885026d32aa4f target=ce399825e72343ac918885026d32aa4f
2026-06-23T15:56:26.7936129Z [AUDIT] auth:login actor=5b7bf422afc5417fb7d0a4f0db04524c target=5b7bf422afc5417fb7d0a4f0db04524c
2026-06-23T15:56:27.1379306Z [AUDIT] auth:login actor=0584ae33047742a18f657d4ca9c86a01 target=0584ae33047742a18f657d4ca9c86a01
2026-06-23T15:56:27.4526333Z [AUDIT] auth:login actor=ce399825e72343ac918885026d32aa4f target=ce399825e72343ac918885026d32aa4f
2026-06-23T15:57:23.8308285Z [AUDIT] auth:login actor=5b7bf422afc5417fb7d0a4f0db04524c target=5b7bf422afc5417fb7d0a4f0db04524c
2026-06-23T15:57:24.1630731Z [AUDIT] auth:login actor=0584ae33047742a18f657d4ca9c86a01 target=0584ae33047742a18f657d4ca9c86a01
2026-06-23T15:57:24.4820068Z [AUDIT] auth:login actor=ce399825e72343ac918885026d32aa4f target=ce399825e72343ac918885026d32aa4f
2026-06-23T15:58:16.3562026Z [AUDIT] auth:login actor=5b7bf422afc5417fb7d0a4f0db04524c target=5b7bf422afc5417fb7d0a4f0db04524c
2026-06-23T15:58:16.6717659Z [AUDIT] auth:login actor=0584ae33047742a18f657d4ca9c86a01 target=0584ae33047742a18f657d4ca9c86a01
2026-06-23T15:58:16.9650999Z [AUDIT] auth:login actor=ce399825e72343ac918885026d32aa4f target=ce399825e72343ac918885026d32aa4f
2026-06-23T15:58:18.4094162Z [AUDIT] character:create actor=5b7bf422afc5417fb7d0a4f0db04524c target=129dc8bcedff4567b06b98d31dc71e7e
2026-06-23T15:58:18.5638915Z [AUDIT] player_request:submit actor=0584ae33047742a18f657d4ca9c86a01 target=5355663b584b458b8fdb35f37edcf357
2026-06-23T15:58:18.6175134Z [AUDIT] player_request:submit actor=ce399825e72343ac918885026d32aa4f target=2e5f28435cc34efd91abcfe967e01994
2026-06-23T15:58:18.6775120Z [AUDIT] player_request:submit actor=0584ae33047742a18f657d4ca9c86a01 target=b1a329e2040f457a9e12c59c2dedbdaf
2026-06-23T15:58:41.1526706Z [AUDIT] auth:login actor=5b7bf422afc5417fb7d0a4f0db04524c target=5b7bf422afc5417fb7d0a4f0db04524c
2026-06-23T15:58:41.4683913Z [AUDIT] auth:login actor=0584ae33047742a18f657d4ca9c86a01 target=0584ae33047742a18f657d4ca9c86a01
2026-06-23T15:58:41.7807914Z [AUDIT] auth:login actor=ce399825e72343ac918885026d32aa4f target=ce399825e72343ac918885026d32aa4f
2026-06-23T15:58:43.1752299Z [AUDIT] character:create actor=5b7bf422afc5417fb7d0a4f0db04524c target=8fb6005a05e44610a296ee2bb46a99f4
2026-06-23T15:58:43.2123790Z [AUDIT] player_request:submit actor=0584ae33047742a18f657d4ca9c86a01 target=5edad86f7ca34ef5a0d77233b2205916
2026-06-23T15:58:43.2546969Z [AUDIT] player_request:submit actor=ce399825e72343ac918885026d32aa4f target=de4bfe32d8d34bde91e48066cb23901f
2026-06-23T15:58:43.2996030Z [AUDIT] player_request:submit actor=0584ae33047742a18f657d4ca9c86a01 target=876bf0c14bf34fcf8fdcf6d0578837ba
2026-06-23T15:58:43.3206045Z [AUDIT] player_request:submit actor=0584ae33047742a18f657d4ca9c86a01 target=3e126328d409490b8a6a44c0fbf472be
2026-06-23T15:58:43.3492125Z [AUDIT] player_request:submit actor=0584ae33047742a18f657d4ca9c86a01 target=8459aac0138a4505b2a54267a618cda0
2026-06-23T15:58:43.3592119Z [AUDIT] player_request:approve actor=5b7bf422afc5417fb7d0a4f0db04524c target=8459aac0138a4505b2a54267a618cda0
2026-06-23T15:58:43.3862737Z [AUDIT] player_request:submit actor=0584ae33047742a18f657d4ca9c86a01 target=0c6afe921b7e48efad2fd2dedd51ff27
2026-06-23T15:58:43.3942709Z [AUDIT] player_request:reject actor=5b7bf422afc5417fb7d0a4f0db04524c target=0c6afe921b7e48efad2fd2dedd51ff27
2026-06-23T15:58:43.4210972Z [AUDIT] player_request:submit actor=0584ae33047742a18f657d4ca9c86a01 target=036834997d014c90a68943e8b32799ea
2026-06-23T15:58:43.4401647Z [AUDIT] player_request:submit actor=0584ae33047742a18f657d4ca9c86a01 target=77855cd57da94041972252d2eb7daeeb
2026-06-23T15:58:43.4481618Z [AUDIT] player_request:request_changes actor=5b7bf422afc5417fb7d0a4f0db04524c target=77855cd57da94041972252d2eb7daeeb
2026-06-23T15:58:43.4571627Z [AUDIT] player_request:resubmit actor=0584ae33047742a18f657d4ca9c86a01 target=77855cd57da94041972252d2eb7daeeb
2026-06-23T15:58:43.4641628Z [AUDIT] player_request:request_changes actor=5b7bf422afc5417fb7d0a4f0db04524c target=77855cd57da94041972252d2eb7daeeb
2026-06-23T15:58:43.4971619Z [AUDIT] player_request:submit actor=0584ae33047742a18f657d4ca9c86a01 target=e726d8f800074945b691888fa97c398c
2026-06-23T15:58:43.5061630Z [AUDIT] player_request:cancel actor=0584ae33047742a18f657d4ca9c86a01 target=e726d8f800074945b691888fa97c398c
2026-06-23T15:58:43.5311625Z [AUDIT] player_request:submit actor=0584ae33047742a18f657d4ca9c86a01 target=f81da8bab3b84d7ba5dc30454481cdcb
2026-06-23T15:58:43.5401637Z [AUDIT] player_request:approve actor=5b7bf422afc5417fb7d0a4f0db04524c target=f81da8bab3b84d7ba5dc30454481cdcb
2026-06-23T15:59:54.7635924Z [AUDIT] auth:login actor=5b7bf422afc5417fb7d0a4f0db04524c target=5b7bf422afc5417fb7d0a4f0db04524c
2026-06-23T15:59:55.1327921Z [AUDIT] auth:login actor=0584ae33047742a18f657d4ca9c86a01 target=0584ae33047742a18f657d4ca9c86a01
2026-06-23T15:59:55.4248369Z [AUDIT] auth:login actor=ce399825e72343ac918885026d32aa4f target=ce399825e72343ac918885026d32aa4f
2026-06-23T15:59:57.0546287Z [AUDIT] character:create actor=5b7bf422afc5417fb7d0a4f0db04524c target=fe61a550d5d84ec6991652f241741bf0
2026-06-23T15:59:57.1719003Z [AUDIT] player_request:submit actor=0584ae33047742a18f657d4ca9c86a01 target=3fa7d278903c47bd8dec57402eb48905
2026-06-23T15:59:57.2218991Z [AUDIT] player_request:submit actor=ce399825e72343ac918885026d32aa4f target=d457cc8acd824aaa89fab962801b617f
2026-06-23T15:59:57.2931470Z [AUDIT] player_request:submit actor=0584ae33047742a18f657d4ca9c86a01 target=d8b2eccd14284d38bed949cbc25e5ca0
2026-06-23T15:59:57.3201472Z [AUDIT] player_request:submit actor=0584ae33047742a18f657d4ca9c86a01 target=d28e63a473614e8c94c85ff722f06fda
2026-06-23T15:59:57.3479089Z [AUDIT] player_request:submit actor=0584ae33047742a18f657d4ca9c86a01 target=26de86670ccc4b738461f846fbbb9a1e
2026-06-23T15:59:57.3579084Z [AUDIT] player_request:approve actor=5b7bf422afc5417fb7d0a4f0db04524c target=26de86670ccc4b738461f846fbbb9a1e
2026-06-23T15:59:57.3838718Z [AUDIT] player_request:submit actor=0584ae33047742a18f657d4ca9c86a01 target=7ad2bc0db2dc4be5bed27b60b7214101
2026-06-23T15:59:57.3933096Z [AUDIT] player_request:reject actor=5b7bf422afc5417fb7d0a4f0db04524c target=7ad2bc0db2dc4be5bed27b60b7214101
2026-06-23T15:59:57.4193104Z [AUDIT] player_request:submit actor=0584ae33047742a18f657d4ca9c86a01 target=f12d18adb3b9472e8e0fb465dddf4ee2
2026-06-23T15:59:57.4409848Z [AUDIT] player_request:submit actor=0584ae33047742a18f657d4ca9c86a01 target=543d30c012f949edabe3d290b6e9b7be
2026-06-23T15:59:57.4508983Z [AUDIT] player_request:request_changes actor=5b7bf422afc5417fb7d0a4f0db04524c target=543d30c012f949edabe3d290b6e9b7be
2026-06-23T15:59:57.4621439Z [AUDIT] player_request:resubmit actor=0584ae33047742a18f657d4ca9c86a01 target=543d30c012f949edabe3d290b6e9b7be
2026-06-23T15:59:57.4701451Z [AUDIT] player_request:request_changes actor=5b7bf422afc5417fb7d0a4f0db04524c target=543d30c012f949edabe3d290b6e9b7be
2026-06-23T15:59:57.5031447Z [AUDIT] player_request:submit actor=0584ae33047742a18f657d4ca9c86a01 target=d6273132bbe04fd7b534fcb21ea474d6
2026-06-23T15:59:57.5131437Z [AUDIT] player_request:cancel actor=0584ae33047742a18f657d4ca9c86a01 target=d6273132bbe04fd7b534fcb21ea474d6
2026-06-23T15:59:57.5381441Z [AUDIT] player_request:submit actor=0584ae33047742a18f657d4ca9c86a01 target=11576725977c4765af4ec42836a4fb53
2026-06-23T15:59:57.5476550Z [AUDIT] player_request:approve actor=5b7bf422afc5417fb7d0a4f0db04524c target=11576725977c4765af4ec42836a4fb53
2026-06-23T16:02:18.8295842Z [AUDIT] auth:login actor=5b7bf422afc5417fb7d0a4f0db04524c target=5b7bf422afc5417fb7d0a4f0db04524c
2026-06-23T16:02:24.1989449Z [AUDIT] auth:login actor=0584ae33047742a18f657d4ca9c86a01 target=0584ae33047742a18f657d4ca9c86a01
2026-06-23T16:04:30.2422175Z [AUDIT] auth:login actor=5b7bf422afc5417fb7d0a4f0db04524c target=5b7bf422afc5417fb7d0a4f0db04524c
2026-06-23T16:04:30.5350086Z [AUDIT] auth:login actor=0584ae33047742a18f657d4ca9c86a01 target=0584ae33047742a18f657d4ca9c86a01
2026-06-23T16:04:30.5510149Z [AUDIT] definitions:reload actor=5b7bf422afc5417fb7d0a4f0db04524c target=class-skill-definitions
2026-06-23T16:04:45.7774588Z [AUDIT] auth:login actor=5b7bf422afc5417fb7d0a4f0db04524c target=5b7bf422afc5417fb7d0a4f0db04524c
2026-06-23T16:04:46.2198273Z [AUDIT] auth:login actor=0584ae33047742a18f657d4ca9c86a01 target=0584ae33047742a18f657d4ca9c86a01
2026-06-23T16:04:46.2978800Z [AUDIT] chat:send actor=0584ae33047742a18f657d4ca9c86a01 target=1c86ae8e274747c9b3a6d04d8ef7a921
2026-06-23T16:04:57.1194308Z [AUDIT] auth:login actor=0584ae33047742a18f657d4ca9c86a01 target=0584ae33047742a18f657d4ca9c86a01
2026-06-23T16:04:57.4982169Z [AUDIT] auth:login actor=5b7bf422afc5417fb7d0a4f0db04524c target=5b7bf422afc5417fb7d0a4f0db04524c
2026-06-23T17:16:12.0833359Z [AUDIT] auth:login actor=5b7bf422afc5417fb7d0a4f0db04524c target=5b7bf422afc5417fb7d0a4f0db04524c
2026-06-23T17:16:12.4397980Z [AUDIT] auth:login actor=0584ae33047742a18f657d4ca9c86a01 target=0584ae33047742a18f657d4ca9c86a01
2026-06-23T17:16:22.2174805Z [AUDIT] auth:login actor=5b7bf422afc5417fb7d0a4f0db04524c target=5b7bf422afc5417fb7d0a4f0db04524c
2026-06-23T17:16:30.2262248Z [AUDIT] auth:login actor=0584ae33047742a18f657d4ca9c86a01 target=0584ae33047742a18f657d4ca9c86a01
2026-06-23T17:17:27.0449464Z [AUDIT] auth:login actor=5b7bf422afc5417fb7d0a4f0db04524c target=5b7bf422afc5417fb7d0a4f0db04524c
2026-06-23T17:17:27.3882163Z [AUDIT] auth:login actor=0584ae33047742a18f657d4ca9c86a01 target=0584ae33047742a18f657d4ca9c86a01
2026-06-23T17:17:36.7730959Z [AUDIT] auth:login actor=5b7bf422afc5417fb7d0a4f0db04524c target=5b7bf422afc5417fb7d0a4f0db04524c
2026-06-23T17:17:44.4675150Z [AUDIT] auth:login actor=0584ae33047742a18f657d4ca9c86a01 target=0584ae33047742a18f657d4ca9c86a01
2026-06-23T17:17:52.4165745Z [AUDIT] gm_notes:gm.note.created actor=5b7bf422afc5417fb7d0a4f0db04524c target=f8c1daca9a9c4b7391f230b7fa15d922
2026-06-23T17:19:01.0304191Z [AUDIT] auth:login actor=5b7bf422afc5417fb7d0a4f0db04524c target=5b7bf422afc5417fb7d0a4f0db04524c
2026-06-23T17:19:01.3715747Z [AUDIT] auth:login actor=0584ae33047742a18f657d4ca9c86a01 target=0584ae33047742a18f657d4ca9c86a01
2026-06-23T17:19:10.6292884Z [AUDIT] auth:login actor=5b7bf422afc5417fb7d0a4f0db04524c target=5b7bf422afc5417fb7d0a4f0db04524c
2026-06-23T17:19:18.3081015Z [AUDIT] auth:login actor=0584ae33047742a18f657d4ca9c86a01 target=0584ae33047742a18f657d4ca9c86a01
2026-06-23T17:19:26.2101967Z [AUDIT] gm_notes:gm.note.created actor=5b7bf422afc5417fb7d0a4f0db04524c target=8da0632e65a843d6a0315af460e5c288
2026-06-23T17:19:29.4313843Z [AUDIT] gm_notes:gm.note.created actor=5b7bf422afc5417fb7d0a4f0db04524c target=4881a65704e74ed59487659705efbdc4
2026-06-23T17:20:28.1650282Z [AUDIT] auth:login actor=5b7bf422afc5417fb7d0a4f0db04524c target=5b7bf422afc5417fb7d0a4f0db04524c
2026-06-23T17:20:28.5010333Z [AUDIT] auth:login actor=0584ae33047742a18f657d4ca9c86a01 target=0584ae33047742a18f657d4ca9c86a01
2026-06-23T17:20:38.1253747Z [AUDIT] auth:login actor=5b7bf422afc5417fb7d0a4f0db04524c target=5b7bf422afc5417fb7d0a4f0db04524c
2026-06-23T17:20:45.8132168Z [AUDIT] auth:login actor=0584ae33047742a18f657d4ca9c86a01 target=0584ae33047742a18f657d4ca9c86a01
2026-06-23T17:20:55.7017991Z [AUDIT] gm_notes:gm.note.created actor=5b7bf422afc5417fb7d0a4f0db04524c target=cd7752603f5f4e5381b07264df07cefa
2026-06-23T17:21:47.3517146Z [AUDIT] auth:login actor=5b7bf422afc5417fb7d0a4f0db04524c target=5b7bf422afc5417fb7d0a4f0db04524c
2026-06-23T17:21:47.6878965Z [AUDIT] auth:login actor=0584ae33047742a18f657d4ca9c86a01 target=0584ae33047742a18f657d4ca9c86a01
2026-06-23T17:21:57.1691135Z [AUDIT] auth:login actor=5b7bf422afc5417fb7d0a4f0db04524c target=5b7bf422afc5417fb7d0a4f0db04524c
2026-06-23T17:23:35.8058178Z [AUDIT] auth:login actor=5b7bf422afc5417fb7d0a4f0db04524c target=5b7bf422afc5417fb7d0a4f0db04524c
2026-06-23T17:23:36.1429842Z [AUDIT] auth:login actor=0584ae33047742a18f657d4ca9c86a01 target=0584ae33047742a18f657d4ca9c86a01
2026-06-23T17:23:45.4678768Z [AUDIT] auth:login actor=5b7bf422afc5417fb7d0a4f0db04524c target=5b7bf422afc5417fb7d0a4f0db04524c
2026-06-23T17:23:55.9037765Z [AUDIT] auth:login actor=0584ae33047742a18f657d4ca9c86a01 target=0584ae33047742a18f657d4ca9c86a01
2026-06-23T17:24:05.7114080Z [AUDIT] gm_notes:gm.note.created actor=5b7bf422afc5417fb7d0a4f0db04524c target=76408598525945e2a61a07c9dcc42d00
2026-06-23T17:24:08.9154800Z [AUDIT] gm_notes:gm.note.created actor=5b7bf422afc5417fb7d0a4f0db04524c target=3e2409bd0ae849a6b6d18773c8a6654d
2026-06-23T17:25:13.3281574Z [AUDIT] auth:login actor=5b7bf422afc5417fb7d0a4f0db04524c target=5b7bf422afc5417fb7d0a4f0db04524c
2026-06-23T17:25:13.6622273Z [AUDIT] auth:login actor=0584ae33047742a18f657d4ca9c86a01 target=0584ae33047742a18f657d4ca9c86a01
2026-06-23T17:25:23.1836171Z [AUDIT] auth:login actor=5b7bf422afc5417fb7d0a4f0db04524c target=5b7bf422afc5417fb7d0a4f0db04524c
2026-06-23T17:25:33.3179559Z [AUDIT] auth:login actor=0584ae33047742a18f657d4ca9c86a01 target=0584ae33047742a18f657d4ca9c86a01
2026-06-23T17:25:43.1810291Z [AUDIT] gm_notes:gm.note.created actor=5b7bf422afc5417fb7d0a4f0db04524c target=104afe73d51345319bed460b097bd862
2026-06-23T17:25:46.3675583Z [AUDIT] gm_notes:gm.note.created actor=5b7bf422afc5417fb7d0a4f0db04524c target=8c2cfd5e88b645549a0a1ddaa6373d12
2026-06-23T17:26:35.1017317Z [AUDIT] auth:login actor=5b7bf422afc5417fb7d0a4f0db04524c target=5b7bf422afc5417fb7d0a4f0db04524c
2026-06-23T17:26:35.4347695Z [AUDIT] auth:login actor=0584ae33047742a18f657d4ca9c86a01 target=0584ae33047742a18f657d4ca9c86a01
2026-06-23T17:26:44.6530337Z [AUDIT] auth:login actor=5b7bf422afc5417fb7d0a4f0db04524c target=5b7bf422afc5417fb7d0a4f0db04524c
2026-06-23T17:26:54.7863159Z [AUDIT] auth:login actor=0584ae33047742a18f657d4ca9c86a01 target=0584ae33047742a18f657d4ca9c86a01
2026-06-23T17:27:04.6035690Z [AUDIT] gm_notes:gm.note.created actor=5b7bf422afc5417fb7d0a4f0db04524c target=1f132e17de7b43baaced222d131c9fb1
2026-06-23T17:27:07.8108255Z [AUDIT] gm_notes:gm.note.created actor=5b7bf422afc5417fb7d0a4f0db04524c target=897b6277cd0a4683ba63f35ff1cc681b
2026-06-23T17:28:05.6400682Z [AUDIT] auth:login actor=5b7bf422afc5417fb7d0a4f0db04524c target=5b7bf422afc5417fb7d0a4f0db04524c
2026-06-23T17:28:05.9704080Z [AUDIT] auth:login actor=0584ae33047742a18f657d4ca9c86a01 target=0584ae33047742a18f657d4ca9c86a01
2026-06-23T17:28:15.4430007Z [AUDIT] auth:login actor=5b7bf422afc5417fb7d0a4f0db04524c target=5b7bf422afc5417fb7d0a4f0db04524c
2026-06-23T17:28:25.5620041Z [AUDIT] auth:login actor=0584ae33047742a18f657d4ca9c86a01 target=0584ae33047742a18f657d4ca9c86a01
2026-06-23T17:28:35.4089368Z [AUDIT] gm_notes:gm.note.created actor=5b7bf422afc5417fb7d0a4f0db04524c target=5d80197193cd4f3abb033fe1e5037e5d
2026-06-23T17:28:38.6069678Z [AUDIT] gm_notes:gm.note.created actor=5b7bf422afc5417fb7d0a4f0db04524c target=d8a76049655d474280eef3e9f5f58bc2
2026-06-23T17:30:59.5391125Z [AUDIT] auth:login actor=5b7bf422afc5417fb7d0a4f0db04524c target=5b7bf422afc5417fb7d0a4f0db04524c
2026-06-23T17:30:59.8867885Z [AUDIT] auth:login actor=0584ae33047742a18f657d4ca9c86a01 target=0584ae33047742a18f657d4ca9c86a01
2026-06-23T17:31:09.3131419Z [AUDIT] auth:login actor=5b7bf422afc5417fb7d0a4f0db04524c target=5b7bf422afc5417fb7d0a4f0db04524c
2026-06-23T17:31:19.3955394Z [AUDIT] auth:login actor=0584ae33047742a18f657d4ca9c86a01 target=0584ae33047742a18f657d4ca9c86a01
2026-06-23T17:31:29.2696931Z [AUDIT] gm_notes:gm.note.created actor=5b7bf422afc5417fb7d0a4f0db04524c target=4e7bab36db8e47f0ac691bf937824cef
2026-06-23T17:31:32.4937174Z [AUDIT] gm_notes:gm.note.created actor=5b7bf422afc5417fb7d0a4f0db04524c target=bed5a8ee33f043cba078eb0638bee4e2
2026-06-23T17:35:11.2932636Z [AUDIT] auth:login actor=5b7bf422afc5417fb7d0a4f0db04524c target=5b7bf422afc5417fb7d0a4f0db04524c
2026-06-23T17:35:11.6529110Z [AUDIT] auth:login actor=0584ae33047742a18f657d4ca9c86a01 target=0584ae33047742a18f657d4ca9c86a01
2026-06-23T17:35:21.5158317Z [AUDIT] auth:login actor=5b7bf422afc5417fb7d0a4f0db04524c target=5b7bf422afc5417fb7d0a4f0db04524c
2026-06-23T17:35:31.6558311Z [AUDIT] auth:login actor=0584ae33047742a18f657d4ca9c86a01 target=0584ae33047742a18f657d4ca9c86a01
2026-06-23T17:35:41.8808723Z [AUDIT] gm_notes:gm.note.created actor=5b7bf422afc5417fb7d0a4f0db04524c target=a4e6b2202c8c43f98fefb41bda4aa7a9
2026-06-23T17:35:45.1997612Z [AUDIT] gm_notes:gm.note.updated actor=5b7bf422afc5417fb7d0a4f0db04524c target=a4e6b2202c8c43f98fefb41bda4aa7a9
2026-06-23T17:35:48.0327861Z [AUDIT] gm_notes:gm.note.pinned actor=5b7bf422afc5417fb7d0a4f0db04524c target=a4e6b2202c8c43f98fefb41bda4aa7a9
2026-06-23T17:35:50.1850115Z [AUDIT] gm_notes:gm.note.archived actor=5b7bf422afc5417fb7d0a4f0db04524c target=a4e6b2202c8c43f98fefb41bda4aa7a9
2026-06-23T17:38:24.5109870Z [AUDIT] auth:login actor=5b7bf422afc5417fb7d0a4f0db04524c target=5b7bf422afc5417fb7d0a4f0db04524c
2026-06-23T17:38:24.8988378Z [AUDIT] auth:login actor=0584ae33047742a18f657d4ca9c86a01 target=0584ae33047742a18f657d4ca9c86a01
2026-06-23T17:38:35.3295055Z [AUDIT] auth:login actor=5b7bf422afc5417fb7d0a4f0db04524c target=5b7bf422afc5417fb7d0a4f0db04524c
2026-06-23T17:38:45.5011843Z [AUDIT] auth:login actor=0584ae33047742a18f657d4ca9c86a01 target=0584ae33047742a18f657d4ca9c86a01
2026-06-23T17:38:55.7260739Z [AUDIT] gm_notes:gm.note.created actor=5b7bf422afc5417fb7d0a4f0db04524c target=dd1b189ca3984e23998776419466c1bd
2026-06-23T17:38:59.0671531Z [AUDIT] gm_notes:gm.note.updated actor=5b7bf422afc5417fb7d0a4f0db04524c target=dd1b189ca3984e23998776419466c1bd
2026-06-23T17:39:01.8978859Z [AUDIT] gm_notes:gm.note.pinned actor=5b7bf422afc5417fb7d0a4f0db04524c target=dd1b189ca3984e23998776419466c1bd
2026-06-23T17:39:04.0715662Z [AUDIT] gm_notes:gm.note.archived actor=5b7bf422afc5417fb7d0a4f0db04524c target=dd1b189ca3984e23998776419466c1bd
2026-06-23T17:43:15.7659480Z [AUDIT] auth:login actor=5b7bf422afc5417fb7d0a4f0db04524c target=5b7bf422afc5417fb7d0a4f0db04524c
2026-06-23T17:43:16.1117110Z [AUDIT] auth:login actor=0584ae33047742a18f657d4ca9c86a01 target=0584ae33047742a18f657d4ca9c86a01
2026-06-23T17:43:28.4780143Z [AUDIT] auth:login actor=5b7bf422afc5417fb7d0a4f0db04524c target=5b7bf422afc5417fb7d0a4f0db04524c
2026-06-23T17:43:38.6081082Z [AUDIT] auth:login actor=0584ae33047742a18f657d4ca9c86a01 target=0584ae33047742a18f657d4ca9c86a01
2026-06-23T17:43:48.5799931Z [AUDIT] gm_notes:gm.note.created actor=5b7bf422afc5417fb7d0a4f0db04524c target=db1815aaedef4389ab953fb1579e406b
2026-06-23T17:43:51.8548217Z [AUDIT] gm_notes:gm.note.updated actor=5b7bf422afc5417fb7d0a4f0db04524c target=db1815aaedef4389ab953fb1579e406b
2026-06-23T17:43:54.6351102Z [AUDIT] gm_notes:gm.note.pinned actor=5b7bf422afc5417fb7d0a4f0db04524c target=db1815aaedef4389ab953fb1579e406b
2026-06-23T17:43:56.7570326Z [AUDIT] gm_notes:gm.note.archived actor=5b7bf422afc5417fb7d0a4f0db04524c target=db1815aaedef4389ab953fb1579e406b
2026-06-23T17:45:12.8187657Z [AUDIT] auth:login actor=5b7bf422afc5417fb7d0a4f0db04524c target=5b7bf422afc5417fb7d0a4f0db04524c
2026-06-23T17:45:13.1831593Z [AUDIT] auth:login actor=0584ae33047742a18f657d4ca9c86a01 target=0584ae33047742a18f657d4ca9c86a01
2026-06-23T17:45:25.7730711Z [AUDIT] auth:login actor=5b7bf422afc5417fb7d0a4f0db04524c target=5b7bf422afc5417fb7d0a4f0db04524c
2026-06-23T17:45:35.8616484Z [AUDIT] auth:login actor=0584ae33047742a18f657d4ca9c86a01 target=0584ae33047742a18f657d4ca9c86a01
2026-06-23T17:45:45.8582396Z [AUDIT] gm_notes:gm.note.created actor=5b7bf422afc5417fb7d0a4f0db04524c target=652ded8a45784833b6b76575c7459cd5
2026-06-23T17:45:49.1359613Z [AUDIT] gm_notes:gm.note.updated actor=5b7bf422afc5417fb7d0a4f0db04524c target=652ded8a45784833b6b76575c7459cd5
2026-06-23T17:45:51.8905869Z [AUDIT] gm_notes:gm.note.pinned actor=5b7bf422afc5417fb7d0a4f0db04524c target=652ded8a45784833b6b76575c7459cd5
2026-06-23T17:45:53.9976465Z [AUDIT] gm_notes:gm.note.archived actor=5b7bf422afc5417fb7d0a4f0db04524c target=652ded8a45784833b6b76575c7459cd5
2026-06-23T17:46:06.0498675Z [AUDIT] event_journal:journal.event.manual.created actor=5b7bf422afc5417fb7d0a4f0db04524c target=13272f6b631f48d09878ff6d20519e32
2026-06-23T17:47:14.1192985Z [AUDIT] auth:login actor=5b7bf422afc5417fb7d0a4f0db04524c target=5b7bf422afc5417fb7d0a4f0db04524c
2026-06-23T17:47:14.4617797Z [AUDIT] auth:login actor=0584ae33047742a18f657d4ca9c86a01 target=0584ae33047742a18f657d4ca9c86a01
2026-06-23T17:47:26.4706631Z [AUDIT] auth:login actor=5b7bf422afc5417fb7d0a4f0db04524c target=5b7bf422afc5417fb7d0a4f0db04524c
2026-06-23T17:47:36.5716749Z [AUDIT] auth:login actor=0584ae33047742a18f657d4ca9c86a01 target=0584ae33047742a18f657d4ca9c86a01
2026-06-23T17:47:46.5341562Z [AUDIT] gm_notes:gm.note.created actor=5b7bf422afc5417fb7d0a4f0db04524c target=7173a70aa2f143999a8851f3e3a3cd46
2026-06-23T17:47:49.7926492Z [AUDIT] gm_notes:gm.note.updated actor=5b7bf422afc5417fb7d0a4f0db04524c target=7173a70aa2f143999a8851f3e3a3cd46
2026-06-23T17:47:52.6294029Z [AUDIT] gm_notes:gm.note.pinned actor=5b7bf422afc5417fb7d0a4f0db04524c target=7173a70aa2f143999a8851f3e3a3cd46
2026-06-23T17:47:54.7211151Z [AUDIT] gm_notes:gm.note.archived actor=5b7bf422afc5417fb7d0a4f0db04524c target=7173a70aa2f143999a8851f3e3a3cd46
2026-06-23T17:48:06.7735479Z [AUDIT] event_journal:journal.event.manual.created actor=5b7bf422afc5417fb7d0a4f0db04524c target=1ab9123a65a34983a6df52bb7e197666
2026-06-23T17:49:33.7372045Z [AUDIT] auth:login actor=5b7bf422afc5417fb7d0a4f0db04524c target=5b7bf422afc5417fb7d0a4f0db04524c
2026-06-23T17:49:34.0909318Z [AUDIT] auth:login actor=0584ae33047742a18f657d4ca9c86a01 target=0584ae33047742a18f657d4ca9c86a01
2026-06-23T17:49:46.0861192Z [AUDIT] auth:login actor=5b7bf422afc5417fb7d0a4f0db04524c target=5b7bf422afc5417fb7d0a4f0db04524c
2026-06-23T17:49:56.5758188Z [AUDIT] auth:login actor=0584ae33047742a18f657d4ca9c86a01 target=0584ae33047742a18f657d4ca9c86a01
2026-06-23T17:50:06.8061648Z [AUDIT] gm_notes:gm.note.created actor=5b7bf422afc5417fb7d0a4f0db04524c target=462d6aad917a43a2b5c094a76394b888
2026-06-23T17:50:10.0419267Z [AUDIT] gm_notes:gm.note.updated actor=5b7bf422afc5417fb7d0a4f0db04524c target=462d6aad917a43a2b5c094a76394b888
2026-06-23T17:50:12.8060963Z [AUDIT] gm_notes:gm.note.pinned actor=5b7bf422afc5417fb7d0a4f0db04524c target=462d6aad917a43a2b5c094a76394b888
2026-06-23T17:50:14.8821345Z [AUDIT] gm_notes:gm.note.archived actor=5b7bf422afc5417fb7d0a4f0db04524c target=462d6aad917a43a2b5c094a76394b888
2026-06-23T17:50:26.5463560Z [AUDIT] event_journal:journal.event.manual.created actor=5b7bf422afc5417fb7d0a4f0db04524c target=62a5e9d9d4584af6bba7c7cbb8bce1ec
2026-06-23T17:54:46.0531426Z [AUDIT] auth:login actor=5b7bf422afc5417fb7d0a4f0db04524c target=5b7bf422afc5417fb7d0a4f0db04524c
2026-06-23T17:54:46.3990535Z [AUDIT] auth:login actor=0584ae33047742a18f657d4ca9c86a01 target=0584ae33047742a18f657d4ca9c86a01
2026-06-23T17:54:59.0488405Z [AUDIT] auth:login actor=5b7bf422afc5417fb7d0a4f0db04524c target=5b7bf422afc5417fb7d0a4f0db04524c
2026-06-23T17:55:09.7794234Z [AUDIT] auth:login actor=0584ae33047742a18f657d4ca9c86a01 target=0584ae33047742a18f657d4ca9c86a01
2026-06-23T17:55:21.0839852Z [AUDIT] gm_notes:gm.note.created actor=5b7bf422afc5417fb7d0a4f0db04524c target=01b345d0dd51467ea28390afef75a5df
2026-06-23T17:55:24.4983497Z [AUDIT] gm_notes:gm.note.updated actor=5b7bf422afc5417fb7d0a4f0db04524c target=01b345d0dd51467ea28390afef75a5df
2026-06-23T17:55:27.2788688Z [AUDIT] gm_notes:gm.note.pinned actor=5b7bf422afc5417fb7d0a4f0db04524c target=01b345d0dd51467ea28390afef75a5df
2026-06-23T17:55:29.4102205Z [AUDIT] gm_notes:gm.note.archived actor=5b7bf422afc5417fb7d0a4f0db04524c target=01b345d0dd51467ea28390afef75a5df
2026-06-23T17:55:44.4359772Z [AUDIT] event_journal:journal.event.manual.created actor=5b7bf422afc5417fb7d0a4f0db04524c target=a7c4a4c6ddf64333b44fcc6bd20901e3
2026-06-23T17:57:53.9311007Z [AUDIT] auth:login actor=0584ae33047742a18f657d4ca9c86a01 target=0584ae33047742a18f657d4ca9c86a01
2026-06-23T17:59:16.3786332Z [AUDIT] auth:login actor=5b7bf422afc5417fb7d0a4f0db04524c target=5b7bf422afc5417fb7d0a4f0db04524c
2026-06-23T17:59:16.7271243Z [AUDIT] auth:login actor=0584ae33047742a18f657d4ca9c86a01 target=0584ae33047742a18f657d4ca9c86a01
2026-06-23T17:59:28.9987420Z [AUDIT] auth:login actor=5b7bf422afc5417fb7d0a4f0db04524c target=5b7bf422afc5417fb7d0a4f0db04524c
2026-06-23T17:59:40.0484527Z [AUDIT] auth:login actor=0584ae33047742a18f657d4ca9c86a01 target=0584ae33047742a18f657d4ca9c86a01
2026-06-23T17:59:51.0553544Z [AUDIT] gm_notes:gm.note.created actor=5b7bf422afc5417fb7d0a4f0db04524c target=a3239909612a43e0bf755dcae18a2c33
2026-06-23T17:59:54.4353153Z [AUDIT] gm_notes:gm.note.updated actor=5b7bf422afc5417fb7d0a4f0db04524c target=a3239909612a43e0bf755dcae18a2c33
2026-06-23T17:59:57.2307927Z [AUDIT] gm_notes:gm.note.pinned actor=5b7bf422afc5417fb7d0a4f0db04524c target=a3239909612a43e0bf755dcae18a2c33
2026-06-23T17:59:59.3342924Z [AUDIT] gm_notes:gm.note.archived actor=5b7bf422afc5417fb7d0a4f0db04524c target=a3239909612a43e0bf755dcae18a2c33
2026-06-23T18:00:14.3786137Z [AUDIT] event_journal:journal.event.manual.created actor=5b7bf422afc5417fb7d0a4f0db04524c target=6e7bb7e8e53e47ccb00771b5519725f6
2026-06-23T18:01:44.0392602Z [AUDIT] auth:login actor=5b7bf422afc5417fb7d0a4f0db04524c target=5b7bf422afc5417fb7d0a4f0db04524c
2026-06-23T18:01:44.3764644Z [AUDIT] auth:login actor=0584ae33047742a18f657d4ca9c86a01 target=0584ae33047742a18f657d4ca9c86a01
2026-06-23T18:01:56.4336992Z [AUDIT] auth:login actor=5b7bf422afc5417fb7d0a4f0db04524c target=5b7bf422afc5417fb7d0a4f0db04524c
2026-06-23T18:02:07.1366049Z [AUDIT] auth:login actor=0584ae33047742a18f657d4ca9c86a01 target=0584ae33047742a18f657d4ca9c86a01
2026-06-23T18:02:18.2250948Z [AUDIT] gm_notes:gm.note.created actor=5b7bf422afc5417fb7d0a4f0db04524c target=365b6d50c975456d837ac2f1109119e6
2026-06-23T18:02:21.5827866Z [AUDIT] gm_notes:gm.note.updated actor=5b7bf422afc5417fb7d0a4f0db04524c target=365b6d50c975456d837ac2f1109119e6
2026-06-23T18:02:24.3708803Z [AUDIT] gm_notes:gm.note.pinned actor=5b7bf422afc5417fb7d0a4f0db04524c target=365b6d50c975456d837ac2f1109119e6
2026-06-23T18:02:26.4692922Z [AUDIT] gm_notes:gm.note.archived actor=5b7bf422afc5417fb7d0a4f0db04524c target=365b6d50c975456d837ac2f1109119e6
2026-06-23T18:02:41.1581821Z [AUDIT] event_journal:journal.event.manual.created actor=5b7bf422afc5417fb7d0a4f0db04524c target=9969e06f7a8d4d438c045cac020caddf
2026-06-23T18:04:57.2839272Z [AUDIT] auth:login actor=5b7bf422afc5417fb7d0a4f0db04524c target=5b7bf422afc5417fb7d0a4f0db04524c
2026-06-23T18:04:57.6236217Z [AUDIT] auth:login actor=0584ae33047742a18f657d4ca9c86a01 target=0584ae33047742a18f657d4ca9c86a01
2026-06-23T18:05:09.7692672Z [AUDIT] auth:login actor=5b7bf422afc5417fb7d0a4f0db04524c target=5b7bf422afc5417fb7d0a4f0db04524c
2026-06-23T18:05:20.7927300Z [AUDIT] auth:login actor=0584ae33047742a18f657d4ca9c86a01 target=0584ae33047742a18f657d4ca9c86a01
2026-06-23T18:05:31.7715065Z [AUDIT] gm_notes:gm.note.created actor=5b7bf422afc5417fb7d0a4f0db04524c target=46e4d434a7ee42ba8a870f5f2ac6ea3d
2026-06-23T18:05:35.1696473Z [AUDIT] gm_notes:gm.note.updated actor=5b7bf422afc5417fb7d0a4f0db04524c target=46e4d434a7ee42ba8a870f5f2ac6ea3d
2026-06-23T18:05:37.9508009Z [AUDIT] gm_notes:gm.note.pinned actor=5b7bf422afc5417fb7d0a4f0db04524c target=46e4d434a7ee42ba8a870f5f2ac6ea3d
2026-06-23T18:05:40.0397114Z [AUDIT] gm_notes:gm.note.archived actor=5b7bf422afc5417fb7d0a4f0db04524c target=46e4d434a7ee42ba8a870f5f2ac6ea3d
2026-06-23T18:05:54.5848829Z [AUDIT] event_journal:journal.event.manual.created actor=5b7bf422afc5417fb7d0a4f0db04524c target=ec54aae0ce154077a1c422e5096a0da5
2026-06-23T18:06:17.1928227Z [AUDIT] event_journal:journal.event.manual.created actor=5b7bf422afc5417fb7d0a4f0db04524c target=208b60680454430898902f040e60bee5
2026-06-23T18:06:29.2065267Z [AUDIT] player_request:submit actor=0584ae33047742a18f657d4ca9c86a01 target=083572f4d6d3468abb11a231f44bbb32
2026-06-23T18:06:29.2115266Z [AUDIT] event_journal:journal.event.request_created_submitted actor=0584ae33047742a18f657d4ca9c86a01 target=aa6b30360789465180bcb3795c9ebdfc
2026-06-23T18:06:40.8767793Z [AUDIT] player_request:approve actor=5b7bf422afc5417fb7d0a4f0db04524c target=083572f4d6d3468abb11a231f44bbb32
2026-06-23T18:06:40.8799812Z [AUDIT] event_journal:journal.event.request_approve actor=5b7bf422afc5417fb7d0a4f0db04524c target=30bb5ff57ba844e085e10c35154c3d6d
2026-06-23T18:06:50.9026018Z [AUDIT] auth:login actor=5b7bf422afc5417fb7d0a4f0db04524c target=5b7bf422afc5417fb7d0a4f0db04524c
2026-06-23T18:06:51.1958601Z [AUDIT] auth:login actor=0584ae33047742a18f657d4ca9c86a01 target=0584ae33047742a18f657d4ca9c86a01
2026-06-23T18:07:19.0283182Z [AUDIT] auth:login actor=5b7bf422afc5417fb7d0a4f0db04524c target=5b7bf422afc5417fb7d0a4f0db04524c
2026-06-23T18:07:19.3694672Z [AUDIT] auth:login actor=0584ae33047742a18f657d4ca9c86a01 target=0584ae33047742a18f657d4ca9c86a01
2026-06-23T18:07:31.5657177Z [AUDIT] auth:login actor=5b7bf422afc5417fb7d0a4f0db04524c target=5b7bf422afc5417fb7d0a4f0db04524c
2026-06-23T18:07:42.2979811Z [AUDIT] auth:login actor=0584ae33047742a18f657d4ca9c86a01 target=0584ae33047742a18f657d4ca9c86a01
2026-06-23T18:07:53.5370249Z [AUDIT] gm_notes:gm.note.created actor=5b7bf422afc5417fb7d0a4f0db04524c target=0ceea41d2f954b6183588c7b3b8a02c1
2026-06-23T18:07:56.9338909Z [AUDIT] gm_notes:gm.note.updated actor=5b7bf422afc5417fb7d0a4f0db04524c target=0ceea41d2f954b6183588c7b3b8a02c1
2026-06-23T18:07:59.7162156Z [AUDIT] gm_notes:gm.note.pinned actor=5b7bf422afc5417fb7d0a4f0db04524c target=0ceea41d2f954b6183588c7b3b8a02c1
2026-06-23T18:08:01.8247283Z [AUDIT] gm_notes:gm.note.archived actor=5b7bf422afc5417fb7d0a4f0db04524c target=0ceea41d2f954b6183588c7b3b8a02c1
2026-06-23T18:08:16.8222934Z [AUDIT] event_journal:journal.event.manual.created actor=5b7bf422afc5417fb7d0a4f0db04524c target=080a6ea7cd9041d79cf82fb9b4259472
2026-06-23T18:08:39.3770896Z [AUDIT] event_journal:journal.event.manual.created actor=5b7bf422afc5417fb7d0a4f0db04524c target=2f03a4adda02442e9dd2ef3cd1583073
2026-06-23T18:08:51.5665433Z [AUDIT] player_request:submit actor=0584ae33047742a18f657d4ca9c86a01 target=a1fb4d5a24be4d699f71dad11a484dd0
2026-06-23T18:08:51.5705431Z [AUDIT] event_journal:journal.event.request_created_submitted actor=0584ae33047742a18f657d4ca9c86a01 target=18455671864a4bc982f8ca058e7a6b64
2026-06-23T18:09:03.3799118Z [AUDIT] player_request:approve actor=5b7bf422afc5417fb7d0a4f0db04524c target=a1fb4d5a24be4d699f71dad11a484dd0
2026-06-23T18:09:03.3846488Z [AUDIT] event_journal:journal.event.request_approve actor=5b7bf422afc5417fb7d0a4f0db04524c target=afc71647d4774ac9b14497805cdb713e
2026-06-23T18:09:13.7727332Z [AUDIT] auth:login actor=5b7bf422afc5417fb7d0a4f0db04524c target=5b7bf422afc5417fb7d0a4f0db04524c
2026-06-23T18:09:14.0691691Z [AUDIT] auth:login actor=0584ae33047742a18f657d4ca9c86a01 target=0584ae33047742a18f657d4ca9c86a01
2026-06-23T18:10:21.4872188Z [AUDIT] auth:login actor=5b7bf422afc5417fb7d0a4f0db04524c target=5b7bf422afc5417fb7d0a4f0db04524c
2026-06-23T18:10:21.8212778Z [AUDIT] auth:login actor=0584ae33047742a18f657d4ca9c86a01 target=0584ae33047742a18f657d4ca9c86a01
2026-06-23T18:10:33.9726896Z [AUDIT] auth:login actor=5b7bf422afc5417fb7d0a4f0db04524c target=5b7bf422afc5417fb7d0a4f0db04524c
2026-06-23T18:10:44.6947394Z [AUDIT] auth:login actor=0584ae33047742a18f657d4ca9c86a01 target=0584ae33047742a18f657d4ca9c86a01
2026-06-23T18:10:55.9597189Z [AUDIT] gm_notes:gm.note.created actor=5b7bf422afc5417fb7d0a4f0db04524c target=299f290197714d709b5268d5b31937a8
2026-06-23T18:10:59.3456225Z [AUDIT] gm_notes:gm.note.updated actor=5b7bf422afc5417fb7d0a4f0db04524c target=299f290197714d709b5268d5b31937a8
2026-06-23T18:11:02.1455493Z [AUDIT] gm_notes:gm.note.pinned actor=5b7bf422afc5417fb7d0a4f0db04524c target=299f290197714d709b5268d5b31937a8
2026-06-23T18:11:04.2584410Z [AUDIT] gm_notes:gm.note.archived actor=5b7bf422afc5417fb7d0a4f0db04524c target=299f290197714d709b5268d5b31937a8
2026-06-23T18:11:19.2665666Z [AUDIT] event_journal:journal.event.manual.created actor=5b7bf422afc5417fb7d0a4f0db04524c target=3314fbb5e37c459e9cc05eae5bb64b24
2026-06-23T18:11:42.1787486Z [AUDIT] event_journal:journal.event.manual.created actor=5b7bf422afc5417fb7d0a4f0db04524c target=629668e9df5a418abadfbaa981e9d830
2026-06-23T18:11:54.4284422Z [AUDIT] player_request:submit actor=0584ae33047742a18f657d4ca9c86a01 target=3a7876bf407343a49a29074342739ba8
2026-06-23T18:11:54.4334381Z [AUDIT] event_journal:journal.event.request_created_submitted actor=0584ae33047742a18f657d4ca9c86a01 target=88fc2f0f74694936bcd0bef33d245554
2026-06-23T18:12:06.8262694Z [AUDIT] player_request:approve actor=5b7bf422afc5417fb7d0a4f0db04524c target=3a7876bf407343a49a29074342739ba8
2026-06-23T18:12:06.8299687Z [AUDIT] event_journal:journal.event.request_approve actor=5b7bf422afc5417fb7d0a4f0db04524c target=eec2e8591d9a4985931befff7daa39ca
2026-06-23T18:12:17.1660066Z [AUDIT] auth:login actor=5b7bf422afc5417fb7d0a4f0db04524c target=5b7bf422afc5417fb7d0a4f0db04524c
2026-06-23T18:12:17.4572430Z [AUDIT] auth:login actor=0584ae33047742a18f657d4ca9c86a01 target=0584ae33047742a18f657d4ca9c86a01
2026-06-23T18:12:23.0427362Z [AUDIT] auth:login actor=5b7bf422afc5417fb7d0a4f0db04524c target=5b7bf422afc5417fb7d0a4f0db04524c
2026-06-23T18:12:23.3338907Z [AUDIT] auth:login actor=0584ae33047742a18f657d4ca9c86a01 target=0584ae33047742a18f657d4ca9c86a01
2026-06-23T18:12:28.6445297Z [AUDIT] auth:login actor=5b7bf422afc5417fb7d0a4f0db04524c target=5b7bf422afc5417fb7d0a4f0db04524c
2026-06-23T18:14:56.5440405Z [AUDIT] auth:login actor=5b7bf422afc5417fb7d0a4f0db04524c target=5b7bf422afc5417fb7d0a4f0db04524c
2026-06-23T18:14:56.8731996Z [AUDIT] auth:login actor=0584ae33047742a18f657d4ca9c86a01 target=0584ae33047742a18f657d4ca9c86a01
2026-06-23T18:15:09.4211396Z [AUDIT] auth:login actor=5b7bf422afc5417fb7d0a4f0db04524c target=5b7bf422afc5417fb7d0a4f0db04524c
2026-06-23T18:15:20.1428906Z [AUDIT] auth:login actor=0584ae33047742a18f657d4ca9c86a01 target=0584ae33047742a18f657d4ca9c86a01
2026-06-23T18:15:31.3502699Z [AUDIT] gm_notes:gm.note.created actor=5b7bf422afc5417fb7d0a4f0db04524c target=d59310be4a7f42d3bddc252951938b1d
2026-06-23T18:15:34.7397741Z [AUDIT] gm_notes:gm.note.updated actor=5b7bf422afc5417fb7d0a4f0db04524c target=d59310be4a7f42d3bddc252951938b1d
2026-06-23T18:15:37.5113265Z [AUDIT] gm_notes:gm.note.pinned actor=5b7bf422afc5417fb7d0a4f0db04524c target=d59310be4a7f42d3bddc252951938b1d
2026-06-23T18:15:39.5978453Z [AUDIT] gm_notes:gm.note.archived actor=5b7bf422afc5417fb7d0a4f0db04524c target=d59310be4a7f42d3bddc252951938b1d
2026-06-23T18:15:54.1945206Z [AUDIT] event_journal:journal.event.manual.created actor=5b7bf422afc5417fb7d0a4f0db04524c target=e9fd76f8f5b24f068371675ebf0c90b5
2026-06-23T18:16:17.0042905Z [AUDIT] event_journal:journal.event.manual.created actor=5b7bf422afc5417fb7d0a4f0db04524c target=178805d9950c410a954dc01f16db8c08
2026-06-23T18:16:29.1539625Z [AUDIT] player_request:submit actor=0584ae33047742a18f657d4ca9c86a01 target=4cb97fde406542f9bcd86782678ad603
2026-06-23T18:16:29.1586959Z [AUDIT] event_journal:journal.event.request_created_submitted actor=0584ae33047742a18f657d4ca9c86a01 target=8bcfc7f51cfb441095a888c4be52feaf
2026-06-23T18:16:41.0284829Z [AUDIT] player_request:approve actor=5b7bf422afc5417fb7d0a4f0db04524c target=4cb97fde406542f9bcd86782678ad603
2026-06-23T18:16:41.0324827Z [AUDIT] event_journal:journal.event.request_approve actor=5b7bf422afc5417fb7d0a4f0db04524c target=bc885e25a64940e7af3f8f910562214a
2026-06-23T18:16:51.2291353Z [AUDIT] auth:login actor=5b7bf422afc5417fb7d0a4f0db04524c target=5b7bf422afc5417fb7d0a4f0db04524c
2026-06-23T18:16:51.5429395Z [AUDIT] auth:login actor=0584ae33047742a18f657d4ca9c86a01 target=0584ae33047742a18f657d4ca9c86a01
2026-06-23T18:16:57.1592232Z [AUDIT] auth:login actor=5b7bf422afc5417fb7d0a4f0db04524c target=5b7bf422afc5417fb7d0a4f0db04524c
2026-06-23T18:16:57.4493281Z [AUDIT] auth:login actor=0584ae33047742a18f657d4ca9c86a01 target=0584ae33047742a18f657d4ca9c86a01
2026-06-23T18:17:02.7618673Z [AUDIT] auth:login actor=5b7bf422afc5417fb7d0a4f0db04524c target=5b7bf422afc5417fb7d0a4f0db04524c
2026-06-23T18:19:26.2354345Z [AUDIT] auth:login actor=5b7bf422afc5417fb7d0a4f0db04524c target=5b7bf422afc5417fb7d0a4f0db04524c
2026-06-23T18:19:26.5878047Z [AUDIT] auth:login actor=0584ae33047742a18f657d4ca9c86a01 target=0584ae33047742a18f657d4ca9c86a01
2026-06-23T18:19:39.1826263Z [AUDIT] auth:login actor=5b7bf422afc5417fb7d0a4f0db04524c target=5b7bf422afc5417fb7d0a4f0db04524c
2026-06-23T18:19:49.8863687Z [AUDIT] auth:login actor=0584ae33047742a18f657d4ca9c86a01 target=0584ae33047742a18f657d4ca9c86a01
2026-06-23T18:20:01.0362629Z [AUDIT] gm_notes:gm.note.created actor=5b7bf422afc5417fb7d0a4f0db04524c target=bd78464c949d4b62b290ba6cad4d147e
2026-06-23T18:20:04.4447796Z [AUDIT] gm_notes:gm.note.updated actor=5b7bf422afc5417fb7d0a4f0db04524c target=bd78464c949d4b62b290ba6cad4d147e
2026-06-23T18:20:07.2462121Z [AUDIT] gm_notes:gm.note.pinned actor=5b7bf422afc5417fb7d0a4f0db04524c target=bd78464c949d4b62b290ba6cad4d147e
2026-06-23T18:20:09.3647656Z [AUDIT] gm_notes:gm.note.archived actor=5b7bf422afc5417fb7d0a4f0db04524c target=bd78464c949d4b62b290ba6cad4d147e
2026-06-23T18:20:24.0121398Z [AUDIT] event_journal:journal.event.manual.created actor=5b7bf422afc5417fb7d0a4f0db04524c target=00ce3da5d3974ff4b932782fc30e6583
2026-06-23T18:20:46.9175965Z [AUDIT] event_journal:journal.event.manual.created actor=5b7bf422afc5417fb7d0a4f0db04524c target=5c43f40def524dc2953a95df06b9787c
2026-06-23T18:20:59.2297889Z [AUDIT] player_request:submit actor=0584ae33047742a18f657d4ca9c86a01 target=19cdaf5ccb1f45928bf9e3fd7a66825e
2026-06-23T18:20:59.2359246Z [AUDIT] event_journal:journal.event.request_created_submitted actor=0584ae33047742a18f657d4ca9c86a01 target=88df74ff78c5405182e277e6a748c079
2026-06-23T18:21:11.1605958Z [AUDIT] player_request:approve actor=5b7bf422afc5417fb7d0a4f0db04524c target=19cdaf5ccb1f45928bf9e3fd7a66825e
2026-06-23T18:21:11.1645971Z [AUDIT] event_journal:journal.event.request_approve actor=5b7bf422afc5417fb7d0a4f0db04524c target=1cc8d50c6d9c48a19071b97c398f731b
2026-06-23T18:21:21.5256248Z [AUDIT] auth:login actor=5b7bf422afc5417fb7d0a4f0db04524c target=5b7bf422afc5417fb7d0a4f0db04524c
2026-06-23T18:21:21.8242327Z [AUDIT] auth:login actor=0584ae33047742a18f657d4ca9c86a01 target=0584ae33047742a18f657d4ca9c86a01
2026-06-23T18:21:27.4251320Z [AUDIT] auth:login actor=5b7bf422afc5417fb7d0a4f0db04524c target=5b7bf422afc5417fb7d0a4f0db04524c
2026-06-23T18:21:27.7169248Z [AUDIT] auth:login actor=0584ae33047742a18f657d4ca9c86a01 target=0584ae33047742a18f657d4ca9c86a01
2026-06-23T18:21:33.0115320Z [AUDIT] auth:login actor=5b7bf422afc5417fb7d0a4f0db04524c target=5b7bf422afc5417fb7d0a4f0db04524c
2026-06-23T18:22:34.3167455Z [AUDIT] auth:login actor=5b7bf422afc5417fb7d0a4f0db04524c target=5b7bf422afc5417fb7d0a4f0db04524c
2026-06-23T18:22:34.6440711Z [AUDIT] auth:login actor=0584ae33047742a18f657d4ca9c86a01 target=0584ae33047742a18f657d4ca9c86a01
2026-06-23T18:22:46.7385171Z [AUDIT] auth:login actor=5b7bf422afc5417fb7d0a4f0db04524c target=5b7bf422afc5417fb7d0a4f0db04524c
2026-06-23T18:22:57.4634751Z [AUDIT] auth:login actor=0584ae33047742a18f657d4ca9c86a01 target=0584ae33047742a18f657d4ca9c86a01
2026-06-23T18:23:08.5369067Z [AUDIT] gm_notes:gm.note.created actor=5b7bf422afc5417fb7d0a4f0db04524c target=6330fb527b064e27ba8248beff722d62
2026-06-23T18:23:11.9335918Z [AUDIT] gm_notes:gm.note.updated actor=5b7bf422afc5417fb7d0a4f0db04524c target=6330fb527b064e27ba8248beff722d62
2026-06-23T18:23:14.7229951Z [AUDIT] gm_notes:gm.note.pinned actor=5b7bf422afc5417fb7d0a4f0db04524c target=6330fb527b064e27ba8248beff722d62
2026-06-23T18:23:16.8212839Z [AUDIT] gm_notes:gm.note.archived actor=5b7bf422afc5417fb7d0a4f0db04524c target=6330fb527b064e27ba8248beff722d62
2026-06-23T18:23:31.7844029Z [AUDIT] event_journal:journal.event.manual.created actor=5b7bf422afc5417fb7d0a4f0db04524c target=2ef3d743d5bc4b88a6dfcf42b4e93929
2026-06-23T18:23:54.6006437Z [AUDIT] event_journal:journal.event.manual.created actor=5b7bf422afc5417fb7d0a4f0db04524c target=2e2ef445de28405db68159a0e3f6903f
2026-06-23T18:24:06.9808036Z [AUDIT] player_request:submit actor=0584ae33047742a18f657d4ca9c86a01 target=d8408a12803d4d0883173df2c582f2f3
2026-06-23T18:24:06.9858243Z [AUDIT] event_journal:journal.event.request_created_submitted actor=0584ae33047742a18f657d4ca9c86a01 target=1624a7d1020a408f9196a72eeaee6ce9
2026-06-23T18:24:18.3879317Z [AUDIT] player_request:approve actor=5b7bf422afc5417fb7d0a4f0db04524c target=d8408a12803d4d0883173df2c582f2f3
2026-06-23T18:24:18.3916390Z [AUDIT] event_journal:journal.event.request_approve actor=5b7bf422afc5417fb7d0a4f0db04524c target=c11f97386b534c749b41dbabaebd352a
2026-06-23T18:24:28.7951976Z [AUDIT] auth:login actor=5b7bf422afc5417fb7d0a4f0db04524c target=5b7bf422afc5417fb7d0a4f0db04524c
2026-06-23T18:24:29.0867573Z [AUDIT] auth:login actor=0584ae33047742a18f657d4ca9c86a01 target=0584ae33047742a18f657d4ca9c86a01
2026-06-23T18:24:34.7196688Z [AUDIT] auth:login actor=5b7bf422afc5417fb7d0a4f0db04524c target=5b7bf422afc5417fb7d0a4f0db04524c
2026-06-23T18:24:35.0218975Z [AUDIT] auth:login actor=0584ae33047742a18f657d4ca9c86a01 target=0584ae33047742a18f657d4ca9c86a01
2026-06-23T18:24:40.3121095Z [AUDIT] auth:login actor=5b7bf422afc5417fb7d0a4f0db04524c target=5b7bf422afc5417fb7d0a4f0db04524c
2026-06-23T18:27:05.9251709Z [AUDIT] auth:login actor=5b7bf422afc5417fb7d0a4f0db04524c target=5b7bf422afc5417fb7d0a4f0db04524c
2026-06-23T18:27:06.2705973Z [AUDIT] auth:login actor=0584ae33047742a18f657d4ca9c86a01 target=0584ae33047742a18f657d4ca9c86a01
2026-06-23T18:27:18.9151903Z [AUDIT] auth:login actor=5b7bf422afc5417fb7d0a4f0db04524c target=5b7bf422afc5417fb7d0a4f0db04524c
2026-06-23T18:27:29.6578001Z [AUDIT] auth:login actor=0584ae33047742a18f657d4ca9c86a01 target=0584ae33047742a18f657d4ca9c86a01
2026-06-23T18:27:40.7516012Z [AUDIT] gm_notes:gm.note.created actor=5b7bf422afc5417fb7d0a4f0db04524c target=d40ef99484414fc8a3351395fd384b85
2026-06-23T18:27:44.1299131Z [AUDIT] gm_notes:gm.note.updated actor=5b7bf422afc5417fb7d0a4f0db04524c target=d40ef99484414fc8a3351395fd384b85
2026-06-23T18:27:46.8981787Z [AUDIT] gm_notes:gm.note.pinned actor=5b7bf422afc5417fb7d0a4f0db04524c target=d40ef99484414fc8a3351395fd384b85
2026-06-23T18:27:48.9654041Z [AUDIT] gm_notes:gm.note.archived actor=5b7bf422afc5417fb7d0a4f0db04524c target=d40ef99484414fc8a3351395fd384b85
2026-06-23T18:28:03.6916373Z [AUDIT] event_journal:journal.event.manual.created actor=5b7bf422afc5417fb7d0a4f0db04524c target=ed8a17cc5c8844ef81062c025cf2d962
2026-06-23T18:28:26.6118302Z [AUDIT] event_journal:journal.event.manual.created actor=5b7bf422afc5417fb7d0a4f0db04524c target=c0db7ef0504247b0ad3e5c8b01bf09e3
2026-06-23T18:28:39.0259593Z [AUDIT] player_request:submit actor=0584ae33047742a18f657d4ca9c86a01 target=ae64c1cd95174831b6b9a6e4fb12f624
2026-06-23T18:28:39.0312903Z [AUDIT] event_journal:journal.event.request_created_submitted actor=0584ae33047742a18f657d4ca9c86a01 target=53743b23415d4a00b2559b16e4b8315c
2026-06-23T18:28:50.4690593Z [AUDIT] player_request:approve actor=5b7bf422afc5417fb7d0a4f0db04524c target=ae64c1cd95174831b6b9a6e4fb12f624
2026-06-23T18:28:50.4730573Z [AUDIT] event_journal:journal.event.request_approve actor=5b7bf422afc5417fb7d0a4f0db04524c target=0cbe6ee0eb204ef3ad8461b605754514
2026-06-23T18:29:00.8522885Z [AUDIT] auth:login actor=5b7bf422afc5417fb7d0a4f0db04524c target=5b7bf422afc5417fb7d0a4f0db04524c
2026-06-23T18:29:01.1435359Z [AUDIT] auth:login actor=0584ae33047742a18f657d4ca9c86a01 target=0584ae33047742a18f657d4ca9c86a01
2026-06-23T18:29:06.2265643Z [AUDIT] auth:login actor=5b7bf422afc5417fb7d0a4f0db04524c target=5b7bf422afc5417fb7d0a4f0db04524c
2026-06-23T18:29:06.5166414Z [AUDIT] auth:login actor=0584ae33047742a18f657d4ca9c86a01 target=0584ae33047742a18f657d4ca9c86a01
2026-06-23T18:29:11.8465171Z [AUDIT] auth:login actor=5b7bf422afc5417fb7d0a4f0db04524c target=5b7bf422afc5417fb7d0a4f0db04524c
2026-06-23T18:29:34.9831233Z [AUDIT] auth:login actor=0584ae33047742a18f657d4ca9c86a01 target=0584ae33047742a18f657d4ca9c86a01
2026-06-28T19:05:14.3544266Z [AUDIT] auth:login actor=5b7bf422afc5417fb7d0a4f0db04524c target=5b7bf422afc5417fb7d0a4f0db04524c
2026-06-28T19:05:14.6724746Z [AUDIT] auth:login actor=0584ae33047742a18f657d4ca9c86a01 target=0584ae33047742a18f657d4ca9c86a01
2026-06-28T19:05:23.3498260Z [AUDIT] auth:login actor=5b7bf422afc5417fb7d0a4f0db04524c target=5b7bf422afc5417fb7d0a4f0db04524c
2026-06-28T19:05:30.8143280Z [AUDIT] auth:login actor=0584ae33047742a18f657d4ca9c86a01 target=0584ae33047742a18f657d4ca9c86a01
2026-06-28T19:05:37.4923832Z [AUDIT] player_request:submit actor=0584ae33047742a18f657d4ca9c86a01 target=5e0889ee87534ddeb7c41d6fee6c5f1b
2026-06-28T19:05:37.5043859Z [AUDIT] event_journal:journal.event.request_created_submitted actor=0584ae33047742a18f657d4ca9c86a01 target=f4a7bd77232f44948c48df1adcc25c24
2026-06-28T19:05:49.1842217Z [AUDIT] player_request:approve actor=5b7bf422afc5417fb7d0a4f0db04524c target=5e0889ee87534ddeb7c41d6fee6c5f1b
2026-06-28T19:05:49.1882952Z [AUDIT] event_journal:journal.event.request_approve actor=5b7bf422afc5417fb7d0a4f0db04524c target=4e85dc24fff94bbaa08264c84618d676
2026-06-28T19:05:59.9526087Z [AUDIT] player_request:submit actor=0584ae33047742a18f657d4ca9c86a01 target=34eb21ce7c9e4279bdd062fffd9c4475
2026-06-28T19:05:59.9566082Z [AUDIT] event_journal:journal.event.request_created_submitted actor=0584ae33047742a18f657d4ca9c86a01 target=a327abd714b042b5b6bdb8884235e149
2026-06-28T19:06:10.7425659Z [AUDIT] player_request:request_changes actor=5b7bf422afc5417fb7d0a4f0db04524c target=34eb21ce7c9e4279bdd062fffd9c4475
2026-06-28T19:06:10.7465661Z [AUDIT] event_journal:journal.event.request_request_changes actor=5b7bf422afc5417fb7d0a4f0db04524c target=ec49026c94e24f588e50c927210c7c7b
2026-06-28T19:06:18.5723095Z [AUDIT] player_request:resubmit actor=0584ae33047742a18f657d4ca9c86a01 target=34eb21ce7c9e4279bdd062fffd9c4475
2026-06-28T19:06:18.5763095Z [AUDIT] event_journal:journal.event.request_resubmitted actor=0584ae33047742a18f657d4ca9c86a01 target=93f5224f32234464802939800482fd1b
2026-06-28T19:06:27.8364372Z [AUDIT] player_request:reject actor=5b7bf422afc5417fb7d0a4f0db04524c target=34eb21ce7c9e4279bdd062fffd9c4475
2026-06-28T19:06:27.8406467Z [AUDIT] event_journal:journal.event.request_reject actor=5b7bf422afc5417fb7d0a4f0db04524c target=b747206bfc544f2688554d339e55b9f2
2026-06-28T19:06:35.0135846Z [AUDIT] player_request:submit actor=0584ae33047742a18f657d4ca9c86a01 target=e765950520174e70affe958c3feff8fa
2026-06-28T19:06:35.0183240Z [AUDIT] event_journal:journal.event.request_created_submitted actor=0584ae33047742a18f657d4ca9c86a01 target=f5ddeae761db4d18b53bf08efe8edd02
2026-06-28T19:06:42.8750065Z [AUDIT] player_request:cancel actor=0584ae33047742a18f657d4ca9c86a01 target=e765950520174e70affe958c3feff8fa
2026-06-28T19:06:42.8790051Z [AUDIT] event_journal:journal.event.request_cancelled actor=0584ae33047742a18f657d4ca9c86a01 target=11c922384afb47f0adece9d19633d03d
2026-06-28T19:06:54.6633427Z [AUDIT] auth:login actor=5b7bf422afc5417fb7d0a4f0db04524c target=5b7bf422afc5417fb7d0a4f0db04524c
2026-06-28T19:06:54.9483175Z [AUDIT] auth:login actor=0584ae33047742a18f657d4ca9c86a01 target=0584ae33047742a18f657d4ca9c86a01
2026-06-28T19:07:03.9158827Z [AUDIT] auth:login actor=0584ae33047742a18f657d4ca9c86a01 target=0584ae33047742a18f657d4ca9c86a01
2026-06-28T19:19:21.7273634Z [AUDIT] auth:login actor=5b7bf422afc5417fb7d0a4f0db04524c target=5b7bf422afc5417fb7d0a4f0db04524c
2026-06-28T19:19:22.0519295Z [AUDIT] auth:login actor=0584ae33047742a18f657d4ca9c86a01 target=0584ae33047742a18f657d4ca9c86a01
2026-06-28T19:19:30.7675282Z [AUDIT] auth:login actor=5b7bf422afc5417fb7d0a4f0db04524c target=5b7bf422afc5417fb7d0a4f0db04524c
2026-06-28T19:19:38.2283454Z [AUDIT] auth:login actor=0584ae33047742a18f657d4ca9c86a01 target=0584ae33047742a18f657d4ca9c86a01
2026-06-28T19:19:44.8960277Z [AUDIT] player_request:submit actor=0584ae33047742a18f657d4ca9c86a01 target=b1a9ad63b1f04a5a92c898efd7fbb2d0
2026-06-28T19:19:44.9086372Z [AUDIT] event_journal:journal.event.request_created_submitted actor=0584ae33047742a18f657d4ca9c86a01 target=5c40b8594d9f4aa682d68f6404cb30be
2026-06-28T19:19:56.6106520Z [AUDIT] player_request:approve actor=5b7bf422afc5417fb7d0a4f0db04524c target=b1a9ad63b1f04a5a92c898efd7fbb2d0
2026-06-28T19:19:56.6156519Z [AUDIT] event_journal:journal.event.request_approve actor=5b7bf422afc5417fb7d0a4f0db04524c target=c125e1c020804ad195da89c60b219cda
2026-06-28T19:20:07.3859363Z [AUDIT] player_request:submit actor=0584ae33047742a18f657d4ca9c86a01 target=e59acffd7e384422a572afef7dad5816
2026-06-28T19:20:07.3899367Z [AUDIT] event_journal:journal.event.request_created_submitted actor=0584ae33047742a18f657d4ca9c86a01 target=11c15481f41d4521b631171b5c246e4e
2026-06-28T19:20:18.0404442Z [AUDIT] player_request:request_changes actor=5b7bf422afc5417fb7d0a4f0db04524c target=e59acffd7e384422a572afef7dad5816
2026-06-28T19:20:18.0444443Z [AUDIT] event_journal:journal.event.request_request_changes actor=5b7bf422afc5417fb7d0a4f0db04524c target=b629c981994c439c81cd7fc53eb57156
2026-06-28T19:20:25.8250371Z [AUDIT] player_request:resubmit actor=0584ae33047742a18f657d4ca9c86a01 target=e59acffd7e384422a572afef7dad5816
2026-06-28T19:20:25.8290360Z [AUDIT] event_journal:journal.event.request_resubmitted actor=0584ae33047742a18f657d4ca9c86a01 target=a66ef715823b48d3a5abe89b454646c5
2026-06-28T19:20:35.0710033Z [AUDIT] player_request:reject actor=5b7bf422afc5417fb7d0a4f0db04524c target=e59acffd7e384422a572afef7dad5816
2026-06-28T19:20:35.0750016Z [AUDIT] event_journal:journal.event.request_reject actor=5b7bf422afc5417fb7d0a4f0db04524c target=5c5aafdcae25438bb3455645f0360957
2026-06-28T19:20:42.2456890Z [AUDIT] player_request:submit actor=0584ae33047742a18f657d4ca9c86a01 target=d3cf538274de4f0b80fcdd3c6b246329
2026-06-28T19:20:42.2506838Z [AUDIT] event_journal:journal.event.request_created_submitted actor=0584ae33047742a18f657d4ca9c86a01 target=8a0508701c484b09a0891bf32187699b
2026-06-28T19:20:50.0621407Z [AUDIT] player_request:cancel actor=0584ae33047742a18f657d4ca9c86a01 target=d3cf538274de4f0b80fcdd3c6b246329
2026-06-28T19:20:50.0671395Z [AUDIT] event_journal:journal.event.request_cancelled actor=0584ae33047742a18f657d4ca9c86a01 target=0e6190e9aa1343a0b6c2e8a8e634b745
2026-06-28T19:21:01.8381560Z [AUDIT] auth:login actor=5b7bf422afc5417fb7d0a4f0db04524c target=5b7bf422afc5417fb7d0a4f0db04524c
2026-06-28T19:21:02.1227192Z [AUDIT] auth:login actor=0584ae33047742a18f657d4ca9c86a01 target=0584ae33047742a18f657d4ca9c86a01
2026-06-28T19:21:11.1150267Z [AUDIT] auth:login actor=0584ae33047742a18f657d4ca9c86a01 target=0584ae33047742a18f657d4ca9c86a01
2026-06-28T21:03:04.0977832Z [AUDIT] auth:login actor=5b7bf422afc5417fb7d0a4f0db04524c target=5b7bf422afc5417fb7d0a4f0db04524c
2026-06-28T21:03:04.4048190Z [AUDIT] auth:login actor=0584ae33047742a18f657d4ca9c86a01 target=0584ae33047742a18f657d4ca9c86a01
2026-06-28T21:03:12.9684928Z [AUDIT] auth:login actor=5b7bf422afc5417fb7d0a4f0db04524c target=5b7bf422afc5417fb7d0a4f0db04524c
2026-06-28T21:03:20.4158276Z [AUDIT] auth:login actor=0584ae33047742a18f657d4ca9c86a01 target=0584ae33047742a18f657d4ca9c86a01
2026-06-28T21:03:27.0826911Z [AUDIT] player_request:submit actor=0584ae33047742a18f657d4ca9c86a01 target=c1d5d432f12746c496425496f17d2818
2026-06-28T21:03:27.0956910Z [AUDIT] event_journal:journal.event.request_created_submitted actor=0584ae33047742a18f657d4ca9c86a01 target=bbb30583b7ff4aecb21bf8df77c8dbbd
2026-06-28T21:03:38.9167540Z [AUDIT] player_request:approve actor=5b7bf422afc5417fb7d0a4f0db04524c target=c1d5d432f12746c496425496f17d2818
2026-06-28T21:03:38.9217541Z [AUDIT] event_journal:journal.event.request_approve actor=5b7bf422afc5417fb7d0a4f0db04524c target=adfaddc63b474c1e8dfe1ffdc4441bfe
2026-06-28T21:03:49.6464040Z [AUDIT] player_request:submit actor=0584ae33047742a18f657d4ca9c86a01 target=8fb57df4516049f7bbd0d35425369935
2026-06-28T21:03:49.6504040Z [AUDIT] event_journal:journal.event.request_created_submitted actor=0584ae33047742a18f657d4ca9c86a01 target=0e99e16089ba474eae6bc679cc24cadf
2026-06-28T21:04:00.3352476Z [AUDIT] player_request:request_changes actor=5b7bf422afc5417fb7d0a4f0db04524c target=8fb57df4516049f7bbd0d35425369935
2026-06-28T21:04:00.3402480Z [AUDIT] event_journal:journal.event.request_request_changes actor=5b7bf422afc5417fb7d0a4f0db04524c target=b1232cc7db9b4315984d227aeb2399ce
2026-06-28T21:04:08.0923143Z [AUDIT] player_request:resubmit actor=0584ae33047742a18f657d4ca9c86a01 target=8fb57df4516049f7bbd0d35425369935
2026-06-28T21:04:08.0973143Z [AUDIT] event_journal:journal.event.request_resubmitted actor=0584ae33047742a18f657d4ca9c86a01 target=61423850149546da810b6ba15811ea10
2026-06-28T21:04:17.3836973Z [AUDIT] player_request:reject actor=5b7bf422afc5417fb7d0a4f0db04524c target=8fb57df4516049f7bbd0d35425369935
2026-06-28T21:04:17.3886974Z [AUDIT] event_journal:journal.event.request_reject actor=5b7bf422afc5417fb7d0a4f0db04524c target=50693e57d10841758c25f498637357fb
2026-06-28T21:04:24.5259224Z [AUDIT] player_request:submit actor=0584ae33047742a18f657d4ca9c86a01 target=c35ece06d9d44a9bb9d7e4ad566e994e
2026-06-28T21:04:24.5309217Z [AUDIT] event_journal:journal.event.request_created_submitted actor=0584ae33047742a18f657d4ca9c86a01 target=4a04c6bb51034a42b14c53ca5fb9c086
2026-06-28T21:04:32.3510278Z [AUDIT] player_request:cancel actor=0584ae33047742a18f657d4ca9c86a01 target=c35ece06d9d44a9bb9d7e4ad566e994e
2026-06-28T21:04:32.3570280Z [AUDIT] event_journal:journal.event.request_cancelled actor=0584ae33047742a18f657d4ca9c86a01 target=6c9a49868bbe44e0b427f69b12730808
2026-06-28T21:04:44.0775627Z [AUDIT] auth:login actor=5b7bf422afc5417fb7d0a4f0db04524c target=5b7bf422afc5417fb7d0a4f0db04524c
2026-06-28T21:04:44.3638395Z [AUDIT] auth:login actor=0584ae33047742a18f657d4ca9c86a01 target=0584ae33047742a18f657d4ca9c86a01
2026-06-28T21:04:53.3643011Z [AUDIT] auth:login actor=0584ae33047742a18f657d4ca9c86a01 target=0584ae33047742a18f657d4ca9c86a01
2026-06-28T22:11:52.2301504Z [AUDIT] auth:login actor=5b7bf422afc5417fb7d0a4f0db04524c target=5b7bf422afc5417fb7d0a4f0db04524c
2026-06-28T22:11:52.5446293Z [AUDIT] auth:login actor=0584ae33047742a18f657d4ca9c86a01 target=0584ae33047742a18f657d4ca9c86a01
2026-06-28T22:12:01.1686416Z [AUDIT] auth:login actor=5b7bf422afc5417fb7d0a4f0db04524c target=5b7bf422afc5417fb7d0a4f0db04524c
2026-06-28T22:12:08.6417614Z [AUDIT] auth:login actor=0584ae33047742a18f657d4ca9c86a01 target=0584ae33047742a18f657d4ca9c86a01
2026-06-28T22:12:15.3165772Z [AUDIT] player_request:submit actor=0584ae33047742a18f657d4ca9c86a01 target=99d6ebe28533488da295cf900351a0fc
2026-06-28T22:12:15.3305775Z [AUDIT] event_journal:journal.event.request_created_submitted actor=0584ae33047742a18f657d4ca9c86a01 target=1402ee4ff45a4e6f8ff9d2bdc2169f3d
2026-06-28T22:12:27.3106488Z [AUDIT] player_request:approve actor=5b7bf422afc5417fb7d0a4f0db04524c target=99d6ebe28533488da295cf900351a0fc
2026-06-28T22:12:27.3156474Z [AUDIT] event_journal:journal.event.request_approve actor=5b7bf422afc5417fb7d0a4f0db04524c target=f195df1a06024ff391791b0a855b7806
2026-06-28T22:12:38.2185678Z [AUDIT] player_request:submit actor=0584ae33047742a18f657d4ca9c86a01 target=c6706c52770942ed9bf9db9e1c625606
2026-06-28T22:12:38.2245683Z [AUDIT] event_journal:journal.event.request_created_submitted actor=0584ae33047742a18f657d4ca9c86a01 target=d89a75310dc240a68860954bb3eaa0c7
2026-06-28T22:12:48.8206225Z [AUDIT] player_request:request_changes actor=5b7bf422afc5417fb7d0a4f0db04524c target=c6706c52770942ed9bf9db9e1c625606
2026-06-28T22:12:48.8266221Z [AUDIT] event_journal:journal.event.request_request_changes actor=5b7bf422afc5417fb7d0a4f0db04524c target=3e75e56e32f948bca22419b432388a38
2026-06-28T22:12:56.5447749Z [AUDIT] player_request:resubmit actor=0584ae33047742a18f657d4ca9c86a01 target=c6706c52770942ed9bf9db9e1c625606
2026-06-28T22:12:56.5515419Z [AUDIT] event_journal:journal.event.request_resubmitted actor=0584ae33047742a18f657d4ca9c86a01 target=7cef3cf923a6435e94ec82cca7dc9d17
2026-06-28T22:13:06.0261901Z [AUDIT] player_request:reject actor=5b7bf422afc5417fb7d0a4f0db04524c target=c6706c52770942ed9bf9db9e1c625606
2026-06-28T22:13:06.0311902Z [AUDIT] event_journal:journal.event.request_reject actor=5b7bf422afc5417fb7d0a4f0db04524c target=3302524656c84a99889be76c152481c9
2026-06-28T22:13:13.1728683Z [AUDIT] player_request:submit actor=0584ae33047742a18f657d4ca9c86a01 target=59fc0029ee1b4986b07b941fefa5523a
2026-06-28T22:13:13.1778691Z [AUDIT] event_journal:journal.event.request_created_submitted actor=0584ae33047742a18f657d4ca9c86a01 target=515af4df16fb459dac43f80c8b67b96b
2026-06-28T22:13:21.0606925Z [AUDIT] player_request:cancel actor=0584ae33047742a18f657d4ca9c86a01 target=59fc0029ee1b4986b07b941fefa5523a
2026-06-28T22:13:21.0666925Z [AUDIT] event_journal:journal.event.request_cancelled actor=0584ae33047742a18f657d4ca9c86a01 target=61d8b7bc584b4741ab3b22ee899a71fa
2026-06-28T22:13:32.8408996Z [AUDIT] auth:login actor=5b7bf422afc5417fb7d0a4f0db04524c target=5b7bf422afc5417fb7d0a4f0db04524c
2026-06-28T22:13:33.1243736Z [AUDIT] auth:login actor=0584ae33047742a18f657d4ca9c86a01 target=0584ae33047742a18f657d4ca9c86a01
2026-06-28T22:13:42.1083162Z [AUDIT] auth:login actor=0584ae33047742a18f657d4ca9c86a01 target=0584ae33047742a18f657d4ca9c86a01
2026-06-28T22:17:40.6174839Z [AUDIT] auth:login actor=5b7bf422afc5417fb7d0a4f0db04524c target=5b7bf422afc5417fb7d0a4f0db04524c
2026-06-28T22:17:40.9425466Z [AUDIT] auth:login actor=0584ae33047742a18f657d4ca9c86a01 target=0584ae33047742a18f657d4ca9c86a01
2026-06-28T22:17:49.6776827Z [AUDIT] auth:login actor=5b7bf422afc5417fb7d0a4f0db04524c target=5b7bf422afc5417fb7d0a4f0db04524c
2026-06-28T22:17:57.0900994Z [AUDIT] auth:login actor=0584ae33047742a18f657d4ca9c86a01 target=0584ae33047742a18f657d4ca9c86a01
2026-06-28T22:18:03.7851511Z [AUDIT] player_request:submit actor=0584ae33047742a18f657d4ca9c86a01 target=0fbde11723d047feb4a5d6069c0c3652
2026-06-28T22:18:03.7991501Z [AUDIT] event_journal:journal.event.request_created_submitted actor=0584ae33047742a18f657d4ca9c86a01 target=0092dc93f9284ae887d3ca15d2947858
2026-06-28T22:18:15.7964718Z [AUDIT] player_request:approve actor=5b7bf422afc5417fb7d0a4f0db04524c target=0fbde11723d047feb4a5d6069c0c3652
2026-06-28T22:18:15.8024715Z [AUDIT] event_journal:journal.event.request_approve actor=5b7bf422afc5417fb7d0a4f0db04524c target=172f3352fca547ada72b9454761f7285
2026-06-28T22:18:26.6747183Z [AUDIT] player_request:submit actor=0584ae33047742a18f657d4ca9c86a01 target=2961576d0fad4c89b9e86e05d08445e6
2026-06-28T22:18:26.6805973Z [AUDIT] event_journal:journal.event.request_created_submitted actor=0584ae33047742a18f657d4ca9c86a01 target=7eb768e4af9c48d48303a18a8f60c03a
2026-06-28T22:18:37.3572462Z [AUDIT] player_request:request_changes actor=5b7bf422afc5417fb7d0a4f0db04524c target=2961576d0fad4c89b9e86e05d08445e6
2026-06-28T22:18:37.3632463Z [AUDIT] event_journal:journal.event.request_request_changes actor=5b7bf422afc5417fb7d0a4f0db04524c target=a38e8dd00baa4bc4b101ce814a59f013
2026-06-28T22:18:45.0928972Z [AUDIT] player_request:resubmit actor=0584ae33047742a18f657d4ca9c86a01 target=2961576d0fad4c89b9e86e05d08445e6
2026-06-28T22:18:45.0988966Z [AUDIT] event_journal:journal.event.request_resubmitted actor=0584ae33047742a18f657d4ca9c86a01 target=730fe714db8347f2b6fa474a724faae6
2026-06-28T22:18:54.6199282Z [AUDIT] player_request:reject actor=5b7bf422afc5417fb7d0a4f0db04524c target=2961576d0fad4c89b9e86e05d08445e6
2026-06-28T22:18:54.6249289Z [AUDIT] event_journal:journal.event.request_reject actor=5b7bf422afc5417fb7d0a4f0db04524c target=dfaa6326d63045aea591cf2838a44317
2026-06-28T22:19:01.7994790Z [AUDIT] player_request:submit actor=0584ae33047742a18f657d4ca9c86a01 target=8cb83a0234f24a159397369ae788ca60
2026-06-28T22:19:01.8044789Z [AUDIT] event_journal:journal.event.request_created_submitted actor=0584ae33047742a18f657d4ca9c86a01 target=d5048ebe09d84ad083ed3d89f792a0c6
2026-06-28T22:19:09.6800738Z [AUDIT] player_request:cancel actor=0584ae33047742a18f657d4ca9c86a01 target=8cb83a0234f24a159397369ae788ca60
2026-06-28T22:19:09.6860746Z [AUDIT] event_journal:journal.event.request_cancelled actor=0584ae33047742a18f657d4ca9c86a01 target=56f092d4828b41cd95a7c802d223d6a9
2026-06-28T22:19:21.4546527Z [AUDIT] auth:login actor=5b7bf422afc5417fb7d0a4f0db04524c target=5b7bf422afc5417fb7d0a4f0db04524c
2026-06-28T22:19:21.7388557Z [AUDIT] auth:login actor=0584ae33047742a18f657d4ca9c86a01 target=0584ae33047742a18f657d4ca9c86a01
2026-06-28T22:19:30.6988666Z [AUDIT] auth:login actor=0584ae33047742a18f657d4ca9c86a01 target=0584ae33047742a18f657d4ca9c86a01
2026-06-29T03:17:03.3544832Z [AUDIT] auth:login actor=5b7bf422afc5417fb7d0a4f0db04524c target=5b7bf422afc5417fb7d0a4f0db04524c
2026-06-29T03:17:03.6568539Z [AUDIT] auth:login actor=0584ae33047742a18f657d4ca9c86a01 target=0584ae33047742a18f657d4ca9c86a01
2026-06-29T03:17:12.1613196Z [AUDIT] auth:login actor=5b7bf422afc5417fb7d0a4f0db04524c target=5b7bf422afc5417fb7d0a4f0db04524c
2026-06-29T03:17:19.6394485Z [AUDIT] auth:login actor=0584ae33047742a18f657d4ca9c86a01 target=0584ae33047742a18f657d4ca9c86a01
2026-06-29T03:17:26.3651360Z [AUDIT] player_request:submit actor=0584ae33047742a18f657d4ca9c86a01 target=34d0ea220cbd44c6a03d9634b4f55843
2026-06-29T03:17:26.3781361Z [AUDIT] event_journal:journal.event.request_created_submitted actor=0584ae33047742a18f657d4ca9c86a01 target=6dd64ac3f5c346abbcfa93db648b9aa7
2026-06-29T03:17:38.3293012Z [AUDIT] player_request:approve actor=5b7bf422afc5417fb7d0a4f0db04524c target=34d0ea220cbd44c6a03d9634b4f55843
2026-06-29T03:17:38.3353003Z [AUDIT] event_journal:journal.event.request_approve actor=5b7bf422afc5417fb7d0a4f0db04524c target=8d5ab465bd114635b4c1ca2e73ba7214
2026-06-29T03:17:49.1375443Z [AUDIT] player_request:submit actor=0584ae33047742a18f657d4ca9c86a01 target=2bbd418afc284974ad91f2f36045a1f5
2026-06-29T03:17:49.1425428Z [AUDIT] event_journal:journal.event.request_created_submitted actor=0584ae33047742a18f657d4ca9c86a01 target=329b7eb64943468eb64e423efa9cdd7f
2026-06-29T03:17:59.8888118Z [AUDIT] player_request:request_changes actor=5b7bf422afc5417fb7d0a4f0db04524c target=2bbd418afc284974ad91f2f36045a1f5
2026-06-29T03:17:59.8948132Z [AUDIT] event_journal:journal.event.request_request_changes actor=5b7bf422afc5417fb7d0a4f0db04524c target=6721bdc4bc5e4d0d965475265e4cf164
2026-06-29T03:18:07.6260027Z [AUDIT] player_request:resubmit actor=0584ae33047742a18f657d4ca9c86a01 target=2bbd418afc284974ad91f2f36045a1f5
2026-06-29T03:18:07.6330022Z [AUDIT] event_journal:journal.event.request_resubmitted actor=0584ae33047742a18f657d4ca9c86a01 target=015c3c42740c45479475d20694f43747
2026-06-29T03:18:17.0904355Z [AUDIT] player_request:reject actor=5b7bf422afc5417fb7d0a4f0db04524c target=2bbd418afc284974ad91f2f36045a1f5
2026-06-29T03:18:17.0974357Z [AUDIT] event_journal:journal.event.request_reject actor=5b7bf422afc5417fb7d0a4f0db04524c target=fd784eb0b013491aa63f0d24afc6c6e5
2026-06-29T03:18:24.2449830Z [AUDIT] player_request:submit actor=0584ae33047742a18f657d4ca9c86a01 target=6d2fa3afb6bd498e9ddff55941882912
2026-06-29T03:18:24.2509805Z [AUDIT] event_journal:journal.event.request_created_submitted actor=0584ae33047742a18f657d4ca9c86a01 target=3a1f141aef9847b3bef51ae172dfb5c4
2026-06-29T03:18:32.1346453Z [AUDIT] player_request:cancel actor=0584ae33047742a18f657d4ca9c86a01 target=6d2fa3afb6bd498e9ddff55941882912
2026-06-29T03:18:32.1406454Z [AUDIT] event_journal:journal.event.request_cancelled actor=0584ae33047742a18f657d4ca9c86a01 target=16b90662181d4af7823708c37aa5193c
2026-06-29T03:18:43.8960724Z [AUDIT] auth:login actor=5b7bf422afc5417fb7d0a4f0db04524c target=5b7bf422afc5417fb7d0a4f0db04524c
2026-06-29T03:18:44.1771674Z [AUDIT] auth:login actor=0584ae33047742a18f657d4ca9c86a01 target=0584ae33047742a18f657d4ca9c86a01
2026-06-29T03:18:53.1079069Z [AUDIT] auth:login actor=0584ae33047742a18f657d4ca9c86a01 target=0584ae33047742a18f657d4ca9c86a01
2026-06-29T04:05:01.4005014Z [AUDIT] auth:login actor=5b7bf422afc5417fb7d0a4f0db04524c target=5b7bf422afc5417fb7d0a4f0db04524c
2026-06-29T04:05:01.7070452Z [AUDIT] auth:login actor=0584ae33047742a18f657d4ca9c86a01 target=0584ae33047742a18f657d4ca9c86a01
2026-06-29T04:05:10.2478024Z [AUDIT] auth:login actor=5b7bf422afc5417fb7d0a4f0db04524c target=5b7bf422afc5417fb7d0a4f0db04524c
2026-06-29T04:05:17.7342412Z [AUDIT] auth:login actor=0584ae33047742a18f657d4ca9c86a01 target=0584ae33047742a18f657d4ca9c86a01
2026-06-29T04:05:24.5232347Z [AUDIT] player_request:submit actor=0584ae33047742a18f657d4ca9c86a01 target=b1e96958222c4c018bc116cb97703d17
2026-06-29T04:05:24.5392346Z [AUDIT] event_journal:journal.event.request_created_submitted actor=0584ae33047742a18f657d4ca9c86a01 target=b89adbe9c0ff4bbfb41d9ccc8bc1bdcd
2026-06-29T04:05:36.6405853Z [AUDIT] player_request:approve actor=5b7bf422afc5417fb7d0a4f0db04524c target=b1e96958222c4c018bc116cb97703d17
2026-06-29T04:05:36.6465848Z [AUDIT] event_journal:journal.event.request_approve actor=5b7bf422afc5417fb7d0a4f0db04524c target=767ca4604ef7477596536e38ca01614b
2026-06-29T04:05:47.5427916Z [AUDIT] player_request:submit actor=0584ae33047742a18f657d4ca9c86a01 target=ea38629ca9f14f039e5367cdbdd02048
2026-06-29T04:05:47.5497921Z [AUDIT] event_journal:journal.event.request_created_submitted actor=0584ae33047742a18f657d4ca9c86a01 target=36eb4cd382344c63bfaf1d269372d166
2026-06-29T04:05:58.2619952Z [AUDIT] player_request:request_changes actor=5b7bf422afc5417fb7d0a4f0db04524c target=ea38629ca9f14f039e5367cdbdd02048
2026-06-29T04:05:58.2699941Z [AUDIT] event_journal:journal.event.request_request_changes actor=5b7bf422afc5417fb7d0a4f0db04524c target=d9f4746b49b24be4920e3f27a4a9f5ed
2026-06-29T04:06:06.0492256Z [AUDIT] player_request:resubmit actor=0584ae33047742a18f657d4ca9c86a01 target=ea38629ca9f14f039e5367cdbdd02048
2026-06-29T04:06:06.0562235Z [AUDIT] event_journal:journal.event.request_resubmitted actor=0584ae33047742a18f657d4ca9c86a01 target=7b6ca428cecb4b7db7e63245e55f82f6
2026-06-29T04:06:16.2954970Z [AUDIT] player_request:reject actor=5b7bf422afc5417fb7d0a4f0db04524c target=ea38629ca9f14f039e5367cdbdd02048
2026-06-29T04:06:16.3014976Z [AUDIT] event_journal:journal.event.request_reject actor=5b7bf422afc5417fb7d0a4f0db04524c target=a022869f3a4f4f9a86b8171ba4e7d948
2026-06-29T04:06:23.5900561Z [AUDIT] player_request:submit actor=0584ae33047742a18f657d4ca9c86a01 target=be3b94aeea81471dbe78ae764c78190f
2026-06-29T04:06:23.5960547Z [AUDIT] event_journal:journal.event.request_created_submitted actor=0584ae33047742a18f657d4ca9c86a01 target=377b3cf55fad41739bb88d0775178ba2
2026-06-29T04:06:31.6806668Z [AUDIT] player_request:cancel actor=0584ae33047742a18f657d4ca9c86a01 target=be3b94aeea81471dbe78ae764c78190f
2026-06-29T04:06:31.6866669Z [AUDIT] event_journal:journal.event.request_cancelled actor=0584ae33047742a18f657d4ca9c86a01 target=403eeedcd2f24ba69fa7550f62f25363
2026-06-29T04:06:43.4805369Z [AUDIT] auth:login actor=5b7bf422afc5417fb7d0a4f0db04524c target=5b7bf422afc5417fb7d0a4f0db04524c
2026-06-29T04:06:43.7652440Z [AUDIT] auth:login actor=0584ae33047742a18f657d4ca9c86a01 target=0584ae33047742a18f657d4ca9c86a01
2026-06-29T04:06:52.7043522Z [AUDIT] auth:login actor=0584ae33047742a18f657d4ca9c86a01 target=0584ae33047742a18f657d4ca9c86a01
2026-06-29T08:21:40.3631643Z [AUDIT] auth:login actor=5b7bf422afc5417fb7d0a4f0db04524c target=5b7bf422afc5417fb7d0a4f0db04524c
2026-06-29T08:21:40.6771752Z [AUDIT] auth:login actor=0584ae33047742a18f657d4ca9c86a01 target=0584ae33047742a18f657d4ca9c86a01
2026-06-29T08:21:49.2186954Z [AUDIT] auth:login actor=5b7bf422afc5417fb7d0a4f0db04524c target=5b7bf422afc5417fb7d0a4f0db04524c
2026-06-29T08:21:56.6505098Z [AUDIT] auth:login actor=0584ae33047742a18f657d4ca9c86a01 target=0584ae33047742a18f657d4ca9c86a01
2026-06-29T08:22:03.3322718Z [AUDIT] player_request:submit actor=0584ae33047742a18f657d4ca9c86a01 target=1a9f40a5bf824e1fa03142d3ca35f3e9
2026-06-29T08:22:03.3472715Z [AUDIT] event_journal:journal.event.request_created_submitted actor=0584ae33047742a18f657d4ca9c86a01 target=731456830aa549ef9c5c8f5c19bb0171
2026-06-29T08:22:15.3860388Z [AUDIT] player_request:approve actor=5b7bf422afc5417fb7d0a4f0db04524c target=1a9f40a5bf824e1fa03142d3ca35f3e9
2026-06-29T08:22:15.3926861Z [AUDIT] event_journal:journal.event.request_approve actor=5b7bf422afc5417fb7d0a4f0db04524c target=8b27ce1f0f9e43258def47411e6dcb8d
2026-06-29T08:22:26.3559685Z [AUDIT] player_request:submit actor=0584ae33047742a18f657d4ca9c86a01 target=4ba4e2e083f34460a553446e452ad424
2026-06-29T08:22:26.3619735Z [AUDIT] event_journal:journal.event.request_created_submitted actor=0584ae33047742a18f657d4ca9c86a01 target=71eda037e66e4cc2bb80caa214b4dede
2026-06-29T08:22:37.1256960Z [AUDIT] player_request:request_changes actor=5b7bf422afc5417fb7d0a4f0db04524c target=4ba4e2e083f34460a553446e452ad424
2026-06-29T08:22:37.1326057Z [AUDIT] event_journal:journal.event.request_request_changes actor=5b7bf422afc5417fb7d0a4f0db04524c target=458b3386b9114904b75900d9a5acbf20
2026-06-29T08:22:44.8886320Z [AUDIT] player_request:resubmit actor=0584ae33047742a18f657d4ca9c86a01 target=4ba4e2e083f34460a553446e452ad424
2026-06-29T08:22:44.8946320Z [AUDIT] event_journal:journal.event.request_resubmitted actor=0584ae33047742a18f657d4ca9c86a01 target=57ec4f0ab2df413e98c7a7841641c133
2026-06-29T08:22:55.0867374Z [AUDIT] player_request:reject actor=5b7bf422afc5417fb7d0a4f0db04524c target=4ba4e2e083f34460a553446e452ad424
2026-06-29T08:22:55.0951313Z [AUDIT] event_journal:journal.event.request_reject actor=5b7bf422afc5417fb7d0a4f0db04524c target=81bf0b8e89174a9abe64cb74559a1bec
2026-06-29T08:23:02.2915835Z [AUDIT] player_request:submit actor=0584ae33047742a18f657d4ca9c86a01 target=8e99f0fa24144046a2c1c0180ff489d9
2026-06-29T08:23:02.3005827Z [AUDIT] event_journal:journal.event.request_created_submitted actor=0584ae33047742a18f657d4ca9c86a01 target=a0fc9808aa6a4abfa00d72577f9ba1a1
2026-06-29T08:23:10.1517540Z [AUDIT] player_request:cancel actor=0584ae33047742a18f657d4ca9c86a01 target=8e99f0fa24144046a2c1c0180ff489d9
2026-06-29T08:23:10.1585878Z [AUDIT] event_journal:journal.event.request_cancelled actor=0584ae33047742a18f657d4ca9c86a01 target=d58b80b1901b45bcb0cdd1fa4ef49faa
2026-06-29T08:23:21.9250877Z [AUDIT] auth:login actor=5b7bf422afc5417fb7d0a4f0db04524c target=5b7bf422afc5417fb7d0a4f0db04524c
2026-06-29T08:23:22.2093302Z [AUDIT] auth:login actor=0584ae33047742a18f657d4ca9c86a01 target=0584ae33047742a18f657d4ca9c86a01
2026-06-29T08:23:31.1763627Z [AUDIT] auth:login actor=0584ae33047742a18f657d4ca9c86a01 target=0584ae33047742a18f657d4ca9c86a01
2026-06-29T09:03:21.2366824Z [AUDIT] auth:login actor=5b7bf422afc5417fb7d0a4f0db04524c target=5b7bf422afc5417fb7d0a4f0db04524c
2026-06-29T09:03:21.5420793Z [AUDIT] auth:login actor=0584ae33047742a18f657d4ca9c86a01 target=0584ae33047742a18f657d4ca9c86a01
2026-06-29T09:03:30.0837112Z [AUDIT] auth:login actor=5b7bf422afc5417fb7d0a4f0db04524c target=5b7bf422afc5417fb7d0a4f0db04524c
2026-06-29T09:03:37.5290672Z [AUDIT] auth:login actor=0584ae33047742a18f657d4ca9c86a01 target=0584ae33047742a18f657d4ca9c86a01
2026-06-29T09:03:44.2246138Z [AUDIT] player_request:submit actor=0584ae33047742a18f657d4ca9c86a01 target=337c7a5899f4418f89e3b04927fff9a9
2026-06-29T09:03:44.2396143Z [AUDIT] event_journal:journal.event.request_created_submitted actor=0584ae33047742a18f657d4ca9c86a01 target=af2919acc0824d5b98895f606b29e2c7
2026-06-29T09:03:56.2612582Z [AUDIT] player_request:approve actor=5b7bf422afc5417fb7d0a4f0db04524c target=337c7a5899f4418f89e3b04927fff9a9
2026-06-29T09:03:56.2682574Z [AUDIT] event_journal:journal.event.request_approve actor=5b7bf422afc5417fb7d0a4f0db04524c target=b580175d99f849f4baf9c5698044a1a8
2026-06-29T09:04:07.2701631Z [AUDIT] player_request:submit actor=0584ae33047742a18f657d4ca9c86a01 target=10d216351dee4f3697721b936d8cf52e
2026-06-29T09:04:07.2771616Z [AUDIT] event_journal:journal.event.request_created_submitted actor=0584ae33047742a18f657d4ca9c86a01 target=add2b13f6bc9487798611f22da1eb02f
2026-06-29T09:04:18.0295833Z [AUDIT] player_request:request_changes actor=5b7bf422afc5417fb7d0a4f0db04524c target=10d216351dee4f3697721b936d8cf52e
2026-06-29T09:04:18.0368435Z [AUDIT] event_journal:journal.event.request_request_changes actor=5b7bf422afc5417fb7d0a4f0db04524c target=5ee7fde4cf5a424592096f73caf795a9
2026-06-29T09:04:25.8122198Z [AUDIT] player_request:resubmit actor=0584ae33047742a18f657d4ca9c86a01 target=10d216351dee4f3697721b936d8cf52e
2026-06-29T09:04:25.8193271Z [AUDIT] event_journal:journal.event.request_resubmitted actor=0584ae33047742a18f657d4ca9c86a01 target=127e6a6436ba4fa394f28fd6794246e5
2026-06-29T09:04:35.3523972Z [AUDIT] player_request:reject actor=5b7bf422afc5417fb7d0a4f0db04524c target=10d216351dee4f3697721b936d8cf52e
2026-06-29T09:04:35.3593974Z [AUDIT] event_journal:journal.event.request_reject actor=5b7bf422afc5417fb7d0a4f0db04524c target=b319a8be56e541b1b4db8435f6f772fc
2026-06-29T09:04:42.5739473Z [AUDIT] player_request:submit actor=0584ae33047742a18f657d4ca9c86a01 target=bd206ac54cdd44fbb000fbd218c5b285
2026-06-29T09:04:42.5807298Z [AUDIT] event_journal:journal.event.request_created_submitted actor=0584ae33047742a18f657d4ca9c86a01 target=9a663981c13d43e69ebb848e731b0bef
2026-06-29T09:04:50.4644660Z [AUDIT] player_request:cancel actor=0584ae33047742a18f657d4ca9c86a01 target=bd206ac54cdd44fbb000fbd218c5b285
2026-06-29T09:04:50.4731416Z [AUDIT] event_journal:journal.event.request_cancelled actor=0584ae33047742a18f657d4ca9c86a01 target=fd35e9b2cfe0448da538389b7da919f8
2026-06-29T09:05:02.2505248Z [AUDIT] auth:login actor=5b7bf422afc5417fb7d0a4f0db04524c target=5b7bf422afc5417fb7d0a4f0db04524c
2026-06-29T09:05:02.5321046Z [AUDIT] auth:login actor=0584ae33047742a18f657d4ca9c86a01 target=0584ae33047742a18f657d4ca9c86a01
2026-06-29T09:05:11.5086963Z [AUDIT] auth:login actor=0584ae33047742a18f657d4ca9c86a01 target=0584ae33047742a18f657d4ca9c86a01
2026-06-29T12:25:54.9687253Z [AUDIT] auth:login actor=5b7bf422afc5417fb7d0a4f0db04524c target=5b7bf422afc5417fb7d0a4f0db04524c
2026-06-29T12:25:55.2915886Z [AUDIT] auth:login actor=0584ae33047742a18f657d4ca9c86a01 target=0584ae33047742a18f657d4ca9c86a01
2026-06-29T12:26:04.0312604Z [AUDIT] auth:login actor=5b7bf422afc5417fb7d0a4f0db04524c target=5b7bf422afc5417fb7d0a4f0db04524c
2026-06-29T12:26:11.4636073Z [AUDIT] auth:login actor=0584ae33047742a18f657d4ca9c86a01 target=0584ae33047742a18f657d4ca9c86a01
2026-06-29T12:26:18.1695085Z [AUDIT] player_request:submit actor=0584ae33047742a18f657d4ca9c86a01 target=05fce09c3fdb434a97092a556e9975a5
2026-06-29T12:26:18.1845083Z [AUDIT] event_journal:journal.event.request_created_submitted actor=0584ae33047742a18f657d4ca9c86a01 target=f850520227cb483482c1ebb23f2aa6e4
2026-06-29T12:26:30.4618487Z [AUDIT] player_request:approve actor=5b7bf422afc5417fb7d0a4f0db04524c target=05fce09c3fdb434a97092a556e9975a5
2026-06-29T12:26:30.4685684Z [AUDIT] event_journal:journal.event.request_approve actor=5b7bf422afc5417fb7d0a4f0db04524c target=cb23e180b3764ba8a08431c1f5eb578c
2026-06-29T12:26:41.4785717Z [AUDIT] player_request:submit actor=0584ae33047742a18f657d4ca9c86a01 target=e97b76037bf34d1aa0e7bdf2822a66c6
2026-06-29T12:26:41.4864233Z [AUDIT] event_journal:journal.event.request_created_submitted actor=0584ae33047742a18f657d4ca9c86a01 target=8d64730aa7ca4934be37a79ffa8939d4
2026-06-29T12:26:52.3486662Z [AUDIT] player_request:request_changes actor=5b7bf422afc5417fb7d0a4f0db04524c target=e97b76037bf34d1aa0e7bdf2822a66c6
2026-06-29T12:26:52.3566658Z [AUDIT] event_journal:journal.event.request_request_changes actor=5b7bf422afc5417fb7d0a4f0db04524c target=cbe2648c34234305867f58636ada05bf
2026-06-29T12:27:00.1795270Z [AUDIT] player_request:resubmit actor=0584ae33047742a18f657d4ca9c86a01 target=e97b76037bf34d1aa0e7bdf2822a66c6
2026-06-29T12:27:00.1865357Z [AUDIT] event_journal:journal.event.request_resubmitted actor=0584ae33047742a18f657d4ca9c86a01 target=3d2c6bb8da044bf595e74d868138e25a
2026-06-29T12:27:10.5518871Z [AUDIT] player_request:reject actor=5b7bf422afc5417fb7d0a4f0db04524c target=e97b76037bf34d1aa0e7bdf2822a66c6
2026-06-29T12:27:10.5588871Z [AUDIT] event_journal:journal.event.request_reject actor=5b7bf422afc5417fb7d0a4f0db04524c target=3b22737d65b1475b9642e254673e72fb
2026-06-29T12:27:17.9723497Z [AUDIT] player_request:submit actor=0584ae33047742a18f657d4ca9c86a01 target=da42a19180f94df1921875cc281e0391
2026-06-29T12:27:17.9793501Z [AUDIT] event_journal:journal.event.request_created_submitted actor=0584ae33047742a18f657d4ca9c86a01 target=13ece28da9e643f7a33f05d89885d2e8
2026-06-29T12:27:25.8633335Z [AUDIT] player_request:cancel actor=0584ae33047742a18f657d4ca9c86a01 target=da42a19180f94df1921875cc281e0391
2026-06-29T12:27:25.8703827Z [AUDIT] event_journal:journal.event.request_cancelled actor=0584ae33047742a18f657d4ca9c86a01 target=83758a76b6f141108440b90011e8022c
2026-06-29T12:27:37.6670918Z [AUDIT] auth:login actor=5b7bf422afc5417fb7d0a4f0db04524c target=5b7bf422afc5417fb7d0a4f0db04524c
2026-06-29T12:27:37.9511831Z [AUDIT] auth:login actor=0584ae33047742a18f657d4ca9c86a01 target=0584ae33047742a18f657d4ca9c86a01
2026-06-29T12:27:46.9572426Z [AUDIT] auth:login actor=0584ae33047742a18f657d4ca9c86a01 target=0584ae33047742a18f657d4ca9c86a01
2026-06-29T16:27:58.5116088Z [AUDIT] auth:login actor=5b7bf422afc5417fb7d0a4f0db04524c target=5b7bf422afc5417fb7d0a4f0db04524c
2026-06-29T16:27:58.8126121Z [AUDIT] auth:login actor=0584ae33047742a18f657d4ca9c86a01 target=0584ae33047742a18f657d4ca9c86a01
2026-06-29T16:28:07.3086627Z [AUDIT] auth:login actor=5b7bf422afc5417fb7d0a4f0db04524c target=5b7bf422afc5417fb7d0a4f0db04524c
2026-06-29T16:28:14.7774955Z [AUDIT] auth:login actor=0584ae33047742a18f657d4ca9c86a01 target=0584ae33047742a18f657d4ca9c86a01
2026-06-29T16:28:21.4704293Z [AUDIT] player_request:submit actor=0584ae33047742a18f657d4ca9c86a01 target=b256ff5837484056bc963d549e46c810
2026-06-29T16:28:21.4854286Z [AUDIT] event_journal:journal.event.request_created_submitted actor=0584ae33047742a18f657d4ca9c86a01 target=d1a6168c994c40f69d62bb845c809bb9
2026-06-29T16:28:33.6055499Z [AUDIT] player_request:approve actor=5b7bf422afc5417fb7d0a4f0db04524c target=b256ff5837484056bc963d549e46c810
2026-06-29T16:28:33.6125500Z [AUDIT] event_journal:journal.event.request_approve actor=5b7bf422afc5417fb7d0a4f0db04524c target=b8687c71b00b42f9b85011837a1addd8
2026-06-29T16:28:44.4742384Z [AUDIT] player_request:submit actor=0584ae33047742a18f657d4ca9c86a01 target=dfd8101a3c074ecd81969577fedfdc54
2026-06-29T16:28:44.4822380Z [AUDIT] event_journal:journal.event.request_created_submitted actor=0584ae33047742a18f657d4ca9c86a01 target=c555cedd3f0747b7b1d0d3f1cb202243
2026-06-29T16:28:55.5379117Z [AUDIT] player_request:request_changes actor=5b7bf422afc5417fb7d0a4f0db04524c target=dfd8101a3c074ecd81969577fedfdc54
2026-06-29T16:28:55.5449118Z [AUDIT] event_journal:journal.event.request_request_changes actor=5b7bf422afc5417fb7d0a4f0db04524c target=6eaea05bf27c4f1895465ea8557e228c
2026-06-29T16:29:03.3208621Z [AUDIT] player_request:resubmit actor=0584ae33047742a18f657d4ca9c86a01 target=dfd8101a3c074ecd81969577fedfdc54
2026-06-29T16:29:03.3298624Z [AUDIT] event_journal:journal.event.request_resubmitted actor=0584ae33047742a18f657d4ca9c86a01 target=fc92b8f9fc314369b5786ed58660514e
2026-06-29T16:29:13.7557263Z [AUDIT] player_request:reject actor=5b7bf422afc5417fb7d0a4f0db04524c target=dfd8101a3c074ecd81969577fedfdc54
2026-06-29T16:29:13.7647265Z [AUDIT] event_journal:journal.event.request_reject actor=5b7bf422afc5417fb7d0a4f0db04524c target=b089ddd59a0842feb920d3366d37e6d1
2026-06-29T16:29:21.0243804Z [AUDIT] player_request:submit actor=0584ae33047742a18f657d4ca9c86a01 target=666628abe30746aab0963a440ec7c43e
2026-06-29T16:29:21.0346922Z [AUDIT] event_journal:journal.event.request_created_submitted actor=0584ae33047742a18f657d4ca9c86a01 target=5bff1d4fbb864c5a9c830b41b6014cc6
2026-06-29T16:29:29.1322996Z [AUDIT] player_request:cancel actor=0584ae33047742a18f657d4ca9c86a01 target=666628abe30746aab0963a440ec7c43e
2026-06-29T16:29:29.1402996Z [AUDIT] event_journal:journal.event.request_cancelled actor=0584ae33047742a18f657d4ca9c86a01 target=0553526238324836ac82ea8ba027e7a1
2026-06-29T16:29:40.9118769Z [AUDIT] auth:login actor=5b7bf422afc5417fb7d0a4f0db04524c target=5b7bf422afc5417fb7d0a4f0db04524c
2026-06-29T16:29:41.1914050Z [AUDIT] auth:login actor=0584ae33047742a18f657d4ca9c86a01 target=0584ae33047742a18f657d4ca9c86a01
2026-06-29T16:29:50.1645173Z [AUDIT] auth:login actor=0584ae33047742a18f657d4ca9c86a01 target=0584ae33047742a18f657d4ca9c86a01
2026-06-29T16:58:25.6086897Z [AUDIT] auth:login actor=5b7bf422afc5417fb7d0a4f0db04524c target=5b7bf422afc5417fb7d0a4f0db04524c
2026-06-29T16:58:25.9114672Z [AUDIT] auth:login actor=0584ae33047742a18f657d4ca9c86a01 target=0584ae33047742a18f657d4ca9c86a01
2026-06-29T16:58:34.4056852Z [AUDIT] auth:login actor=5b7bf422afc5417fb7d0a4f0db04524c target=5b7bf422afc5417fb7d0a4f0db04524c
2026-06-29T16:58:41.8475875Z [AUDIT] auth:login actor=0584ae33047742a18f657d4ca9c86a01 target=0584ae33047742a18f657d4ca9c86a01
2026-06-29T16:58:48.5650724Z [AUDIT] player_request:submit actor=0584ae33047742a18f657d4ca9c86a01 target=7442133d568343d8ac8bb3c3bae9a548
2026-06-29T16:58:48.5800724Z [AUDIT] event_journal:journal.event.request_created_submitted actor=0584ae33047742a18f657d4ca9c86a01 target=0fe2224520974234aab7be53971b155c
2026-06-29T16:59:00.7526681Z [AUDIT] player_request:approve actor=5b7bf422afc5417fb7d0a4f0db04524c target=7442133d568343d8ac8bb3c3bae9a548
2026-06-29T16:59:00.7596654Z [AUDIT] event_journal:journal.event.request_approve actor=5b7bf422afc5417fb7d0a4f0db04524c target=9c996d71f29045e38ff77843ab86d8bc
2026-06-29T16:59:11.8947530Z [AUDIT] player_request:submit actor=0584ae33047742a18f657d4ca9c86a01 target=83770367f204447999a57789dfad5376
2026-06-29T16:59:11.9017536Z [AUDIT] event_journal:journal.event.request_created_submitted actor=0584ae33047742a18f657d4ca9c86a01 target=6f95bc459741464fbc22ca61ddaff391
2026-06-29T16:59:22.7341619Z [AUDIT] player_request:request_changes actor=5b7bf422afc5417fb7d0a4f0db04524c target=83770367f204447999a57789dfad5376
2026-06-29T16:59:22.7421614Z [AUDIT] event_journal:journal.event.request_request_changes actor=5b7bf422afc5417fb7d0a4f0db04524c target=98b7959059944ac880ead7f2334851fa
2026-06-29T16:59:30.5836815Z [AUDIT] player_request:resubmit actor=0584ae33047742a18f657d4ca9c86a01 target=83770367f204447999a57789dfad5376
2026-06-29T16:59:30.5916819Z [AUDIT] event_journal:journal.event.request_resubmitted actor=0584ae33047742a18f657d4ca9c86a01 target=be90932c6f2f471b89a6716d4da107a3
2026-06-29T16:59:40.9232568Z [AUDIT] player_request:reject actor=5b7bf422afc5417fb7d0a4f0db04524c target=83770367f204447999a57789dfad5376
2026-06-29T16:59:40.9317711Z [AUDIT] event_journal:journal.event.request_reject actor=5b7bf422afc5417fb7d0a4f0db04524c target=d22ade7667ec4024bcbf9f316025a100
2026-06-29T16:59:48.1488797Z [AUDIT] player_request:submit actor=0584ae33047742a18f657d4ca9c86a01 target=f3d2ce4eb0b7431ab9be5850e152c691
2026-06-29T16:59:48.1568789Z [AUDIT] event_journal:journal.event.request_created_submitted actor=0584ae33047742a18f657d4ca9c86a01 target=2fcc4435dfb04d8bbbe89b59e9cbecf9
2026-06-29T16:59:56.2673854Z [AUDIT] player_request:cancel actor=0584ae33047742a18f657d4ca9c86a01 target=f3d2ce4eb0b7431ab9be5850e152c691
2026-06-29T16:59:56.2753855Z [AUDIT] event_journal:journal.event.request_cancelled actor=0584ae33047742a18f657d4ca9c86a01 target=9eb1eb5228b64fc88ad66831bd74d695
2026-06-29T17:00:08.1251835Z [AUDIT] auth:login actor=5b7bf422afc5417fb7d0a4f0db04524c target=5b7bf422afc5417fb7d0a4f0db04524c
2026-06-29T17:00:08.4077459Z [AUDIT] auth:login actor=0584ae33047742a18f657d4ca9c86a01 target=0584ae33047742a18f657d4ca9c86a01
2026-06-29T17:00:17.5697367Z [AUDIT] auth:login actor=0584ae33047742a18f657d4ca9c86a01 target=0584ae33047742a18f657d4ca9c86a01
