2026-06-14T21:44:27.9642242Z [ADMIN] auth.login.denied login=Adev_admin reason=invalid_credentials
2026-06-14T21:44:27.9642242Z [ADMIN] request.handler.failed requestId=b3e49e4838ab4b70ae137da9bcabf1ec command=auth.login type=Unauthorized message=Invalid credentials.
2026-06-14T21:45:29.3359661Z [ADMIN] admin.accounts.pending actor=dev_admin count=0
2026-06-14T21:45:29.3929755Z [ADMIN] dice.feed.common itemsRaw=0
2026-06-14T21:45:29.3935350Z [ADMIN] dice.feed.common itemsMapped=0
2026-06-14T21:45:29.3939761Z [ADMIN] dice.visibleFeed actor=dev_admin count=0
2026-06-14T21:45:29.4539757Z [ADMIN] dice.feed.common itemsRaw=0
2026-06-14T21:45:29.4539757Z [ADMIN] dice.feed.common itemsMapped=0
2026-06-14T21:45:29.4549779Z [ADMIN] dice.visibleFeed actor=dev_admin count=0
2026-06-14T21:45:39.3230050Z [ADMIN] admin.accounts.pending actor=dev_admin count=0
2026-06-14T21:45:39.3400201Z [ADMIN] dice.feed.common itemsRaw=0
2026-06-14T21:45:39.3400201Z [ADMIN] dice.feed.common itemsMapped=0
2026-06-14T21:45:39.3400201Z [ADMIN] dice.visibleFeed actor=dev_admin count=0
2026-06-14T21:45:39.3725501Z [ADMIN] dice.feed.common itemsRaw=0
2026-06-14T21:45:39.3735491Z [ADMIN] dice.feed.common itemsMapped=0
2026-06-14T21:45:39.3735491Z [ADMIN] dice.visibleFeed actor=dev_admin count=0
2026-06-14T21:45:49.4200760Z [ADMIN] admin.accounts.pending actor=dev_admin count=0
2026-06-14T21:45:49.4345739Z [ADMIN] dice.feed.common itemsRaw=0
2026-06-14T21:45:49.4345739Z [ADMIN] dice.feed.common itemsMapped=0
2026-06-14T21:45:49.4355740Z [ADMIN] dice.visibleFeed actor=dev_admin count=0
2026-06-14T21:45:49.4676005Z [ADMIN] dice.feed.common itemsRaw=0
2026-06-14T21:45:49.4676005Z [ADMIN] dice.feed.common itemsMapped=0
2026-06-14T21:45:49.4676005Z [ADMIN] dice.visibleFeed actor=dev_admin count=0
2026-06-14T21:45:59.5115286Z [ADMIN] admin.accounts.pending actor=dev_admin count=0
2026-06-14T21:45:59.5263649Z [ADMIN] dice.feed.common itemsRaw=0
2026-06-14T21:45:59.5263649Z [ADMIN] dice.feed.common itemsMapped=0
2026-06-14T21:45:59.5273647Z [ADMIN] dice.visibleFeed actor=dev_admin count=0
2026-06-14T21:45:59.5628550Z [ADMIN] dice.feed.common itemsRaw=0
2026-06-14T21:45:59.5633818Z [ADMIN] dice.feed.common itemsMapped=0
2026-06-14T21:45:59.5633818Z [ADMIN] dice.visibleFeed actor=dev_admin count=0
2026-06-14T21:46:09.6031133Z [ADMIN] admin.accounts.pending actor=dev_admin count=0
2026-06-14T21:46:09.6179781Z [ADMIN] dice.feed.common itemsRaw=0
2026-06-14T21:46:09.6186829Z [ADMIN] dice.feed.common itemsMapped=0
2026-06-14T21:46:09.6186829Z [ADMIN] dice.visibleFeed actor=dev_admin count=0
2026-06-14T21:46:09.6509772Z [ADMIN] dice.feed.common itemsRaw=0
2026-06-14T21:46:09.6509772Z [ADMIN] dice.feed.common itemsMapped=0
2026-06-14T21:46:09.6509772Z [ADMIN] dice.visibleFeed actor=dev_admin count=0
2026-06-14T21:46:19.6982964Z [ADMIN] admin.accounts.pending actor=dev_admin count=0
2026-06-14T21:46:19.7145370Z [ADMIN] dice.feed.common itemsRaw=0
2026-06-14T21:46:19.7145370Z [ADMIN] dice.feed.common itemsMapped=0
2026-06-14T21:46:19.7145370Z [ADMIN] dice.visibleFeed actor=dev_admin count=0
2026-06-14T21:46:19.7470936Z [ADMIN] dice.feed.common itemsRaw=0
2026-06-14T21:46:19.7470936Z [ADMIN] dice.feed.common itemsMapped=0
2026-06-14T21:46:19.7470936Z [ADMIN] dice.visibleFeed actor=dev_admin count=0
2026-06-14T21:46:29.8001287Z [ADMIN] admin.accounts.pending actor=dev_admin count=0
2026-06-14T21:46:29.8147590Z [ADMIN] dice.feed.common itemsRaw=0
2026-06-14T21:46:29.8147590Z [ADMIN] dice.feed.common itemsMapped=0
2026-06-14T21:46:29.8147590Z [ADMIN] dice.visibleFeed actor=dev_admin count=0
2026-06-14T21:46:29.8487542Z [ADMIN] dice.feed.common itemsRaw=0
2026-06-14T21:46:29.8487542Z [ADMIN] dice.feed.common itemsMapped=0
2026-06-14T21:46:29.8487542Z [ADMIN] dice.visibleFeed actor=dev_admin count=0
2026-06-14T21:46:39.8842559Z [ADMIN] admin.accounts.pending actor=dev_admin count=0
2026-06-14T21:46:39.8988634Z [ADMIN] dice.feed.common itemsRaw=0
2026-06-14T21:46:39.8988634Z [ADMIN] dice.feed.common itemsMapped=0
2026-06-14T21:46:39.8988634Z [ADMIN] dice.visibleFeed actor=dev_admin count=0
2026-06-14T21:46:39.9305496Z [ADMIN] dice.feed.common itemsRaw=0
2026-06-14T21:46:39.9315501Z [ADMIN] dice.feed.common itemsMapped=0
2026-06-14T21:46:39.9315501Z [ADMIN] dice.visibleFeed actor=dev_admin count=0
2026-06-14T21:46:49.9626864Z [ADMIN] admin.accounts.pending actor=dev_admin count=0
2026-06-14T21:46:49.9777013Z [ADMIN] dice.feed.common itemsRaw=0
2026-06-14T21:46:49.9787011Z [ADMIN] dice.feed.common itemsMapped=0
2026-06-14T21:46:49.9787011Z [ADMIN] dice.visibleFeed actor=dev_admin count=0
2026-06-14T21:46:50.0126367Z [ADMIN] dice.feed.common itemsRaw=0
2026-06-14T21:46:50.0132720Z [ADMIN] dice.feed.common itemsMapped=0
2026-06-14T21:46:50.0132720Z [ADMIN] dice.visibleFeed actor=dev_admin count=0
2026-06-14T21:47:00.0671509Z [ADMIN] admin.accounts.pending actor=dev_admin count=0
2026-06-14T21:47:00.0821520Z [ADMIN] dice.feed.common itemsRaw=0
2026-06-14T21:47:00.0821520Z [ADMIN] dice.feed.common itemsMapped=0
2026-06-14T21:47:00.0831520Z [ADMIN] dice.visibleFeed actor=dev_admin count=0
2026-06-14T21:47:00.1167311Z [ADMIN] dice.feed.common itemsRaw=0
2026-06-14T21:47:00.1167311Z [ADMIN] dice.feed.common itemsMapped=0
2026-06-14T21:47:00.1172634Z [ADMIN] dice.visibleFeed actor=dev_admin count=0
2026-06-14T21:47:10.1520171Z [ADMIN] admin.accounts.pending actor=dev_admin count=0
2026-06-14T21:47:10.1673486Z [ADMIN] dice.feed.common itemsRaw=0
2026-06-14T21:47:10.1683481Z [ADMIN] dice.feed.common itemsMapped=0
2026-06-14T21:47:10.1683481Z [ADMIN] dice.visibleFeed actor=dev_admin count=0
2026-06-14T21:47:10.2004218Z [ADMIN] dice.feed.common itemsRaw=0
2026-06-14T21:47:10.2004218Z [ADMIN] dice.feed.common itemsMapped=0
2026-06-14T21:47:10.2014122Z [ADMIN] dice.visibleFeed actor=dev_admin count=0
2026-06-14T21:47:20.2450894Z [ADMIN] admin.accounts.pending actor=dev_admin count=0
2026-06-14T21:47:20.2610972Z [ADMIN] dice.feed.common itemsRaw=0
2026-06-14T21:47:20.2610972Z [ADMIN] dice.feed.common itemsMapped=0
2026-06-14T21:47:20.2610972Z [ADMIN] dice.visibleFeed actor=dev_admin count=0
2026-06-14T21:47:20.2945602Z [ADMIN] dice.feed.common itemsRaw=0
2026-06-14T21:47:20.2945602Z [ADMIN] dice.feed.common itemsMapped=0
2026-06-14T21:47:20.2945602Z [ADMIN] dice.visibleFeed actor=dev_admin count=0
2026-06-14T21:47:30.3381230Z [ADMIN] admin.accounts.pending actor=dev_admin count=0
2026-06-14T21:47:30.3529032Z [ADMIN] dice.feed.common itemsRaw=0
2026-06-14T21:47:30.3536006Z [ADMIN] dice.feed.common itemsMapped=0
2026-06-14T21:47:30.3536006Z [ADMIN] dice.visibleFeed actor=dev_admin count=0
2026-06-14T21:47:30.3855958Z [ADMIN] dice.feed.common itemsRaw=0
2026-06-14T21:47:30.3865957Z [ADMIN] dice.feed.common itemsMapped=0
2026-06-14T21:47:30.3865957Z [ADMIN] dice.visibleFeed actor=dev_admin count=0
2026-06-14T21:47:40.4316246Z [ADMIN] admin.accounts.pending actor=dev_admin count=0
2026-06-14T21:47:40.4465757Z [ADMIN] dice.feed.common itemsRaw=0
2026-06-14T21:47:40.4465757Z [ADMIN] dice.feed.common itemsMapped=0
2026-06-14T21:47:40.4465757Z [ADMIN] dice.visibleFeed actor=dev_admin count=0
2026-06-14T21:47:40.4804056Z [ADMIN] dice.feed.common itemsRaw=0
2026-06-14T21:47:40.4809363Z [ADMIN] dice.feed.common itemsMapped=0
2026-06-14T21:47:40.4809363Z [ADMIN] dice.visibleFeed actor=dev_admin count=0
2026-06-14T21:47:50.5264831Z [ADMIN] admin.accounts.pending actor=dev_admin count=0
2026-06-14T21:47:50.5418816Z [ADMIN] dice.feed.common itemsRaw=0
2026-06-14T21:47:50.5418816Z [ADMIN] dice.feed.common itemsMapped=0
2026-06-14T21:47:50.5418816Z [ADMIN] dice.visibleFeed actor=dev_admin count=0
2026-06-14T21:47:50.5742127Z [ADMIN] dice.feed.common itemsRaw=0
2026-06-14T21:47:50.5747528Z [ADMIN] dice.feed.common itemsMapped=0
2026-06-14T21:47:50.5747528Z [ADMIN] dice.visibleFeed actor=dev_admin count=0
2026-06-14T21:48:00.6240512Z [ADMIN] admin.accounts.pending actor=dev_admin count=0
2026-06-14T21:48:00.6441674Z [ADMIN] dice.feed.common itemsRaw=0
2026-06-14T21:48:00.6446958Z [ADMIN] dice.feed.common itemsMapped=0
2026-06-14T21:48:00.6446958Z [ADMIN] dice.visibleFeed actor=dev_admin count=0
2026-06-14T21:48:00.6777020Z [ADMIN] dice.feed.common itemsRaw=0
2026-06-14T21:48:00.6777020Z [ADMIN] dice.feed.common itemsMapped=0
2026-06-14T21:48:00.6777020Z [ADMIN] dice.visibleFeed actor=dev_admin count=0
2026-06-14T21:48:10.7288395Z [ADMIN] admin.accounts.pending actor=dev_admin count=0
2026-06-14T21:48:10.7436591Z [ADMIN] dice.feed.common itemsRaw=0
2026-06-14T21:48:10.7436591Z [ADMIN] dice.feed.common itemsMapped=0
2026-06-14T21:48:10.7436591Z [ADMIN] dice.visibleFeed actor=dev_admin count=0
2026-06-14T21:48:10.7768449Z [ADMIN] dice.feed.common itemsRaw=0
2026-06-14T21:48:10.7768449Z [ADMIN] dice.feed.common itemsMapped=0
2026-06-14T21:48:10.7773660Z [ADMIN] dice.visibleFeed actor=dev_admin count=0
2026-06-14T21:48:20.8281028Z [ADMIN] admin.accounts.pending actor=dev_admin count=0
2026-06-14T21:48:20.8433764Z [ADMIN] dice.feed.common itemsRaw=0
2026-06-14T21:48:20.8433764Z [ADMIN] dice.feed.common itemsMapped=0
2026-06-14T21:48:20.8433764Z [ADMIN] dice.visibleFeed actor=dev_admin count=0
2026-06-14T21:48:20.8784558Z [ADMIN] dice.feed.common itemsRaw=0
2026-06-14T21:48:20.8784558Z [ADMIN] dice.feed.common itemsMapped=0
2026-06-14T21:48:20.8794558Z [ADMIN] dice.visibleFeed actor=dev_admin count=0
2026-06-14T21:48:30.9316042Z [ADMIN] admin.accounts.pending actor=dev_admin count=0
2026-06-14T21:48:30.9466947Z [ADMIN] dice.feed.common itemsRaw=0
2026-06-14T21:48:30.9472288Z [ADMIN] dice.feed.common itemsMapped=0
2026-06-14T21:48:30.9472288Z [ADMIN] dice.visibleFeed actor=dev_admin count=0
2026-06-14T21:48:30.9797503Z [ADMIN] dice.feed.common itemsRaw=0
2026-06-14T21:48:30.9803294Z [ADMIN] dice.feed.common itemsMapped=0
2026-06-14T21:48:30.9803294Z [ADMIN] dice.visibleFeed actor=dev_admin count=0
2026-06-14T21:48:41.0368025Z [ADMIN] admin.accounts.pending actor=dev_admin count=0
2026-06-14T21:48:41.0513895Z [ADMIN] dice.feed.common itemsRaw=0
2026-06-14T21:48:41.0513895Z [ADMIN] dice.feed.common itemsMapped=0
2026-06-14T21:48:41.0513895Z [ADMIN] dice.visibleFeed actor=dev_admin count=0
2026-06-14T21:48:41.0833515Z [ADMIN] dice.feed.common itemsRaw=0
2026-06-14T21:48:41.0833515Z [ADMIN] dice.feed.common itemsMapped=0
2026-06-14T21:48:41.0843514Z [ADMIN] dice.visibleFeed actor=dev_admin count=0
2026-06-14T21:48:51.1205718Z [ADMIN] admin.accounts.pending actor=dev_admin count=0
2026-06-14T21:48:51.1387908Z [ADMIN] dice.feed.common itemsRaw=0
2026-06-14T21:48:51.1387908Z [ADMIN] dice.feed.common itemsMapped=0
2026-06-14T21:48:51.1387908Z [ADMIN] dice.visibleFeed actor=dev_admin count=0
2026-06-14T21:48:51.1716688Z [ADMIN] dice.feed.common itemsRaw=0
2026-06-14T21:48:51.1716688Z [ADMIN] dice.feed.common itemsMapped=0
2026-06-14T21:48:51.1721986Z [ADMIN] dice.visibleFeed actor=dev_admin count=0
2026-06-14T21:48:54.6386654Z [ADMIN] feature_flags.override_set flag=Dev.FeatureFlags.AcceptanceTest value=True user=5b7bf422afc5417fb7d0a4f0db04524c
2026-06-14T21:49:01.2127467Z [ADMIN] admin.accounts.pending actor=dev_admin count=0
2026-06-14T21:49:01.2273714Z [ADMIN] dice.feed.common itemsRaw=0
2026-06-14T21:49:01.2283727Z [ADMIN] dice.feed.common itemsMapped=0
2026-06-14T21:49:01.2283727Z [ADMIN] dice.visibleFeed actor=dev_admin count=0
2026-06-14T21:49:01.2606248Z [ADMIN] dice.feed.common itemsRaw=0
2026-06-14T21:49:01.2606248Z [ADMIN] dice.feed.common itemsMapped=0
2026-06-14T21:49:01.2606248Z [ADMIN] dice.visibleFeed actor=dev_admin count=0
2026-06-14T21:49:11.3078079Z [ADMIN] admin.accounts.pending actor=dev_admin count=0
2026-06-14T21:49:11.3228053Z [ADMIN] dice.feed.common itemsRaw=0
2026-06-14T21:49:11.3228053Z [ADMIN] dice.feed.common itemsMapped=0
2026-06-14T21:49:11.3228053Z [ADMIN] dice.visibleFeed actor=dev_admin count=0
2026-06-14T21:49:11.3562228Z [ADMIN] dice.feed.common itemsRaw=0
2026-06-14T21:49:11.3562228Z [ADMIN] dice.feed.common itemsMapped=0
2026-06-14T21:49:11.3562228Z [ADMIN] dice.visibleFeed actor=dev_admin count=0
2026-06-14T21:49:21.4013910Z [ADMIN] admin.accounts.pending actor=dev_admin count=0
2026-06-14T21:49:21.4166836Z [ADMIN] dice.feed.common itemsRaw=0
2026-06-14T21:49:21.4166836Z [ADMIN] dice.feed.common itemsMapped=0
2026-06-14T21:49:21.4166836Z [ADMIN] dice.visibleFeed actor=dev_admin count=0
2026-06-14T21:49:21.4492744Z [ADMIN] dice.feed.common itemsRaw=0
2026-06-14T21:49:21.4492744Z [ADMIN] dice.feed.common itemsMapped=0
2026-06-14T21:49:21.4502787Z [ADMIN] dice.visibleFeed actor=dev_admin count=0
2026-06-14T21:49:31.4937196Z [ADMIN] admin.accounts.pending actor=dev_admin count=0
2026-06-14T21:49:31.5101367Z [ADMIN] dice.feed.common itemsRaw=0
2026-06-14T21:49:31.5101367Z [ADMIN] dice.feed.common itemsMapped=0
2026-06-14T21:49:31.5101367Z [ADMIN] dice.visibleFeed actor=dev_admin count=0
2026-06-14T21:49:31.5438868Z [ADMIN] dice.feed.common itemsRaw=0
2026-06-14T21:49:31.5448868Z [ADMIN] dice.feed.common itemsMapped=0
2026-06-14T21:49:31.5448868Z [ADMIN] dice.visibleFeed actor=dev_admin count=0
2026-06-14T21:49:41.5891496Z [ADMIN] admin.accounts.pending actor=dev_admin count=0
2026-06-14T21:49:41.6036048Z [ADMIN] dice.feed.common itemsRaw=0
2026-06-14T21:49:41.6036048Z [ADMIN] dice.feed.common itemsMapped=0
2026-06-14T21:49:41.6046044Z [ADMIN] dice.visibleFeed actor=dev_admin count=0
2026-06-14T21:49:41.6366040Z [ADMIN] dice.feed.common itemsRaw=0
2026-06-14T21:49:41.6366040Z [ADMIN] dice.feed.common itemsMapped=0
2026-06-14T21:49:41.6366040Z [ADMIN] dice.visibleFeed actor=dev_admin count=0
2026-06-14T21:50:55.5447368Z [ADMIN] admin.accounts.pending actor=dev_admin count=0
2026-06-14T21:50:55.5917381Z [ADMIN] dice.feed.common itemsRaw=0
2026-06-14T21:50:55.5927368Z [ADMIN] dice.feed.common itemsMapped=0
2026-06-14T21:50:55.5927368Z [ADMIN] dice.visibleFeed actor=dev_admin count=0
2026-06-14T21:50:55.6636865Z [ADMIN] dice.feed.common itemsRaw=0
2026-06-14T21:50:55.6636865Z [ADMIN] dice.feed.common itemsMapped=0
2026-06-14T21:50:55.6636865Z [ADMIN] dice.visibleFeed actor=dev_admin count=0
2026-06-14T21:51:05.5273594Z [ADMIN] admin.accounts.pending actor=dev_admin count=0
2026-06-14T21:51:05.5441264Z [ADMIN] dice.feed.common itemsRaw=0
2026-06-14T21:51:05.5441264Z [ADMIN] dice.feed.common itemsMapped=0
2026-06-14T21:51:05.5446406Z [ADMIN] dice.visibleFeed actor=dev_admin count=0
2026-06-14T21:51:05.5757337Z [ADMIN] dice.feed.common itemsRaw=0
2026-06-14T21:51:05.5757337Z [ADMIN] dice.feed.common itemsMapped=0
2026-06-14T21:51:05.5767358Z [ADMIN] dice.visibleFeed actor=dev_admin count=0
2026-06-14T21:51:15.6212345Z [ADMIN] admin.accounts.pending actor=dev_admin count=0
2026-06-14T21:51:15.6356279Z [ADMIN] dice.feed.common itemsRaw=0
2026-06-14T21:51:15.6356279Z [ADMIN] dice.feed.common itemsMapped=0
2026-06-14T21:51:15.6366275Z [ADMIN] dice.visibleFeed actor=dev_admin count=0
2026-06-14T21:51:15.6710006Z [ADMIN] dice.feed.common itemsRaw=0
2026-06-14T21:51:15.6715224Z [ADMIN] dice.feed.common itemsMapped=0
2026-06-14T21:51:15.6715224Z [ADMIN] dice.visibleFeed actor=dev_admin count=0
2026-06-14T21:51:25.7169423Z [ADMIN] admin.accounts.pending actor=dev_admin count=0
2026-06-14T21:51:25.7321104Z [ADMIN] dice.feed.common itemsRaw=0
2026-06-14T21:51:25.7321104Z [ADMIN] dice.feed.common itemsMapped=0
2026-06-14T21:51:25.7321104Z [ADMIN] dice.visibleFeed actor=dev_admin count=0
2026-06-14T21:51:25.7645492Z [ADMIN] dice.feed.common itemsRaw=0
2026-06-14T21:51:25.7645492Z [ADMIN] dice.feed.common itemsMapped=0
2026-06-14T21:51:25.7645492Z [ADMIN] dice.visibleFeed actor=dev_admin count=0
2026-06-14T21:51:35.8060424Z [ADMIN] admin.accounts.pending actor=dev_admin count=0
2026-06-14T21:51:35.8212906Z [ADMIN] dice.feed.common itemsRaw=0
2026-06-14T21:51:35.8212906Z [ADMIN] dice.feed.common itemsMapped=0
2026-06-14T21:51:35.8212906Z [ADMIN] dice.visibleFeed actor=dev_admin count=0
2026-06-14T21:51:35.8557489Z [ADMIN] dice.feed.common itemsRaw=0
2026-06-14T21:51:35.8557489Z [ADMIN] dice.feed.common itemsMapped=0
2026-06-14T21:51:35.8557489Z [ADMIN] dice.visibleFeed actor=dev_admin count=0
2026-06-14T21:51:43.4673687Z [ADMIN] feature_flags.override_cleared flag=Dev.FeatureFlags.AcceptanceTest user=5b7bf422afc5417fb7d0a4f0db04524c
2026-06-14T21:51:45.9013741Z [ADMIN] admin.accounts.pending actor=dev_admin count=0
2026-06-14T21:51:45.9173760Z [ADMIN] dice.feed.common itemsRaw=0
2026-06-14T21:51:45.9173760Z [ADMIN] dice.feed.common itemsMapped=0
2026-06-14T21:51:45.9173760Z [ADMIN] dice.visibleFeed actor=dev_admin count=0
2026-06-14T21:51:45.9520629Z [ADMIN] dice.feed.common itemsRaw=0
2026-06-14T21:51:45.9520629Z [ADMIN] dice.feed.common itemsMapped=0
2026-06-14T21:51:45.9530361Z [ADMIN] dice.visibleFeed actor=dev_admin count=0
2026-06-14T21:51:56.0000736Z [ADMIN] admin.accounts.pending actor=dev_admin count=0
2026-06-14T21:51:56.0153510Z [ADMIN] dice.feed.common itemsRaw=0
2026-06-14T21:51:56.0153510Z [ADMIN] dice.feed.common itemsMapped=0
2026-06-14T21:51:56.0153510Z [ADMIN] dice.visibleFeed actor=dev_admin count=0
2026-06-14T21:51:56.0475084Z [ADMIN] dice.feed.common itemsRaw=0
2026-06-14T21:51:56.0485083Z [ADMIN] dice.feed.common itemsMapped=0
2026-06-14T21:51:56.0485083Z [ADMIN] dice.visibleFeed actor=dev_admin count=0
2026-06-14T21:52:06.0875450Z [ADMIN] admin.accounts.pending actor=dev_admin count=0
2026-06-14T21:52:06.1019705Z [ADMIN] dice.feed.common itemsRaw=0
2026-06-14T21:52:06.1019705Z [ADMIN] dice.feed.common itemsMapped=0
2026-06-14T21:52:06.1029705Z [ADMIN] dice.visibleFeed actor=dev_admin count=0
2026-06-14T21:52:06.1361638Z [ADMIN] dice.feed.common itemsRaw=0
2026-06-14T21:52:06.1361638Z [ADMIN] dice.feed.common itemsMapped=0
2026-06-14T21:52:06.1366944Z [ADMIN] dice.visibleFeed actor=dev_admin count=0
2026-06-14T21:52:16.1814437Z [ADMIN] admin.accounts.pending actor=dev_admin count=0
2026-06-14T21:52:16.1970001Z [ADMIN] dice.feed.common itemsRaw=0
2026-06-14T21:52:16.1970001Z [ADMIN] dice.feed.common itemsMapped=0
2026-06-14T21:52:16.1970001Z [ADMIN] dice.visibleFeed actor=dev_admin count=0
2026-06-14T21:52:16.2299709Z [ADMIN] dice.feed.common itemsRaw=0
2026-06-14T21:52:16.2309708Z [ADMIN] dice.feed.common itemsMapped=0
2026-06-14T21:52:16.2309708Z [ADMIN] dice.visibleFeed actor=dev_admin count=0
2026-06-14T21:52:26.2866045Z [ADMIN] admin.accounts.pending actor=dev_admin count=0
2026-06-14T21:52:26.3029514Z [ADMIN] dice.feed.common itemsRaw=0
2026-06-14T21:52:26.3034881Z [ADMIN] dice.feed.common itemsMapped=0
2026-06-14T21:52:26.3034881Z [ADMIN] dice.visibleFeed actor=dev_admin count=0
2026-06-14T21:52:26.3348900Z [ADMIN] dice.feed.common itemsRaw=0
2026-06-14T21:52:26.3358894Z [ADMIN] dice.feed.common itemsMapped=0
2026-06-14T21:52:26.3358894Z [ADMIN] dice.visibleFeed actor=dev_admin count=0
2026-06-14T21:52:36.3698126Z [ADMIN] admin.accounts.pending actor=dev_admin count=0
2026-06-14T21:52:36.3849374Z [ADMIN] dice.feed.common itemsRaw=0
2026-06-14T21:52:36.3849374Z [ADMIN] dice.feed.common itemsMapped=0
2026-06-14T21:52:36.3849374Z [ADMIN] dice.visibleFeed actor=dev_admin count=0
2026-06-14T21:52:36.4165404Z [ADMIN] dice.feed.common itemsRaw=0
2026-06-14T21:52:36.4175397Z [ADMIN] dice.feed.common itemsMapped=0
2026-06-14T21:52:36.4175397Z [ADMIN] dice.visibleFeed actor=dev_admin count=0
2026-06-14T21:52:46.4773730Z [ADMIN] admin.accounts.pending actor=dev_admin count=0
2026-06-14T21:52:46.4924498Z [ADMIN] dice.feed.common itemsRaw=0
2026-06-14T21:52:46.4924498Z [ADMIN] dice.feed.common itemsMapped=0
2026-06-14T21:52:46.4929811Z [ADMIN] dice.visibleFeed actor=dev_admin count=0
2026-06-14T21:52:46.5249125Z [ADMIN] dice.feed.common itemsRaw=0
2026-06-14T21:52:46.5254475Z [ADMIN] dice.feed.common itemsMapped=0
2026-06-14T21:52:46.5254475Z [ADMIN] dice.visibleFeed actor=dev_admin count=0
2026-06-14T21:52:56.5648756Z [ADMIN] admin.accounts.pending actor=dev_admin count=0
2026-06-14T21:52:56.5795356Z [ADMIN] dice.feed.common itemsRaw=0
2026-06-14T21:52:56.5805357Z [ADMIN] dice.feed.common itemsMapped=0
2026-06-14T21:52:56.5805357Z [ADMIN] dice.visibleFeed actor=dev_admin count=0
2026-06-14T21:52:56.6138593Z [ADMIN] dice.feed.common itemsRaw=0
2026-06-14T21:52:56.6145278Z [ADMIN] dice.feed.common itemsMapped=0
2026-06-14T21:52:56.6145278Z [ADMIN] dice.visibleFeed actor=dev_admin count=0
2026-06-14T21:53:06.6517037Z [ADMIN] admin.accounts.pending actor=dev_admin count=0
2026-06-14T21:53:06.6669836Z [ADMIN] dice.feed.common itemsRaw=0
2026-06-14T21:53:06.6669836Z [ADMIN] dice.feed.common itemsMapped=0
2026-06-14T21:53:06.6675073Z [ADMIN] dice.visibleFeed actor=dev_admin count=0
2026-06-14T21:53:06.7003658Z [ADMIN] dice.feed.common itemsRaw=0
2026-06-14T21:53:06.7013641Z [ADMIN] dice.feed.common itemsMapped=0
2026-06-14T21:53:06.7013641Z [ADMIN] dice.visibleFeed actor=dev_admin count=0
2026-06-14T21:53:16.7442269Z [ADMIN] admin.accounts.pending actor=dev_admin count=0
2026-06-14T21:53:16.7614173Z [ADMIN] dice.feed.common itemsRaw=0
2026-06-14T21:53:16.7614173Z [ADMIN] dice.feed.common itemsMapped=0
2026-06-14T21:53:16.7614173Z [ADMIN] dice.visibleFeed actor=dev_admin count=0
2026-06-14T21:53:16.7938035Z [ADMIN] dice.feed.common itemsRaw=0
2026-06-14T21:53:16.7938035Z [ADMIN] dice.feed.common itemsMapped=0
2026-06-14T21:53:16.7938035Z [ADMIN] dice.visibleFeed actor=dev_admin count=0
2026-06-14T21:53:26.8382215Z [ADMIN] admin.accounts.pending actor=dev_admin count=0
2026-06-14T21:53:26.8527305Z [ADMIN] dice.feed.common itemsRaw=0
2026-06-14T21:53:26.8527305Z [ADMIN] dice.feed.common itemsMapped=0
2026-06-14T21:53:26.8527305Z [ADMIN] dice.visibleFeed actor=dev_admin count=0
2026-06-14T21:53:26.8847859Z [ADMIN] dice.feed.common itemsRaw=0
2026-06-14T21:53:26.8847859Z [ADMIN] dice.feed.common itemsMapped=0
2026-06-14T21:53:26.8853202Z [ADMIN] dice.visibleFeed actor=dev_admin count=0
2026-06-14T21:53:36.9312726Z [ADMIN] admin.accounts.pending actor=dev_admin count=0
2026-06-14T21:53:36.9457370Z [ADMIN] dice.feed.common itemsRaw=0
2026-06-14T21:53:36.9457370Z [ADMIN] dice.feed.common itemsMapped=0
2026-06-14T21:53:36.9457370Z [ADMIN] dice.visibleFeed actor=dev_admin count=0
2026-06-14T21:53:36.9787427Z [ADMIN] dice.feed.common itemsRaw=0
2026-06-14T21:53:36.9787427Z [ADMIN] dice.feed.common itemsMapped=0
2026-06-14T21:53:36.9787427Z [ADMIN] dice.visibleFeed actor=dev_admin count=0
2026-06-14T21:53:47.0266272Z [ADMIN] admin.accounts.pending actor=dev_admin count=0
2026-06-14T21:53:47.0414128Z [ADMIN] dice.feed.common itemsRaw=0
2026-06-14T21:53:47.0414128Z [ADMIN] dice.feed.common itemsMapped=0
2026-06-14T21:53:47.0414128Z [ADMIN] dice.visibleFeed actor=dev_admin count=0
2026-06-14T21:53:47.0762031Z [ADMIN] dice.feed.common itemsRaw=0
2026-06-14T21:53:47.0762031Z [ADMIN] dice.feed.common itemsMapped=0
2026-06-14T21:53:47.0762031Z [ADMIN] dice.visibleFeed actor=dev_admin count=0
2026-06-14T21:53:54.0528440Z [ADMIN] request.handler.failed requestId=5c533bbc3371433fba091c5e6802d5fd command=featureFlags.admin.list type=Unauthorized message=Insufficient role.
2026-06-14T21:53:54.0560709Z [ADMIN] request.handler.failed requestId=5737ac29a9ee422f8067f0cc66d0ad82 command=featureFlags.admin.setOverride type=Unauthorized message=Insufficient role.
2026-06-14T21:53:54.0586836Z [ADMIN] request.handler.failed requestId=e166f0460bdc4c2a9e043d60dbb564e3 command=featureFlags.admin.clearOverride type=Unauthorized message=Insufficient role.
2026-06-14T21:53:57.1200910Z [ADMIN] admin.accounts.pending actor=dev_admin count=0
2026-06-14T21:53:57.1356826Z [ADMIN] dice.feed.common itemsRaw=0
2026-06-14T21:53:57.1356826Z [ADMIN] dice.feed.common itemsMapped=0
2026-06-14T21:53:57.1356826Z [ADMIN] dice.visibleFeed actor=dev_admin count=0
2026-06-14T21:53:57.1682584Z [ADMIN] dice.feed.common itemsRaw=0
2026-06-14T21:53:57.1682584Z [ADMIN] dice.feed.common itemsMapped=0
2026-06-14T21:53:57.1682584Z [ADMIN] dice.visibleFeed actor=dev_admin count=0
2026-06-14T21:54:07.2125696Z [ADMIN] admin.accounts.pending actor=dev_admin count=0
2026-06-14T21:54:07.2277308Z [ADMIN] dice.feed.common itemsRaw=0
2026-06-14T21:54:07.2282446Z [ADMIN] dice.feed.common itemsMapped=0
2026-06-14T21:54:07.2282557Z [ADMIN] dice.visibleFeed actor=dev_admin count=0
2026-06-14T21:54:07.2610924Z [ADMIN] dice.feed.common itemsRaw=0
2026-06-14T21:54:07.2610924Z [ADMIN] dice.feed.common itemsMapped=0
2026-06-14T21:54:07.2610924Z [ADMIN] dice.visibleFeed actor=dev_admin count=0
2026-06-16T17:36:24.7440392Z [ADMIN] admin.accounts.pending actor=dev_admin count=0
2026-06-16T17:36:24.7933014Z [ADMIN] dice.feed.common itemsRaw=0
2026-06-16T17:36:24.7943014Z [ADMIN] dice.feed.common itemsMapped=0
2026-06-16T17:36:24.7943014Z [ADMIN] dice.visibleFeed actor=dev_admin count=0
2026-06-16T17:36:24.8735236Z [ADMIN] dice.feed.common itemsRaw=0
2026-06-16T17:36:24.8735236Z [ADMIN] dice.feed.common itemsMapped=0
2026-06-16T17:36:24.8735236Z [ADMIN] dice.visibleFeed actor=dev_admin count=0
2026-06-16T17:36:34.7283643Z [ADMIN] admin.accounts.pending actor=dev_admin count=0
2026-06-16T17:36:34.7445504Z [ADMIN] dice.feed.common itemsRaw=0
2026-06-16T17:36:34.7445504Z [ADMIN] dice.feed.common itemsMapped=0
2026-06-16T17:36:34.7445504Z [ADMIN] dice.visibleFeed actor=dev_admin count=0
2026-06-16T17:36:34.7793816Z [ADMIN] dice.feed.common itemsRaw=0
2026-06-16T17:36:34.7802640Z [ADMIN] dice.feed.common itemsMapped=0
2026-06-16T17:36:34.7802640Z [ADMIN] dice.visibleFeed actor=dev_admin count=0
2026-06-16T17:36:44.8234300Z [ADMIN] admin.accounts.pending actor=dev_admin count=0
2026-06-16T17:36:44.8384298Z [ADMIN] dice.feed.common itemsRaw=0
2026-06-16T17:36:44.8384298Z [ADMIN] dice.feed.common itemsMapped=0
2026-06-16T17:36:44.8384298Z [ADMIN] dice.visibleFeed actor=dev_admin count=0
2026-06-16T17:36:44.8743607Z [ADMIN] dice.feed.common itemsRaw=0
2026-06-16T17:36:44.8743607Z [ADMIN] dice.feed.common itemsMapped=0
2026-06-16T17:36:44.8748817Z [ADMIN] dice.visibleFeed actor=dev_admin count=0
2026-06-16T17:36:54.9265542Z [ADMIN] admin.accounts.pending actor=dev_admin count=0
2026-06-16T17:36:54.9410022Z [ADMIN] dice.feed.common itemsRaw=0
2026-06-16T17:36:54.9410022Z [ADMIN] dice.feed.common itemsMapped=0
2026-06-16T17:36:54.9420120Z [ADMIN] dice.visibleFeed actor=dev_admin count=0
2026-06-16T17:36:54.9793509Z [ADMIN] dice.feed.common itemsRaw=0
2026-06-16T17:36:54.9807732Z [ADMIN] dice.feed.common itemsMapped=0
2026-06-16T17:36:54.9807732Z [ADMIN] dice.visibleFeed actor=dev_admin count=0
2026-06-16T17:37:05.0274493Z [ADMIN] admin.accounts.pending actor=dev_admin count=0
2026-06-16T17:37:05.0431852Z [ADMIN] dice.feed.common itemsRaw=0
2026-06-16T17:37:05.0437136Z [ADMIN] dice.feed.common itemsMapped=0
2026-06-16T17:37:05.0437136Z [ADMIN] dice.visibleFeed actor=dev_admin count=0
2026-06-16T17:37:05.0847825Z [ADMIN] dice.feed.common itemsRaw=0
2026-06-16T17:37:05.0847825Z [ADMIN] dice.feed.common itemsMapped=0
2026-06-16T17:37:05.0847825Z [ADMIN] dice.visibleFeed actor=dev_admin count=0
2026-06-16T17:37:06.4432802Z [ADMIN] character.admin.list actor=dev_admin count=1 includeArchived=False
2026-06-16T17:37:06.4732809Z [ADMIN] character.inventory.get count=0
2026-06-16T17:37:06.4836703Z [ADMIN] character.holdings.get count=0
2026-06-16T17:37:06.4947034Z [ADMIN] character.reputation.get count=0
2026-06-16T17:37:06.5057030Z [ADMIN] character.companions.get count=0
2026-06-16T17:37:06.5217044Z [ADMIN] character.skills.get auth actor=dev_admin characterId=fbd8a7b8e9a74810becc233f30fe9160 ownerCheck=False allowed=True
2026-06-16T17:37:06.5227031Z [ADMIN] character.skills.get actor=dev_admin characterId=fbd8a7b8e9a74810becc233f30fe9160 count=0
2026-06-16T17:37:15.1348343Z [ADMIN] admin.accounts.pending actor=dev_admin count=0
2026-06-16T17:37:15.1508282Z [ADMIN] dice.feed.common itemsRaw=0
2026-06-16T17:37:15.1508282Z [ADMIN] dice.feed.common itemsMapped=0
2026-06-16T17:37:15.1508282Z [ADMIN] dice.visibleFeed actor=dev_admin count=0
2026-06-16T17:37:15.1852469Z [ADMIN] character.skills.get auth actor=dev_admin characterId=fbd8a7b8e9a74810becc233f30fe9160 ownerCheck=False allowed=True
2026-06-16T17:37:15.1852469Z [ADMIN] character.skills.get actor=dev_admin characterId=fbd8a7b8e9a74810becc233f30fe9160 count=0
2026-06-16T17:37:15.2129432Z [ADMIN] dice.feed.common itemsRaw=0
2026-06-16T17:37:15.2129432Z [ADMIN] dice.feed.common itemsMapped=0
2026-06-16T17:37:15.2139433Z [ADMIN] dice.visibleFeed actor=dev_admin count=0
2026-06-16T17:37:25.2592420Z [ADMIN] admin.accounts.pending actor=dev_admin count=0
2026-06-16T17:37:25.2749772Z [ADMIN] dice.feed.common itemsRaw=0
2026-06-16T17:37:25.2749772Z [ADMIN] dice.feed.common itemsMapped=0
2026-06-16T17:37:25.2749772Z [ADMIN] dice.visibleFeed actor=dev_admin count=0
2026-06-16T17:37:25.3043084Z [ADMIN] character.skills.get auth actor=dev_admin characterId=fbd8a7b8e9a74810becc233f30fe9160 ownerCheck=False allowed=True
2026-06-16T17:37:25.3043084Z [ADMIN] character.skills.get actor=dev_admin characterId=fbd8a7b8e9a74810becc233f30fe9160 count=0
2026-06-16T17:37:25.3323079Z [ADMIN] dice.feed.common itemsRaw=0
2026-06-16T17:37:25.3323079Z [ADMIN] dice.feed.common itemsMapped=0
2026-06-16T17:37:25.3323079Z [ADMIN] dice.visibleFeed actor=dev_admin count=0
2026-06-16T17:37:35.3697300Z [ADMIN] admin.accounts.pending actor=dev_admin count=0
2026-06-16T17:37:35.3863018Z [ADMIN] dice.feed.common itemsRaw=0
2026-06-16T17:37:35.3863018Z [ADMIN] dice.feed.common itemsMapped=0
2026-06-16T17:37:35.3868368Z [ADMIN] dice.visibleFeed actor=dev_admin count=0
2026-06-16T17:37:35.4191623Z [ADMIN] character.skills.get auth actor=dev_admin characterId=fbd8a7b8e9a74810becc233f30fe9160 ownerCheck=False allowed=True
2026-06-16T17:37:35.4191623Z [ADMIN] character.skills.get actor=dev_admin characterId=fbd8a7b8e9a74810becc233f30fe9160 count=0
2026-06-16T17:37:35.4471627Z [ADMIN] dice.feed.common itemsRaw=0
2026-06-16T17:37:35.4471627Z [ADMIN] dice.feed.common itemsMapped=0
2026-06-16T17:37:35.4481628Z [ADMIN] dice.visibleFeed actor=dev_admin count=0
2026-06-16T17:37:45.5068947Z [ADMIN] admin.accounts.pending actor=dev_admin count=0
2026-06-16T17:37:45.5218951Z [ADMIN] dice.feed.common itemsRaw=0
2026-06-16T17:37:45.5218951Z [ADMIN] dice.feed.common itemsMapped=0
2026-06-16T17:37:45.5218951Z [ADMIN] dice.visibleFeed actor=dev_admin count=0
2026-06-16T17:37:45.5528708Z [ADMIN] character.skills.get auth actor=dev_admin characterId=fbd8a7b8e9a74810becc233f30fe9160 ownerCheck=False allowed=True
2026-06-16T17:37:45.5528708Z [ADMIN] character.skills.get actor=dev_admin characterId=fbd8a7b8e9a74810becc233f30fe9160 count=0
2026-06-16T17:37:45.5818705Z [ADMIN] dice.feed.common itemsRaw=0
2026-06-16T17:37:45.5818705Z [ADMIN] dice.feed.common itemsMapped=0
2026-06-16T17:37:45.5828701Z [ADMIN] dice.visibleFeed actor=dev_admin count=0
2026-06-16T17:37:55.6228367Z [ADMIN] admin.accounts.pending actor=dev_admin count=0
2026-06-16T17:37:55.6380267Z [ADMIN] dice.feed.common itemsRaw=0
2026-06-16T17:37:55.6380267Z [ADMIN] dice.feed.common itemsMapped=0
2026-06-16T17:37:55.6390264Z [ADMIN] dice.visibleFeed actor=dev_admin count=0
2026-06-16T17:37:55.6694332Z [ADMIN] character.skills.get auth actor=dev_admin characterId=fbd8a7b8e9a74810becc233f30fe9160 ownerCheck=False allowed=True
2026-06-16T17:37:55.6694332Z [ADMIN] character.skills.get actor=dev_admin characterId=fbd8a7b8e9a74810becc233f30fe9160 count=0
2026-06-16T17:37:55.6970470Z [ADMIN] dice.feed.common itemsRaw=0
2026-06-16T17:37:55.6970470Z [ADMIN] dice.feed.common itemsMapped=0
2026-06-16T17:37:55.6970470Z [ADMIN] dice.visibleFeed actor=dev_admin count=0
2026-06-16T17:38:05.7501191Z [ADMIN] admin.accounts.pending actor=dev_admin count=0
2026-06-16T17:38:05.7655471Z [ADMIN] dice.feed.common itemsRaw=0
2026-06-16T17:38:05.7655471Z [ADMIN] dice.feed.common itemsMapped=0
2026-06-16T17:38:05.7655471Z [ADMIN] dice.visibleFeed actor=dev_admin count=0
2026-06-16T17:38:05.7958570Z [ADMIN] character.skills.get auth actor=dev_admin characterId=fbd8a7b8e9a74810becc233f30fe9160 ownerCheck=False allowed=True
2026-06-16T17:38:05.7968548Z [ADMIN] character.skills.get actor=dev_admin characterId=fbd8a7b8e9a74810becc233f30fe9160 count=0
2026-06-16T17:38:05.8258557Z [ADMIN] dice.feed.common itemsRaw=0
2026-06-16T17:38:05.8258557Z [ADMIN] dice.feed.common itemsMapped=0
2026-06-16T17:38:05.8258557Z [ADMIN] dice.visibleFeed actor=dev_admin count=0
2026-06-16T17:38:15.8739240Z [ADMIN] admin.accounts.pending actor=dev_admin count=0
2026-06-16T17:38:15.8895753Z [ADMIN] dice.feed.common itemsRaw=0
2026-06-16T17:38:15.8895753Z [ADMIN] dice.feed.common itemsMapped=0
2026-06-16T17:38:15.8895753Z [ADMIN] dice.visibleFeed actor=dev_admin count=0
2026-06-16T17:38:15.9201964Z [ADMIN] character.skills.get auth actor=dev_admin characterId=fbd8a7b8e9a74810becc233f30fe9160 ownerCheck=False allowed=True
2026-06-16T17:38:15.9201964Z [ADMIN] character.skills.get actor=dev_admin characterId=fbd8a7b8e9a74810becc233f30fe9160 count=0
2026-06-16T17:38:15.9474958Z [ADMIN] dice.feed.common itemsRaw=0
2026-06-16T17:38:15.9474958Z [ADMIN] dice.feed.common itemsMapped=0
2026-06-16T17:38:15.9474958Z [ADMIN] dice.visibleFeed actor=dev_admin count=0
2026-06-16T17:38:25.9952602Z [ADMIN] admin.accounts.pending actor=dev_admin count=0
2026-06-16T17:38:26.0098305Z [ADMIN] dice.feed.common itemsRaw=0
2026-06-16T17:38:26.0098305Z [ADMIN] dice.feed.common itemsMapped=0
2026-06-16T17:38:26.0108315Z [ADMIN] dice.visibleFeed actor=dev_admin count=0
2026-06-16T17:38:26.0405931Z [ADMIN] character.skills.get auth actor=dev_admin characterId=fbd8a7b8e9a74810becc233f30fe9160 ownerCheck=False allowed=True
2026-06-16T17:38:26.0405931Z [ADMIN] character.skills.get actor=dev_admin characterId=fbd8a7b8e9a74810becc233f30fe9160 count=0
2026-06-16T17:38:26.0680445Z [ADMIN] dice.feed.common itemsRaw=0
2026-06-16T17:38:26.0680445Z [ADMIN] dice.feed.common itemsMapped=0
2026-06-16T17:38:26.0690449Z [ADMIN] dice.visibleFeed actor=dev_admin count=0
2026-06-16T17:38:36.1035035Z [ADMIN] admin.accounts.pending actor=dev_admin count=0
2026-06-16T17:38:36.1200147Z [ADMIN] dice.feed.common itemsRaw=0
2026-06-16T17:38:36.1200147Z [ADMIN] dice.feed.common itemsMapped=0
2026-06-16T17:38:36.1200147Z [ADMIN] dice.visibleFeed actor=dev_admin count=0
2026-06-16T17:38:36.1501930Z [ADMIN] character.skills.get auth actor=dev_admin characterId=fbd8a7b8e9a74810becc233f30fe9160 ownerCheck=False allowed=True
2026-06-16T17:38:36.1511937Z [ADMIN] character.skills.get actor=dev_admin characterId=fbd8a7b8e9a74810becc233f30fe9160 count=0
2026-06-16T17:38:36.1775636Z [ADMIN] dice.feed.common itemsRaw=0
2026-06-16T17:38:36.1775636Z [ADMIN] dice.feed.common itemsMapped=0
2026-06-16T17:38:36.1775636Z [ADMIN] dice.visibleFeed actor=dev_admin count=0
2026-06-16T17:38:46.2125207Z [ADMIN] admin.accounts.pending actor=dev_admin count=0
2026-06-16T17:38:46.2273946Z [ADMIN] dice.feed.common itemsRaw=0
2026-06-16T17:38:46.2273946Z [ADMIN] dice.feed.common itemsMapped=0
2026-06-16T17:38:46.2283944Z [ADMIN] dice.visibleFeed actor=dev_admin count=0
2026-06-16T17:38:46.2589983Z [ADMIN] character.skills.get auth actor=dev_admin characterId=fbd8a7b8e9a74810becc233f30fe9160 ownerCheck=False allowed=True
2026-06-16T17:38:46.2593749Z [ADMIN] character.skills.get actor=dev_admin characterId=fbd8a7b8e9a74810becc233f30fe9160 count=0
2026-06-16T17:38:46.2867216Z [ADMIN] dice.feed.common itemsRaw=0
2026-06-16T17:38:46.2867216Z [ADMIN] dice.feed.common itemsMapped=0
2026-06-16T17:38:46.2872448Z [ADMIN] dice.visibleFeed actor=dev_admin count=0
2026-06-16T17:38:56.3229769Z [ADMIN] admin.accounts.pending actor=dev_admin count=0
2026-06-16T17:38:56.3401428Z [ADMIN] dice.feed.common itemsRaw=0
2026-06-16T17:38:56.3401428Z [ADMIN] dice.feed.common itemsMapped=0
2026-06-16T17:38:56.3406755Z [ADMIN] dice.visibleFeed actor=dev_admin count=0
2026-06-16T17:38:56.3733283Z [ADMIN] character.skills.get auth actor=dev_admin characterId=fbd8a7b8e9a74810becc233f30fe9160 ownerCheck=False allowed=True
2026-06-16T17:38:56.3733283Z [ADMIN] character.skills.get actor=dev_admin characterId=fbd8a7b8e9a74810becc233f30fe9160 count=0
2026-06-16T17:38:56.4031744Z [ADMIN] dice.feed.common itemsRaw=0
2026-06-16T17:38:56.4032423Z [ADMIN] dice.feed.common itemsMapped=0
2026-06-16T17:38:56.4032423Z [ADMIN] dice.visibleFeed actor=dev_admin count=0
2026-06-16T17:39:06.4523122Z [ADMIN] admin.accounts.pending actor=dev_admin count=0
2026-06-16T17:39:06.4681643Z [ADMIN] dice.feed.common itemsRaw=0
2026-06-16T17:39:06.4681643Z [ADMIN] dice.feed.common itemsMapped=0
2026-06-16T17:39:06.4681643Z [ADMIN] dice.visibleFeed actor=dev_admin count=0
2026-06-16T17:39:06.4985182Z [ADMIN] character.skills.get auth actor=dev_admin characterId=fbd8a7b8e9a74810becc233f30fe9160 ownerCheck=False allowed=True
2026-06-16T17:39:06.4985182Z [ADMIN] character.skills.get actor=dev_admin characterId=fbd8a7b8e9a74810becc233f30fe9160 count=0
2026-06-16T17:39:06.5256505Z [ADMIN] dice.feed.common itemsRaw=0
2026-06-16T17:39:06.5256505Z [ADMIN] dice.feed.common itemsMapped=0
2026-06-16T17:39:06.5266517Z [ADMIN] dice.visibleFeed actor=dev_admin count=0
2026-06-16T17:39:16.5777741Z [ADMIN] admin.accounts.pending actor=dev_admin count=0
2026-06-16T17:39:16.5927761Z [ADMIN] dice.feed.common itemsRaw=0
2026-06-16T17:39:16.5927761Z [ADMIN] dice.feed.common itemsMapped=0
2026-06-16T17:39:16.5937738Z [ADMIN] dice.visibleFeed actor=dev_admin count=0
2026-06-16T17:39:16.6247751Z [ADMIN] character.skills.get auth actor=dev_admin characterId=fbd8a7b8e9a74810becc233f30fe9160 ownerCheck=False allowed=True
2026-06-16T17:39:16.6247751Z [ADMIN] character.skills.get actor=dev_admin characterId=fbd8a7b8e9a74810becc233f30fe9160 count=0
2026-06-16T17:39:16.6517736Z [ADMIN] dice.feed.common itemsRaw=0
2026-06-16T17:39:16.6517736Z [ADMIN] dice.feed.common itemsMapped=0
2026-06-16T17:39:16.6517736Z [ADMIN] dice.visibleFeed actor=dev_admin count=0
2026-06-16T17:39:26.7017834Z [ADMIN] admin.accounts.pending actor=dev_admin count=0
2026-06-16T17:39:26.7175060Z [ADMIN] dice.feed.common itemsRaw=0
2026-06-16T17:39:26.7180291Z [ADMIN] dice.feed.common itemsMapped=0
2026-06-16T17:39:26.7180291Z [ADMIN] dice.visibleFeed actor=dev_admin count=0
2026-06-16T17:39:26.7477868Z [ADMIN] character.skills.get auth actor=dev_admin characterId=fbd8a7b8e9a74810becc233f30fe9160 ownerCheck=False allowed=True
2026-06-16T17:39:26.7487827Z [ADMIN] character.skills.get actor=dev_admin characterId=fbd8a7b8e9a74810becc233f30fe9160 count=0
2026-06-16T17:39:26.7747841Z [ADMIN] dice.feed.common itemsRaw=0
2026-06-16T17:39:26.7757832Z [ADMIN] dice.feed.common itemsMapped=0
2026-06-16T17:39:26.7757832Z [ADMIN] dice.visibleFeed actor=dev_admin count=0
2026-06-16T17:40:01.9519047Z [ADMIN] admin.accounts.pending actor=dev_admin count=0
2026-06-16T17:40:01.9779056Z [ADMIN] dice.feed.common itemsRaw=0
2026-06-16T17:40:01.9779056Z [ADMIN] dice.feed.common itemsMapped=0
2026-06-16T17:40:01.9779056Z [ADMIN] dice.visibleFeed actor=dev_admin count=0
2026-06-16T17:40:02.0269053Z [ADMIN] dice.feed.common itemsRaw=0
2026-06-16T17:40:02.0269053Z [ADMIN] dice.feed.common itemsMapped=0
2026-06-16T17:40:02.0269053Z [ADMIN] dice.visibleFeed actor=dev_admin count=0
2026-06-16T17:40:11.9577002Z [ADMIN] admin.accounts.pending actor=dev_admin count=0
2026-06-16T17:40:11.9747007Z [ADMIN] dice.feed.common itemsRaw=0
2026-06-16T17:40:11.9757017Z [ADMIN] dice.feed.common itemsMapped=0
2026-06-16T17:40:11.9757017Z [ADMIN] dice.visibleFeed actor=dev_admin count=0
2026-06-16T17:40:12.0132659Z [ADMIN] dice.feed.common itemsRaw=0
2026-06-16T17:40:12.0137933Z [ADMIN] dice.feed.common itemsMapped=0
2026-06-16T17:40:12.0137933Z [ADMIN] dice.visibleFeed actor=dev_admin count=0
2026-06-16T17:40:14.1512138Z [ADMIN] character.admin.list actor=dev_admin count=1 includeArchived=False
2026-06-16T17:40:14.1763815Z [ADMIN] character.inventory.get count=0
2026-06-16T17:40:14.1878948Z [ADMIN] character.holdings.get count=0
2026-06-16T17:40:14.1978946Z [ADMIN] character.reputation.get count=0
2026-06-16T17:40:14.2078952Z [ADMIN] character.companions.get count=0
2026-06-16T17:40:14.2238946Z [ADMIN] character.skills.get auth actor=dev_admin characterId=fbd8a7b8e9a74810becc233f30fe9160 ownerCheck=False allowed=True
2026-06-16T17:40:14.2238946Z [ADMIN] character.skills.get actor=dev_admin characterId=fbd8a7b8e9a74810becc233f30fe9160 count=0
2026-06-16T17:40:22.0568993Z [ADMIN] admin.accounts.pending actor=dev_admin count=0
2026-06-16T17:40:22.0729001Z [ADMIN] dice.feed.common itemsRaw=0
2026-06-16T17:40:22.0739002Z [ADMIN] dice.feed.common itemsMapped=0
2026-06-16T17:40:22.0739002Z [ADMIN] dice.visibleFeed actor=dev_admin count=0
2026-06-16T17:40:22.1052766Z [ADMIN] character.skills.get auth actor=dev_admin characterId=fbd8a7b8e9a74810becc233f30fe9160 ownerCheck=False allowed=True
2026-06-16T17:40:22.1052766Z [ADMIN] character.skills.get actor=dev_admin characterId=fbd8a7b8e9a74810becc233f30fe9160 count=0
2026-06-16T17:40:22.1332765Z [ADMIN] dice.feed.common itemsRaw=0
2026-06-16T17:40:22.1332765Z [ADMIN] dice.feed.common itemsMapped=0
2026-06-16T17:40:22.1332765Z [ADMIN] dice.visibleFeed actor=dev_admin count=0
2026-06-16T17:40:32.1653299Z [ADMIN] admin.accounts.pending actor=dev_admin count=0
2026-06-16T17:40:32.1807471Z [ADMIN] dice.feed.common itemsRaw=0
2026-06-16T17:40:32.1807471Z [ADMIN] dice.feed.common itemsMapped=0
2026-06-16T17:40:32.1807471Z [ADMIN] dice.visibleFeed actor=dev_admin count=0
2026-06-16T17:40:32.2127995Z [ADMIN] character.skills.get auth actor=dev_admin characterId=fbd8a7b8e9a74810becc233f30fe9160 ownerCheck=False allowed=True
2026-06-16T17:40:32.2127995Z [ADMIN] character.skills.get actor=dev_admin characterId=fbd8a7b8e9a74810becc233f30fe9160 count=0
2026-06-16T17:40:32.2418540Z [ADMIN] dice.feed.common itemsRaw=0
2026-06-16T17:40:32.2418540Z [ADMIN] dice.feed.common itemsMapped=0
2026-06-16T17:40:32.2418540Z [ADMIN] dice.visibleFeed actor=dev_admin count=0
2026-06-16T17:40:42.2802948Z [ADMIN] admin.accounts.pending actor=dev_admin count=0
2026-06-16T17:40:42.2952961Z [ADMIN] dice.feed.common itemsRaw=0
2026-06-16T17:40:42.2952961Z [ADMIN] dice.feed.common itemsMapped=0
2026-06-16T17:40:42.2962946Z [ADMIN] dice.visibleFeed actor=dev_admin count=0
2026-06-16T17:40:42.3278460Z [ADMIN] character.skills.get auth actor=dev_admin characterId=fbd8a7b8e9a74810becc233f30fe9160 ownerCheck=False allowed=True
2026-06-16T17:40:42.3278460Z [ADMIN] character.skills.get actor=dev_admin characterId=fbd8a7b8e9a74810becc233f30fe9160 count=0
2026-06-16T17:40:42.3548857Z [ADMIN] dice.feed.common itemsRaw=0
2026-06-16T17:40:42.3548857Z [ADMIN] dice.feed.common itemsMapped=0
2026-06-16T17:40:42.3548857Z [ADMIN] dice.visibleFeed actor=dev_admin count=0
2026-06-16T17:40:52.4057562Z [ADMIN] admin.accounts.pending actor=dev_admin count=0
2026-06-16T17:40:52.4210514Z [ADMIN] dice.feed.common itemsRaw=0
2026-06-16T17:40:52.4210514Z [ADMIN] dice.feed.common itemsMapped=0
2026-06-16T17:40:52.4210514Z [ADMIN] dice.visibleFeed actor=dev_admin count=0
2026-06-16T17:40:52.4524711Z [ADMIN] character.skills.get auth actor=dev_admin characterId=fbd8a7b8e9a74810becc233f30fe9160 ownerCheck=False allowed=True
2026-06-16T17:40:52.4529971Z [ADMIN] character.skills.get actor=dev_admin characterId=fbd8a7b8e9a74810becc233f30fe9160 count=0
2026-06-16T17:40:52.4796525Z [ADMIN] dice.feed.common itemsRaw=0
2026-06-16T17:40:52.4796525Z [ADMIN] dice.feed.common itemsMapped=0
2026-06-16T17:40:52.4796525Z [ADMIN] dice.visibleFeed actor=dev_admin count=0
2026-06-16T17:40:55.1350706Z [ADMIN] character.admin.list actor=dev_admin count=1 includeArchived=False
2026-06-16T17:40:55.1545127Z [ADMIN] character.inventory.get count=0
2026-06-16T17:40:55.1647451Z [ADMIN] character.holdings.get count=0
2026-06-16T17:40:55.1744889Z [ADMIN] character.reputation.get count=0
2026-06-16T17:40:55.1833751Z [ADMIN] character.companions.get count=0
2026-06-16T17:40:55.1907325Z [ADMIN] character.skills.get auth actor=dev_admin characterId=fbd8a7b8e9a74810becc233f30fe9160 ownerCheck=False allowed=True
2026-06-16T17:40:55.1907325Z [ADMIN] character.skills.get actor=dev_admin characterId=fbd8a7b8e9a74810becc233f30fe9160 count=0
2026-06-16T17:41:02.5368421Z [ADMIN] admin.accounts.pending actor=dev_admin count=0
2026-06-16T17:41:02.5518426Z [ADMIN] dice.feed.common itemsRaw=0
2026-06-16T17:41:02.5518426Z [ADMIN] dice.feed.common itemsMapped=0
2026-06-16T17:41:02.5518426Z [ADMIN] dice.visibleFeed actor=dev_admin count=0
2026-06-16T17:41:02.5828433Z [ADMIN] character.skills.get auth actor=dev_admin characterId=fbd8a7b8e9a74810becc233f30fe9160 ownerCheck=False allowed=True
2026-06-16T17:41:02.5838437Z [ADMIN] character.skills.get actor=dev_admin characterId=fbd8a7b8e9a74810becc233f30fe9160 count=0
2026-06-16T17:41:02.6101270Z [ADMIN] dice.feed.common itemsRaw=0
2026-06-16T17:41:02.6101270Z [ADMIN] dice.feed.common itemsMapped=0
2026-06-16T17:41:02.6101270Z [ADMIN] dice.visibleFeed actor=dev_admin count=0
2026-06-16T17:41:12.6501812Z [ADMIN] admin.accounts.pending actor=dev_admin count=0
2026-06-16T17:41:12.6651812Z [ADMIN] dice.feed.common itemsRaw=0
2026-06-16T17:41:12.6661806Z [ADMIN] dice.feed.common itemsMapped=0
2026-06-16T17:41:12.6661806Z [ADMIN] dice.visibleFeed actor=dev_admin count=0
2026-06-16T17:41:12.6965898Z [ADMIN] character.skills.get auth actor=dev_admin characterId=fbd8a7b8e9a74810becc233f30fe9160 ownerCheck=False allowed=True
2026-06-16T17:41:12.6965898Z [ADMIN] character.skills.get actor=dev_admin characterId=fbd8a7b8e9a74810becc233f30fe9160 count=0
2026-06-16T17:41:12.7241663Z [ADMIN] dice.feed.common itemsRaw=0
2026-06-16T17:41:12.7241663Z [ADMIN] dice.feed.common itemsMapped=0
2026-06-16T17:41:12.7251662Z [ADMIN] dice.visibleFeed actor=dev_admin count=0
2026-06-16T17:41:22.7590373Z [ADMIN] admin.accounts.pending actor=dev_admin count=0
2026-06-16T17:41:22.7739506Z [ADMIN] dice.feed.common itemsRaw=0
2026-06-16T17:41:22.7739506Z [ADMIN] dice.feed.common itemsMapped=0
2026-06-16T17:41:22.7749513Z [ADMIN] dice.visibleFeed actor=dev_admin count=0
2026-06-16T17:41:22.8042854Z [ADMIN] character.skills.get auth actor=dev_admin characterId=fbd8a7b8e9a74810becc233f30fe9160 ownerCheck=False allowed=True
2026-06-16T17:41:22.8049561Z [ADMIN] character.skills.get actor=dev_admin characterId=fbd8a7b8e9a74810becc233f30fe9160 count=0
2026-06-16T17:41:22.8320805Z [ADMIN] dice.feed.common itemsRaw=0
2026-06-16T17:41:22.8320805Z [ADMIN] dice.feed.common itemsMapped=0
2026-06-16T17:41:22.8330806Z [ADMIN] dice.visibleFeed actor=dev_admin count=0
2026-06-16T17:41:32.8705347Z [ADMIN] admin.accounts.pending actor=dev_admin count=0
2026-06-16T17:41:32.8867838Z [ADMIN] dice.feed.common itemsRaw=0
2026-06-16T17:41:32.8867838Z [ADMIN] dice.feed.common itemsMapped=0
2026-06-16T17:41:32.8873040Z [ADMIN] dice.visibleFeed actor=dev_admin count=0
2026-06-16T17:41:32.9176193Z [ADMIN] character.skills.get auth actor=dev_admin characterId=fbd8a7b8e9a74810becc233f30fe9160 ownerCheck=False allowed=True
2026-06-16T17:41:32.9176193Z [ADMIN] character.skills.get actor=dev_admin characterId=fbd8a7b8e9a74810becc233f30fe9160 count=0
2026-06-16T17:41:32.9451328Z [ADMIN] dice.feed.common itemsRaw=0
2026-06-16T17:41:32.9451328Z [ADMIN] dice.feed.common itemsMapped=0
2026-06-16T17:41:32.9451328Z [ADMIN] dice.visibleFeed actor=dev_admin count=0
2026-06-16T17:41:42.0944442Z [ADMIN] character.admin.list actor=dev_admin count=1 includeArchived=False
2026-06-16T17:41:42.1124443Z [ADMIN] character.inventory.get count=0
2026-06-16T17:41:42.1224445Z [ADMIN] character.holdings.get count=0
2026-06-16T17:41:42.1304448Z [ADMIN] character.reputation.get count=0
2026-06-16T17:41:42.1404437Z [ADMIN] character.companions.get count=0
2026-06-16T17:41:42.1474432Z [ADMIN] character.skills.get auth actor=dev_admin characterId=fbd8a7b8e9a74810becc233f30fe9160 ownerCheck=False allowed=True
2026-06-16T17:41:42.1474432Z [ADMIN] character.skills.get actor=dev_admin characterId=fbd8a7b8e9a74810becc233f30fe9160 count=0
2026-06-16T17:41:42.9842572Z [ADMIN] admin.accounts.pending actor=dev_admin count=0
2026-06-16T17:41:43.0005677Z [ADMIN] dice.feed.common itemsRaw=0
2026-06-16T17:41:43.0005677Z [ADMIN] dice.feed.common itemsMapped=0
2026-06-16T17:41:43.0005677Z [ADMIN] dice.visibleFeed actor=dev_admin count=0
2026-06-16T17:41:43.0325679Z [ADMIN] character.skills.get auth actor=dev_admin characterId=fbd8a7b8e9a74810becc233f30fe9160 ownerCheck=False allowed=True
2026-06-16T17:41:43.0325679Z [ADMIN] character.skills.get actor=dev_admin characterId=fbd8a7b8e9a74810becc233f30fe9160 count=0
2026-06-16T17:41:43.0645666Z [ADMIN] dice.feed.common itemsRaw=0
2026-06-16T17:41:43.0645666Z [ADMIN] dice.feed.common itemsMapped=0
2026-06-16T17:41:43.0645666Z [ADMIN] dice.visibleFeed actor=dev_admin count=0
2026-06-16T17:41:53.1058085Z [ADMIN] admin.accounts.pending actor=dev_admin count=0
2026-06-16T17:41:53.1204344Z [ADMIN] dice.feed.common itemsRaw=0
2026-06-16T17:41:53.1214352Z [ADMIN] dice.feed.common itemsMapped=0
2026-06-16T17:41:53.1214352Z [ADMIN] dice.visibleFeed actor=dev_admin count=0
2026-06-16T17:41:53.1519681Z [ADMIN] character.skills.get auth actor=dev_admin characterId=fbd8a7b8e9a74810becc233f30fe9160 ownerCheck=False allowed=True
2026-06-16T17:41:53.1519681Z [ADMIN] character.skills.get actor=dev_admin characterId=fbd8a7b8e9a74810becc233f30fe9160 count=0
2026-06-16T17:41:53.1783063Z [ADMIN] dice.feed.common itemsRaw=0
2026-06-16T17:41:53.1788307Z [ADMIN] dice.feed.common itemsMapped=0
2026-06-16T17:41:53.1788307Z [ADMIN] dice.visibleFeed actor=dev_admin count=0
2026-06-16T17:42:03.2134905Z [ADMIN] admin.accounts.pending actor=dev_admin count=0
2026-06-16T17:42:03.2289890Z [ADMIN] dice.feed.common itemsRaw=0
2026-06-16T17:42:03.2289890Z [ADMIN] dice.feed.common itemsMapped=0
2026-06-16T17:42:03.2289890Z [ADMIN] dice.visibleFeed actor=dev_admin count=0
2026-06-16T17:42:03.2590700Z [ADMIN] character.skills.get auth actor=dev_admin characterId=fbd8a7b8e9a74810becc233f30fe9160 ownerCheck=False allowed=True
2026-06-16T17:42:03.2590700Z [ADMIN] character.skills.get actor=dev_admin characterId=fbd8a7b8e9a74810becc233f30fe9160 count=0
2026-06-16T17:42:03.2859812Z [ADMIN] dice.feed.common itemsRaw=0
2026-06-16T17:42:03.2869824Z [ADMIN] dice.feed.common itemsMapped=0
2026-06-16T17:42:03.2869824Z [ADMIN] dice.visibleFeed actor=dev_admin count=0
2026-06-16T17:42:13.3235475Z [ADMIN] admin.accounts.pending actor=dev_admin count=0
2026-06-16T17:42:13.3385468Z [ADMIN] dice.feed.common itemsRaw=0
2026-06-16T17:42:13.3385468Z [ADMIN] dice.feed.common itemsMapped=0
2026-06-16T17:42:13.3385468Z [ADMIN] dice.visibleFeed actor=dev_admin count=0
2026-06-16T17:42:13.3702079Z [ADMIN] character.skills.get auth actor=dev_admin characterId=fbd8a7b8e9a74810becc233f30fe9160 ownerCheck=False allowed=True
2026-06-16T17:42:13.3702079Z [ADMIN] character.skills.get actor=dev_admin characterId=fbd8a7b8e9a74810becc233f30fe9160 count=0
2026-06-16T17:42:13.3981792Z [ADMIN] dice.feed.common itemsRaw=0
2026-06-16T17:42:13.3981792Z [ADMIN] dice.feed.common itemsMapped=0
2026-06-16T17:42:13.3981792Z [ADMIN] dice.visibleFeed actor=dev_admin count=0
2026-06-16T17:42:23.4308851Z [ADMIN] admin.accounts.pending actor=dev_admin count=0
2026-06-16T17:42:23.4458864Z [ADMIN] dice.feed.common itemsRaw=0
2026-06-16T17:42:23.4458864Z [ADMIN] dice.feed.common itemsMapped=0
2026-06-16T17:42:23.4458864Z [ADMIN] dice.visibleFeed actor=dev_admin count=0
2026-06-16T17:42:23.4758857Z [ADMIN] character.skills.get auth actor=dev_admin characterId=fbd8a7b8e9a74810becc233f30fe9160 ownerCheck=False allowed=True
2026-06-16T17:42:23.4768854Z [ADMIN] character.skills.get actor=dev_admin characterId=fbd8a7b8e9a74810becc233f30fe9160 count=0
2026-06-16T17:42:23.5038867Z [ADMIN] dice.feed.common itemsRaw=0
2026-06-16T17:42:23.5038867Z [ADMIN] dice.feed.common itemsMapped=0
2026-06-16T17:42:23.5038867Z [ADMIN] dice.visibleFeed actor=dev_admin count=0
2026-06-16T17:42:33.5422853Z [ADMIN] admin.accounts.pending actor=dev_admin count=0
2026-06-16T17:42:33.5591854Z [ADMIN] dice.feed.common itemsRaw=0
2026-06-16T17:42:33.5591854Z [ADMIN] dice.feed.common itemsMapped=0
2026-06-16T17:42:33.5591854Z [ADMIN] dice.visibleFeed actor=dev_admin count=0
2026-06-16T17:42:33.5889276Z [ADMIN] character.skills.get auth actor=dev_admin characterId=fbd8a7b8e9a74810becc233f30fe9160 ownerCheck=False allowed=True
2026-06-16T17:42:33.5889276Z [ADMIN] character.skills.get actor=dev_admin characterId=fbd8a7b8e9a74810becc233f30fe9160 count=0
2026-06-16T17:42:33.6149279Z [ADMIN] dice.feed.common itemsRaw=0
2026-06-16T17:42:33.6159295Z [ADMIN] dice.feed.common itemsMapped=0
2026-06-16T17:42:33.6159295Z [ADMIN] dice.visibleFeed actor=dev_admin count=0
2026-06-16T17:42:43.6497422Z [ADMIN] admin.accounts.pending actor=dev_admin count=0
2026-06-16T17:42:43.6645930Z [ADMIN] dice.feed.common itemsRaw=0
2026-06-16T17:42:43.6655938Z [ADMIN] dice.feed.common itemsMapped=0
2026-06-16T17:42:43.6655938Z [ADMIN] dice.visibleFeed actor=dev_admin count=0
2026-06-16T17:42:43.6948198Z [ADMIN] character.skills.get auth actor=dev_admin characterId=fbd8a7b8e9a74810becc233f30fe9160 ownerCheck=False allowed=True
2026-06-16T17:42:43.6958193Z [ADMIN] character.skills.get actor=dev_admin characterId=fbd8a7b8e9a74810becc233f30fe9160 count=0
2026-06-16T17:42:43.7218186Z [ADMIN] dice.feed.common itemsRaw=0
2026-06-16T17:42:43.7218186Z [ADMIN] dice.feed.common itemsMapped=0
2026-06-16T17:42:43.7228194Z [ADMIN] dice.visibleFeed actor=dev_admin count=0
2026-06-16T17:42:53.7597729Z [ADMIN] admin.accounts.pending actor=dev_admin count=0
2026-06-16T17:42:53.7755391Z [ADMIN] dice.feed.common itemsRaw=0
2026-06-16T17:42:53.7755391Z [ADMIN] dice.feed.common itemsMapped=0
2026-06-16T17:42:53.7755391Z [ADMIN] dice.visibleFeed actor=dev_admin count=0
2026-06-16T17:42:53.8061756Z [ADMIN] character.skills.get auth actor=dev_admin characterId=fbd8a7b8e9a74810becc233f30fe9160 ownerCheck=False allowed=True
2026-06-16T17:42:53.8061756Z [ADMIN] character.skills.get actor=dev_admin characterId=fbd8a7b8e9a74810becc233f30fe9160 count=0
2026-06-16T17:42:53.8327292Z [ADMIN] dice.feed.common itemsRaw=0
2026-06-16T17:42:53.8327292Z [ADMIN] dice.feed.common itemsMapped=0
2026-06-16T17:42:53.8327292Z [ADMIN] dice.visibleFeed actor=dev_admin count=0
2026-06-16T17:43:03.8703364Z [ADMIN] admin.accounts.pending actor=dev_admin count=0
2026-06-16T17:43:03.8855699Z [ADMIN] dice.feed.common itemsRaw=0
2026-06-16T17:43:03.8855699Z [ADMIN] dice.feed.common itemsMapped=0
2026-06-16T17:43:03.8860919Z [ADMIN] dice.visibleFeed actor=dev_admin count=0
2026-06-16T17:43:03.9158840Z [ADMIN] character.skills.get auth actor=dev_admin characterId=fbd8a7b8e9a74810becc233f30fe9160 ownerCheck=False allowed=True
2026-06-16T17:43:03.9158840Z [ADMIN] character.skills.get actor=dev_admin characterId=fbd8a7b8e9a74810becc233f30fe9160 count=0
2026-06-16T17:43:03.9438838Z [ADMIN] dice.feed.common itemsRaw=0
2026-06-16T17:43:03.9438838Z [ADMIN] dice.feed.common itemsMapped=0
2026-06-16T17:43:03.9438838Z [ADMIN] dice.visibleFeed actor=dev_admin count=0
2026-06-16T17:43:13.9798861Z [ADMIN] admin.accounts.pending actor=dev_admin count=0
2026-06-16T17:43:13.9956418Z [ADMIN] dice.feed.common itemsRaw=0
2026-06-16T17:43:13.9961660Z [ADMIN] dice.feed.common itemsMapped=0
2026-06-16T17:43:13.9961660Z [ADMIN] dice.visibleFeed actor=dev_admin count=0
2026-06-16T17:43:14.0262694Z [ADMIN] character.skills.get auth actor=dev_admin characterId=fbd8a7b8e9a74810becc233f30fe9160 ownerCheck=False allowed=True
2026-06-16T17:43:14.0262694Z [ADMIN] character.skills.get actor=dev_admin characterId=fbd8a7b8e9a74810becc233f30fe9160 count=0
2026-06-16T17:43:14.0532705Z [ADMIN] dice.feed.common itemsRaw=0
2026-06-16T17:43:14.0542695Z [ADMIN] dice.feed.common itemsMapped=0
2026-06-16T17:43:14.0542695Z [ADMIN] dice.visibleFeed actor=dev_admin count=0
2026-06-16T17:43:24.0913029Z [ADMIN] admin.accounts.pending actor=dev_admin count=0
2026-06-16T17:43:24.1065918Z [ADMIN] dice.feed.common itemsRaw=0
2026-06-16T17:43:24.1065918Z [ADMIN] dice.feed.common itemsMapped=0
2026-06-16T17:43:24.1071694Z [ADMIN] dice.visibleFeed actor=dev_admin count=0
2026-06-16T17:43:24.1368175Z [ADMIN] character.skills.get auth actor=dev_admin characterId=fbd8a7b8e9a74810becc233f30fe9160 ownerCheck=False allowed=True
2026-06-16T17:43:24.1368175Z [ADMIN] character.skills.get actor=dev_admin characterId=fbd8a7b8e9a74810becc233f30fe9160 count=0
2026-06-16T17:43:24.1628122Z [ADMIN] dice.feed.common itemsRaw=0
2026-06-16T17:43:24.1638127Z [ADMIN] dice.feed.common itemsMapped=0
2026-06-16T17:43:24.1638127Z [ADMIN] dice.visibleFeed actor=dev_admin count=0
2026-06-16T17:43:34.2011472Z [ADMIN] admin.accounts.pending actor=dev_admin count=0
2026-06-16T17:43:34.2170174Z [ADMIN] dice.feed.common itemsRaw=0
2026-06-16T17:43:34.2170174Z [ADMIN] dice.feed.common itemsMapped=0
2026-06-16T17:43:34.2170174Z [ADMIN] dice.visibleFeed actor=dev_admin count=0
2026-06-16T17:43:34.2485283Z [ADMIN] character.skills.get auth actor=dev_admin characterId=fbd8a7b8e9a74810becc233f30fe9160 ownerCheck=False allowed=True
2026-06-16T17:43:34.2485283Z [ADMIN] character.skills.get actor=dev_admin characterId=fbd8a7b8e9a74810becc233f30fe9160 count=0
2026-06-16T17:43:34.2753933Z [ADMIN] dice.feed.common itemsRaw=0
2026-06-16T17:43:34.2763935Z [ADMIN] dice.feed.common itemsMapped=0
2026-06-16T17:43:34.2763935Z [ADMIN] dice.visibleFeed actor=dev_admin count=0
2026-06-16T17:43:44.3253919Z [ADMIN] admin.accounts.pending actor=dev_admin count=0
2026-06-16T17:43:44.3403910Z [ADMIN] dice.feed.common itemsRaw=0
2026-06-16T17:43:44.3403910Z [ADMIN] dice.feed.common itemsMapped=0
2026-06-16T17:43:44.3403910Z [ADMIN] dice.visibleFeed actor=dev_admin count=0
2026-06-16T17:43:44.3725179Z [ADMIN] character.skills.get auth actor=dev_admin characterId=fbd8a7b8e9a74810becc233f30fe9160 ownerCheck=False allowed=True
2026-06-16T17:43:44.3725179Z [ADMIN] character.skills.get actor=dev_admin characterId=fbd8a7b8e9a74810becc233f30fe9160 count=0
2026-06-16T17:43:44.3998237Z [ADMIN] dice.feed.common itemsRaw=0
2026-06-16T17:43:44.3998237Z [ADMIN] dice.feed.common itemsMapped=0
2026-06-16T17:43:44.3998237Z [ADMIN] dice.visibleFeed actor=dev_admin count=0
2026-06-16T17:43:54.4481525Z [ADMIN] admin.accounts.pending actor=dev_admin count=0
2026-06-16T17:43:54.4649530Z [ADMIN] dice.feed.common itemsRaw=0
2026-06-16T17:43:54.4649530Z [ADMIN] dice.feed.common itemsMapped=0
2026-06-16T17:43:54.4649530Z [ADMIN] dice.visibleFeed actor=dev_admin count=0
2026-06-16T17:43:54.4967122Z [ADMIN] character.skills.get auth actor=dev_admin characterId=fbd8a7b8e9a74810becc233f30fe9160 ownerCheck=False allowed=True
2026-06-16T17:43:54.4967122Z [ADMIN] character.skills.get actor=dev_admin characterId=fbd8a7b8e9a74810becc233f30fe9160 count=0
2026-06-16T17:43:54.5244999Z [ADMIN] dice.feed.common itemsRaw=0
2026-06-16T17:43:54.5244999Z [ADMIN] dice.feed.common itemsMapped=0
2026-06-16T17:43:54.5244999Z [ADMIN] dice.visibleFeed actor=dev_admin count=0
2026-06-16T17:44:04.5731427Z [ADMIN] admin.accounts.pending actor=dev_admin count=0
2026-06-16T17:44:04.5894243Z [ADMIN] dice.feed.common itemsRaw=0
2026-06-16T17:44:04.5894243Z [ADMIN] dice.feed.common itemsMapped=0
2026-06-16T17:44:04.5894243Z [ADMIN] dice.visibleFeed actor=dev_admin count=0
2026-06-16T17:44:04.6206033Z [ADMIN] character.skills.get auth actor=dev_admin characterId=fbd8a7b8e9a74810becc233f30fe9160 ownerCheck=False allowed=True
2026-06-16T17:44:04.6206033Z [ADMIN] character.skills.get actor=dev_admin characterId=fbd8a7b8e9a74810becc233f30fe9160 count=0
2026-06-16T17:44:04.6481910Z [ADMIN] dice.feed.common itemsRaw=0
2026-06-16T17:44:04.6491899Z [ADMIN] dice.feed.common itemsMapped=0
2026-06-16T17:44:04.6494202Z [ADMIN] dice.visibleFeed actor=dev_admin count=0
2026-06-16T17:44:14.6808442Z [ADMIN] admin.accounts.pending actor=dev_admin count=0
2026-06-16T17:44:14.6968425Z [ADMIN] dice.feed.common itemsRaw=0
2026-06-16T17:44:14.6968425Z [ADMIN] dice.feed.common itemsMapped=0
2026-06-16T17:44:14.6968425Z [ADMIN] dice.visibleFeed actor=dev_admin count=0
2026-06-16T17:44:14.7278232Z [ADMIN] character.skills.get auth actor=dev_admin characterId=fbd8a7b8e9a74810becc233f30fe9160 ownerCheck=False allowed=True
2026-06-16T17:44:14.7278232Z [ADMIN] character.skills.get actor=dev_admin characterId=fbd8a7b8e9a74810becc233f30fe9160 count=0
2026-06-16T17:44:14.7560707Z [ADMIN] dice.feed.common itemsRaw=0
2026-06-16T17:44:14.7560707Z [ADMIN] dice.feed.common itemsMapped=0
2026-06-16T17:44:14.7570706Z [ADMIN] dice.visibleFeed actor=dev_admin count=0
2026-06-16T17:44:24.7922689Z [ADMIN] admin.accounts.pending actor=dev_admin count=0
2026-06-16T17:44:24.8077394Z [ADMIN] dice.feed.common itemsRaw=0
2026-06-16T17:44:24.8077394Z [ADMIN] dice.feed.common itemsMapped=0
2026-06-16T17:44:24.8082584Z [ADMIN] dice.visibleFeed actor=dev_admin count=0
2026-06-16T17:44:24.8386168Z [ADMIN] character.skills.get auth actor=dev_admin characterId=fbd8a7b8e9a74810becc233f30fe9160 ownerCheck=False allowed=True
2026-06-16T17:44:24.8386168Z [ADMIN] character.skills.get actor=dev_admin characterId=fbd8a7b8e9a74810becc233f30fe9160 count=0
2026-06-16T17:44:24.8646730Z [ADMIN] dice.feed.common itemsRaw=0
2026-06-16T17:44:24.8646730Z [ADMIN] dice.feed.common itemsMapped=0
2026-06-16T17:44:24.8646730Z [ADMIN] dice.visibleFeed actor=dev_admin count=0
2026-06-16T17:44:34.9069323Z [ADMIN] admin.accounts.pending actor=dev_admin count=0
2026-06-16T17:44:34.9225264Z [ADMIN] dice.feed.common itemsRaw=0
2026-06-16T17:44:34.9225264Z [ADMIN] dice.feed.common itemsMapped=0
2026-06-16T17:44:34.9225264Z [ADMIN] dice.visibleFeed actor=dev_admin count=0
2026-06-16T17:44:34.9543568Z [ADMIN] character.skills.get auth actor=dev_admin characterId=fbd8a7b8e9a74810becc233f30fe9160 ownerCheck=False allowed=True
2026-06-16T17:44:34.9543568Z [ADMIN] character.skills.get actor=dev_admin characterId=fbd8a7b8e9a74810becc233f30fe9160 count=0
2026-06-16T17:44:34.9805540Z [ADMIN] dice.feed.common itemsRaw=0
2026-06-16T17:44:34.9805540Z [ADMIN] dice.feed.common itemsMapped=0
2026-06-16T17:44:34.9805540Z [ADMIN] dice.visibleFeed actor=dev_admin count=0
2026-06-16T17:44:45.0318151Z [ADMIN] admin.accounts.pending actor=dev_admin count=0
2026-06-16T17:44:45.0465370Z [ADMIN] dice.feed.common itemsRaw=0
2026-06-16T17:44:45.0470868Z [ADMIN] dice.feed.common itemsMapped=0
2026-06-16T17:44:45.0470868Z [ADMIN] dice.visibleFeed actor=dev_admin count=0
2026-06-16T17:44:45.0769379Z [ADMIN] character.skills.get auth actor=dev_admin characterId=fbd8a7b8e9a74810becc233f30fe9160 ownerCheck=False allowed=True
2026-06-16T17:44:45.0769379Z [ADMIN] character.skills.get actor=dev_admin characterId=fbd8a7b8e9a74810becc233f30fe9160 count=0
2026-06-16T17:44:45.1035445Z [ADMIN] dice.feed.common itemsRaw=0
2026-06-16T17:44:45.1035445Z [ADMIN] dice.feed.common itemsMapped=0
2026-06-16T17:44:45.1040682Z [ADMIN] dice.visibleFeed actor=dev_admin count=0
2026-06-16T17:44:55.1500283Z [ADMIN] admin.accounts.pending actor=dev_admin count=0
2026-06-16T17:44:55.1640281Z [ADMIN] dice.feed.common itemsRaw=0
2026-06-16T17:44:55.1650302Z [ADMIN] dice.feed.common itemsMapped=0
2026-06-16T17:44:55.1650302Z [ADMIN] dice.visibleFeed actor=dev_admin count=0
2026-06-16T17:44:55.1957256Z [ADMIN] character.skills.get auth actor=dev_admin characterId=fbd8a7b8e9a74810becc233f30fe9160 ownerCheck=False allowed=True
2026-06-16T17:44:55.1957256Z [ADMIN] character.skills.get actor=dev_admin characterId=fbd8a7b8e9a74810becc233f30fe9160 count=0
2026-06-16T17:44:55.2224513Z [ADMIN] dice.feed.common itemsRaw=0
2026-06-16T17:44:55.2224513Z [ADMIN] dice.feed.common itemsMapped=0
2026-06-16T17:44:55.2234505Z [ADMIN] dice.visibleFeed actor=dev_admin count=0
2026-06-16T17:45:05.2607804Z [ADMIN] admin.accounts.pending actor=dev_admin count=0
2026-06-16T17:45:05.2755978Z [ADMIN] dice.feed.common itemsRaw=0
2026-06-16T17:45:05.2755978Z [ADMIN] dice.feed.common itemsMapped=0
2026-06-16T17:45:05.2755978Z [ADMIN] dice.visibleFeed actor=dev_admin count=0
2026-06-16T17:45:05.3065946Z [ADMIN] character.skills.get auth actor=dev_admin characterId=fbd8a7b8e9a74810becc233f30fe9160 ownerCheck=False allowed=True
2026-06-16T17:45:05.3065946Z [ADMIN] character.skills.get actor=dev_admin characterId=fbd8a7b8e9a74810becc233f30fe9160 count=0
2026-06-16T17:45:05.3331300Z [ADMIN] dice.feed.common itemsRaw=0
2026-06-16T17:45:05.3331300Z [ADMIN] dice.feed.common itemsMapped=0
2026-06-16T17:45:05.3331300Z [ADMIN] dice.visibleFeed actor=dev_admin count=0
2026-06-16T17:45:15.3743143Z [ADMIN] admin.accounts.pending actor=dev_admin count=0
2026-06-16T17:45:15.3893149Z [ADMIN] dice.feed.common itemsRaw=0
2026-06-16T17:45:15.3893149Z [ADMIN] dice.feed.common itemsMapped=0
2026-06-16T17:45:15.3893149Z [ADMIN] dice.visibleFeed actor=dev_admin count=0
2026-06-16T17:45:15.4191259Z [ADMIN] character.skills.get auth actor=dev_admin characterId=fbd8a7b8e9a74810becc233f30fe9160 ownerCheck=False allowed=True
2026-06-16T17:45:15.4191259Z [ADMIN] character.skills.get actor=dev_admin characterId=fbd8a7b8e9a74810becc233f30fe9160 count=0
2026-06-16T17:45:15.4451235Z [ADMIN] dice.feed.common itemsRaw=0
2026-06-16T17:45:15.4451235Z [ADMIN] dice.feed.common itemsMapped=0
2026-06-16T17:45:15.4451235Z [ADMIN] dice.visibleFeed actor=dev_admin count=0
2026-06-16T17:45:25.4791444Z [ADMIN] admin.accounts.pending actor=dev_admin count=0
2026-06-16T17:45:25.4947610Z [ADMIN] dice.feed.common itemsRaw=0
2026-06-16T17:45:25.4952838Z [ADMIN] dice.feed.common itemsMapped=0
2026-06-16T17:45:25.4952838Z [ADMIN] dice.visibleFeed actor=dev_admin count=0
2026-06-16T17:45:25.5278234Z [ADMIN] character.skills.get auth actor=dev_admin characterId=fbd8a7b8e9a74810becc233f30fe9160 ownerCheck=False allowed=True
2026-06-16T17:45:25.5278234Z [ADMIN] character.skills.get actor=dev_admin characterId=fbd8a7b8e9a74810becc233f30fe9160 count=0
2026-06-16T17:45:25.5534148Z [ADMIN] dice.feed.common itemsRaw=0
2026-06-16T17:45:25.5539485Z [ADMIN] dice.feed.common itemsMapped=0
2026-06-16T17:45:25.5539485Z [ADMIN] dice.visibleFeed actor=dev_admin count=0
2026-06-16T17:45:35.6038561Z [ADMIN] admin.accounts.pending actor=dev_admin count=0
2026-06-16T17:45:35.6191522Z [ADMIN] dice.feed.common itemsRaw=0
2026-06-16T17:45:35.6191522Z [ADMIN] dice.feed.common itemsMapped=0
2026-06-16T17:45:35.6191522Z [ADMIN] dice.visibleFeed actor=dev_admin count=0
2026-06-16T17:45:35.6495878Z [ADMIN] character.skills.get auth actor=dev_admin characterId=fbd8a7b8e9a74810becc233f30fe9160 ownerCheck=False allowed=True
2026-06-16T17:45:35.6495878Z [ADMIN] character.skills.get actor=dev_admin characterId=fbd8a7b8e9a74810becc233f30fe9160 count=0
2026-06-16T17:45:35.6775634Z [ADMIN] dice.feed.common itemsRaw=0
2026-06-16T17:45:35.6775634Z [ADMIN] dice.feed.common itemsMapped=0
2026-06-16T17:45:35.6775634Z [ADMIN] dice.visibleFeed actor=dev_admin count=0
2026-06-16T17:45:45.7130187Z [ADMIN] admin.accounts.pending actor=dev_admin count=0
2026-06-16T17:45:45.7284250Z [ADMIN] dice.feed.common itemsRaw=0
2026-06-16T17:45:45.7284250Z [ADMIN] dice.feed.common itemsMapped=0
2026-06-16T17:45:45.7284250Z [ADMIN] dice.visibleFeed actor=dev_admin count=0
2026-06-16T17:45:45.7596237Z [ADMIN] character.skills.get auth actor=dev_admin characterId=fbd8a7b8e9a74810becc233f30fe9160 ownerCheck=False allowed=True
2026-06-16T17:45:45.7600771Z [ADMIN] character.skills.get actor=dev_admin characterId=fbd8a7b8e9a74810becc233f30fe9160 count=0
2026-06-16T17:45:45.7853421Z [ADMIN] dice.feed.common itemsRaw=0
2026-06-16T17:45:45.7863119Z [ADMIN] dice.feed.common itemsMapped=0
2026-06-16T17:45:45.7863119Z [ADMIN] dice.visibleFeed actor=dev_admin count=0
2026-06-16T17:45:55.8218575Z [ADMIN] admin.accounts.pending actor=dev_admin count=0
2026-06-16T17:45:55.8372209Z [ADMIN] dice.feed.common itemsRaw=0
2026-06-16T17:45:55.8372209Z [ADMIN] dice.feed.common itemsMapped=0
2026-06-16T17:45:55.8382209Z [ADMIN] dice.visibleFeed actor=dev_admin count=0
2026-06-16T17:45:55.8668985Z [ADMIN] character.skills.get auth actor=dev_admin characterId=fbd8a7b8e9a74810becc233f30fe9160 ownerCheck=False allowed=True
2026-06-16T17:45:55.8668985Z [ADMIN] character.skills.get actor=dev_admin characterId=fbd8a7b8e9a74810becc233f30fe9160 count=0
2026-06-16T17:45:55.8958411Z [ADMIN] dice.feed.common itemsRaw=0
2026-06-16T17:45:55.8958411Z [ADMIN] dice.feed.common itemsMapped=0
2026-06-16T17:45:55.8958411Z [ADMIN] dice.visibleFeed actor=dev_admin count=0
2026-06-16T17:46:05.9335554Z [ADMIN] admin.accounts.pending actor=dev_admin count=0
2026-06-16T17:46:05.9489352Z [ADMIN] dice.feed.common itemsRaw=0
2026-06-16T17:46:05.9489352Z [ADMIN] dice.feed.common itemsMapped=0
2026-06-16T17:46:05.9494646Z [ADMIN] dice.visibleFeed actor=dev_admin count=0
2026-06-16T17:46:05.9798703Z [ADMIN] character.skills.get auth actor=dev_admin characterId=fbd8a7b8e9a74810becc233f30fe9160 ownerCheck=False allowed=True
2026-06-16T17:46:05.9798703Z [ADMIN] character.skills.get actor=dev_admin characterId=fbd8a7b8e9a74810becc233f30fe9160 count=0
2026-06-16T17:46:06.0058705Z [ADMIN] dice.feed.common itemsRaw=0
2026-06-16T17:46:06.0058705Z [ADMIN] dice.feed.common itemsMapped=0
2026-06-16T17:46:06.0058705Z [ADMIN] dice.visibleFeed actor=dev_admin count=0
2026-06-16T17:46:16.0429964Z [ADMIN] admin.accounts.pending actor=dev_admin count=0
2026-06-16T17:46:16.0578941Z [ADMIN] dice.feed.common itemsRaw=0
2026-06-16T17:46:16.0578941Z [ADMIN] dice.feed.common itemsMapped=0
2026-06-16T17:46:16.0588942Z [ADMIN] dice.visibleFeed actor=dev_admin count=0
2026-06-16T17:46:16.0885593Z [ADMIN] character.skills.get auth actor=dev_admin characterId=fbd8a7b8e9a74810becc233f30fe9160 ownerCheck=False allowed=True
2026-06-16T17:46:16.0885593Z [ADMIN] character.skills.get actor=dev_admin characterId=fbd8a7b8e9a74810becc233f30fe9160 count=0
2026-06-16T17:46:16.1161543Z [ADMIN] dice.feed.common itemsRaw=0
2026-06-16T17:46:16.1161543Z [ADMIN] dice.feed.common itemsMapped=0
2026-06-16T17:46:16.1161543Z [ADMIN] dice.visibleFeed actor=dev_admin count=0
2026-06-16T17:47:05.1281413Z [ADMIN] admin.accounts.pending actor=dev_admin count=0
2026-06-16T17:47:05.1558306Z [ADMIN] dice.feed.common itemsRaw=0
2026-06-16T17:47:05.1558306Z [ADMIN] dice.feed.common itemsMapped=0
2026-06-16T17:47:05.1558306Z [ADMIN] dice.visibleFeed actor=dev_admin count=0
2026-06-16T17:47:05.2028296Z [ADMIN] dice.feed.common itemsRaw=0
2026-06-16T17:47:05.2028296Z [ADMIN] dice.feed.common itemsMapped=0
2026-06-16T17:47:05.2028296Z [ADMIN] dice.visibleFeed actor=dev_admin count=0
2026-06-16T17:47:15.1188873Z [ADMIN] admin.accounts.pending actor=dev_admin count=0
2026-06-16T17:47:15.1338873Z [ADMIN] dice.feed.common itemsRaw=0
2026-06-16T17:47:15.1338873Z [ADMIN] dice.feed.common itemsMapped=0
2026-06-16T17:47:15.1338873Z [ADMIN] dice.visibleFeed actor=dev_admin count=0
2026-06-16T17:47:15.1698684Z [ADMIN] dice.feed.common itemsRaw=0
2026-06-16T17:47:15.1698684Z [ADMIN] dice.feed.common itemsMapped=0
2026-06-16T17:47:15.1703908Z [ADMIN] dice.visibleFeed actor=dev_admin count=0
2026-06-16T17:47:20.6305757Z [ADMIN] character.admin.list actor=dev_admin count=1 includeArchived=False
2026-06-16T17:47:20.6560669Z [ADMIN] character.inventory.get count=0
2026-06-16T17:47:20.6664295Z [ADMIN] character.holdings.get count=0
2026-06-16T17:47:20.6763895Z [ADMIN] character.reputation.get count=0
2026-06-16T17:47:20.6863897Z [ADMIN] character.companions.get count=0
2026-06-16T17:47:20.7023894Z [ADMIN] character.skills.get auth actor=dev_admin characterId=fbd8a7b8e9a74810becc233f30fe9160 ownerCheck=False allowed=True
2026-06-16T17:47:20.7023894Z [ADMIN] character.skills.get actor=dev_admin characterId=fbd8a7b8e9a74810becc233f30fe9160 count=0
2026-06-16T17:47:25.2137624Z [ADMIN] admin.accounts.pending actor=dev_admin count=0
2026-06-16T17:47:25.2289490Z [ADMIN] dice.feed.common itemsRaw=0
2026-06-16T17:47:25.2293294Z [ADMIN] dice.feed.common itemsMapped=0
2026-06-16T17:47:25.2293294Z [ADMIN] dice.visibleFeed actor=dev_admin count=0
2026-06-16T17:47:25.2654512Z [ADMIN] character.skills.get auth actor=dev_admin characterId=fbd8a7b8e9a74810becc233f30fe9160 ownerCheck=False allowed=True
2026-06-16T17:47:25.2654512Z [ADMIN] character.skills.get actor=dev_admin characterId=fbd8a7b8e9a74810becc233f30fe9160 count=0
2026-06-16T17:47:25.2932216Z [ADMIN] dice.feed.common itemsRaw=0
2026-06-16T17:47:25.2932216Z [ADMIN] dice.feed.common itemsMapped=0
2026-06-16T17:47:25.2932216Z [ADMIN] dice.visibleFeed actor=dev_admin count=0
2026-06-16T17:47:35.3379433Z [ADMIN] admin.accounts.pending actor=dev_admin count=0
2026-06-16T17:47:35.3524028Z [ADMIN] dice.feed.common itemsRaw=0
2026-06-16T17:47:35.3524028Z [ADMIN] dice.feed.common itemsMapped=0
2026-06-16T17:47:35.3524028Z [ADMIN] dice.visibleFeed actor=dev_admin count=0
2026-06-16T17:47:35.3839132Z [ADMIN] character.skills.get auth actor=dev_admin characterId=fbd8a7b8e9a74810becc233f30fe9160 ownerCheck=False allowed=True
2026-06-16T17:47:35.3839132Z [ADMIN] character.skills.get actor=dev_admin characterId=fbd8a7b8e9a74810becc233f30fe9160 count=0
2026-06-16T17:47:35.4119102Z [ADMIN] dice.feed.common itemsRaw=0
2026-06-16T17:47:35.4119102Z [ADMIN] dice.feed.common itemsMapped=0
2026-06-16T17:47:35.4119102Z [ADMIN] dice.visibleFeed actor=dev_admin count=0
2026-06-16T17:47:45.4468223Z [ADMIN] admin.accounts.pending actor=dev_admin count=0
2026-06-16T17:47:45.4618211Z [ADMIN] dice.feed.common itemsRaw=0
2026-06-16T17:47:45.4628222Z [ADMIN] dice.feed.common itemsMapped=0
2026-06-16T17:47:45.4628222Z [ADMIN] dice.visibleFeed actor=dev_admin count=0
2026-06-16T17:47:45.4918216Z [ADMIN] character.skills.get auth actor=dev_admin characterId=fbd8a7b8e9a74810becc233f30fe9160 ownerCheck=False allowed=True
2026-06-16T17:47:45.4918216Z [ADMIN] character.skills.get actor=dev_admin characterId=fbd8a7b8e9a74810becc233f30fe9160 count=0
2026-06-16T17:47:45.5198217Z [ADMIN] dice.feed.common itemsRaw=0
2026-06-16T17:47:45.5198217Z [ADMIN] dice.feed.common itemsMapped=0
2026-06-16T17:47:45.5198217Z [ADMIN] dice.visibleFeed actor=dev_admin count=0
2026-06-16T17:47:52.1798966Z [ADMIN] character.validation.denied command=save characterId=fbd8a7b8e9a74810becc233f30fe9160 actor=dev_admin reason=lock-missing
2026-06-16T17:47:52.1798966Z [ADMIN] request.handler.failed requestId=b8cf9f729e70483eb8b12b3b34776eb1 command=character.admin.save.stats type=Unauthorized message=Character lock is required for admin save.
2026-06-16T17:47:55.5562749Z [ADMIN] admin.accounts.pending actor=dev_admin count=0
2026-06-16T17:47:55.5731490Z [ADMIN] dice.feed.common itemsRaw=0
2026-06-16T17:47:55.5731490Z [ADMIN] dice.feed.common itemsMapped=0
2026-06-16T17:47:55.5731490Z [ADMIN] dice.visibleFeed actor=dev_admin count=0
2026-06-16T17:47:55.6041479Z [ADMIN] character.skills.get auth actor=dev_admin characterId=fbd8a7b8e9a74810becc233f30fe9160 ownerCheck=False allowed=True
2026-06-16T17:47:55.6041479Z [ADMIN] character.skills.get actor=dev_admin characterId=fbd8a7b8e9a74810becc233f30fe9160 count=0
2026-06-16T17:47:55.6297069Z [ADMIN] dice.feed.common itemsRaw=0
2026-06-16T17:47:55.6301467Z [ADMIN] dice.feed.common itemsMapped=0
2026-06-16T17:47:55.6301467Z [ADMIN] dice.visibleFeed actor=dev_admin count=0
2026-06-16T17:48:05.6720877Z [ADMIN] admin.accounts.pending actor=dev_admin count=0
2026-06-16T17:48:05.6900867Z [ADMIN] dice.feed.common itemsRaw=0
2026-06-16T17:48:05.6900867Z [ADMIN] dice.feed.common itemsMapped=0
2026-06-16T17:48:05.6900867Z [ADMIN] dice.visibleFeed actor=dev_admin count=0
2026-06-16T17:48:05.7230867Z [ADMIN] character.skills.get auth actor=dev_admin characterId=fbd8a7b8e9a74810becc233f30fe9160 ownerCheck=False allowed=True
2026-06-16T17:48:05.7230867Z [ADMIN] character.skills.get actor=dev_admin characterId=fbd8a7b8e9a74810becc233f30fe9160 count=0
2026-06-16T17:48:05.7490869Z [ADMIN] dice.feed.common itemsRaw=0
2026-06-16T17:48:05.7490869Z [ADMIN] dice.feed.common itemsMapped=0
2026-06-16T17:48:05.7490869Z [ADMIN] dice.visibleFeed actor=dev_admin count=0
2026-06-16T17:48:15.7950730Z [ADMIN] admin.accounts.pending actor=dev_admin count=0
2026-06-16T17:48:15.8103887Z [ADMIN] dice.feed.common itemsRaw=0
2026-06-16T17:48:15.8103887Z [ADMIN] dice.feed.common itemsMapped=0
2026-06-16T17:48:15.8103887Z [ADMIN] dice.visibleFeed actor=dev_admin count=0
2026-06-16T17:48:15.8431130Z [ADMIN] character.skills.get auth actor=dev_admin characterId=fbd8a7b8e9a74810becc233f30fe9160 ownerCheck=False allowed=True
2026-06-16T17:48:15.8431130Z [ADMIN] character.skills.get actor=dev_admin characterId=fbd8a7b8e9a74810becc233f30fe9160 count=0
2026-06-16T17:48:15.8691127Z [ADMIN] dice.feed.common itemsRaw=0
2026-06-16T17:48:15.8691127Z [ADMIN] dice.feed.common itemsMapped=0
2026-06-16T17:48:15.8691127Z [ADMIN] dice.visibleFeed actor=dev_admin count=0
2026-06-16T17:48:25.9178044Z [ADMIN] admin.accounts.pending actor=dev_admin count=0
2026-06-16T17:48:25.9328031Z [ADMIN] dice.feed.common itemsRaw=0
2026-06-16T17:48:25.9328031Z [ADMIN] dice.feed.common itemsMapped=0
2026-06-16T17:48:25.9328031Z [ADMIN] dice.visibleFeed actor=dev_admin count=0
2026-06-16T17:48:25.9639394Z [ADMIN] character.skills.get auth actor=dev_admin characterId=fbd8a7b8e9a74810becc233f30fe9160 ownerCheck=False allowed=True
2026-06-16T17:48:25.9639394Z [ADMIN] character.skills.get actor=dev_admin characterId=fbd8a7b8e9a74810becc233f30fe9160 count=0
2026-06-16T17:48:25.9920720Z [ADMIN] dice.feed.common itemsRaw=0
2026-06-16T17:48:25.9930698Z [ADMIN] dice.feed.common itemsMapped=0
2026-06-16T17:48:25.9930698Z [ADMIN] dice.visibleFeed actor=dev_admin count=0
2026-06-16T17:48:36.0411288Z [ADMIN] admin.accounts.pending actor=dev_admin count=0
2026-06-16T17:48:36.0571272Z [ADMIN] dice.feed.common itemsRaw=0
2026-06-16T17:48:36.0581282Z [ADMIN] dice.feed.common itemsMapped=0
2026-06-16T17:48:36.0581282Z [ADMIN] dice.visibleFeed actor=dev_admin count=0
2026-06-16T17:48:36.0948158Z [ADMIN] character.skills.get auth actor=dev_admin characterId=fbd8a7b8e9a74810becc233f30fe9160 ownerCheck=False allowed=True
2026-06-16T17:48:36.0948158Z [ADMIN] character.skills.get actor=dev_admin characterId=fbd8a7b8e9a74810becc233f30fe9160 count=0
2026-06-16T17:48:36.1267417Z [ADMIN] dice.feed.common itemsRaw=0
2026-06-16T17:48:36.1267417Z [ADMIN] dice.feed.common itemsMapped=0
2026-06-16T17:48:36.1267417Z [ADMIN] dice.visibleFeed actor=dev_admin count=0
2026-06-16T17:48:46.1661810Z [ADMIN] admin.accounts.pending actor=dev_admin count=0
2026-06-16T17:48:46.1819666Z [ADMIN] dice.feed.common itemsRaw=0
2026-06-16T17:48:46.1819666Z [ADMIN] dice.feed.common itemsMapped=0
2026-06-16T17:48:46.1825098Z [ADMIN] dice.visibleFeed actor=dev_admin count=0
2026-06-16T17:48:46.2128142Z [ADMIN] character.skills.get auth actor=dev_admin characterId=fbd8a7b8e9a74810becc233f30fe9160 ownerCheck=False allowed=True
2026-06-16T17:48:46.2138144Z [ADMIN] character.skills.get actor=dev_admin characterId=fbd8a7b8e9a74810becc233f30fe9160 count=0
2026-06-16T17:48:46.2408144Z [ADMIN] dice.feed.common itemsRaw=0
2026-06-16T17:48:46.2418149Z [ADMIN] dice.feed.common itemsMapped=0
2026-06-16T17:48:46.2418149Z [ADMIN] dice.visibleFeed actor=dev_admin count=0
2026-06-16T17:48:56.2759815Z [ADMIN] admin.accounts.pending actor=dev_admin count=0
2026-06-16T17:48:56.2916514Z [ADMIN] dice.feed.common itemsRaw=0
2026-06-16T17:48:56.2916514Z [ADMIN] dice.feed.common itemsMapped=0
2026-06-16T17:48:56.2916514Z [ADMIN] dice.visibleFeed actor=dev_admin count=0
2026-06-16T17:48:56.3224912Z [ADMIN] character.skills.get auth actor=dev_admin characterId=fbd8a7b8e9a74810becc233f30fe9160 ownerCheck=False allowed=True
2026-06-16T17:48:56.3224912Z [ADMIN] character.skills.get actor=dev_admin characterId=fbd8a7b8e9a74810becc233f30fe9160 count=0
2026-06-16T17:48:56.3499663Z [ADMIN] dice.feed.common itemsRaw=0
2026-06-16T17:48:56.3499663Z [ADMIN] dice.feed.common itemsMapped=0
2026-06-16T17:48:56.3509621Z [ADMIN] dice.visibleFeed actor=dev_admin count=0
2026-06-16T17:49:06.4014791Z [ADMIN] admin.accounts.pending actor=dev_admin count=0
2026-06-16T17:49:06.4166402Z [ADMIN] dice.feed.common itemsRaw=0
2026-06-16T17:49:06.4171997Z [ADMIN] dice.feed.common itemsMapped=0
2026-06-16T17:49:06.4171997Z [ADMIN] dice.visibleFeed actor=dev_admin count=0
2026-06-16T17:49:06.4480931Z [ADMIN] character.skills.get auth actor=dev_admin characterId=fbd8a7b8e9a74810becc233f30fe9160 ownerCheck=False allowed=True
2026-06-16T17:49:06.4480931Z [ADMIN] character.skills.get actor=dev_admin characterId=fbd8a7b8e9a74810becc233f30fe9160 count=0
2026-06-16T17:49:06.4752656Z [ADMIN] dice.feed.common itemsRaw=0
2026-06-16T17:49:06.4752656Z [ADMIN] dice.feed.common itemsMapped=0
2026-06-16T17:49:06.4752656Z [ADMIN] dice.visibleFeed actor=dev_admin count=0
2026-06-16T17:49:16.5094128Z [ADMIN] admin.accounts.pending actor=dev_admin count=0
2026-06-16T17:49:16.5254132Z [ADMIN] dice.feed.common itemsRaw=0
2026-06-16T17:49:16.5254132Z [ADMIN] dice.feed.common itemsMapped=0
2026-06-16T17:49:16.5254132Z [ADMIN] dice.visibleFeed actor=dev_admin count=0
2026-06-16T17:49:16.5580272Z [ADMIN] character.skills.get auth actor=dev_admin characterId=fbd8a7b8e9a74810becc233f30fe9160 ownerCheck=False allowed=True
2026-06-16T17:49:16.5580272Z [ADMIN] character.skills.get actor=dev_admin characterId=fbd8a7b8e9a74810becc233f30fe9160 count=0
2026-06-16T17:49:16.5860280Z [ADMIN] dice.feed.common itemsRaw=0
2026-06-16T17:49:16.5870274Z [ADMIN] dice.feed.common itemsMapped=0
2026-06-16T17:49:16.5870274Z [ADMIN] dice.visibleFeed actor=dev_admin count=0
2026-06-16T17:49:26.6345082Z [ADMIN] admin.accounts.pending actor=dev_admin count=0
2026-06-16T17:49:26.6498740Z [ADMIN] dice.feed.common itemsRaw=0
2026-06-16T17:49:26.6498740Z [ADMIN] dice.feed.common itemsMapped=0
2026-06-16T17:49:26.6505079Z [ADMIN] dice.visibleFeed actor=dev_admin count=0
2026-06-16T17:49:26.6805071Z [ADMIN] character.skills.get auth actor=dev_admin characterId=fbd8a7b8e9a74810becc233f30fe9160 ownerCheck=False allowed=True
2026-06-16T17:49:26.6805071Z [ADMIN] character.skills.get actor=dev_admin characterId=fbd8a7b8e9a74810becc233f30fe9160 count=0
2026-06-16T17:49:26.7111109Z [ADMIN] dice.feed.common itemsRaw=0
2026-06-16T17:49:26.7111109Z [ADMIN] dice.feed.common itemsMapped=0
2026-06-16T17:49:26.7121098Z [ADMIN] dice.visibleFeed actor=dev_admin count=0
2026-06-16T17:49:36.7600315Z [ADMIN] admin.accounts.pending actor=dev_admin count=0
2026-06-16T17:49:36.7758973Z [ADMIN] dice.feed.common itemsRaw=0
2026-06-16T17:49:36.7758973Z [ADMIN] dice.feed.common itemsMapped=0
2026-06-16T17:49:36.7758973Z [ADMIN] dice.visibleFeed actor=dev_admin count=0
2026-06-16T17:49:36.8068338Z [ADMIN] character.skills.get auth actor=dev_admin characterId=fbd8a7b8e9a74810becc233f30fe9160 ownerCheck=False allowed=True
2026-06-16T17:49:36.8068338Z [ADMIN] character.skills.get actor=dev_admin characterId=fbd8a7b8e9a74810becc233f30fe9160 count=0
2026-06-16T17:49:36.8357954Z [ADMIN] dice.feed.common itemsRaw=0
2026-06-16T17:49:36.8357954Z [ADMIN] dice.feed.common itemsMapped=0
2026-06-16T17:49:36.8357954Z [ADMIN] dice.visibleFeed actor=dev_admin count=0
2026-06-16T17:49:46.8842473Z [ADMIN] admin.accounts.pending actor=dev_admin count=0
2026-06-16T17:49:46.9003919Z [ADMIN] dice.feed.common itemsRaw=0
2026-06-16T17:49:46.9004141Z [ADMIN] dice.feed.common itemsMapped=0
2026-06-16T17:49:46.9004141Z [ADMIN] dice.visibleFeed actor=dev_admin count=0
2026-06-16T17:49:46.9300459Z [ADMIN] character.skills.get auth actor=dev_admin characterId=fbd8a7b8e9a74810becc233f30fe9160 ownerCheck=False allowed=True
2026-06-16T17:49:46.9310469Z [ADMIN] character.skills.get actor=dev_admin characterId=fbd8a7b8e9a74810becc233f30fe9160 count=0
2026-06-16T17:49:46.9570468Z [ADMIN] dice.feed.common itemsRaw=0
2026-06-16T17:49:46.9570468Z [ADMIN] dice.feed.common itemsMapped=0
2026-06-16T17:49:46.9580464Z [ADMIN] dice.visibleFeed actor=dev_admin count=0
2026-06-16T17:51:23.5400815Z [ADMIN] admin.accounts.pending actor=dev_admin count=0
2026-06-16T17:51:23.5690817Z [ADMIN] dice.feed.common itemsRaw=0
2026-06-16T17:51:23.5700809Z [ADMIN] dice.feed.common itemsMapped=0
2026-06-16T17:51:23.5700809Z [ADMIN] dice.visibleFeed actor=dev_admin count=0
2026-06-16T17:51:23.6160815Z [ADMIN] dice.feed.common itemsRaw=0
2026-06-16T17:51:23.6160815Z [ADMIN] dice.feed.common itemsMapped=0
2026-06-16T17:51:23.6160815Z [ADMIN] dice.visibleFeed actor=dev_admin count=0
2026-06-16T17:51:27.6257745Z [ADMIN] character.admin.list actor=dev_admin count=1 includeArchived=False
2026-06-16T17:51:27.6535416Z [ADMIN] character.inventory.get count=0
2026-06-16T17:51:27.6642767Z [ADMIN] character.holdings.get count=0
2026-06-16T17:51:27.6732748Z [ADMIN] character.reputation.get count=0
2026-06-16T17:51:27.6832761Z [ADMIN] character.companions.get count=0
2026-06-16T17:51:27.6982774Z [ADMIN] character.skills.get auth actor=dev_admin characterId=fbd8a7b8e9a74810becc233f30fe9160 ownerCheck=False allowed=True
2026-06-16T17:51:27.6983970Z [ADMIN] character.skills.get actor=dev_admin characterId=fbd8a7b8e9a74810becc233f30fe9160 count=0
2026-06-16T17:51:33.5260854Z [ADMIN] admin.accounts.pending actor=dev_admin count=0
2026-06-16T17:51:33.5413232Z [ADMIN] dice.feed.common itemsRaw=0
2026-06-16T17:51:33.5423235Z [ADMIN] dice.feed.common itemsMapped=0
2026-06-16T17:51:33.5423235Z [ADMIN] dice.visibleFeed actor=dev_admin count=0
2026-06-16T17:51:33.5734127Z [ADMIN] character.skills.get auth actor=dev_admin characterId=fbd8a7b8e9a74810becc233f30fe9160 ownerCheck=False allowed=True
2026-06-16T17:51:33.5734127Z [ADMIN] character.skills.get actor=dev_admin characterId=fbd8a7b8e9a74810becc233f30fe9160 count=0
2026-06-16T17:51:33.6014114Z [ADMIN] dice.feed.common itemsRaw=0
2026-06-16T17:51:33.6014114Z [ADMIN] dice.feed.common itemsMapped=0
2026-06-16T17:51:33.6014114Z [ADMIN] dice.visibleFeed actor=dev_admin count=0
2026-06-16T17:51:43.6401249Z [ADMIN] admin.accounts.pending actor=dev_admin count=0
2026-06-16T17:51:43.6551251Z [ADMIN] dice.feed.common itemsRaw=0
2026-06-16T17:51:43.6551251Z [ADMIN] dice.feed.common itemsMapped=0
2026-06-16T17:51:43.6551251Z [ADMIN] dice.visibleFeed actor=dev_admin count=0
2026-06-16T17:51:43.6852424Z [ADMIN] character.skills.get auth actor=dev_admin characterId=fbd8a7b8e9a74810becc233f30fe9160 ownerCheck=False allowed=True
2026-06-16T17:51:43.6862426Z [ADMIN] character.skills.get actor=dev_admin characterId=fbd8a7b8e9a74810becc233f30fe9160 count=0
2026-06-16T17:51:43.7132735Z [ADMIN] dice.feed.common itemsRaw=0
2026-06-16T17:51:43.7132735Z [ADMIN] dice.feed.common itemsMapped=0
2026-06-16T17:51:43.7142739Z [ADMIN] dice.visibleFeed actor=dev_admin count=0
2026-06-16T17:51:53.7694676Z [ADMIN] admin.accounts.pending actor=dev_admin count=0
2026-06-16T17:51:53.7862213Z [ADMIN] dice.feed.common itemsRaw=0
2026-06-16T17:51:53.7862213Z [ADMIN] dice.feed.common itemsMapped=0
2026-06-16T17:51:53.7862213Z [ADMIN] dice.visibleFeed actor=dev_admin count=0
2026-06-16T17:51:53.8161908Z [ADMIN] character.skills.get auth actor=dev_admin characterId=fbd8a7b8e9a74810becc233f30fe9160 ownerCheck=False allowed=True
2026-06-16T17:51:53.8161908Z [ADMIN] character.skills.get actor=dev_admin characterId=fbd8a7b8e9a74810becc233f30fe9160 count=0
2026-06-16T17:51:53.8431906Z [ADMIN] dice.feed.common itemsRaw=0
2026-06-16T17:51:53.8441919Z [ADMIN] dice.feed.common itemsMapped=0
2026-06-16T17:51:53.8441919Z [ADMIN] dice.visibleFeed actor=dev_admin count=0
2026-06-16T17:51:59.2198967Z [ADMIN] lock.acquire actor=dev_admin entityType=character entityId=fbd8a7b8e9a74810becc233f30fe9160 result=new
2026-06-16T17:51:59.2542855Z [ADMIN] character.admin.save.stats actor=dev_admin characterId=fbd8a7b8e9a74810becc233f30fe9160 result=ok profileNative=true
2026-06-16T17:51:59.2760312Z [ADMIN] character.inventory.get count=0
2026-06-16T17:51:59.2860322Z [ADMIN] character.holdings.get count=0
2026-06-16T17:51:59.2950320Z [ADMIN] character.reputation.get count=0
2026-06-16T17:51:59.3040301Z [ADMIN] character.companions.get count=0
2026-06-16T17:51:59.3110308Z [ADMIN] character.skills.get auth actor=dev_admin characterId=fbd8a7b8e9a74810becc233f30fe9160 ownerCheck=False allowed=True
2026-06-16T17:51:59.3110308Z [ADMIN] character.skills.get actor=dev_admin characterId=fbd8a7b8e9a74810becc233f30fe9160 count=0
2026-06-16T17:52:03.8894891Z [ADMIN] admin.accounts.pending actor=dev_admin count=0
2026-06-16T17:52:03.9040515Z [ADMIN] dice.feed.common itemsRaw=0
2026-06-16T17:52:03.9040515Z [ADMIN] dice.feed.common itemsMapped=0
2026-06-16T17:52:03.9050510Z [ADMIN] dice.visibleFeed actor=dev_admin count=0
2026-06-16T17:52:03.9349875Z [ADMIN] character.skills.get auth actor=dev_admin characterId=fbd8a7b8e9a74810becc233f30fe9160 ownerCheck=False allowed=True
2026-06-16T17:52:03.9349875Z [ADMIN] character.skills.get actor=dev_admin characterId=fbd8a7b8e9a74810becc233f30fe9160 count=0
2026-06-16T17:52:03.9617668Z [ADMIN] dice.feed.common itemsRaw=0
2026-06-16T17:52:03.9622984Z [ADMIN] dice.feed.common itemsMapped=0
2026-06-16T17:52:03.9622984Z [ADMIN] dice.visibleFeed actor=dev_admin count=0
2026-06-16T17:52:14.0153844Z [ADMIN] admin.accounts.pending actor=dev_admin count=0
2026-06-16T17:52:14.0317190Z [ADMIN] dice.feed.common itemsRaw=0
2026-06-16T17:52:14.0317190Z [ADMIN] dice.feed.common itemsMapped=0
2026-06-16T17:52:14.0327200Z [ADMIN] dice.visibleFeed actor=dev_admin count=0
2026-06-16T17:52:14.0644103Z [ADMIN] character.skills.get auth actor=dev_admin characterId=fbd8a7b8e9a74810becc233f30fe9160 ownerCheck=False allowed=True
2026-06-16T17:52:14.0649326Z [ADMIN] character.skills.get actor=dev_admin characterId=fbd8a7b8e9a74810becc233f30fe9160 count=0
2026-06-16T17:52:14.0919493Z [ADMIN] dice.feed.common itemsRaw=0
2026-06-16T17:52:14.0919493Z [ADMIN] dice.feed.common itemsMapped=0
2026-06-16T17:52:14.0929509Z [ADMIN] dice.visibleFeed actor=dev_admin count=0
2026-06-16T17:52:24.1371872Z [ADMIN] admin.accounts.pending actor=dev_admin count=0
2026-06-16T17:52:24.1532340Z [ADMIN] dice.feed.common itemsRaw=0
2026-06-16T17:52:24.1532340Z [ADMIN] dice.feed.common itemsMapped=0
2026-06-16T17:52:24.1542337Z [ADMIN] dice.visibleFeed actor=dev_admin count=0
2026-06-16T17:52:24.1852367Z [ADMIN] character.skills.get auth actor=dev_admin characterId=fbd8a7b8e9a74810becc233f30fe9160 ownerCheck=False allowed=True
2026-06-16T17:52:24.1862366Z [ADMIN] character.skills.get actor=dev_admin characterId=fbd8a7b8e9a74810becc233f30fe9160 count=0
2026-06-16T17:52:24.2133700Z [ADMIN] dice.feed.common itemsRaw=0
2026-06-16T17:52:24.2139003Z [ADMIN] dice.feed.common itemsMapped=0
2026-06-16T17:52:24.2139003Z [ADMIN] dice.visibleFeed actor=dev_admin count=0
2026-06-16T17:52:34.2621973Z [ADMIN] admin.accounts.pending actor=dev_admin count=0
2026-06-16T17:52:34.2788987Z [ADMIN] dice.feed.common itemsRaw=0
2026-06-16T17:52:34.2788987Z [ADMIN] dice.feed.common itemsMapped=0
2026-06-16T17:52:34.2794364Z [ADMIN] dice.visibleFeed actor=dev_admin count=0
2026-06-16T17:52:34.3118780Z [ADMIN] character.skills.get auth actor=dev_admin characterId=fbd8a7b8e9a74810becc233f30fe9160 ownerCheck=False allowed=True
2026-06-16T17:52:34.3118780Z [ADMIN] character.skills.get actor=dev_admin characterId=fbd8a7b8e9a74810becc233f30fe9160 count=0
2026-06-16T17:52:34.3402320Z [ADMIN] dice.feed.common itemsRaw=0
2026-06-16T17:52:34.3412319Z [ADMIN] dice.feed.common itemsMapped=0
2026-06-16T17:52:34.3412319Z [ADMIN] dice.visibleFeed actor=dev_admin count=0
2026-06-16T17:52:44.3858762Z [ADMIN] admin.accounts.pending actor=dev_admin count=0
2026-06-16T17:52:44.4009896Z [ADMIN] dice.feed.common itemsRaw=0
2026-06-16T17:52:44.4009896Z [ADMIN] dice.feed.common itemsMapped=0
2026-06-16T17:52:44.4019887Z [ADMIN] dice.visibleFeed actor=dev_admin count=0
2026-06-16T17:52:44.4333949Z [ADMIN] character.skills.get auth actor=dev_admin characterId=fbd8a7b8e9a74810becc233f30fe9160 ownerCheck=False allowed=True
2026-06-16T17:52:44.4333949Z [ADMIN] character.skills.get actor=dev_admin characterId=fbd8a7b8e9a74810becc233f30fe9160 count=0
2026-06-16T17:52:44.4603946Z [ADMIN] dice.feed.common itemsRaw=0
2026-06-16T17:52:44.4603946Z [ADMIN] dice.feed.common itemsMapped=0
2026-06-16T17:52:44.4613943Z [ADMIN] dice.visibleFeed actor=dev_admin count=0
2026-06-16T17:52:54.5107674Z [ADMIN] admin.accounts.pending actor=dev_admin count=0
2026-06-16T17:52:54.5267676Z [ADMIN] dice.feed.common itemsRaw=0
2026-06-16T17:52:54.5267676Z [ADMIN] dice.feed.common itemsMapped=0
2026-06-16T17:52:54.5267676Z [ADMIN] dice.visibleFeed actor=dev_admin count=0
2026-06-16T17:52:54.5573403Z [ADMIN] character.skills.get auth actor=dev_admin characterId=fbd8a7b8e9a74810becc233f30fe9160 ownerCheck=False allowed=True
2026-06-16T17:52:54.5573403Z [ADMIN] character.skills.get actor=dev_admin characterId=fbd8a7b8e9a74810becc233f30fe9160 count=0
2026-06-16T17:52:54.5843332Z [ADMIN] dice.feed.common itemsRaw=0
2026-06-16T17:52:54.5843332Z [ADMIN] dice.feed.common itemsMapped=0
2026-06-16T17:52:54.5843332Z [ADMIN] dice.visibleFeed actor=dev_admin count=0
2026-06-16T17:53:04.6453803Z [ADMIN] admin.accounts.pending actor=dev_admin count=0
2026-06-16T17:53:04.6614410Z [ADMIN] dice.feed.common itemsRaw=0
2026-06-16T17:53:04.6614410Z [ADMIN] dice.feed.common itemsMapped=0
2026-06-16T17:53:04.6619652Z [ADMIN] dice.visibleFeed actor=dev_admin count=0
2026-06-16T17:53:04.6937324Z [ADMIN] character.skills.get auth actor=dev_admin characterId=fbd8a7b8e9a74810becc233f30fe9160 ownerCheck=False allowed=True
2026-06-16T17:53:04.6937324Z [ADMIN] character.skills.get actor=dev_admin characterId=fbd8a7b8e9a74810becc233f30fe9160 count=0
2026-06-16T17:53:04.7243535Z [ADMIN] dice.feed.common itemsRaw=0
2026-06-16T17:53:04.7243535Z [ADMIN] dice.feed.common itemsMapped=0
2026-06-16T17:53:04.7243535Z [ADMIN] dice.visibleFeed actor=dev_admin count=0
2026-06-16T17:53:14.7631503Z [ADMIN] admin.accounts.pending actor=dev_admin count=0
2026-06-16T17:53:14.7792769Z [ADMIN] dice.feed.common itemsRaw=0
2026-06-16T17:53:14.7792769Z [ADMIN] dice.feed.common itemsMapped=0
2026-06-16T17:53:14.7792769Z [ADMIN] dice.visibleFeed actor=dev_admin count=0
2026-06-16T17:53:14.8093970Z [ADMIN] character.skills.get auth actor=dev_admin characterId=fbd8a7b8e9a74810becc233f30fe9160 ownerCheck=False allowed=True
2026-06-16T17:53:14.8093970Z [ADMIN] character.skills.get actor=dev_admin characterId=fbd8a7b8e9a74810becc233f30fe9160 count=0
2026-06-16T17:53:14.8390801Z [ADMIN] dice.feed.common itemsRaw=0
2026-06-16T17:53:14.8390801Z [ADMIN] dice.feed.common itemsMapped=0
2026-06-16T17:53:14.8390801Z [ADMIN] dice.visibleFeed actor=dev_admin count=0
2026-06-16T17:53:24.8880468Z [ADMIN] admin.accounts.pending actor=dev_admin count=0
2026-06-16T17:53:24.9041163Z [ADMIN] dice.feed.common itemsRaw=0
2026-06-16T17:53:24.9041163Z [ADMIN] dice.feed.common itemsMapped=0
2026-06-16T17:53:24.9041163Z [ADMIN] dice.visibleFeed actor=dev_admin count=0
2026-06-16T17:53:24.9353304Z [ADMIN] character.skills.get auth actor=dev_admin characterId=fbd8a7b8e9a74810becc233f30fe9160 ownerCheck=False allowed=True
2026-06-16T17:53:24.9363293Z [ADMIN] character.skills.get actor=dev_admin characterId=fbd8a7b8e9a74810becc233f30fe9160 count=0
2026-06-16T17:53:24.9643058Z [ADMIN] dice.feed.common itemsRaw=0
2026-06-16T17:53:24.9643058Z [ADMIN] dice.feed.common itemsMapped=0
2026-06-16T17:53:24.9643058Z [ADMIN] dice.visibleFeed actor=dev_admin count=0
2026-06-16T17:53:35.0130944Z [ADMIN] admin.accounts.pending actor=dev_admin count=0
2026-06-16T17:53:35.0285978Z [ADMIN] dice.feed.common itemsRaw=0
2026-06-16T17:53:35.0291376Z [ADMIN] dice.feed.common itemsMapped=0
2026-06-16T17:53:35.0291376Z [ADMIN] dice.visibleFeed actor=dev_admin count=0
2026-06-16T17:53:35.0590593Z [ADMIN] character.skills.get auth actor=dev_admin characterId=fbd8a7b8e9a74810becc233f30fe9160 ownerCheck=False allowed=True
2026-06-16T17:53:35.0590593Z [ADMIN] character.skills.get actor=dev_admin characterId=fbd8a7b8e9a74810becc233f30fe9160 count=0
2026-06-16T17:53:35.0858933Z [ADMIN] dice.feed.common itemsRaw=0
2026-06-16T17:53:35.0858933Z [ADMIN] dice.feed.common itemsMapped=0
2026-06-16T17:53:35.0868933Z [ADMIN] dice.visibleFeed actor=dev_admin count=0
2026-06-16T17:53:45.1378120Z [ADMIN] admin.accounts.pending actor=dev_admin count=0
2026-06-16T17:53:45.1538116Z [ADMIN] dice.feed.common itemsRaw=0
2026-06-16T17:53:45.1548115Z [ADMIN] dice.feed.common itemsMapped=0
2026-06-16T17:53:45.1548115Z [ADMIN] dice.visibleFeed actor=dev_admin count=0
2026-06-16T17:53:45.1868599Z [ADMIN] character.skills.get auth actor=dev_admin characterId=fbd8a7b8e9a74810becc233f30fe9160 ownerCheck=False allowed=True
2026-06-16T17:53:45.1873832Z [ADMIN] character.skills.get actor=dev_admin characterId=fbd8a7b8e9a74810becc233f30fe9160 count=0
2026-06-16T17:53:45.2181024Z [ADMIN] dice.feed.common itemsRaw=0
2026-06-16T17:53:45.2181024Z [ADMIN] dice.feed.common itemsMapped=0
2026-06-16T17:53:45.2181024Z [ADMIN] dice.visibleFeed actor=dev_admin count=0
2026-06-16T17:53:55.2591776Z [ADMIN] admin.accounts.pending actor=dev_admin count=0
2026-06-16T17:53:55.2748353Z [ADMIN] dice.feed.common itemsRaw=0
2026-06-16T17:53:55.2748353Z [ADMIN] dice.feed.common itemsMapped=0
2026-06-16T17:53:55.2753651Z [ADMIN] dice.visibleFeed actor=dev_admin count=0
2026-06-16T17:53:55.3058558Z [ADMIN] character.skills.get auth actor=dev_admin characterId=fbd8a7b8e9a74810becc233f30fe9160 ownerCheck=False allowed=True
2026-06-16T17:53:55.3058558Z [ADMIN] character.skills.get actor=dev_admin characterId=fbd8a7b8e9a74810becc233f30fe9160 count=0
2026-06-16T17:53:55.3341940Z [ADMIN] dice.feed.common itemsRaw=0
2026-06-16T17:53:55.3351937Z [ADMIN] dice.feed.common itemsMapped=0
2026-06-16T17:53:55.3351937Z [ADMIN] dice.visibleFeed actor=dev_admin count=0
2026-06-16T17:54:05.3958480Z [ADMIN] admin.accounts.pending actor=dev_admin count=0
2026-06-16T17:54:05.4112296Z [ADMIN] dice.feed.common itemsRaw=0
2026-06-16T17:54:05.4112296Z [ADMIN] dice.feed.common itemsMapped=0
2026-06-16T17:54:05.4118047Z [ADMIN] dice.visibleFeed actor=dev_admin count=0
2026-06-16T17:54:05.4429096Z [ADMIN] character.skills.get auth actor=dev_admin characterId=fbd8a7b8e9a74810becc233f30fe9160 ownerCheck=False allowed=True
2026-06-16T17:54:05.4439108Z [ADMIN] character.skills.get actor=dev_admin characterId=fbd8a7b8e9a74810becc233f30fe9160 count=0
2026-06-16T17:54:05.4698579Z [ADMIN] dice.feed.common itemsRaw=0
2026-06-16T17:54:05.4698579Z [ADMIN] dice.feed.common itemsMapped=0
2026-06-16T17:54:05.4698579Z [ADMIN] dice.visibleFeed actor=dev_admin count=0
2026-06-16T17:54:15.5093227Z [ADMIN] admin.accounts.pending actor=dev_admin count=0
2026-06-16T17:54:15.5251467Z [ADMIN] dice.feed.common itemsRaw=0
2026-06-16T17:54:15.5261468Z [ADMIN] dice.feed.common itemsMapped=0
2026-06-16T17:54:15.5261468Z [ADMIN] dice.visibleFeed actor=dev_admin count=0
2026-06-16T17:54:15.5569458Z [ADMIN] character.skills.get auth actor=dev_admin characterId=fbd8a7b8e9a74810becc233f30fe9160 ownerCheck=False allowed=True
2026-06-16T17:54:15.5569458Z [ADMIN] character.skills.get actor=dev_admin characterId=fbd8a7b8e9a74810becc233f30fe9160 count=0
2026-06-16T17:54:15.5849462Z [ADMIN] dice.feed.common itemsRaw=0
2026-06-16T17:54:15.5849462Z [ADMIN] dice.feed.common itemsMapped=0
2026-06-16T17:54:15.5849462Z [ADMIN] dice.visibleFeed actor=dev_admin count=0
2026-06-16T17:54:25.6199651Z [ADMIN] admin.accounts.pending actor=dev_admin count=0
2026-06-16T17:54:25.6349629Z [ADMIN] dice.feed.common itemsRaw=0
2026-06-16T17:54:25.6349629Z [ADMIN] dice.feed.common itemsMapped=0
2026-06-16T17:54:25.6359641Z [ADMIN] dice.visibleFeed actor=dev_admin count=0
2026-06-16T17:54:25.6679635Z [ADMIN] character.skills.get auth actor=dev_admin characterId=fbd8a7b8e9a74810becc233f30fe9160 ownerCheck=False allowed=True
2026-06-16T17:54:25.6679635Z [ADMIN] character.skills.get actor=dev_admin characterId=fbd8a7b8e9a74810becc233f30fe9160 count=0
2026-06-16T17:54:25.6959372Z [ADMIN] dice.feed.common itemsRaw=0
2026-06-16T17:54:25.6959372Z [ADMIN] dice.feed.common itemsMapped=0
2026-06-16T17:54:25.6959372Z [ADMIN] dice.visibleFeed actor=dev_admin count=0
2026-06-16T17:54:35.7449709Z [ADMIN] admin.accounts.pending actor=dev_admin count=0
2026-06-16T17:54:35.7594235Z [ADMIN] dice.feed.common itemsRaw=0
2026-06-16T17:54:35.7594235Z [ADMIN] dice.feed.common itemsMapped=0
2026-06-16T17:54:35.7594235Z [ADMIN] dice.visibleFeed actor=dev_admin count=0
2026-06-16T17:54:35.7904230Z [ADMIN] character.skills.get auth actor=dev_admin characterId=fbd8a7b8e9a74810becc233f30fe9160 ownerCheck=False allowed=True
2026-06-16T17:54:35.7904230Z [ADMIN] character.skills.get actor=dev_admin characterId=fbd8a7b8e9a74810becc233f30fe9160 count=0
2026-06-16T17:54:35.8170859Z [ADMIN] dice.feed.common itemsRaw=0
2026-06-16T17:54:35.8170859Z [ADMIN] dice.feed.common itemsMapped=0
2026-06-16T17:54:35.8170859Z [ADMIN] dice.visibleFeed actor=dev_admin count=0
2026-06-16T17:54:45.8539852Z [ADMIN] admin.accounts.pending actor=dev_admin count=0
2026-06-16T17:54:45.8693085Z [ADMIN] dice.feed.common itemsRaw=0
2026-06-16T17:54:45.8693085Z [ADMIN] dice.feed.common itemsMapped=0
2026-06-16T17:54:45.8693085Z [ADMIN] dice.visibleFeed actor=dev_admin count=0
2026-06-16T17:54:45.9003195Z [ADMIN] character.skills.get auth actor=dev_admin characterId=fbd8a7b8e9a74810becc233f30fe9160 ownerCheck=False allowed=True
2026-06-16T17:54:45.9013209Z [ADMIN] character.skills.get actor=dev_admin characterId=fbd8a7b8e9a74810becc233f30fe9160 count=0
2026-06-16T17:54:45.9293201Z [ADMIN] dice.feed.common itemsRaw=0
2026-06-16T17:54:45.9293201Z [ADMIN] dice.feed.common itemsMapped=0
2026-06-16T17:54:45.9293201Z [ADMIN] dice.visibleFeed actor=dev_admin count=0
2026-06-16T17:54:55.9797616Z [ADMIN] admin.accounts.pending actor=dev_admin count=0
2026-06-16T17:54:55.9950814Z [ADMIN] dice.feed.common itemsRaw=0
2026-06-16T17:54:55.9950814Z [ADMIN] dice.feed.common itemsMapped=0
2026-06-16T17:54:55.9950814Z [ADMIN] dice.visibleFeed actor=dev_admin count=0
2026-06-16T17:54:56.0248286Z [ADMIN] character.skills.get auth actor=dev_admin characterId=fbd8a7b8e9a74810becc233f30fe9160 ownerCheck=False allowed=True
2026-06-16T17:54:56.0248286Z [ADMIN] character.skills.get actor=dev_admin characterId=fbd8a7b8e9a74810becc233f30fe9160 count=0
2026-06-16T17:54:56.0538281Z [ADMIN] dice.feed.common itemsRaw=0
2026-06-16T17:54:56.0538281Z [ADMIN] dice.feed.common itemsMapped=0
2026-06-16T17:54:56.0538281Z [ADMIN] dice.visibleFeed actor=dev_admin count=0
2026-06-16T17:55:06.1047731Z [ADMIN] admin.accounts.pending actor=dev_admin count=0
2026-06-16T17:55:06.1208315Z [ADMIN] dice.feed.common itemsRaw=0
2026-06-16T17:55:06.1208315Z [ADMIN] dice.feed.common itemsMapped=0
2026-06-16T17:55:06.1208315Z [ADMIN] dice.visibleFeed actor=dev_admin count=0
2026-06-16T17:55:06.1552339Z [ADMIN] character.skills.get auth actor=dev_admin characterId=fbd8a7b8e9a74810becc233f30fe9160 ownerCheck=False allowed=True
2026-06-16T17:55:06.1552339Z [ADMIN] character.skills.get actor=dev_admin characterId=fbd8a7b8e9a74810becc233f30fe9160 count=0
2026-06-16T17:55:06.1851476Z [ADMIN] dice.feed.common itemsRaw=0
2026-06-16T17:55:06.1856746Z [ADMIN] dice.feed.common itemsMapped=0
2026-06-16T17:55:06.1856746Z [ADMIN] dice.visibleFeed actor=dev_admin count=0
2026-06-16T17:55:29.3087707Z [ADMIN] admin.accounts.pending actor=dev_admin count=0
2026-06-16T17:55:29.3599825Z [ADMIN] dice.feed.common itemsRaw=0
2026-06-16T17:55:29.3605782Z [ADMIN] dice.feed.common itemsMapped=0
2026-06-16T17:55:29.3605782Z [ADMIN] dice.visibleFeed actor=dev_admin count=0
2026-06-16T17:55:29.4375281Z [ADMIN] dice.feed.common itemsRaw=0
2026-06-16T17:55:29.4375281Z [ADMIN] dice.feed.common itemsMapped=0
2026-06-16T17:55:29.4375281Z [ADMIN] dice.visibleFeed actor=dev_admin count=0
2026-06-16T17:55:33.3470295Z [ADMIN] character.admin.list actor=dev_admin count=1 includeArchived=False
2026-06-16T17:55:33.3800297Z [ADMIN] character.inventory.get count=0
2026-06-16T17:55:33.3900294Z [ADMIN] character.holdings.get count=0
2026-06-16T17:55:33.4000293Z [ADMIN] character.reputation.get count=0
2026-06-16T17:55:33.4100296Z [ADMIN] character.companions.get count=0
2026-06-16T17:55:33.4260297Z [ADMIN] character.skills.get auth actor=dev_admin characterId=fbd8a7b8e9a74810becc233f30fe9160 ownerCheck=False allowed=True
2026-06-16T17:55:33.4260297Z [ADMIN] character.skills.get actor=dev_admin characterId=fbd8a7b8e9a74810becc233f30fe9160 count=0
2026-06-16T17:55:39.2920368Z [ADMIN] admin.accounts.pending actor=dev_admin count=0
2026-06-16T17:55:39.3090382Z [ADMIN] dice.feed.common itemsRaw=0
2026-06-16T17:55:39.3090382Z [ADMIN] dice.feed.common itemsMapped=0
2026-06-16T17:55:39.3090382Z [ADMIN] dice.visibleFeed actor=dev_admin count=0
2026-06-16T17:55:39.3420365Z [ADMIN] character.skills.get auth actor=dev_admin characterId=fbd8a7b8e9a74810becc233f30fe9160 ownerCheck=False allowed=True
2026-06-16T17:55:39.3420365Z [ADMIN] character.skills.get actor=dev_admin characterId=fbd8a7b8e9a74810becc233f30fe9160 count=0
2026-06-16T17:55:39.3730370Z [ADMIN] dice.feed.common itemsRaw=0
2026-06-16T17:55:39.3730370Z [ADMIN] dice.feed.common itemsMapped=0
2026-06-16T17:55:39.3730370Z [ADMIN] dice.visibleFeed actor=dev_admin count=0
2026-06-16T17:55:49.4159975Z [ADMIN] admin.accounts.pending actor=dev_admin count=0
2026-06-16T17:55:49.4313546Z [ADMIN] dice.feed.common itemsRaw=0
2026-06-16T17:55:49.4313546Z [ADMIN] dice.feed.common itemsMapped=0
2026-06-16T17:55:49.4313546Z [ADMIN] dice.visibleFeed actor=dev_admin count=0
2026-06-16T17:55:49.4609006Z [ADMIN] character.skills.get auth actor=dev_admin characterId=fbd8a7b8e9a74810becc233f30fe9160 ownerCheck=False allowed=True
2026-06-16T17:55:49.4619011Z [ADMIN] character.skills.get actor=dev_admin characterId=fbd8a7b8e9a74810becc233f30fe9160 count=0
2026-06-16T17:55:49.4899964Z [ADMIN] dice.feed.common itemsRaw=0
2026-06-16T17:55:49.4899964Z [ADMIN] dice.feed.common itemsMapped=0
2026-06-16T17:55:49.4909983Z [ADMIN] dice.visibleFeed actor=dev_admin count=0
2026-06-16T17:55:59.5363929Z [ADMIN] admin.accounts.pending actor=dev_admin count=0
2026-06-16T17:55:59.5533156Z [ADMIN] dice.feed.common itemsRaw=0
2026-06-16T17:55:59.5533156Z [ADMIN] dice.feed.common itemsMapped=0
2026-06-16T17:55:59.5533156Z [ADMIN] dice.visibleFeed actor=dev_admin count=0
2026-06-16T17:55:59.5839681Z [ADMIN] character.skills.get auth actor=dev_admin characterId=fbd8a7b8e9a74810becc233f30fe9160 ownerCheck=False allowed=True
2026-06-16T17:55:59.5839681Z [ADMIN] character.skills.get actor=dev_admin characterId=fbd8a7b8e9a74810becc233f30fe9160 count=0
2026-06-16T17:55:59.6109668Z [ADMIN] dice.feed.common itemsRaw=0
2026-06-16T17:55:59.6109668Z [ADMIN] dice.feed.common itemsMapped=0
2026-06-16T17:55:59.6109668Z [ADMIN] dice.visibleFeed actor=dev_admin count=0
2026-06-16T17:56:04.9847741Z [ADMIN] lock.acquire actor=dev_admin entityType=character entityId=fbd8a7b8e9a74810becc233f30fe9160 result=refresh
2026-06-16T17:56:09.6510773Z [ADMIN] admin.accounts.pending actor=dev_admin count=0
2026-06-16T17:56:09.6661000Z [ADMIN] dice.feed.common itemsRaw=0
2026-06-16T17:56:09.6661000Z [ADMIN] dice.feed.common itemsMapped=0
2026-06-16T17:56:09.6661000Z [ADMIN] dice.visibleFeed actor=dev_admin count=0
2026-06-16T17:56:09.6969725Z [ADMIN] character.skills.get auth actor=dev_admin characterId=fbd8a7b8e9a74810becc233f30fe9160 ownerCheck=False allowed=True
2026-06-16T17:56:09.6969725Z [ADMIN] character.skills.get actor=dev_admin characterId=fbd8a7b8e9a74810becc233f30fe9160 count=0
2026-06-16T17:56:09.7239734Z [ADMIN] dice.feed.common itemsRaw=0
2026-06-16T17:56:09.7239734Z [ADMIN] dice.feed.common itemsMapped=0
2026-06-16T17:56:09.7239734Z [ADMIN] dice.visibleFeed actor=dev_admin count=0
2026-06-16T17:56:19.7593032Z [ADMIN] admin.accounts.pending actor=dev_admin count=0
2026-06-16T17:56:19.7739622Z [ADMIN] dice.feed.common itemsRaw=0
2026-06-16T17:56:19.7739622Z [ADMIN] dice.feed.common itemsMapped=0
2026-06-16T17:56:19.7739622Z [ADMIN] dice.visibleFeed actor=dev_admin count=0
2026-06-16T17:56:19.8045564Z [ADMIN] character.skills.get auth actor=dev_admin characterId=fbd8a7b8e9a74810becc233f30fe9160 ownerCheck=False allowed=True
2026-06-16T17:56:19.8045564Z [ADMIN] character.skills.get actor=dev_admin characterId=fbd8a7b8e9a74810becc233f30fe9160 count=0
2026-06-16T17:56:19.8329720Z [ADMIN] dice.feed.common itemsRaw=0
2026-06-16T17:56:19.8329720Z [ADMIN] dice.feed.common itemsMapped=0
2026-06-16T17:56:19.8329720Z [ADMIN] dice.visibleFeed actor=dev_admin count=0
2026-06-16T17:56:29.8697290Z [ADMIN] admin.accounts.pending actor=dev_admin count=0
2026-06-16T17:56:29.8862171Z [ADMIN] dice.feed.common itemsRaw=0
2026-06-16T17:56:29.8862171Z [ADMIN] dice.feed.common itemsMapped=0
2026-06-16T17:56:29.8862171Z [ADMIN] dice.visibleFeed actor=dev_admin count=0
2026-06-16T17:56:29.9212186Z [ADMIN] character.skills.get auth actor=dev_admin characterId=fbd8a7b8e9a74810becc233f30fe9160 ownerCheck=False allowed=True
2026-06-16T17:56:29.9212186Z [ADMIN] character.skills.get actor=dev_admin characterId=fbd8a7b8e9a74810becc233f30fe9160 count=0
2026-06-16T17:56:29.9516562Z [ADMIN] dice.feed.common itemsRaw=0
2026-06-16T17:56:29.9516562Z [ADMIN] dice.feed.common itemsMapped=0
2026-06-16T17:56:29.9526543Z [ADMIN] dice.visibleFeed actor=dev_admin count=0
2026-06-16T17:56:39.9937512Z [ADMIN] admin.accounts.pending actor=dev_admin count=0
2026-06-16T17:56:40.0098130Z [ADMIN] dice.feed.common itemsRaw=0
2026-06-16T17:56:40.0098130Z [ADMIN] dice.feed.common itemsMapped=0
2026-06-16T17:56:40.0098130Z [ADMIN] dice.visibleFeed actor=dev_admin count=0
2026-06-16T17:56:40.0412964Z [ADMIN] character.skills.get auth actor=dev_admin characterId=fbd8a7b8e9a74810becc233f30fe9160 ownerCheck=False allowed=True
2026-06-16T17:56:40.0422963Z [ADMIN] character.skills.get actor=dev_admin characterId=fbd8a7b8e9a74810becc233f30fe9160 count=0
2026-06-16T17:56:40.0702271Z [ADMIN] dice.feed.common itemsRaw=0
2026-06-16T17:56:40.0702271Z [ADMIN] dice.feed.common itemsMapped=0
2026-06-16T17:56:40.0707778Z [ADMIN] dice.visibleFeed actor=dev_admin count=0
2026-06-16T17:56:50.1196963Z [ADMIN] admin.accounts.pending actor=dev_admin count=0
2026-06-16T17:56:50.1350969Z [ADMIN] dice.feed.common itemsRaw=0
2026-06-16T17:56:50.1350969Z [ADMIN] dice.feed.common itemsMapped=0
2026-06-16T17:56:50.1350969Z [ADMIN] dice.visibleFeed actor=dev_admin count=0
2026-06-16T17:56:50.1678452Z [ADMIN] character.skills.get auth actor=dev_admin characterId=fbd8a7b8e9a74810becc233f30fe9160 ownerCheck=False allowed=True
2026-06-16T17:56:50.1688448Z [ADMIN] character.skills.get actor=dev_admin characterId=fbd8a7b8e9a74810becc233f30fe9160 count=0
2026-06-16T17:56:50.1968445Z [ADMIN] dice.feed.common itemsRaw=0
2026-06-16T17:56:50.1968445Z [ADMIN] dice.feed.common itemsMapped=0
2026-06-16T17:56:50.1968445Z [ADMIN] dice.visibleFeed actor=dev_admin count=0
2026-06-16T17:57:00.2437329Z [ADMIN] admin.accounts.pending actor=dev_admin count=0
2026-06-16T17:57:00.2588749Z [ADMIN] dice.feed.common itemsRaw=0
2026-06-16T17:57:00.2598762Z [ADMIN] dice.feed.common itemsMapped=0
2026-06-16T17:57:00.2598762Z [ADMIN] dice.visibleFeed actor=dev_admin count=0
2026-06-16T17:57:00.2918762Z [ADMIN] character.skills.get auth actor=dev_admin characterId=fbd8a7b8e9a74810becc233f30fe9160 ownerCheck=False allowed=True
2026-06-16T17:57:00.2918762Z [ADMIN] character.skills.get actor=dev_admin characterId=fbd8a7b8e9a74810becc233f30fe9160 count=0
2026-06-16T17:57:00.3218753Z [ADMIN] dice.feed.common itemsRaw=0
2026-06-16T17:57:00.3228761Z [ADMIN] dice.feed.common itemsMapped=0
2026-06-16T17:57:00.3228761Z [ADMIN] dice.visibleFeed actor=dev_admin count=0
2026-06-16T17:57:10.3702552Z [ADMIN] admin.accounts.pending actor=dev_admin count=0
2026-06-16T17:57:10.3859325Z [ADMIN] dice.feed.common itemsRaw=0
2026-06-16T17:57:10.3859325Z [ADMIN] dice.feed.common itemsMapped=0
2026-06-16T17:57:10.3859325Z [ADMIN] dice.visibleFeed actor=dev_admin count=0
2026-06-16T17:57:10.4178553Z [ADMIN] character.skills.get auth actor=dev_admin characterId=fbd8a7b8e9a74810becc233f30fe9160 ownerCheck=False allowed=True
2026-06-16T17:57:10.4178553Z [ADMIN] character.skills.get actor=dev_admin characterId=fbd8a7b8e9a74810becc233f30fe9160 count=0
2026-06-16T17:57:10.4446872Z [ADMIN] dice.feed.common itemsRaw=0
2026-06-16T17:57:10.4456867Z [ADMIN] dice.feed.common itemsMapped=0
2026-06-16T17:57:10.4456867Z [ADMIN] dice.visibleFeed actor=dev_admin count=0
2026-06-16T17:57:20.4846637Z [ADMIN] admin.accounts.pending actor=dev_admin count=0
2026-06-16T17:57:20.4994164Z [ADMIN] dice.feed.common itemsRaw=0
2026-06-16T17:57:20.4994164Z [ADMIN] dice.feed.common itemsMapped=0
2026-06-16T17:57:20.5004391Z [ADMIN] dice.visibleFeed actor=dev_admin count=0
2026-06-16T17:57:20.5296511Z [ADMIN] character.skills.get auth actor=dev_admin characterId=fbd8a7b8e9a74810becc233f30fe9160 ownerCheck=False allowed=True
2026-06-16T17:57:20.5296511Z [ADMIN] character.skills.get actor=dev_admin characterId=fbd8a7b8e9a74810becc233f30fe9160 count=0
2026-06-16T17:57:20.5566661Z [ADMIN] dice.feed.common itemsRaw=0
2026-06-16T17:57:20.5566661Z [ADMIN] dice.feed.common itemsMapped=0
2026-06-16T17:57:20.5566661Z [ADMIN] dice.visibleFeed actor=dev_admin count=0
2026-06-16T17:57:45.2053954Z [ADMIN] admin.accounts.pending actor=dev_admin count=0
2026-06-16T17:57:45.2574025Z [ADMIN] dice.feed.common itemsRaw=0
2026-06-16T17:57:45.2574025Z [ADMIN] dice.feed.common itemsMapped=0
2026-06-16T17:57:45.2584037Z [ADMIN] dice.visibleFeed actor=dev_admin count=0
2026-06-16T17:57:45.3379183Z [ADMIN] dice.feed.common itemsRaw=0
2026-06-16T17:57:45.3379183Z [ADMIN] dice.feed.common itemsMapped=0
2026-06-16T17:57:45.3379183Z [ADMIN] dice.visibleFeed actor=dev_admin count=0
2026-06-16T17:57:49.2662677Z [ADMIN] character.admin.list actor=dev_admin count=1 includeArchived=False
2026-06-16T17:57:49.2966379Z [ADMIN] character.inventory.get count=0
2026-06-16T17:57:49.3066372Z [ADMIN] character.holdings.get count=0
2026-06-16T17:57:49.3176377Z [ADMIN] character.reputation.get count=0
2026-06-16T17:57:49.3281243Z [ADMIN] character.companions.get count=0
2026-06-16T17:57:49.3441238Z [ADMIN] character.skills.get auth actor=dev_admin characterId=fbd8a7b8e9a74810becc233f30fe9160 ownerCheck=False allowed=True
2026-06-16T17:57:49.3451244Z [ADMIN] character.skills.get actor=dev_admin characterId=fbd8a7b8e9a74810becc233f30fe9160 count=0
2026-06-16T17:57:55.1817050Z [ADMIN] admin.accounts.pending actor=dev_admin count=0
2026-06-16T17:57:55.2002355Z [ADMIN] dice.feed.common itemsRaw=0
2026-06-16T17:57:55.2002355Z [ADMIN] dice.feed.common itemsMapped=0
2026-06-16T17:57:55.2007053Z [ADMIN] dice.visibleFeed actor=dev_admin count=0
2026-06-16T17:57:55.2337054Z [ADMIN] character.skills.get auth actor=dev_admin characterId=fbd8a7b8e9a74810becc233f30fe9160 ownerCheck=False allowed=True
2026-06-16T17:57:55.2337054Z [ADMIN] character.skills.get actor=dev_admin characterId=fbd8a7b8e9a74810becc233f30fe9160 count=0
2026-06-16T17:57:55.2627048Z [ADMIN] dice.feed.common itemsRaw=0
2026-06-16T17:57:55.2627048Z [ADMIN] dice.feed.common itemsMapped=0
2026-06-16T17:57:55.2627048Z [ADMIN] dice.visibleFeed actor=dev_admin count=0
2026-06-16T17:58:05.3061962Z [ADMIN] admin.accounts.pending actor=dev_admin count=0
2026-06-16T17:58:05.3211960Z [ADMIN] dice.feed.common itemsRaw=0
2026-06-16T17:58:05.3211960Z [ADMIN] dice.feed.common itemsMapped=0
2026-06-16T17:58:05.3211960Z [ADMIN] dice.visibleFeed actor=dev_admin count=0
2026-06-16T17:58:05.3520846Z [ADMIN] character.skills.get auth actor=dev_admin characterId=fbd8a7b8e9a74810becc233f30fe9160 ownerCheck=False allowed=True
2026-06-16T17:58:05.3520846Z [ADMIN] character.skills.get actor=dev_admin characterId=fbd8a7b8e9a74810becc233f30fe9160 count=0
2026-06-16T17:58:05.3810836Z [ADMIN] dice.feed.common itemsRaw=0
2026-06-16T17:58:05.3810836Z [ADMIN] dice.feed.common itemsMapped=0
2026-06-16T17:58:05.3810836Z [ADMIN] dice.visibleFeed actor=dev_admin count=0
2026-06-16T17:58:15.4309580Z [ADMIN] admin.accounts.pending actor=dev_admin count=0
2026-06-16T17:58:15.4469568Z [ADMIN] dice.feed.common itemsRaw=0
2026-06-16T17:58:15.4469568Z [ADMIN] dice.feed.common itemsMapped=0
2026-06-16T17:58:15.4479569Z [ADMIN] dice.visibleFeed actor=dev_admin count=0
2026-06-16T17:58:15.4771594Z [ADMIN] character.skills.get auth actor=dev_admin characterId=fbd8a7b8e9a74810becc233f30fe9160 ownerCheck=False allowed=True
2026-06-16T17:58:15.4771594Z [ADMIN] character.skills.get actor=dev_admin characterId=fbd8a7b8e9a74810becc233f30fe9160 count=0
2026-06-16T17:58:15.5038956Z [ADMIN] dice.feed.common itemsRaw=0
2026-06-16T17:58:15.5038956Z [ADMIN] dice.feed.common itemsMapped=0
2026-06-16T17:58:15.5048948Z [ADMIN] dice.visibleFeed actor=dev_admin count=0
2026-06-16T17:58:20.7992645Z [ADMIN] lock.acquire actor=dev_admin entityType=character entityId=fbd8a7b8e9a74810becc233f30fe9160 result=refresh
2026-06-16T17:58:20.8312304Z [ADMIN] character.admin.save.stats actor=dev_admin characterId=fbd8a7b8e9a74810becc233f30fe9160 result=ok profileNative=true
2026-06-16T17:58:20.8514005Z [ADMIN] character.inventory.get count=0
2026-06-16T17:58:20.8614015Z [ADMIN] character.holdings.get count=0
2026-06-16T17:58:20.8698659Z [ADMIN] character.reputation.get count=0
2026-06-16T17:58:20.8774007Z [ADMIN] character.companions.get count=0
2026-06-16T17:58:20.8844017Z [ADMIN] character.skills.get auth actor=dev_admin characterId=fbd8a7b8e9a74810becc233f30fe9160 ownerCheck=False allowed=True
2026-06-16T17:58:20.8854017Z [ADMIN] character.skills.get actor=dev_admin characterId=fbd8a7b8e9a74810becc233f30fe9160 count=0
2026-06-16T17:58:25.5412085Z [ADMIN] admin.accounts.pending actor=dev_admin count=0
2026-06-16T17:58:25.5562632Z [ADMIN] dice.feed.common itemsRaw=0
2026-06-16T17:58:25.5562632Z [ADMIN] dice.feed.common itemsMapped=0
2026-06-16T17:58:25.5562632Z [ADMIN] dice.visibleFeed actor=dev_admin count=0
2026-06-16T17:58:25.5871007Z [ADMIN] character.skills.get auth actor=dev_admin characterId=fbd8a7b8e9a74810becc233f30fe9160 ownerCheck=False allowed=True
2026-06-16T17:58:25.5871007Z [ADMIN] character.skills.get actor=dev_admin characterId=fbd8a7b8e9a74810becc233f30fe9160 count=0
2026-06-16T17:58:25.6149513Z [ADMIN] dice.feed.common itemsRaw=0
2026-06-16T17:58:25.6149513Z [ADMIN] dice.feed.common itemsMapped=0
2026-06-16T17:58:25.6149513Z [ADMIN] dice.visibleFeed actor=dev_admin count=0
2026-06-16T17:58:35.6524169Z [ADMIN] admin.accounts.pending actor=dev_admin count=0
2026-06-16T17:58:35.6678704Z [ADMIN] dice.feed.common itemsRaw=0
2026-06-16T17:58:35.6678704Z [ADMIN] dice.feed.common itemsMapped=0
2026-06-16T17:58:35.6678704Z [ADMIN] dice.visibleFeed actor=dev_admin count=0
2026-06-16T17:58:35.6987380Z [ADMIN] character.skills.get auth actor=dev_admin characterId=fbd8a7b8e9a74810becc233f30fe9160 ownerCheck=False allowed=True
2026-06-16T17:58:35.6987380Z [ADMIN] character.skills.get actor=dev_admin characterId=fbd8a7b8e9a74810becc233f30fe9160 count=0
2026-06-16T17:58:35.7263171Z [ADMIN] dice.feed.common itemsRaw=0
2026-06-16T17:58:35.7268464Z [ADMIN] dice.feed.common itemsMapped=0
2026-06-16T17:58:35.7268464Z [ADMIN] dice.visibleFeed actor=dev_admin count=0
2026-06-16T17:58:45.7759452Z [ADMIN] admin.accounts.pending actor=dev_admin count=0
2026-06-16T17:58:45.7910105Z [ADMIN] dice.feed.common itemsRaw=0
2026-06-16T17:58:45.7920089Z [ADMIN] dice.feed.common itemsMapped=0
2026-06-16T17:58:45.7920089Z [ADMIN] dice.visibleFeed actor=dev_admin count=0
2026-06-16T17:58:45.8248632Z [ADMIN] character.skills.get auth actor=dev_admin characterId=fbd8a7b8e9a74810becc233f30fe9160 ownerCheck=False allowed=True
2026-06-16T17:58:45.8253898Z [ADMIN] character.skills.get actor=dev_admin characterId=fbd8a7b8e9a74810becc233f30fe9160 count=0
2026-06-16T17:58:45.8564957Z [ADMIN] dice.feed.common itemsRaw=0
2026-06-16T17:58:45.8574952Z [ADMIN] dice.feed.common itemsMapped=0
2026-06-16T17:58:45.8574952Z [ADMIN] dice.visibleFeed actor=dev_admin count=0
2026-06-16T17:58:55.9058429Z [ADMIN] admin.accounts.pending actor=dev_admin count=0
2026-06-16T17:58:55.9213878Z [ADMIN] dice.feed.common itemsRaw=0
2026-06-16T17:58:55.9213878Z [ADMIN] dice.feed.common itemsMapped=0
2026-06-16T17:58:55.9213878Z [ADMIN] dice.visibleFeed actor=dev_admin count=0
2026-06-16T17:58:55.9513235Z [ADMIN] character.skills.get auth actor=dev_admin characterId=fbd8a7b8e9a74810becc233f30fe9160 ownerCheck=False allowed=True
2026-06-16T17:58:55.9513235Z [ADMIN] character.skills.get actor=dev_admin characterId=fbd8a7b8e9a74810becc233f30fe9160 count=0
2026-06-16T17:58:55.9773225Z [ADMIN] dice.feed.common itemsRaw=0
2026-06-16T17:58:55.9773225Z [ADMIN] dice.feed.common itemsMapped=0
2026-06-16T17:58:55.9773225Z [ADMIN] dice.visibleFeed actor=dev_admin count=0
2026-06-16T17:59:06.0248338Z [ADMIN] admin.accounts.pending actor=dev_admin count=0
2026-06-16T17:59:06.0398351Z [ADMIN] dice.feed.common itemsRaw=0
2026-06-16T17:59:06.0398351Z [ADMIN] dice.feed.common itemsMapped=0
2026-06-16T17:59:06.0408339Z [ADMIN] dice.visibleFeed actor=dev_admin count=0
2026-06-16T17:59:06.0723932Z [ADMIN] character.skills.get auth actor=dev_admin characterId=fbd8a7b8e9a74810becc233f30fe9160 ownerCheck=False allowed=True
2026-06-16T17:59:06.0723932Z [ADMIN] character.skills.get actor=dev_admin characterId=fbd8a7b8e9a74810becc233f30fe9160 count=0
2026-06-16T17:59:06.1013238Z [ADMIN] dice.feed.common itemsRaw=0
2026-06-16T17:59:06.1013238Z [ADMIN] dice.feed.common itemsMapped=0
2026-06-16T17:59:06.1018533Z [ADMIN] dice.visibleFeed actor=dev_admin count=0
2026-06-16T17:59:16.1615130Z [ADMIN] admin.accounts.pending actor=dev_admin count=0
2026-06-16T17:59:16.1777241Z [ADMIN] dice.feed.common itemsRaw=0
2026-06-16T17:59:16.1777241Z [ADMIN] dice.feed.common itemsMapped=0
2026-06-16T17:59:16.1777241Z [ADMIN] dice.visibleFeed actor=dev_admin count=0
2026-06-16T17:59:16.2077668Z [ADMIN] character.skills.get auth actor=dev_admin characterId=fbd8a7b8e9a74810becc233f30fe9160 ownerCheck=False allowed=True
2026-06-16T17:59:16.2077668Z [ADMIN] character.skills.get actor=dev_admin characterId=fbd8a7b8e9a74810becc233f30fe9160 count=0
2026-06-16T17:59:16.2367650Z [ADMIN] dice.feed.common itemsRaw=0
2026-06-16T17:59:16.2367650Z [ADMIN] dice.feed.common itemsMapped=0
2026-06-16T17:59:16.2367650Z [ADMIN] dice.visibleFeed actor=dev_admin count=0
2026-06-16T17:59:26.2758347Z [ADMIN] admin.accounts.pending actor=dev_admin count=0
2026-06-16T17:59:26.2920057Z [ADMIN] dice.feed.common itemsRaw=0
2026-06-16T17:59:26.2920057Z [ADMIN] dice.feed.common itemsMapped=0
2026-06-16T17:59:26.2925252Z [ADMIN] dice.visibleFeed actor=dev_admin count=0
2026-06-16T17:59:26.3304209Z [ADMIN] character.skills.get auth actor=dev_admin characterId=fbd8a7b8e9a74810becc233f30fe9160 ownerCheck=False allowed=True
2026-06-16T17:59:26.3304209Z [ADMIN] character.skills.get actor=dev_admin characterId=fbd8a7b8e9a74810becc233f30fe9160 count=0
2026-06-16T17:59:26.3608958Z [ADMIN] dice.feed.common itemsRaw=0
2026-06-16T17:59:26.3608958Z [ADMIN] dice.feed.common itemsMapped=0
2026-06-16T17:59:26.3618965Z [ADMIN] dice.visibleFeed actor=dev_admin count=0
2026-06-16T17:59:36.4006257Z [ADMIN] admin.accounts.pending actor=dev_admin count=0
2026-06-16T17:59:36.4148004Z [ADMIN] dice.feed.common itemsRaw=0
2026-06-16T17:59:36.4157963Z [ADMIN] dice.feed.common itemsMapped=0
2026-06-16T17:59:36.4157963Z [ADMIN] dice.visibleFeed actor=dev_admin count=0
2026-06-16T17:59:36.4454733Z [ADMIN] character.skills.get auth actor=dev_admin characterId=fbd8a7b8e9a74810becc233f30fe9160 ownerCheck=False allowed=True
2026-06-16T17:59:36.4464737Z [ADMIN] character.skills.get actor=dev_admin characterId=fbd8a7b8e9a74810becc233f30fe9160 count=0
2026-06-16T17:59:36.4756280Z [ADMIN] dice.feed.common itemsRaw=0
2026-06-16T17:59:36.4761960Z [ADMIN] dice.feed.common itemsMapped=0
2026-06-16T17:59:36.4761960Z [ADMIN] dice.visibleFeed actor=dev_admin count=0
2026-06-16T17:59:46.5113191Z [ADMIN] admin.accounts.pending actor=dev_admin count=0
2026-06-16T17:59:46.5269047Z [ADMIN] dice.feed.common itemsRaw=0
2026-06-16T17:59:46.5274095Z [ADMIN] dice.feed.common itemsMapped=0
2026-06-16T17:59:46.5274552Z [ADMIN] dice.visibleFeed actor=dev_admin count=0
2026-06-16T17:59:46.5596109Z [ADMIN] character.skills.get auth actor=dev_admin characterId=fbd8a7b8e9a74810becc233f30fe9160 ownerCheck=False allowed=True
2026-06-16T17:59:46.5596109Z [ADMIN] character.skills.get actor=dev_admin characterId=fbd8a7b8e9a74810becc233f30fe9160 count=0
2026-06-16T17:59:46.5886115Z [ADMIN] dice.feed.common itemsRaw=0
2026-06-16T17:59:46.5886115Z [ADMIN] dice.feed.common itemsMapped=0
2026-06-16T17:59:46.5886115Z [ADMIN] dice.visibleFeed actor=dev_admin count=0
2026-06-16T18:00:09.3158981Z [ADMIN] admin.accounts.pending actor=dev_admin count=0
2026-06-16T18:00:09.3648541Z [ADMIN] dice.feed.common itemsRaw=0
2026-06-16T18:00:09.3658531Z [ADMIN] dice.feed.common itemsMapped=0
2026-06-16T18:00:09.3658531Z [ADMIN] dice.visibleFeed actor=dev_admin count=0
2026-06-16T18:00:09.4398534Z [ADMIN] dice.feed.common itemsRaw=0
2026-06-16T18:00:09.4398534Z [ADMIN] dice.feed.common itemsMapped=0
2026-06-16T18:00:09.4398534Z [ADMIN] dice.visibleFeed actor=dev_admin count=0
2026-06-16T18:00:13.3754740Z [ADMIN] character.admin.list actor=dev_admin count=1 includeArchived=False
2026-06-16T18:00:13.4071136Z [ADMIN] character.inventory.get count=0
2026-06-16T18:00:13.4181041Z [ADMIN] character.holdings.get count=0
2026-06-16T18:00:13.4281054Z [ADMIN] character.reputation.get count=0
2026-06-16T18:00:13.4381042Z [ADMIN] character.companions.get count=0
2026-06-16T18:00:13.4531040Z [ADMIN] character.skills.get auth actor=dev_admin characterId=fbd8a7b8e9a74810becc233f30fe9160 ownerCheck=False allowed=True
2026-06-16T18:00:13.4531040Z [ADMIN] character.skills.get actor=dev_admin characterId=fbd8a7b8e9a74810becc233f30fe9160 count=0
2026-06-16T18:00:19.3115801Z [ADMIN] admin.accounts.pending actor=dev_admin count=0
2026-06-16T18:00:19.3287549Z [ADMIN] dice.feed.common itemsRaw=0
2026-06-16T18:00:19.3287549Z [ADMIN] dice.feed.common itemsMapped=0
2026-06-16T18:00:19.3287549Z [ADMIN] dice.visibleFeed actor=dev_admin count=0
2026-06-16T18:00:19.3610961Z [ADMIN] character.skills.get auth actor=dev_admin characterId=fbd8a7b8e9a74810becc233f30fe9160 ownerCheck=False allowed=True
2026-06-16T18:00:19.3610961Z [ADMIN] character.skills.get actor=dev_admin characterId=fbd8a7b8e9a74810becc233f30fe9160 count=0
2026-06-16T18:00:19.3895499Z [ADMIN] dice.feed.common itemsRaw=0
2026-06-16T18:00:19.3900971Z [ADMIN] dice.feed.common itemsMapped=0
2026-06-16T18:00:19.3900971Z [ADMIN] dice.visibleFeed actor=dev_admin count=0
2026-06-16T18:00:29.4309992Z [ADMIN] admin.accounts.pending actor=dev_admin count=0
2026-06-16T18:00:29.4460100Z [ADMIN] dice.feed.common itemsRaw=0
2026-06-16T18:00:29.4470090Z [ADMIN] dice.feed.common itemsMapped=0
2026-06-16T18:00:29.4470090Z [ADMIN] dice.visibleFeed actor=dev_admin count=0
2026-06-16T18:00:29.4766629Z [ADMIN] character.skills.get auth actor=dev_admin characterId=fbd8a7b8e9a74810becc233f30fe9160 ownerCheck=False allowed=True
2026-06-16T18:00:29.4766629Z [ADMIN] character.skills.get actor=dev_admin characterId=fbd8a7b8e9a74810becc233f30fe9160 count=0
2026-06-16T18:00:29.5056636Z [ADMIN] dice.feed.common itemsRaw=0
2026-06-16T18:00:29.5056636Z [ADMIN] dice.feed.common itemsMapped=0
2026-06-16T18:00:29.5056636Z [ADMIN] dice.visibleFeed actor=dev_admin count=0
2026-06-16T18:00:39.5444838Z [ADMIN] admin.accounts.pending actor=dev_admin count=0
2026-06-16T18:00:39.5610629Z [ADMIN] dice.feed.common itemsRaw=0
2026-06-16T18:00:39.5610629Z [ADMIN] dice.feed.common itemsMapped=0
2026-06-16T18:00:39.5610629Z [ADMIN] dice.visibleFeed actor=dev_admin count=0
2026-06-16T18:00:39.5909736Z [ADMIN] character.skills.get auth actor=dev_admin characterId=fbd8a7b8e9a74810becc233f30fe9160 ownerCheck=False allowed=True
2026-06-16T18:00:39.5919728Z [ADMIN] character.skills.get actor=dev_admin characterId=fbd8a7b8e9a74810becc233f30fe9160 count=0
2026-06-16T18:00:39.6189719Z [ADMIN] dice.feed.common itemsRaw=0
2026-06-16T18:00:39.6199711Z [ADMIN] dice.feed.common itemsMapped=0
2026-06-16T18:00:39.6199711Z [ADMIN] dice.visibleFeed actor=dev_admin count=0
2026-06-16T18:00:45.0031981Z [ADMIN] lock.acquire actor=dev_admin entityType=character entityId=fbd8a7b8e9a74810becc233f30fe9160 result=refresh
2026-06-16T18:00:45.0351988Z [ADMIN] character.admin.save.stats actor=dev_admin characterId=fbd8a7b8e9a74810becc233f30fe9160 result=ok profileNative=true
2026-06-16T18:00:45.0548722Z [ADMIN] character.inventory.get count=0
2026-06-16T18:00:45.0658731Z [ADMIN] character.holdings.get count=0
2026-06-16T18:00:45.0738724Z [ADMIN] character.reputation.get count=0
2026-06-16T18:00:45.0828728Z [ADMIN] character.companions.get count=0
2026-06-16T18:00:45.0898721Z [ADMIN] character.skills.get auth actor=dev_admin characterId=fbd8a7b8e9a74810becc233f30fe9160 ownerCheck=False allowed=True
2026-06-16T18:00:45.0898721Z [ADMIN] character.skills.get actor=dev_admin characterId=fbd8a7b8e9a74810becc233f30fe9160 count=0
2026-06-16T18:00:49.6663489Z [ADMIN] admin.accounts.pending actor=dev_admin count=0
2026-06-16T18:00:49.6818771Z [ADMIN] dice.feed.common itemsRaw=0
2026-06-16T18:00:49.6818771Z [ADMIN] dice.feed.common itemsMapped=0
2026-06-16T18:00:49.6824214Z [ADMIN] dice.visibleFeed actor=dev_admin count=0
2026-06-16T18:00:49.7128579Z [ADMIN] character.skills.get auth actor=dev_admin characterId=fbd8a7b8e9a74810becc233f30fe9160 ownerCheck=False allowed=True
2026-06-16T18:00:49.7128579Z [ADMIN] character.skills.get actor=dev_admin characterId=fbd8a7b8e9a74810becc233f30fe9160 count=0
2026-06-16T18:00:49.7410114Z [ADMIN] dice.feed.common itemsRaw=0
2026-06-16T18:00:49.7415377Z [ADMIN] dice.feed.common itemsMapped=0
2026-06-16T18:00:49.7415377Z [ADMIN] dice.visibleFeed actor=dev_admin count=0
2026-06-16T18:00:59.7764026Z [ADMIN] admin.accounts.pending actor=dev_admin count=0
2026-06-16T18:00:59.7916354Z [ADMIN] dice.feed.common itemsRaw=0
2026-06-16T18:00:59.7926350Z [ADMIN] dice.feed.common itemsMapped=0
2026-06-16T18:00:59.7926350Z [ADMIN] dice.visibleFeed actor=dev_admin count=0
2026-06-16T18:00:59.8228035Z [ADMIN] character.skills.get auth actor=dev_admin characterId=fbd8a7b8e9a74810becc233f30fe9160 ownerCheck=False allowed=True
2026-06-16T18:00:59.8228035Z [ADMIN] character.skills.get actor=dev_admin characterId=fbd8a7b8e9a74810becc233f30fe9160 count=0
2026-06-16T18:00:59.8496388Z [ADMIN] dice.feed.common itemsRaw=0
2026-06-16T18:00:59.8506398Z [ADMIN] dice.feed.common itemsMapped=0
2026-06-16T18:00:59.8506398Z [ADMIN] dice.visibleFeed actor=dev_admin count=0
2026-06-16T18:01:09.8908740Z [ADMIN] admin.accounts.pending actor=dev_admin count=0
2026-06-16T18:01:09.9068732Z [ADMIN] dice.feed.common itemsRaw=0
2026-06-16T18:01:09.9068732Z [ADMIN] dice.feed.common itemsMapped=0
2026-06-16T18:01:09.9078727Z [ADMIN] dice.visibleFeed actor=dev_admin count=0
2026-06-16T18:01:09.9398739Z [ADMIN] character.skills.get auth actor=dev_admin characterId=fbd8a7b8e9a74810becc233f30fe9160 ownerCheck=False allowed=True
2026-06-16T18:01:09.9398739Z [ADMIN] character.skills.get actor=dev_admin characterId=fbd8a7b8e9a74810becc233f30fe9160 count=0
2026-06-16T18:01:09.9678731Z [ADMIN] dice.feed.common itemsRaw=0
2026-06-16T18:01:09.9678731Z [ADMIN] dice.feed.common itemsMapped=0
2026-06-16T18:01:09.9678731Z [ADMIN] dice.visibleFeed actor=dev_admin count=0
2026-06-16T18:01:20.0138697Z [ADMIN] admin.accounts.pending actor=dev_admin count=0
2026-06-16T18:01:20.0291429Z [ADMIN] dice.feed.common itemsRaw=0
2026-06-16T18:01:20.0291429Z [ADMIN] dice.feed.common itemsMapped=0
2026-06-16T18:01:20.0301426Z [ADMIN] dice.visibleFeed actor=dev_admin count=0
2026-06-16T18:01:20.0612500Z [ADMIN] character.skills.get auth actor=dev_admin characterId=fbd8a7b8e9a74810becc233f30fe9160 ownerCheck=False allowed=True
2026-06-16T18:01:20.0617805Z [ADMIN] character.skills.get actor=dev_admin characterId=fbd8a7b8e9a74810becc233f30fe9160 count=0
2026-06-16T18:01:20.0954207Z [ADMIN] dice.feed.common itemsRaw=0
2026-06-16T18:01:20.0959566Z [ADMIN] dice.feed.common itemsMapped=0
2026-06-16T18:01:20.0959566Z [ADMIN] dice.visibleFeed actor=dev_admin count=0
2026-06-16T18:01:30.1507501Z [ADMIN] admin.accounts.pending actor=dev_admin count=0
2026-06-16T18:01:30.1657509Z [ADMIN] dice.feed.common itemsRaw=0
2026-06-16T18:01:30.1667505Z [ADMIN] dice.feed.common itemsMapped=0
2026-06-16T18:01:30.1667505Z [ADMIN] dice.visibleFeed actor=dev_admin count=0
2026-06-16T18:01:30.1987503Z [ADMIN] character.skills.get auth actor=dev_admin characterId=fbd8a7b8e9a74810becc233f30fe9160 ownerCheck=False allowed=True
2026-06-16T18:01:30.1993516Z [ADMIN] character.skills.get actor=dev_admin characterId=fbd8a7b8e9a74810becc233f30fe9160 count=0
2026-06-16T18:01:30.2264925Z [ADMIN] dice.feed.common itemsRaw=0
2026-06-16T18:01:30.2264925Z [ADMIN] dice.feed.common itemsMapped=0
2026-06-16T18:01:30.2269981Z [ADMIN] dice.visibleFeed actor=dev_admin count=0
2026-06-16T18:01:40.2748173Z [ADMIN] admin.accounts.pending actor=dev_admin count=0
2026-06-16T18:01:40.2902273Z [ADMIN] dice.feed.common itemsRaw=0
2026-06-16T18:01:40.2902273Z [ADMIN] dice.feed.common itemsMapped=0
2026-06-16T18:01:40.2902273Z [ADMIN] dice.visibleFeed actor=dev_admin count=0
2026-06-16T18:01:40.3219997Z [ADMIN] character.skills.get auth actor=dev_admin characterId=fbd8a7b8e9a74810becc233f30fe9160 ownerCheck=False allowed=True
2026-06-16T18:01:40.3219997Z [ADMIN] character.skills.get actor=dev_admin characterId=fbd8a7b8e9a74810becc233f30fe9160 count=0
2026-06-16T18:01:40.3504464Z [ADMIN] dice.feed.common itemsRaw=0
2026-06-16T18:01:40.3504464Z [ADMIN] dice.feed.common itemsMapped=0
2026-06-16T18:01:40.3514385Z [ADMIN] dice.visibleFeed actor=dev_admin count=0
2026-06-16T18:01:50.3998311Z [ADMIN] admin.accounts.pending actor=dev_admin count=0
2026-06-16T18:01:50.4148296Z [ADMIN] dice.feed.common itemsRaw=0
2026-06-16T18:01:50.4158312Z [ADMIN] dice.feed.common itemsMapped=0
2026-06-16T18:01:50.4158312Z [ADMIN] dice.visibleFeed actor=dev_admin count=0
2026-06-16T18:01:50.4465693Z [ADMIN] character.skills.get auth actor=dev_admin characterId=fbd8a7b8e9a74810becc233f30fe9160 ownerCheck=False allowed=True
2026-06-16T18:01:50.4465693Z [ADMIN] character.skills.get actor=dev_admin characterId=fbd8a7b8e9a74810becc233f30fe9160 count=0
2026-06-16T18:01:50.4745721Z [ADMIN] dice.feed.common itemsRaw=0
2026-06-16T18:01:50.4755707Z [ADMIN] dice.feed.common itemsMapped=0
2026-06-16T18:01:50.4755707Z [ADMIN] dice.visibleFeed actor=dev_admin count=0
2026-06-16T18:02:10.8128548Z [ADMIN] admin.accounts.pending actor=dev_admin count=0
2026-06-16T18:02:10.8395982Z [ADMIN] dice.feed.common itemsRaw=0
2026-06-16T18:02:10.8400734Z [ADMIN] dice.feed.common itemsMapped=0
2026-06-16T18:02:10.8400734Z [ADMIN] dice.visibleFeed actor=dev_admin count=0
2026-06-16T18:02:10.8849919Z [ADMIN] dice.feed.common itemsRaw=0
2026-06-16T18:02:10.8849919Z [ADMIN] dice.feed.common itemsMapped=0
2026-06-16T18:02:10.8859923Z [ADMIN] dice.visibleFeed actor=dev_admin count=0
2026-06-16T18:02:14.9222646Z [ADMIN] character.admin.list actor=dev_admin count=1 includeArchived=False
2026-06-16T18:02:14.9488372Z [ADMIN] character.inventory.get count=0
2026-06-16T18:02:14.9598369Z [ADMIN] character.holdings.get count=0
2026-06-16T18:02:14.9698360Z [ADMIN] character.reputation.get count=0
2026-06-16T18:02:14.9798368Z [ADMIN] character.companions.get count=0
2026-06-16T18:02:14.9948356Z [ADMIN] character.skills.get auth actor=dev_admin characterId=fbd8a7b8e9a74810becc233f30fe9160 ownerCheck=False allowed=True
2026-06-16T18:02:14.9948356Z [ADMIN] character.skills.get actor=dev_admin characterId=fbd8a7b8e9a74810becc233f30fe9160 count=0
2026-06-16T18:02:20.8156529Z [ADMIN] admin.accounts.pending actor=dev_admin count=0
2026-06-16T18:02:20.8300767Z [ADMIN] dice.feed.common itemsRaw=0
2026-06-16T18:02:20.8300767Z [ADMIN] dice.feed.common itemsMapped=0
2026-06-16T18:02:20.8310759Z [ADMIN] dice.visibleFeed actor=dev_admin count=0
2026-06-16T18:02:20.8618315Z [ADMIN] character.skills.get auth actor=dev_admin characterId=fbd8a7b8e9a74810becc233f30fe9160 ownerCheck=False allowed=True
2026-06-16T18:02:20.8618315Z [ADMIN] character.skills.get actor=dev_admin characterId=fbd8a7b8e9a74810becc233f30fe9160 count=0
2026-06-16T18:02:20.8898313Z [ADMIN] dice.feed.common itemsRaw=0
2026-06-16T18:02:20.8898313Z [ADMIN] dice.feed.common itemsMapped=0
2026-06-16T18:02:20.8898313Z [ADMIN] dice.visibleFeed actor=dev_admin count=0
2026-06-16T18:02:30.9310788Z [ADMIN] admin.accounts.pending actor=dev_admin count=0
2026-06-16T18:02:30.9458857Z [ADMIN] dice.feed.common itemsRaw=0
2026-06-16T18:02:30.9458857Z [ADMIN] dice.feed.common itemsMapped=0
2026-06-16T18:02:30.9458857Z [ADMIN] dice.visibleFeed actor=dev_admin count=0
2026-06-16T18:02:30.9778751Z [ADMIN] character.skills.get auth actor=dev_admin characterId=fbd8a7b8e9a74810becc233f30fe9160 ownerCheck=False allowed=True
2026-06-16T18:02:30.9778751Z [ADMIN] character.skills.get actor=dev_admin characterId=fbd8a7b8e9a74810becc233f30fe9160 count=0
2026-06-16T18:02:31.0038748Z [ADMIN] dice.feed.common itemsRaw=0
2026-06-16T18:02:31.0038748Z [ADMIN] dice.feed.common itemsMapped=0
2026-06-16T18:02:31.0038748Z [ADMIN] dice.visibleFeed actor=dev_admin count=0
2026-06-16T18:02:41.0435777Z [ADMIN] admin.accounts.pending actor=dev_admin count=0
2026-06-16T18:02:41.0579973Z [ADMIN] dice.feed.common itemsRaw=0
2026-06-16T18:02:41.0579973Z [ADMIN] dice.feed.common itemsMapped=0
2026-06-16T18:02:41.0579973Z [ADMIN] dice.visibleFeed actor=dev_admin count=0
2026-06-16T18:02:41.0885750Z [ADMIN] character.skills.get auth actor=dev_admin characterId=fbd8a7b8e9a74810becc233f30fe9160 ownerCheck=False allowed=True
2026-06-16T18:02:41.0885750Z [ADMIN] character.skills.get actor=dev_admin characterId=fbd8a7b8e9a74810becc233f30fe9160 count=0
2026-06-16T18:02:41.1165754Z [ADMIN] dice.feed.common itemsRaw=0
2026-06-16T18:02:41.1165754Z [ADMIN] dice.feed.common itemsMapped=0
2026-06-16T18:02:41.1165754Z [ADMIN] dice.visibleFeed actor=dev_admin count=0
2026-06-16T18:02:46.5329779Z [ADMIN] lock.acquire actor=dev_admin entityType=character entityId=fbd8a7b8e9a74810becc233f30fe9160 result=refresh
2026-06-16T18:02:46.5438595Z [ADMIN] character.admin.save.stats actor=dev_admin characterId=fbd8a7b8e9a74810becc233f30fe9160 result=ok profileNative=true
2026-06-16T18:02:46.5630883Z [ADMIN] character.inventory.get count=0
2026-06-16T18:02:46.5720887Z [ADMIN] character.holdings.get count=0
2026-06-16T18:02:46.5800880Z [ADMIN] character.reputation.get count=0
2026-06-16T18:02:46.5890885Z [ADMIN] character.companions.get count=0
2026-06-16T18:02:46.5960891Z [ADMIN] character.skills.get auth actor=dev_admin characterId=fbd8a7b8e9a74810becc233f30fe9160 ownerCheck=False allowed=True
2026-06-16T18:02:46.5960891Z [ADMIN] character.skills.get actor=dev_admin characterId=fbd8a7b8e9a74810becc233f30fe9160 count=0
2026-06-16T18:02:51.1515452Z [ADMIN] admin.accounts.pending actor=dev_admin count=0
2026-06-16T18:02:51.1663832Z [ADMIN] dice.feed.common itemsRaw=0
2026-06-16T18:02:51.1663832Z [ADMIN] dice.feed.common itemsMapped=0
2026-06-16T18:02:51.1663832Z [ADMIN] dice.visibleFeed actor=dev_admin count=0
2026-06-16T18:02:51.1977887Z [ADMIN] character.skills.get auth actor=dev_admin characterId=fbd8a7b8e9a74810becc233f30fe9160 ownerCheck=False allowed=True
2026-06-16T18:02:51.1977887Z [ADMIN] character.skills.get actor=dev_admin characterId=fbd8a7b8e9a74810becc233f30fe9160 count=0
2026-06-16T18:02:51.2237874Z [ADMIN] dice.feed.common itemsRaw=0
2026-06-16T18:02:51.2237874Z [ADMIN] dice.feed.common itemsMapped=0
2026-06-16T18:02:51.2247885Z [ADMIN] dice.visibleFeed actor=dev_admin count=0
2026-06-16T18:03:01.2769249Z [ADMIN] admin.accounts.pending actor=dev_admin count=0
2026-06-16T18:03:01.2923446Z [ADMIN] dice.feed.common itemsRaw=0
2026-06-16T18:03:01.2923446Z [ADMIN] dice.feed.common itemsMapped=0
2026-06-16T18:03:01.2933435Z [ADMIN] dice.visibleFeed actor=dev_admin count=0
2026-06-16T18:03:01.3228677Z [ADMIN] character.skills.get auth actor=dev_admin characterId=fbd8a7b8e9a74810becc233f30fe9160 ownerCheck=False allowed=True
2026-06-16T18:03:01.3238681Z [ADMIN] character.skills.get actor=dev_admin characterId=fbd8a7b8e9a74810becc233f30fe9160 count=0
2026-06-16T18:03:01.3498668Z [ADMIN] dice.feed.common itemsRaw=0
2026-06-16T18:03:01.3498668Z [ADMIN] dice.feed.common itemsMapped=0
2026-06-16T18:03:01.3508669Z [ADMIN] dice.visibleFeed actor=dev_admin count=0
2026-06-16T18:03:11.3973269Z [ADMIN] admin.accounts.pending actor=dev_admin count=0
2026-06-16T18:03:11.4121926Z [ADMIN] dice.feed.common itemsRaw=0
2026-06-16T18:03:11.4121926Z [ADMIN] dice.feed.common itemsMapped=0
2026-06-16T18:03:11.4131923Z [ADMIN] dice.visibleFeed actor=dev_admin count=0
2026-06-16T18:03:11.4434449Z [ADMIN] character.skills.get auth actor=dev_admin characterId=fbd8a7b8e9a74810becc233f30fe9160 ownerCheck=False allowed=True
2026-06-16T18:03:11.4434449Z [ADMIN] character.skills.get actor=dev_admin characterId=fbd8a7b8e9a74810becc233f30fe9160 count=0
2026-06-16T18:03:11.4724446Z [ADMIN] dice.feed.common itemsRaw=0
2026-06-16T18:03:11.4734457Z [ADMIN] dice.feed.common itemsMapped=0
2026-06-16T18:03:11.4734457Z [ADMIN] dice.visibleFeed actor=dev_admin count=0
2026-06-16T18:03:13.7798123Z [ADMIN] character.admin.list actor=dev_admin count=1 includeArchived=False
2026-06-16T18:03:13.7985683Z [ADMIN] character.inventory.get count=0
2026-06-16T18:03:13.8075677Z [ADMIN] character.holdings.get count=0
2026-06-16T18:03:13.8165670Z [ADMIN] character.reputation.get count=0
2026-06-16T18:03:13.8265673Z [ADMIN] character.companions.get count=0
2026-06-16T18:03:13.8345680Z [ADMIN] character.skills.get auth actor=dev_admin characterId=fbd8a7b8e9a74810becc233f30fe9160 ownerCheck=False allowed=True
2026-06-16T18:03:13.8345680Z [ADMIN] character.skills.get actor=dev_admin characterId=fbd8a7b8e9a74810becc233f30fe9160 count=0
2026-06-16T18:03:21.5108709Z [ADMIN] admin.accounts.pending actor=dev_admin count=0
2026-06-16T18:03:21.5255399Z [ADMIN] dice.feed.common itemsRaw=0
2026-06-16T18:03:21.5255399Z [ADMIN] dice.feed.common itemsMapped=0
2026-06-16T18:03:21.5255399Z [ADMIN] dice.visibleFeed actor=dev_admin count=0
2026-06-16T18:03:21.5551659Z [ADMIN] character.skills.get auth actor=dev_admin characterId=fbd8a7b8e9a74810becc233f30fe9160 ownerCheck=False allowed=True
2026-06-16T18:03:21.5561658Z [ADMIN] character.skills.get actor=dev_admin characterId=fbd8a7b8e9a74810becc233f30fe9160 count=0
2026-06-16T18:03:21.5831658Z [ADMIN] dice.feed.common itemsRaw=0
2026-06-16T18:03:21.5831658Z [ADMIN] dice.feed.common itemsMapped=0
2026-06-16T18:03:21.5841647Z [ADMIN] dice.visibleFeed actor=dev_admin count=0
2026-06-16T18:03:31.6188841Z [ADMIN] admin.accounts.pending actor=dev_admin count=0
2026-06-16T18:03:31.6338852Z [ADMIN] dice.feed.common itemsRaw=0
2026-06-16T18:03:31.6338852Z [ADMIN] dice.feed.common itemsMapped=0
2026-06-16T18:03:31.6338852Z [ADMIN] dice.visibleFeed actor=dev_admin count=0
2026-06-16T18:03:31.6638863Z [ADMIN] character.skills.get auth actor=dev_admin characterId=fbd8a7b8e9a74810becc233f30fe9160 ownerCheck=False allowed=True
2026-06-16T18:03:31.6638863Z [ADMIN] character.skills.get actor=dev_admin characterId=fbd8a7b8e9a74810becc233f30fe9160 count=0
2026-06-16T18:03:31.6908844Z [ADMIN] dice.feed.common itemsRaw=0
2026-06-16T18:03:31.6908844Z [ADMIN] dice.feed.common itemsMapped=0
2026-06-16T18:03:31.6908844Z [ADMIN] dice.visibleFeed actor=dev_admin count=0
2026-06-16T18:03:41.7279010Z [ADMIN] admin.accounts.pending actor=dev_admin count=0
2026-06-16T18:03:41.7429339Z [ADMIN] dice.feed.common itemsRaw=0
2026-06-16T18:03:41.7429339Z [ADMIN] dice.feed.common itemsMapped=0
2026-06-16T18:03:41.7429339Z [ADMIN] dice.visibleFeed actor=dev_admin count=0
2026-06-16T18:03:41.7734791Z [ADMIN] character.skills.get auth actor=dev_admin characterId=fbd8a7b8e9a74810becc233f30fe9160 ownerCheck=False allowed=True
2026-06-16T18:03:41.7734791Z [ADMIN] character.skills.get actor=dev_admin characterId=fbd8a7b8e9a74810becc233f30fe9160 count=0
2026-06-16T18:03:41.8000402Z [ADMIN] dice.feed.common itemsRaw=0
2026-06-16T18:03:41.8010400Z [ADMIN] dice.feed.common itemsMapped=0
2026-06-16T18:03:41.8010400Z [ADMIN] dice.visibleFeed actor=dev_admin count=0
2026-06-16T18:03:45.4008215Z [ADMIN] lock.acquire actor=dev_admin entityType=character entityId=fbd8a7b8e9a74810becc233f30fe9160 result=refresh
2026-06-16T18:03:45.4098219Z [ADMIN] character.admin.save.stats actor=dev_admin characterId=fbd8a7b8e9a74810becc233f30fe9160 result=ok profileNative=true
2026-06-16T18:03:45.4304381Z [ADMIN] character.inventory.get count=0
2026-06-16T18:03:45.4395534Z [ADMIN] character.holdings.get count=0
2026-06-16T18:03:45.4474380Z [ADMIN] character.reputation.get count=0
2026-06-16T18:03:45.4574387Z [ADMIN] character.companions.get count=0
2026-06-16T18:03:45.4644389Z [ADMIN] character.skills.get auth actor=dev_admin characterId=fbd8a7b8e9a74810becc233f30fe9160 ownerCheck=False allowed=True
2026-06-16T18:03:45.4644389Z [ADMIN] character.skills.get actor=dev_admin characterId=fbd8a7b8e9a74810becc233f30fe9160 count=0
2026-06-16T18:03:51.8401984Z [ADMIN] admin.accounts.pending actor=dev_admin count=0
2026-06-16T18:03:51.8571984Z [ADMIN] dice.feed.common itemsRaw=0
2026-06-16T18:03:51.8571984Z [ADMIN] dice.feed.common itemsMapped=0
2026-06-16T18:03:51.8571984Z [ADMIN] dice.visibleFeed actor=dev_admin count=0
2026-06-16T18:03:51.8930875Z [ADMIN] character.skills.get auth actor=dev_admin characterId=fbd8a7b8e9a74810becc233f30fe9160 ownerCheck=False allowed=True
2026-06-16T18:03:51.8930875Z [ADMIN] character.skills.get actor=dev_admin characterId=fbd8a7b8e9a74810becc233f30fe9160 count=0
2026-06-16T18:03:51.9260859Z [ADMIN] dice.feed.common itemsRaw=0
2026-06-16T18:03:51.9260859Z [ADMIN] dice.feed.common itemsMapped=0
2026-06-16T18:03:51.9260859Z [ADMIN] dice.visibleFeed actor=dev_admin count=0
2026-06-16T18:04:01.9736834Z [ADMIN] admin.accounts.pending actor=dev_admin count=0
2026-06-16T18:04:01.9890095Z [ADMIN] dice.feed.common itemsRaw=0
2026-06-16T18:04:01.9895392Z [ADMIN] dice.feed.common itemsMapped=0
2026-06-16T18:04:01.9895392Z [ADMIN] dice.visibleFeed actor=dev_admin count=0
2026-06-16T18:04:02.0209443Z [ADMIN] character.skills.get auth actor=dev_admin characterId=fbd8a7b8e9a74810becc233f30fe9160 ownerCheck=False allowed=True
2026-06-16T18:04:02.0209443Z [ADMIN] character.skills.get actor=dev_admin characterId=fbd8a7b8e9a74810becc233f30fe9160 count=0
2026-06-16T18:04:02.0501267Z [ADMIN] dice.feed.common itemsRaw=0
2026-06-16T18:04:02.0501267Z [ADMIN] dice.feed.common itemsMapped=0
2026-06-16T18:04:02.0501267Z [ADMIN] dice.visibleFeed actor=dev_admin count=0
2026-06-16T18:04:12.0881671Z [ADMIN] admin.accounts.pending actor=dev_admin count=0
2026-06-16T18:04:12.1033899Z [ADMIN] dice.feed.common itemsRaw=0
2026-06-16T18:04:12.1033899Z [ADMIN] dice.feed.common itemsMapped=0
2026-06-16T18:04:12.1043888Z [ADMIN] dice.visibleFeed actor=dev_admin count=0
2026-06-16T18:04:12.1349471Z [ADMIN] character.skills.get auth actor=dev_admin characterId=fbd8a7b8e9a74810becc233f30fe9160 ownerCheck=False allowed=True
2026-06-16T18:04:12.1359473Z [ADMIN] character.skills.get actor=dev_admin characterId=fbd8a7b8e9a74810becc233f30fe9160 count=0
2026-06-16T18:04:12.1619403Z [ADMIN] dice.feed.common itemsRaw=0
2026-06-16T18:04:12.1619403Z [ADMIN] dice.feed.common itemsMapped=0
2026-06-16T18:04:12.1619403Z [ADMIN] dice.visibleFeed actor=dev_admin count=0
2026-06-16T18:04:22.1985962Z [ADMIN] admin.accounts.pending actor=dev_admin count=0
2026-06-16T18:04:22.2142156Z [ADMIN] dice.feed.common itemsRaw=0
2026-06-16T18:04:22.2142156Z [ADMIN] dice.feed.common itemsMapped=0
2026-06-16T18:04:22.2142156Z [ADMIN] dice.visibleFeed actor=dev_admin count=0
2026-06-16T18:04:22.2442604Z [ADMIN] character.skills.get auth actor=dev_admin characterId=fbd8a7b8e9a74810becc233f30fe9160 ownerCheck=False allowed=True
2026-06-16T18:04:22.2452601Z [ADMIN] character.skills.get actor=dev_admin characterId=fbd8a7b8e9a74810becc233f30fe9160 count=0
2026-06-16T18:04:22.2712605Z [ADMIN] dice.feed.common itemsRaw=0
2026-06-16T18:04:22.2722603Z [ADMIN] dice.feed.common itemsMapped=0
2026-06-16T18:04:22.2722603Z [ADMIN] dice.visibleFeed actor=dev_admin count=0
2026-06-16T18:04:32.3060540Z [ADMIN] admin.accounts.pending actor=dev_admin count=0
2026-06-16T18:04:32.3220536Z [ADMIN] dice.feed.common itemsRaw=0
2026-06-16T18:04:32.3220536Z [ADMIN] dice.feed.common itemsMapped=0
2026-06-16T18:04:32.3220536Z [ADMIN] dice.visibleFeed actor=dev_admin count=0
2026-06-16T18:04:32.3519091Z [ADMIN] character.skills.get auth actor=dev_admin characterId=fbd8a7b8e9a74810becc233f30fe9160 ownerCheck=False allowed=True
2026-06-16T18:04:32.3519091Z [ADMIN] character.skills.get actor=dev_admin characterId=fbd8a7b8e9a74810becc233f30fe9160 count=0
2026-06-16T18:04:32.3790384Z [ADMIN] dice.feed.common itemsRaw=0
2026-06-16T18:04:32.3790384Z [ADMIN] dice.feed.common itemsMapped=0
2026-06-16T18:04:32.3799093Z [ADMIN] dice.visibleFeed actor=dev_admin count=0
2026-06-16T18:04:42.4159202Z [ADMIN] admin.accounts.pending actor=dev_admin count=0
2026-06-16T18:04:42.4299198Z [ADMIN] dice.feed.common itemsRaw=0
2026-06-16T18:04:42.4309203Z [ADMIN] dice.feed.common itemsMapped=0
2026-06-16T18:04:42.4309203Z [ADMIN] dice.visibleFeed actor=dev_admin count=0
2026-06-16T18:04:42.4631662Z [ADMIN] character.skills.get auth actor=dev_admin characterId=fbd8a7b8e9a74810becc233f30fe9160 ownerCheck=False allowed=True
2026-06-16T18:04:42.4631662Z [ADMIN] character.skills.get actor=dev_admin characterId=fbd8a7b8e9a74810becc233f30fe9160 count=0
2026-06-16T18:04:42.4906833Z [ADMIN] dice.feed.common itemsRaw=0
2026-06-16T18:04:42.4916831Z [ADMIN] dice.feed.common itemsMapped=0
2026-06-16T18:04:42.4916831Z [ADMIN] dice.visibleFeed actor=dev_admin count=0
2026-06-16T18:04:52.5480523Z [ADMIN] admin.accounts.pending actor=dev_admin count=0
2026-06-16T18:04:52.5637741Z [ADMIN] dice.feed.common itemsRaw=0
2026-06-16T18:04:52.5637741Z [ADMIN] dice.feed.common itemsMapped=0
2026-06-16T18:04:52.5637741Z [ADMIN] dice.visibleFeed actor=dev_admin count=0
2026-06-16T18:04:52.5956386Z [ADMIN] character.skills.get auth actor=dev_admin characterId=fbd8a7b8e9a74810becc233f30fe9160 ownerCheck=False allowed=True
2026-06-16T18:04:52.5956386Z [ADMIN] character.skills.get actor=dev_admin characterId=fbd8a7b8e9a74810becc233f30fe9160 count=0
2026-06-16T18:04:52.6216402Z [ADMIN] dice.feed.common itemsRaw=0
2026-06-16T18:04:52.6226408Z [ADMIN] dice.feed.common itemsMapped=0
2026-06-16T18:04:52.6226408Z [ADMIN] dice.visibleFeed actor=dev_admin count=0
2026-06-16T18:05:02.6683087Z [ADMIN] admin.accounts.pending actor=dev_admin count=0
2026-06-16T18:05:02.6829910Z [ADMIN] dice.feed.common itemsRaw=0
2026-06-16T18:05:02.6839899Z [ADMIN] dice.feed.common itemsMapped=0
2026-06-16T18:05:02.6839899Z [ADMIN] dice.visibleFeed actor=dev_admin count=0
2026-06-16T18:05:02.7144082Z [ADMIN] character.skills.get auth actor=dev_admin characterId=fbd8a7b8e9a74810becc233f30fe9160 ownerCheck=False allowed=True
2026-06-16T18:05:02.7144082Z [ADMIN] character.skills.get actor=dev_admin characterId=fbd8a7b8e9a74810becc233f30fe9160 count=0
2026-06-16T18:05:02.7422119Z [ADMIN] dice.feed.common itemsRaw=0
2026-06-16T18:05:02.7422119Z [ADMIN] dice.feed.common itemsMapped=0
2026-06-16T18:05:02.7422119Z [ADMIN] dice.visibleFeed actor=dev_admin count=0
2026-06-16T18:05:12.7763083Z [ADMIN] admin.accounts.pending actor=dev_admin count=0
2026-06-16T18:05:12.7918667Z [ADMIN] dice.feed.common itemsRaw=0
2026-06-16T18:05:12.7918667Z [ADMIN] dice.feed.common itemsMapped=0
2026-06-16T18:05:12.7918667Z [ADMIN] dice.visibleFeed actor=dev_admin count=0
2026-06-16T18:05:12.8220769Z [ADMIN] character.skills.get auth actor=dev_admin characterId=fbd8a7b8e9a74810becc233f30fe9160 ownerCheck=False allowed=True
2026-06-16T18:05:12.8220769Z [ADMIN] character.skills.get actor=dev_admin characterId=fbd8a7b8e9a74810becc233f30fe9160 count=0
2026-06-16T18:05:12.8480764Z [ADMIN] dice.feed.common itemsRaw=0
2026-06-16T18:05:12.8480764Z [ADMIN] dice.feed.common itemsMapped=0
2026-06-16T18:05:12.8490780Z [ADMIN] dice.visibleFeed actor=dev_admin count=0
2026-06-16T18:05:22.8854366Z [ADMIN] admin.accounts.pending actor=dev_admin count=0
2026-06-16T18:05:22.9002431Z [ADMIN] dice.feed.common itemsRaw=0
2026-06-16T18:05:22.9002431Z [ADMIN] dice.feed.common itemsMapped=0
2026-06-16T18:05:22.9012360Z [ADMIN] dice.visibleFeed actor=dev_admin count=0
2026-06-16T18:05:22.9316041Z [ADMIN] character.skills.get auth actor=dev_admin characterId=fbd8a7b8e9a74810becc233f30fe9160 ownerCheck=False allowed=True
2026-06-16T18:05:22.9321480Z [ADMIN] character.skills.get actor=dev_admin characterId=fbd8a7b8e9a74810becc233f30fe9160 count=0
2026-06-16T18:05:22.9598842Z [ADMIN] dice.feed.common itemsRaw=0
2026-06-16T18:05:22.9598842Z [ADMIN] dice.feed.common itemsMapped=0
2026-06-16T18:05:22.9598842Z [ADMIN] dice.visibleFeed actor=dev_admin count=0
2026-06-16T18:05:32.9989221Z [ADMIN] admin.accounts.pending actor=dev_admin count=0
2026-06-16T18:05:33.0144913Z [ADMIN] dice.feed.common itemsRaw=0
2026-06-16T18:05:33.0150184Z [ADMIN] dice.feed.common itemsMapped=0
2026-06-16T18:05:33.0150184Z [ADMIN] dice.visibleFeed actor=dev_admin count=0
2026-06-16T18:05:33.0452512Z [ADMIN] character.skills.get auth actor=dev_admin characterId=fbd8a7b8e9a74810becc233f30fe9160 ownerCheck=False allowed=True
2026-06-16T18:05:33.0452512Z [ADMIN] character.skills.get actor=dev_admin characterId=fbd8a7b8e9a74810becc233f30fe9160 count=0
2026-06-16T18:05:33.0714206Z [ADMIN] dice.feed.common itemsRaw=0
2026-06-16T18:05:33.0724207Z [ADMIN] dice.feed.common itemsMapped=0
2026-06-16T18:05:33.0724207Z [ADMIN] dice.visibleFeed actor=dev_admin count=0
2026-06-16T18:05:43.1198136Z [ADMIN] admin.accounts.pending actor=dev_admin count=0
2026-06-16T18:05:43.1400352Z [ADMIN] dice.feed.common itemsRaw=0
2026-06-16T18:05:43.1400352Z [ADMIN] dice.feed.common itemsMapped=0
2026-06-16T18:05:43.1400352Z [ADMIN] dice.visibleFeed actor=dev_admin count=0
2026-06-16T18:05:43.1746852Z [ADMIN] character.skills.get auth actor=dev_admin characterId=fbd8a7b8e9a74810becc233f30fe9160 ownerCheck=False allowed=True
2026-06-16T18:05:43.1752291Z [ADMIN] character.skills.get actor=dev_admin characterId=fbd8a7b8e9a74810becc233f30fe9160 count=0
2026-06-16T18:05:43.2026972Z [ADMIN] dice.feed.common itemsRaw=0
2026-06-16T18:05:43.2032291Z [ADMIN] dice.feed.common itemsMapped=0
2026-06-16T18:05:43.2032291Z [ADMIN] dice.visibleFeed actor=dev_admin count=0
2026-06-16T18:05:53.2474053Z [ADMIN] admin.accounts.pending actor=dev_admin count=0
2026-06-16T18:05:53.2619660Z [ADMIN] dice.feed.common itemsRaw=0
2026-06-16T18:05:53.2619660Z [ADMIN] dice.feed.common itemsMapped=0
2026-06-16T18:05:53.2619660Z [ADMIN] dice.visibleFeed actor=dev_admin count=0
2026-06-16T18:05:53.2923527Z [ADMIN] character.skills.get auth actor=dev_admin characterId=fbd8a7b8e9a74810becc233f30fe9160 ownerCheck=False allowed=True
2026-06-16T18:05:53.2923527Z [ADMIN] character.skills.get actor=dev_admin characterId=fbd8a7b8e9a74810becc233f30fe9160 count=0
2026-06-16T18:05:53.3187096Z [ADMIN] dice.feed.common itemsRaw=0
2026-06-16T18:05:53.3187096Z [ADMIN] dice.feed.common itemsMapped=0
2026-06-16T18:05:53.3197105Z [ADMIN] dice.visibleFeed actor=dev_admin count=0
2026-06-16T18:06:03.3537738Z [ADMIN] admin.accounts.pending actor=dev_admin count=0
2026-06-16T18:06:03.3689394Z [ADMIN] dice.feed.common itemsRaw=0
2026-06-16T18:06:03.3691945Z [ADMIN] dice.feed.common itemsMapped=0
2026-06-16T18:06:03.3691945Z [ADMIN] dice.visibleFeed actor=dev_admin count=0
2026-06-16T18:06:03.4003668Z [ADMIN] character.skills.get auth actor=dev_admin characterId=fbd8a7b8e9a74810becc233f30fe9160 ownerCheck=False allowed=True
2026-06-16T18:06:03.4003668Z [ADMIN] character.skills.get actor=dev_admin characterId=fbd8a7b8e9a74810becc233f30fe9160 count=0
2026-06-16T18:06:03.4279620Z [ADMIN] dice.feed.common itemsRaw=0
2026-06-16T18:06:03.4284869Z [ADMIN] dice.feed.common itemsMapped=0
2026-06-16T18:06:03.4284869Z [ADMIN] dice.visibleFeed actor=dev_admin count=0
2026-06-16T18:06:13.4625337Z [ADMIN] admin.accounts.pending actor=dev_admin count=0
2026-06-16T18:06:13.4780787Z [ADMIN] dice.feed.common itemsRaw=0
2026-06-16T18:06:13.4780787Z [ADMIN] dice.feed.common itemsMapped=0
2026-06-16T18:06:13.4780787Z [ADMIN] dice.visibleFeed actor=dev_admin count=0
2026-06-16T18:06:13.5078562Z [ADMIN] character.skills.get auth actor=dev_admin characterId=fbd8a7b8e9a74810becc233f30fe9160 ownerCheck=False allowed=True
2026-06-16T18:06:13.5078562Z [ADMIN] character.skills.get actor=dev_admin characterId=fbd8a7b8e9a74810becc233f30fe9160 count=0
2026-06-16T18:06:13.5358566Z [ADMIN] dice.feed.common itemsRaw=0
2026-06-16T18:06:13.5368577Z [ADMIN] dice.feed.common itemsMapped=0
2026-06-16T18:06:13.5368577Z [ADMIN] dice.visibleFeed actor=dev_admin count=0
2026-06-16T18:06:23.5767082Z [ADMIN] admin.accounts.pending actor=dev_admin count=0
2026-06-16T18:06:23.5919834Z [ADMIN] dice.feed.common itemsRaw=0
2026-06-16T18:06:23.5925360Z [ADMIN] dice.feed.common itemsMapped=0
2026-06-16T18:06:23.5925360Z [ADMIN] dice.visibleFeed actor=dev_admin count=0
2026-06-16T18:06:23.6228254Z [ADMIN] character.skills.get auth actor=dev_admin characterId=fbd8a7b8e9a74810becc233f30fe9160 ownerCheck=False allowed=True
2026-06-16T18:06:23.6238253Z [ADMIN] character.skills.get actor=dev_admin characterId=fbd8a7b8e9a74810becc233f30fe9160 count=0
2026-06-16T18:06:23.6498246Z [ADMIN] dice.feed.common itemsRaw=0
2026-06-16T18:06:23.6498246Z [ADMIN] dice.feed.common itemsMapped=0
2026-06-16T18:06:23.6498246Z [ADMIN] dice.visibleFeed actor=dev_admin count=0
2026-06-16T18:06:33.6981663Z [ADMIN] admin.accounts.pending actor=dev_admin count=0
2026-06-16T18:06:33.7131732Z [ADMIN] dice.feed.common itemsRaw=0
2026-06-16T18:06:33.7131732Z [ADMIN] dice.feed.common itemsMapped=0
2026-06-16T18:06:33.7131732Z [ADMIN] dice.visibleFeed actor=dev_admin count=0
2026-06-16T18:06:33.7443271Z [ADMIN] character.skills.get auth actor=dev_admin characterId=fbd8a7b8e9a74810becc233f30fe9160 ownerCheck=False allowed=True
2026-06-16T18:06:33.7443271Z [ADMIN] character.skills.get actor=dev_admin characterId=fbd8a7b8e9a74810becc233f30fe9160 count=0
2026-06-16T18:06:33.7703268Z [ADMIN] dice.feed.common itemsRaw=0
2026-06-16T18:06:33.7703268Z [ADMIN] dice.feed.common itemsMapped=0
2026-06-16T18:06:33.7713268Z [ADMIN] dice.visibleFeed actor=dev_admin count=0
2026-06-16T18:06:43.8122669Z [ADMIN] admin.accounts.pending actor=dev_admin count=0
2026-06-16T18:06:43.8271996Z [ADMIN] dice.feed.common itemsRaw=0
2026-06-16T18:06:43.8271996Z [ADMIN] dice.feed.common itemsMapped=0
2026-06-16T18:06:43.8271996Z [ADMIN] dice.visibleFeed actor=dev_admin count=0
2026-06-16T18:06:43.8571967Z [ADMIN] character.skills.get auth actor=dev_admin characterId=fbd8a7b8e9a74810becc233f30fe9160 ownerCheck=False allowed=True
2026-06-16T18:06:43.8571967Z [ADMIN] character.skills.get actor=dev_admin characterId=fbd8a7b8e9a74810becc233f30fe9160 count=0
2026-06-16T18:06:43.8853707Z [ADMIN] dice.feed.common itemsRaw=0
2026-06-16T18:06:43.8853707Z [ADMIN] dice.feed.common itemsMapped=0
2026-06-16T18:06:43.8853707Z [ADMIN] dice.visibleFeed actor=dev_admin count=0
2026-06-16T18:06:53.9355205Z [ADMIN] admin.accounts.pending actor=dev_admin count=0
2026-06-16T18:06:53.9507851Z [ADMIN] dice.feed.common itemsRaw=0
2026-06-16T18:06:53.9517846Z [ADMIN] dice.feed.common itemsMapped=0
2026-06-16T18:06:53.9517846Z [ADMIN] dice.visibleFeed actor=dev_admin count=0
2026-06-16T18:06:53.9820667Z [ADMIN] character.skills.get auth actor=dev_admin characterId=fbd8a7b8e9a74810becc233f30fe9160 ownerCheck=False allowed=True
2026-06-16T18:06:53.9830664Z [ADMIN] character.skills.get actor=dev_admin characterId=fbd8a7b8e9a74810becc233f30fe9160 count=0
2026-06-16T18:06:54.0100685Z [ADMIN] dice.feed.common itemsRaw=0
2026-06-16T18:06:54.0100685Z [ADMIN] dice.feed.common itemsMapped=0
2026-06-16T18:06:54.0100685Z [ADMIN] dice.visibleFeed actor=dev_admin count=0
2026-06-16T18:07:04.0567603Z [ADMIN] admin.accounts.pending actor=dev_admin count=0
2026-06-16T18:07:04.0725586Z [ADMIN] dice.feed.common itemsRaw=0
2026-06-16T18:07:04.0730947Z [ADMIN] dice.feed.common itemsMapped=0
2026-06-16T18:07:04.0730947Z [ADMIN] dice.visibleFeed actor=dev_admin count=0
2026-06-16T18:07:04.1049931Z [ADMIN] character.skills.get auth actor=dev_admin characterId=fbd8a7b8e9a74810becc233f30fe9160 ownerCheck=False allowed=True
2026-06-16T18:07:04.1049931Z [ADMIN] character.skills.get actor=dev_admin characterId=fbd8a7b8e9a74810becc233f30fe9160 count=0
2026-06-16T18:07:04.1324777Z [ADMIN] dice.feed.common itemsRaw=0
2026-06-16T18:07:04.1324777Z [ADMIN] dice.feed.common itemsMapped=0
2026-06-16T18:07:04.1330122Z [ADMIN] dice.visibleFeed actor=dev_admin count=0
2026-06-16T18:07:14.1819732Z [ADMIN] admin.accounts.pending actor=dev_admin count=0
2026-06-16T18:07:14.1976617Z [ADMIN] dice.feed.common itemsRaw=0
2026-06-16T18:07:14.1976617Z [ADMIN] dice.feed.common itemsMapped=0
2026-06-16T18:07:14.1976617Z [ADMIN] dice.visibleFeed actor=dev_admin count=0
2026-06-16T18:07:14.2328447Z [ADMIN] character.skills.get auth actor=dev_admin characterId=fbd8a7b8e9a74810becc233f30fe9160 ownerCheck=False allowed=True
2026-06-16T18:07:14.2328447Z [ADMIN] character.skills.get actor=dev_admin characterId=fbd8a7b8e9a74810becc233f30fe9160 count=0
2026-06-16T18:07:14.2626644Z [ADMIN] dice.feed.common itemsRaw=0
2026-06-16T18:07:14.2626644Z [ADMIN] dice.feed.common itemsMapped=0
2026-06-16T18:07:14.2626644Z [ADMIN] dice.visibleFeed actor=dev_admin count=0
2026-06-16T18:07:24.3059399Z [ADMIN] admin.accounts.pending actor=dev_admin count=0
2026-06-16T18:07:24.3209400Z [ADMIN] dice.feed.common itemsRaw=0
2026-06-16T18:07:24.3209400Z [ADMIN] dice.feed.common itemsMapped=0
2026-06-16T18:07:24.3209400Z [ADMIN] dice.visibleFeed actor=dev_admin count=0
2026-06-16T18:07:24.3520577Z [ADMIN] character.skills.get auth actor=dev_admin characterId=fbd8a7b8e9a74810becc233f30fe9160 ownerCheck=False allowed=True
2026-06-16T18:07:24.3520577Z [ADMIN] character.skills.get actor=dev_admin characterId=fbd8a7b8e9a74810becc233f30fe9160 count=0
2026-06-16T18:07:24.3791765Z [ADMIN] dice.feed.common itemsRaw=0
2026-06-16T18:07:24.3791765Z [ADMIN] dice.feed.common itemsMapped=0
2026-06-16T18:07:24.3791765Z [ADMIN] dice.visibleFeed actor=dev_admin count=0
2026-06-16T18:07:34.4159394Z [ADMIN] admin.accounts.pending actor=dev_admin count=0
2026-06-16T18:07:34.4309645Z [ADMIN] dice.feed.common itemsRaw=0
2026-06-16T18:07:34.4309645Z [ADMIN] dice.feed.common itemsMapped=0
2026-06-16T18:07:34.4314969Z [ADMIN] dice.visibleFeed actor=dev_admin count=0
2026-06-16T18:07:34.4608669Z [ADMIN] character.skills.get auth actor=dev_admin characterId=fbd8a7b8e9a74810becc233f30fe9160 ownerCheck=False allowed=True
2026-06-16T18:07:34.4608669Z [ADMIN] character.skills.get actor=dev_admin characterId=fbd8a7b8e9a74810becc233f30fe9160 count=0
2026-06-16T18:07:34.4899274Z [ADMIN] dice.feed.common itemsRaw=0
2026-06-16T18:07:34.4909273Z [ADMIN] dice.feed.common itemsMapped=0
2026-06-16T18:07:34.4909273Z [ADMIN] dice.visibleFeed actor=dev_admin count=0
2026-06-16T18:07:44.5406799Z [ADMIN] admin.accounts.pending actor=dev_admin count=0
2026-06-16T18:07:44.5566038Z [ADMIN] dice.feed.common itemsRaw=0
2026-06-16T18:07:44.5566038Z [ADMIN] dice.feed.common itemsMapped=0
2026-06-16T18:07:44.5572853Z [ADMIN] dice.visibleFeed actor=dev_admin count=0
2026-06-16T18:07:44.5864108Z [ADMIN] character.skills.get auth actor=dev_admin characterId=fbd8a7b8e9a74810becc233f30fe9160 ownerCheck=False allowed=True
2026-06-16T18:07:44.5864108Z [ADMIN] character.skills.get actor=dev_admin characterId=fbd8a7b8e9a74810becc233f30fe9160 count=0
2026-06-16T18:07:44.6132740Z [ADMIN] dice.feed.common itemsRaw=0
2026-06-16T18:07:44.6132740Z [ADMIN] dice.feed.common itemsMapped=0
2026-06-16T18:07:44.6138012Z [ADMIN] dice.visibleFeed actor=dev_admin count=0
2026-06-16T18:07:54.6548931Z [ADMIN] admin.accounts.pending actor=dev_admin count=0
2026-06-16T18:07:54.6702465Z [ADMIN] dice.feed.common itemsRaw=0
2026-06-16T18:07:54.6707848Z [ADMIN] dice.feed.common itemsMapped=0
2026-06-16T18:07:54.6707848Z [ADMIN] dice.visibleFeed actor=dev_admin count=0
2026-06-16T18:07:54.7034002Z [ADMIN] character.skills.get auth actor=dev_admin characterId=fbd8a7b8e9a74810becc233f30fe9160 ownerCheck=False allowed=True
2026-06-16T18:07:54.7034002Z [ADMIN] character.skills.get actor=dev_admin characterId=fbd8a7b8e9a74810becc233f30fe9160 count=0
2026-06-16T18:07:54.7327208Z [ADMIN] dice.feed.common itemsRaw=0
2026-06-16T18:07:54.7327208Z [ADMIN] dice.feed.common itemsMapped=0
2026-06-16T18:07:54.7332267Z [ADMIN] dice.visibleFeed actor=dev_admin count=0
2026-06-16T18:08:04.7749705Z [ADMIN] admin.accounts.pending actor=dev_admin count=0
2026-06-16T18:08:04.7913327Z [ADMIN] dice.feed.common itemsRaw=0
2026-06-16T18:08:04.7913988Z [ADMIN] dice.feed.common itemsMapped=0
2026-06-16T18:08:04.7913988Z [ADMIN] dice.visibleFeed actor=dev_admin count=0
2026-06-16T18:08:04.8213323Z [ADMIN] character.skills.get auth actor=dev_admin characterId=fbd8a7b8e9a74810becc233f30fe9160 ownerCheck=False allowed=True
2026-06-16T18:08:04.8213323Z [ADMIN] character.skills.get actor=dev_admin characterId=fbd8a7b8e9a74810becc233f30fe9160 count=0
2026-06-16T18:08:04.8478879Z [ADMIN] dice.feed.common itemsRaw=0
2026-06-16T18:08:04.8478879Z [ADMIN] dice.feed.common itemsMapped=0
2026-06-16T18:08:04.8478879Z [ADMIN] dice.visibleFeed actor=dev_admin count=0
2026-06-16T18:08:14.8852115Z [ADMIN] admin.accounts.pending actor=dev_admin count=0
2026-06-16T18:08:14.8997977Z [ADMIN] dice.feed.common itemsRaw=0
2026-06-16T18:08:14.9007951Z [ADMIN] dice.feed.common itemsMapped=0
2026-06-16T18:08:14.9007951Z [ADMIN] dice.visibleFeed actor=dev_admin count=0
2026-06-16T18:08:14.9309364Z [ADMIN] character.skills.get auth actor=dev_admin characterId=fbd8a7b8e9a74810becc233f30fe9160 ownerCheck=False allowed=True
2026-06-16T18:08:14.9309364Z [ADMIN] character.skills.get actor=dev_admin characterId=fbd8a7b8e9a74810becc233f30fe9160 count=0
2026-06-16T18:08:14.9579360Z [ADMIN] dice.feed.common itemsRaw=0
2026-06-16T18:08:14.9579360Z [ADMIN] dice.feed.common itemsMapped=0
2026-06-16T18:08:14.9579360Z [ADMIN] dice.visibleFeed actor=dev_admin count=0
2026-06-16T18:08:24.9941103Z [ADMIN] admin.accounts.pending actor=dev_admin count=0
2026-06-16T18:08:25.0102540Z [ADMIN] dice.feed.common itemsRaw=0
2026-06-16T18:08:25.0102688Z [ADMIN] dice.feed.common itemsMapped=0
2026-06-16T18:08:25.0102688Z [ADMIN] dice.visibleFeed actor=dev_admin count=0
2026-06-16T18:08:25.0413077Z [ADMIN] character.skills.get auth actor=dev_admin characterId=fbd8a7b8e9a74810becc233f30fe9160 ownerCheck=False allowed=True
2026-06-16T18:08:25.0413077Z [ADMIN] character.skills.get actor=dev_admin characterId=fbd8a7b8e9a74810becc233f30fe9160 count=0
2026-06-16T18:08:25.0689809Z [ADMIN] dice.feed.common itemsRaw=0
2026-06-16T18:08:25.0692606Z [ADMIN] dice.feed.common itemsMapped=0
2026-06-16T18:08:25.0692606Z [ADMIN] dice.visibleFeed actor=dev_admin count=0
2026-06-16T18:08:35.1038499Z [ADMIN] admin.accounts.pending actor=dev_admin count=0
2026-06-16T18:08:35.1188510Z [ADMIN] dice.feed.common itemsRaw=0
2026-06-16T18:08:35.1188510Z [ADMIN] dice.feed.common itemsMapped=0
2026-06-16T18:08:35.1188510Z [ADMIN] dice.visibleFeed actor=dev_admin count=0
2026-06-16T18:08:35.1504879Z [ADMIN] character.skills.get auth actor=dev_admin characterId=fbd8a7b8e9a74810becc233f30fe9160 ownerCheck=False allowed=True
2026-06-16T18:08:35.1504879Z [ADMIN] character.skills.get actor=dev_admin characterId=fbd8a7b8e9a74810becc233f30fe9160 count=0
2026-06-16T18:08:35.1783560Z [ADMIN] dice.feed.common itemsRaw=0
2026-06-16T18:08:35.1783560Z [ADMIN] dice.feed.common itemsMapped=0
2026-06-16T18:08:35.1783560Z [ADMIN] dice.visibleFeed actor=dev_admin count=0
2026-06-16T18:08:45.2151824Z [ADMIN] admin.accounts.pending actor=dev_admin count=0
2026-06-16T18:08:45.2306115Z [ADMIN] dice.feed.common itemsRaw=0
2026-06-16T18:08:45.2306115Z [ADMIN] dice.feed.common itemsMapped=0
2026-06-16T18:08:45.2306115Z [ADMIN] dice.visibleFeed actor=dev_admin count=0
2026-06-16T18:08:45.2606968Z [ADMIN] character.skills.get auth actor=dev_admin characterId=fbd8a7b8e9a74810becc233f30fe9160 ownerCheck=False allowed=True
2026-06-16T18:08:45.2606968Z [ADMIN] character.skills.get actor=dev_admin characterId=fbd8a7b8e9a74810becc233f30fe9160 count=0
2026-06-16T18:08:45.2874596Z [ADMIN] dice.feed.common itemsRaw=0
2026-06-16T18:08:45.2879905Z [ADMIN] dice.feed.common itemsMapped=0
2026-06-16T18:08:45.2879905Z [ADMIN] dice.visibleFeed actor=dev_admin count=0
2026-06-16T18:08:55.3224231Z [ADMIN] admin.accounts.pending actor=dev_admin count=0
2026-06-16T18:08:55.3382338Z [ADMIN] dice.feed.common itemsRaw=0
2026-06-16T18:08:55.3382338Z [ADMIN] dice.feed.common itemsMapped=0
2026-06-16T18:08:55.3382338Z [ADMIN] dice.visibleFeed actor=dev_admin count=0
2026-06-16T18:08:55.3698210Z [ADMIN] character.skills.get auth actor=dev_admin characterId=fbd8a7b8e9a74810becc233f30fe9160 ownerCheck=False allowed=True
2026-06-16T18:08:55.3698210Z [ADMIN] character.skills.get actor=dev_admin characterId=fbd8a7b8e9a74810becc233f30fe9160 count=0
2026-06-16T18:08:55.3982032Z [ADMIN] dice.feed.common itemsRaw=0
2026-06-16T18:08:55.3992017Z [ADMIN] dice.feed.common itemsMapped=0
2026-06-16T18:08:55.3992017Z [ADMIN] dice.visibleFeed actor=dev_admin count=0
2026-06-16T18:09:05.4489435Z [ADMIN] admin.accounts.pending actor=dev_admin count=0
2026-06-16T18:09:05.4646452Z [ADMIN] dice.feed.common itemsRaw=0
2026-06-16T18:09:05.4646570Z [ADMIN] dice.feed.common itemsMapped=0
2026-06-16T18:09:05.4651863Z [ADMIN] dice.visibleFeed actor=dev_admin count=0
2026-06-16T18:09:05.4941089Z [ADMIN] character.skills.get auth actor=dev_admin characterId=fbd8a7b8e9a74810becc233f30fe9160 ownerCheck=False allowed=True
2026-06-16T18:09:05.4951085Z [ADMIN] character.skills.get actor=dev_admin characterId=fbd8a7b8e9a74810becc233f30fe9160 count=0
2026-06-16T18:09:05.5216450Z [ADMIN] dice.feed.common itemsRaw=0
2026-06-16T18:09:05.5216450Z [ADMIN] dice.feed.common itemsMapped=0
2026-06-16T18:09:05.5226446Z [ADMIN] dice.visibleFeed actor=dev_admin count=0
2026-06-16T18:09:15.5571181Z [ADMIN] admin.accounts.pending actor=dev_admin count=0
2026-06-16T18:09:15.5715726Z [ADMIN] dice.feed.common itemsRaw=0
2026-06-16T18:09:15.5725727Z [ADMIN] dice.feed.common itemsMapped=0
2026-06-16T18:09:15.5725727Z [ADMIN] dice.visibleFeed actor=dev_admin count=0
2026-06-16T18:09:15.6039911Z [ADMIN] character.skills.get auth actor=dev_admin characterId=fbd8a7b8e9a74810becc233f30fe9160 ownerCheck=False allowed=True
2026-06-16T18:09:15.6039911Z [ADMIN] character.skills.get actor=dev_admin characterId=fbd8a7b8e9a74810becc233f30fe9160 count=0
2026-06-16T18:09:15.6314623Z [ADMIN] dice.feed.common itemsRaw=0
2026-06-16T18:09:15.6319932Z [ADMIN] dice.feed.common itemsMapped=0
2026-06-16T18:09:15.6319932Z [ADMIN] dice.visibleFeed actor=dev_admin count=0
2026-06-16T18:09:25.6869831Z [ADMIN] admin.accounts.pending actor=dev_admin count=0
2026-06-16T18:09:25.7014603Z [ADMIN] dice.feed.common itemsRaw=0
2026-06-16T18:09:25.7014603Z [ADMIN] dice.feed.common itemsMapped=0
2026-06-16T18:09:25.7014603Z [ADMIN] dice.visibleFeed actor=dev_admin count=0
2026-06-16T18:09:25.7314568Z [ADMIN] character.skills.get auth actor=dev_admin characterId=fbd8a7b8e9a74810becc233f30fe9160 ownerCheck=False allowed=True
2026-06-16T18:09:25.7324571Z [ADMIN] character.skills.get actor=dev_admin characterId=fbd8a7b8e9a74810becc233f30fe9160 count=0
2026-06-16T18:09:25.7600241Z [ADMIN] dice.feed.common itemsRaw=0
2026-06-16T18:09:25.7604629Z [ADMIN] dice.feed.common itemsMapped=0
2026-06-16T18:09:25.7604629Z [ADMIN] dice.visibleFeed actor=dev_admin count=0
2026-06-16T18:09:35.8120107Z [ADMIN] admin.accounts.pending actor=dev_admin count=0
2026-06-16T18:09:35.8272417Z [ADMIN] dice.feed.common itemsRaw=0
2026-06-16T18:09:35.8277802Z [ADMIN] dice.feed.common itemsMapped=0
2026-06-16T18:09:35.8283104Z [ADMIN] dice.visibleFeed actor=dev_admin count=0
2026-06-16T18:09:35.8589197Z [ADMIN] character.skills.get auth actor=dev_admin characterId=fbd8a7b8e9a74810becc233f30fe9160 ownerCheck=False allowed=True
2026-06-16T18:09:35.8589197Z [ADMIN] character.skills.get actor=dev_admin characterId=fbd8a7b8e9a74810becc233f30fe9160 count=0
2026-06-16T18:09:35.8854956Z [ADMIN] dice.feed.common itemsRaw=0
2026-06-16T18:09:35.8854956Z [ADMIN] dice.feed.common itemsMapped=0
2026-06-16T18:09:35.8864953Z [ADMIN] dice.visibleFeed actor=dev_admin count=0
2026-06-16T18:09:45.9374123Z [ADMIN] admin.accounts.pending actor=dev_admin count=0
2026-06-16T18:09:45.9519626Z [ADMIN] dice.feed.common itemsRaw=0
2026-06-16T18:09:45.9519626Z [ADMIN] dice.feed.common itemsMapped=0
2026-06-16T18:09:45.9519626Z [ADMIN] dice.visibleFeed actor=dev_admin count=0
2026-06-16T18:09:45.9820528Z [ADMIN] character.skills.get auth actor=dev_admin characterId=fbd8a7b8e9a74810becc233f30fe9160 ownerCheck=False allowed=True
2026-06-16T18:09:45.9820528Z [ADMIN] character.skills.get actor=dev_admin characterId=fbd8a7b8e9a74810becc233f30fe9160 count=0
2026-06-16T18:09:46.0120638Z [ADMIN] dice.feed.common itemsRaw=0
2026-06-16T18:09:46.0120638Z [ADMIN] dice.feed.common itemsMapped=0
2026-06-16T18:09:46.0120638Z [ADMIN] dice.visibleFeed actor=dev_admin count=0
2026-06-16T18:09:51.8867057Z [ADMIN] crafting.command.disabled command=crafting.player.recipe.list
2026-06-16T18:09:51.9010660Z [ADMIN] progression.available.skills actor=dev_player count=0
2026-06-16T18:09:51.9050668Z [ADMIN] character.skills.get auth actor=dev_player characterId=fbd8a7b8e9a74810becc233f30fe9160 ownerCheck=True allowed=True
2026-06-16T18:09:51.9060663Z [ADMIN] character.skills.get actor=dev_player characterId=fbd8a7b8e9a74810becc233f30fe9160 count=0
2026-06-16T18:09:51.9272106Z [ADMIN] dice.feed.common itemsRaw=0
2026-06-16T18:09:51.9272106Z [ADMIN] dice.feed.common itemsMapped=0
2026-06-16T18:09:51.9272106Z [ADMIN] dice.visibleFeed actor=dev_player count=0
2026-06-16T18:09:51.9362098Z [ADMIN] dice.test.getCurrent actor=dev_player userId=0584ae33047742a18f657d4ca9c86a01 found=False
2026-06-16T18:09:51.9564260Z [ADMIN] request.handler.failed requestId=073f5c1a0e14444da0584da6ad7ce530 command=system.featureFlags.snapshot type=Unauthorized message=Insufficient role.
2026-06-16T18:09:51.9594251Z [ADMIN] request.handler.failed requestId=1e69d96412cb4885a3db01e57a2716fb command=system.featureFlags.snapshot type=Unauthorized message=Insufficient role.
2026-06-16T18:09:51.9624282Z [ADMIN] request.handler.failed requestId=b3544cf97b54444e92e0a260e641751a command=system.featureFlags.snapshot type=Unauthorized message=Insufficient role.
2026-06-16T18:09:51.9726372Z [ADMIN] request.handler.failed requestId=5e25b7c15b9547a8891c34444d0f0b1d command=system.featureFlags.snapshot type=Unauthorized message=Insufficient role.
2026-06-16T18:09:51.9764008Z [ADMIN] request.handler.failed requestId=4bc894ef24694597842a380d83982c97 command=system.featureFlags.snapshot type=Unauthorized message=Insufficient role.
2026-06-16T18:09:56.0573737Z [ADMIN] admin.accounts.pending actor=dev_admin count=0
2026-06-16T18:09:56.0723481Z [ADMIN] dice.feed.common itemsRaw=0
2026-06-16T18:09:56.0733484Z [ADMIN] dice.feed.common itemsMapped=0
2026-06-16T18:09:56.0733484Z [ADMIN] dice.visibleFeed actor=dev_admin count=0
2026-06-16T18:09:56.1029538Z [ADMIN] character.skills.get auth actor=dev_admin characterId=fbd8a7b8e9a74810becc233f30fe9160 ownerCheck=False allowed=True
2026-06-16T18:09:56.1029538Z [ADMIN] character.skills.get actor=dev_admin characterId=fbd8a7b8e9a74810becc233f30fe9160 count=0
2026-06-16T18:09:56.1299834Z [ADMIN] dice.feed.common itemsRaw=0
2026-06-16T18:09:56.1299834Z [ADMIN] dice.feed.common itemsMapped=0
2026-06-16T18:09:56.1299834Z [ADMIN] dice.visibleFeed actor=dev_admin count=0
2026-06-16T18:09:59.9898596Z [ADMIN] dice.feed.common itemsRaw=0
2026-06-16T18:09:59.9898596Z [ADMIN] dice.feed.common itemsMapped=0
2026-06-16T18:09:59.9903940Z [ADMIN] dice.visibleFeed actor=dev_player count=0
2026-06-16T18:09:59.9969839Z [ADMIN] dice.test.getCurrent actor=dev_player userId=0584ae33047742a18f657d4ca9c86a01 found=False
2026-06-16T18:10:06.1686245Z [ADMIN] admin.accounts.pending actor=dev_admin count=0
2026-06-16T18:10:06.1889729Z [ADMIN] dice.feed.common itemsRaw=0
2026-06-16T18:10:06.1889729Z [ADMIN] dice.feed.common itemsMapped=0
2026-06-16T18:10:06.1895017Z [ADMIN] dice.visibleFeed actor=dev_admin count=0
2026-06-16T18:10:06.2236638Z [ADMIN] character.skills.get auth actor=dev_admin characterId=fbd8a7b8e9a74810becc233f30fe9160 ownerCheck=False allowed=True
2026-06-16T18:10:06.2236638Z [ADMIN] character.skills.get actor=dev_admin characterId=fbd8a7b8e9a74810becc233f30fe9160 count=0
2026-06-16T18:10:06.2515556Z [ADMIN] dice.feed.common itemsRaw=0
2026-06-16T18:10:06.2515556Z [ADMIN] dice.feed.common itemsMapped=0
2026-06-16T18:10:06.2515556Z [ADMIN] dice.visibleFeed actor=dev_admin count=0
2026-06-16T18:10:08.0212076Z [ADMIN] dice.feed.common itemsRaw=0
2026-06-16T18:10:08.0212076Z [ADMIN] dice.feed.common itemsMapped=0
2026-06-16T18:10:08.0212076Z [ADMIN] dice.visibleFeed actor=dev_player count=0
2026-06-16T18:10:08.0291949Z [ADMIN] dice.test.getCurrent actor=dev_player userId=0584ae33047742a18f657d4ca9c86a01 found=False
2026-06-16T18:10:16.0531083Z [ADMIN] dice.feed.common itemsRaw=0
2026-06-16T18:10:16.0531083Z [ADMIN] dice.feed.common itemsMapped=0
2026-06-16T18:10:16.0541084Z [ADMIN] dice.visibleFeed actor=dev_player count=0
2026-06-16T18:10:16.0611067Z [ADMIN] dice.test.getCurrent actor=dev_player userId=0584ae33047742a18f657d4ca9c86a01 found=False
2026-06-16T18:10:16.2917657Z [ADMIN] admin.accounts.pending actor=dev_admin count=0
2026-06-16T18:10:16.3067650Z [ADMIN] dice.feed.common itemsRaw=0
2026-06-16T18:10:16.3067650Z [ADMIN] dice.feed.common itemsMapped=0
2026-06-16T18:10:16.3073795Z [ADMIN] dice.visibleFeed actor=dev_admin count=0
2026-06-16T18:10:16.3368752Z [ADMIN] character.skills.get auth actor=dev_admin characterId=fbd8a7b8e9a74810becc233f30fe9160 ownerCheck=False allowed=True
2026-06-16T18:10:16.3368752Z [ADMIN] character.skills.get actor=dev_admin characterId=fbd8a7b8e9a74810becc233f30fe9160 count=0
2026-06-16T18:10:16.3641140Z [ADMIN] dice.feed.common itemsRaw=0
2026-06-16T18:10:16.3641140Z [ADMIN] dice.feed.common itemsMapped=0
2026-06-16T18:10:16.3641140Z [ADMIN] dice.visibleFeed actor=dev_admin count=0
2026-06-16T18:10:24.0881562Z [ADMIN] dice.feed.common itemsRaw=0
2026-06-16T18:10:24.0881562Z [ADMIN] dice.feed.common itemsMapped=0
2026-06-16T18:10:24.0887193Z [ADMIN] dice.visibleFeed actor=dev_player count=0
2026-06-16T18:10:24.0978431Z [ADMIN] dice.test.getCurrent actor=dev_player userId=0584ae33047742a18f657d4ca9c86a01 found=False
2026-06-16T18:10:26.4012721Z [ADMIN] admin.accounts.pending actor=dev_admin count=0
2026-06-16T18:10:26.4162720Z [ADMIN] dice.feed.common itemsRaw=0
2026-06-16T18:10:26.4162720Z [ADMIN] dice.feed.common itemsMapped=0
2026-06-16T18:10:26.4162720Z [ADMIN] dice.visibleFeed actor=dev_admin count=0
2026-06-16T18:10:26.4462739Z [ADMIN] character.skills.get auth actor=dev_admin characterId=fbd8a7b8e9a74810becc233f30fe9160 ownerCheck=False allowed=True
2026-06-16T18:10:26.4472732Z [ADMIN] character.skills.get actor=dev_admin characterId=fbd8a7b8e9a74810becc233f30fe9160 count=0
2026-06-16T18:10:26.4742720Z [ADMIN] dice.feed.common itemsRaw=0
2026-06-16T18:10:26.4742720Z [ADMIN] dice.feed.common itemsMapped=0
2026-06-16T18:10:26.4742720Z [ADMIN] dice.visibleFeed actor=dev_admin count=0
2026-06-16T18:10:32.1165036Z [ADMIN] dice.feed.common itemsRaw=0
2026-06-16T18:10:32.1165036Z [ADMIN] dice.feed.common itemsMapped=0
2026-06-16T18:10:32.1165036Z [ADMIN] dice.visibleFeed actor=dev_player count=0
2026-06-16T18:10:32.1242085Z [ADMIN] dice.test.getCurrent actor=dev_player userId=0584ae33047742a18f657d4ca9c86a01 found=False
2026-06-16T18:10:36.5149492Z [ADMIN] admin.accounts.pending actor=dev_admin count=0
2026-06-16T18:10:36.5299538Z [ADMIN] dice.feed.common itemsRaw=0
2026-06-16T18:10:36.5299538Z [ADMIN] dice.feed.common itemsMapped=0
2026-06-16T18:10:36.5309526Z [ADMIN] dice.visibleFeed actor=dev_admin count=0
2026-06-16T18:10:36.5617403Z [ADMIN] character.skills.get auth actor=dev_admin characterId=fbd8a7b8e9a74810becc233f30fe9160 ownerCheck=False allowed=True
2026-06-16T18:10:36.5617403Z [ADMIN] character.skills.get actor=dev_admin characterId=fbd8a7b8e9a74810becc233f30fe9160 count=0
2026-06-16T18:10:36.5897409Z [ADMIN] dice.feed.common itemsRaw=0
2026-06-16T18:10:36.5897409Z [ADMIN] dice.feed.common itemsMapped=0
2026-06-16T18:10:36.5907411Z [ADMIN] dice.visibleFeed actor=dev_admin count=0
2026-06-16T18:10:40.1454946Z [ADMIN] dice.feed.common itemsRaw=0
2026-06-16T18:10:40.1454946Z [ADMIN] dice.feed.common itemsMapped=0
2026-06-16T18:10:40.1454946Z [ADMIN] dice.visibleFeed actor=dev_player count=0
2026-06-16T18:10:40.1534945Z [ADMIN] dice.test.getCurrent actor=dev_player userId=0584ae33047742a18f657d4ca9c86a01 found=False
2026-06-16T18:10:46.8225677Z [ADMIN] admin.accounts.pending actor=dev_admin count=0
2026-06-16T18:10:46.8375672Z [ADMIN] dice.feed.common itemsRaw=0
2026-06-16T18:10:46.8375672Z [ADMIN] dice.feed.common itemsMapped=0
2026-06-16T18:10:46.8375672Z [ADMIN] dice.visibleFeed actor=dev_admin count=0
2026-06-16T18:10:46.8671798Z [ADMIN] character.skills.get auth actor=dev_admin characterId=fbd8a7b8e9a74810becc233f30fe9160 ownerCheck=False allowed=True
2026-06-16T18:10:46.8681826Z [ADMIN] character.skills.get actor=dev_admin characterId=fbd8a7b8e9a74810becc233f30fe9160 count=0
2026-06-16T18:10:46.8955092Z [ADMIN] dice.feed.common itemsRaw=0
2026-06-16T18:10:46.8955092Z [ADMIN] dice.feed.common itemsMapped=0
2026-06-16T18:10:46.8955092Z [ADMIN] dice.visibleFeed actor=dev_admin count=0
2026-06-16T18:10:48.1774270Z [ADMIN] dice.feed.common itemsRaw=0
2026-06-16T18:10:48.1779557Z [ADMIN] dice.feed.common itemsMapped=0
2026-06-16T18:10:48.1779557Z [ADMIN] dice.visibleFeed actor=dev_player count=0
2026-06-16T18:10:48.1862997Z [ADMIN] dice.test.getCurrent actor=dev_player userId=0584ae33047742a18f657d4ca9c86a01 found=False
2026-06-16T18:10:56.2109424Z [ADMIN] dice.feed.common itemsRaw=0
2026-06-16T18:10:56.2109424Z [ADMIN] dice.feed.common itemsMapped=0
2026-06-16T18:10:56.2119414Z [ADMIN] dice.visibleFeed actor=dev_player count=0
2026-06-16T18:10:56.2189414Z [ADMIN] dice.test.getCurrent actor=dev_player userId=0584ae33047742a18f657d4ca9c86a01 found=False
2026-06-16T18:10:56.9583026Z [ADMIN] admin.accounts.pending actor=dev_admin count=0
2026-06-16T18:10:56.9737747Z [ADMIN] dice.feed.common itemsRaw=0
2026-06-16T18:10:56.9743248Z [ADMIN] dice.feed.common itemsMapped=0
2026-06-16T18:10:56.9743248Z [ADMIN] dice.visibleFeed actor=dev_admin count=0
2026-06-16T18:10:57.0057511Z [ADMIN] character.skills.get auth actor=dev_admin characterId=fbd8a7b8e9a74810becc233f30fe9160 ownerCheck=False allowed=True
2026-06-16T18:10:57.0057511Z [ADMIN] character.skills.get actor=dev_admin characterId=fbd8a7b8e9a74810becc233f30fe9160 count=0
2026-06-16T18:10:57.0326092Z [ADMIN] dice.feed.common itemsRaw=0
2026-06-16T18:10:57.0326092Z [ADMIN] dice.feed.common itemsMapped=0
2026-06-16T18:10:57.0326092Z [ADMIN] dice.visibleFeed actor=dev_admin count=0
2026-06-16T18:11:04.2412183Z [ADMIN] dice.feed.common itemsRaw=0
2026-06-16T18:11:04.2412183Z [ADMIN] dice.feed.common itemsMapped=0
2026-06-16T18:11:04.2412183Z [ADMIN] dice.visibleFeed actor=dev_player count=0
2026-06-16T18:11:04.2492359Z [ADMIN] dice.test.getCurrent actor=dev_player userId=0584ae33047742a18f657d4ca9c86a01 found=False
2026-06-16T18:11:07.0769848Z [ADMIN] admin.accounts.pending actor=dev_admin count=0
2026-06-16T18:11:07.0920671Z [ADMIN] dice.feed.common itemsRaw=0
2026-06-16T18:11:07.0920671Z [ADMIN] dice.feed.common itemsMapped=0
2026-06-16T18:11:07.0920671Z [ADMIN] dice.visibleFeed actor=dev_admin count=0
2026-06-16T18:11:07.1231974Z [ADMIN] character.skills.get auth actor=dev_admin characterId=fbd8a7b8e9a74810becc233f30fe9160 ownerCheck=False allowed=True
2026-06-16T18:11:07.1231974Z [ADMIN] character.skills.get actor=dev_admin characterId=fbd8a7b8e9a74810becc233f30fe9160 count=0
2026-06-16T18:11:07.1526474Z [ADMIN] dice.feed.common itemsRaw=0
2026-06-16T18:11:07.1526474Z [ADMIN] dice.feed.common itemsMapped=0
2026-06-16T18:11:07.1526474Z [ADMIN] dice.visibleFeed actor=dev_admin count=0
2026-06-16T18:11:12.2703690Z [ADMIN] dice.feed.common itemsRaw=0
2026-06-16T18:11:12.2703690Z [ADMIN] dice.feed.common itemsMapped=0
2026-06-16T18:11:12.2703690Z [ADMIN] dice.visibleFeed actor=dev_player count=0
2026-06-16T18:11:12.2771760Z [ADMIN] dice.test.getCurrent actor=dev_player userId=0584ae33047742a18f657d4ca9c86a01 found=False
2026-06-16T18:11:17.2011119Z [ADMIN] admin.accounts.pending actor=dev_admin count=0
2026-06-16T18:11:17.2168974Z [ADMIN] dice.feed.common itemsRaw=0
2026-06-16T18:11:17.2168974Z [ADMIN] dice.feed.common itemsMapped=0
2026-06-16T18:11:17.2178920Z [ADMIN] dice.visibleFeed actor=dev_admin count=0
2026-06-16T18:11:17.2491405Z [ADMIN] character.skills.get auth actor=dev_admin characterId=fbd8a7b8e9a74810becc233f30fe9160 ownerCheck=False allowed=True
2026-06-16T18:11:17.2491405Z [ADMIN] character.skills.get actor=dev_admin characterId=fbd8a7b8e9a74810becc233f30fe9160 count=0
2026-06-16T18:11:17.2763425Z [ADMIN] dice.feed.common itemsRaw=0
2026-06-16T18:11:17.2768638Z [ADMIN] dice.feed.common itemsMapped=0
2026-06-16T18:11:17.2768638Z [ADMIN] dice.visibleFeed actor=dev_admin count=0
2026-06-16T18:11:20.3113643Z [ADMIN] dice.feed.common itemsRaw=0
2026-06-16T18:11:20.3113643Z [ADMIN] dice.feed.common itemsMapped=0
2026-06-16T18:11:20.3113643Z [ADMIN] dice.visibleFeed actor=dev_player count=0
2026-06-16T18:11:20.3183620Z [ADMIN] dice.test.getCurrent actor=dev_player userId=0584ae33047742a18f657d4ca9c86a01 found=False
2026-06-16T18:11:27.3285656Z [ADMIN] admin.accounts.pending actor=dev_admin count=0
2026-06-16T18:11:27.3435784Z [ADMIN] dice.feed.common itemsRaw=0
2026-06-16T18:11:27.3445788Z [ADMIN] dice.feed.common itemsMapped=0
2026-06-16T18:11:27.3445788Z [ADMIN] dice.visibleFeed actor=dev_admin count=0
2026-06-16T18:11:27.3759870Z [ADMIN] character.skills.get auth actor=dev_admin characterId=fbd8a7b8e9a74810becc233f30fe9160 ownerCheck=False allowed=True
2026-06-16T18:11:27.3759870Z [ADMIN] character.skills.get actor=dev_admin characterId=fbd8a7b8e9a74810becc233f30fe9160 count=0
2026-06-16T18:11:27.4025740Z [ADMIN] dice.feed.common itemsRaw=0
2026-06-16T18:11:27.4025740Z [ADMIN] dice.feed.common itemsMapped=0
2026-06-16T18:11:27.4025740Z [ADMIN] dice.visibleFeed actor=dev_admin count=0
2026-06-16T18:11:28.3356503Z [ADMIN] dice.feed.common itemsRaw=0
2026-06-16T18:11:28.3356503Z [ADMIN] dice.feed.common itemsMapped=0
2026-06-16T18:11:28.3366497Z [ADMIN] dice.visibleFeed actor=dev_player count=0
2026-06-16T18:11:28.3450626Z [ADMIN] dice.test.getCurrent actor=dev_player userId=0584ae33047742a18f657d4ca9c86a01 found=False
2026-06-16T18:49:42.3932384Z [ADMIN] admin.accounts.pending actor=dev_admin count=0
2026-06-16T18:49:42.4750529Z [ADMIN] dice.feed.common itemsRaw=1
2026-06-16T18:49:42.4760511Z [ADMIN] dice.feed.common itemsMapped=1
2026-06-16T18:49:42.4760511Z [ADMIN] dice.visibleFeed actor=dev_admin count=1
2026-06-16T18:49:42.5570509Z [ADMIN] dice.feed.common itemsRaw=1
2026-06-16T18:49:42.5580527Z [ADMIN] dice.feed.common itemsMapped=1
2026-06-16T18:49:42.5580527Z [ADMIN] dice.visibleFeed actor=dev_admin count=1
2026-06-16T18:49:52.3888491Z [ADMIN] admin.accounts.pending actor=dev_admin count=0
2026-06-16T18:49:52.4045852Z [ADMIN] dice.feed.common itemsRaw=1
2026-06-16T18:49:52.4055851Z [ADMIN] dice.feed.common itemsMapped=1
2026-06-16T18:49:52.4055851Z [ADMIN] dice.visibleFeed actor=dev_admin count=1
2026-06-16T18:49:52.4420875Z [ADMIN] dice.feed.common itemsRaw=1
2026-06-16T18:49:52.4430870Z [ADMIN] dice.feed.common itemsMapped=1
2026-06-16T18:49:52.4430870Z [ADMIN] dice.visibleFeed actor=dev_admin count=1
2026-06-16T18:50:02.4781674Z [ADMIN] admin.accounts.pending actor=dev_admin count=0
2026-06-16T18:50:02.4946678Z [ADMIN] dice.feed.common itemsRaw=1
2026-06-16T18:50:02.4957182Z [ADMIN] dice.feed.common itemsMapped=1
2026-06-16T18:50:02.4957182Z [ADMIN] dice.visibleFeed actor=dev_admin count=1
2026-06-16T18:50:02.5317445Z [ADMIN] dice.feed.common itemsRaw=1
2026-06-16T18:50:02.5327420Z [ADMIN] dice.feed.common itemsMapped=1
2026-06-16T18:50:02.5327420Z [ADMIN] dice.visibleFeed actor=dev_admin count=1
2026-06-16T18:50:12.5724850Z [ADMIN] admin.accounts.pending actor=dev_admin count=0
2026-06-16T18:50:12.5882234Z [ADMIN] dice.feed.common itemsRaw=1
2026-06-16T18:50:12.5896276Z [ADMIN] dice.feed.common itemsMapped=1
2026-06-16T18:50:12.5896276Z [ADMIN] dice.visibleFeed actor=dev_admin count=1
2026-06-16T18:50:12.6251930Z [ADMIN] dice.feed.common itemsRaw=1
2026-06-16T18:50:12.6251930Z [ADMIN] dice.feed.common itemsMapped=1
2026-06-16T18:50:12.6251930Z [ADMIN] dice.visibleFeed actor=dev_admin count=1
2026-06-16T18:50:22.6671976Z [ADMIN] admin.accounts.pending actor=dev_admin count=0
2026-06-16T18:50:22.6841926Z [ADMIN] dice.feed.common itemsRaw=1
2026-06-16T18:50:22.6851935Z [ADMIN] dice.feed.common itemsMapped=1
2026-06-16T18:50:22.6851935Z [ADMIN] dice.visibleFeed actor=dev_admin count=1
2026-06-16T18:50:22.7196465Z [ADMIN] dice.feed.common itemsRaw=1
2026-06-16T18:50:22.7206468Z [ADMIN] dice.feed.common itemsMapped=1
2026-06-16T18:50:22.7206468Z [ADMIN] dice.visibleFeed actor=dev_admin count=1
2026-06-16T18:50:32.7631366Z [ADMIN] admin.accounts.pending actor=dev_admin count=0
2026-06-16T18:50:32.7801349Z [ADMIN] dice.feed.common itemsRaw=1
2026-06-16T18:50:32.7811358Z [ADMIN] dice.feed.common itemsMapped=1
2026-06-16T18:50:32.7811358Z [ADMIN] dice.visibleFeed actor=dev_admin count=1
2026-06-16T18:50:32.8201368Z [ADMIN] dice.feed.common itemsRaw=1
2026-06-16T18:50:32.8211382Z [ADMIN] dice.feed.common itemsMapped=1
2026-06-16T18:50:32.8211382Z [ADMIN] dice.visibleFeed actor=dev_admin count=1
2026-06-16T18:50:42.8745710Z [ADMIN] admin.accounts.pending actor=dev_admin count=0
2026-06-16T18:50:42.8915490Z [ADMIN] dice.feed.common itemsRaw=1
2026-06-16T18:50:42.8925490Z [ADMIN] dice.feed.common itemsMapped=1
2026-06-16T18:50:42.8925490Z [ADMIN] dice.visibleFeed actor=dev_admin count=1
2026-06-16T18:50:42.9308223Z [ADMIN] dice.feed.common itemsRaw=1
2026-06-16T18:50:42.9313561Z [ADMIN] dice.feed.common itemsMapped=1
2026-06-16T18:50:42.9318918Z [ADMIN] dice.visibleFeed actor=dev_admin count=1
2026-06-16T18:50:52.9801701Z [ADMIN] admin.accounts.pending actor=dev_admin count=0
2026-06-16T18:50:52.9963760Z [ADMIN] dice.feed.common itemsRaw=1
2026-06-16T18:50:52.9973933Z [ADMIN] dice.feed.common itemsMapped=1
2026-06-16T18:50:52.9973933Z [ADMIN] dice.visibleFeed actor=dev_admin count=1
2026-06-16T18:50:53.0344743Z [ADMIN] dice.feed.common itemsRaw=1
2026-06-16T18:50:53.0354749Z [ADMIN] dice.feed.common itemsMapped=1
2026-06-16T18:50:53.0354749Z [ADMIN] dice.visibleFeed actor=dev_admin count=1
2026-06-16T18:51:03.0720617Z [ADMIN] admin.accounts.pending actor=dev_admin count=0
2026-06-16T18:51:03.0886580Z [ADMIN] dice.feed.common itemsRaw=1
2026-06-16T18:51:03.0886580Z [ADMIN] dice.feed.common itemsMapped=1
2026-06-16T18:51:03.0896571Z [ADMIN] dice.visibleFeed actor=dev_admin count=1
2026-06-16T18:51:03.1249519Z [ADMIN] dice.feed.common itemsRaw=1
2026-06-16T18:51:03.1249519Z [ADMIN] dice.feed.common itemsMapped=1
2026-06-16T18:51:03.1249519Z [ADMIN] dice.visibleFeed actor=dev_admin count=1
2026-06-16T18:51:13.1688266Z [ADMIN] admin.accounts.pending actor=dev_admin count=0
2026-06-16T18:51:13.1849581Z [ADMIN] dice.feed.common itemsRaw=1
2026-06-16T18:51:13.1859584Z [ADMIN] dice.feed.common itemsMapped=1
2026-06-16T18:51:13.1859584Z [ADMIN] dice.visibleFeed actor=dev_admin count=1
2026-06-16T18:51:13.2219591Z [ADMIN] dice.feed.common itemsRaw=1
2026-06-16T18:51:13.2229579Z [ADMIN] dice.feed.common itemsMapped=1
2026-06-16T18:51:13.2229579Z [ADMIN] dice.visibleFeed actor=dev_admin count=1
2026-06-16T18:51:23.2597701Z [ADMIN] admin.accounts.pending actor=dev_admin count=0
2026-06-16T18:51:23.2775564Z [ADMIN] dice.feed.common itemsRaw=1
2026-06-16T18:51:23.2780840Z [ADMIN] dice.feed.common itemsMapped=1
2026-06-16T18:51:23.2780840Z [ADMIN] dice.visibleFeed actor=dev_admin count=1
2026-06-16T18:51:23.3114730Z [ADMIN] dice.feed.common itemsRaw=1
2026-06-16T18:51:23.3124734Z [ADMIN] dice.feed.common itemsMapped=1
2026-06-16T18:51:23.3124734Z [ADMIN] dice.visibleFeed actor=dev_admin count=1
2026-06-16T18:51:33.3563227Z [ADMIN] admin.accounts.pending actor=dev_admin count=0
2026-06-16T18:51:33.3725622Z [ADMIN] dice.feed.common itemsRaw=1
2026-06-16T18:51:33.3735620Z [ADMIN] dice.feed.common itemsMapped=1
2026-06-16T18:51:33.3735620Z [ADMIN] dice.visibleFeed actor=dev_admin count=1
2026-06-16T18:51:33.4084385Z [ADMIN] dice.feed.common itemsRaw=1
2026-06-16T18:51:33.4094381Z [ADMIN] dice.feed.common itemsMapped=1
2026-06-16T18:51:33.4098820Z [ADMIN] dice.visibleFeed actor=dev_admin count=1
2026-06-16T18:51:40.4905174Z [ADMIN] character.admin.list actor=dev_admin count=1 includeArchived=False
2026-06-16T18:51:40.5235171Z [ADMIN] character.inventory.get count=0
2026-06-16T18:51:40.5345180Z [ADMIN] character.holdings.get count=0
2026-06-16T18:51:40.5445181Z [ADMIN] character.reputation.get count=0
2026-06-16T18:51:40.5543173Z [ADMIN] character.companions.get count=0
2026-06-16T18:51:40.5707890Z [ADMIN] character.skills.get auth actor=dev_admin characterId=fbd8a7b8e9a74810becc233f30fe9160 ownerCheck=False allowed=True
2026-06-16T18:51:40.5707890Z [ADMIN] character.skills.get actor=dev_admin characterId=fbd8a7b8e9a74810becc233f30fe9160 count=0
2026-06-16T18:51:43.4467777Z [ADMIN] admin.accounts.pending actor=dev_admin count=0
2026-06-16T18:51:43.4627781Z [ADMIN] dice.feed.common itemsRaw=1
2026-06-16T18:51:43.4627781Z [ADMIN] dice.feed.common itemsMapped=1
2026-06-16T18:51:43.4637781Z [ADMIN] dice.visibleFeed actor=dev_admin count=1
2026-06-16T18:51:43.4963586Z [ADMIN] character.skills.get auth actor=dev_admin characterId=fbd8a7b8e9a74810becc233f30fe9160 ownerCheck=False allowed=True
2026-06-16T18:51:43.4963586Z [ADMIN] character.skills.get actor=dev_admin characterId=fbd8a7b8e9a74810becc233f30fe9160 count=0
2026-06-16T18:51:43.5247761Z [ADMIN] dice.feed.common itemsRaw=1
2026-06-16T18:51:43.5257762Z [ADMIN] dice.feed.common itemsMapped=1
2026-06-16T18:51:43.5257762Z [ADMIN] dice.visibleFeed actor=dev_admin count=1
2026-06-16T18:51:53.5719691Z [ADMIN] admin.accounts.pending actor=dev_admin count=0
2026-06-16T18:51:53.5871845Z [ADMIN] dice.feed.common itemsRaw=1
2026-06-16T18:51:53.5881837Z [ADMIN] dice.feed.common itemsMapped=1
2026-06-16T18:51:53.5881837Z [ADMIN] dice.visibleFeed actor=dev_admin count=1
2026-06-16T18:51:53.6191437Z [ADMIN] character.skills.get auth actor=dev_admin characterId=fbd8a7b8e9a74810becc233f30fe9160 ownerCheck=False allowed=True
2026-06-16T18:51:53.6191437Z [ADMIN] character.skills.get actor=dev_admin characterId=fbd8a7b8e9a74810becc233f30fe9160 count=0
2026-06-16T18:51:53.6468124Z [ADMIN] dice.feed.common itemsRaw=1
2026-06-16T18:51:53.6478128Z [ADMIN] dice.feed.common itemsMapped=1
2026-06-16T18:51:53.6478128Z [ADMIN] dice.visibleFeed actor=dev_admin count=1
2026-06-16T18:52:03.6912032Z [ADMIN] admin.accounts.pending actor=dev_admin count=0
2026-06-16T18:52:03.7065554Z [ADMIN] dice.feed.common itemsRaw=1
2026-06-16T18:52:03.7076422Z [ADMIN] dice.feed.common itemsMapped=1
2026-06-16T18:52:03.7076422Z [ADMIN] dice.visibleFeed actor=dev_admin count=1
2026-06-16T18:52:03.7388033Z [ADMIN] character.skills.get auth actor=dev_admin characterId=fbd8a7b8e9a74810becc233f30fe9160 ownerCheck=False allowed=True
2026-06-16T18:52:03.7392575Z [ADMIN] character.skills.get actor=dev_admin characterId=fbd8a7b8e9a74810becc233f30fe9160 count=0
2026-06-16T18:52:03.7657571Z [ADMIN] dice.feed.common itemsRaw=1
2026-06-16T18:52:03.7657571Z [ADMIN] dice.feed.common itemsMapped=1
2026-06-16T18:52:03.7667566Z [ADMIN] dice.visibleFeed actor=dev_admin count=1
2026-06-16T18:52:13.8097208Z [ADMIN] admin.accounts.pending actor=dev_admin count=0
2026-06-16T18:52:13.8256841Z [ADMIN] dice.feed.common itemsRaw=1
2026-06-16T18:52:13.8266843Z [ADMIN] dice.feed.common itemsMapped=1
2026-06-16T18:52:13.8266843Z [ADMIN] dice.visibleFeed actor=dev_admin count=1
2026-06-16T18:52:13.8569552Z [ADMIN] character.skills.get auth actor=dev_admin characterId=fbd8a7b8e9a74810becc233f30fe9160 ownerCheck=False allowed=True
2026-06-16T18:52:13.8579553Z [ADMIN] character.skills.get actor=dev_admin characterId=fbd8a7b8e9a74810becc233f30fe9160 count=0
2026-06-16T18:52:13.8849552Z [ADMIN] dice.feed.common itemsRaw=1
2026-06-16T18:52:13.8849552Z [ADMIN] dice.feed.common itemsMapped=1
2026-06-16T18:52:13.8849552Z [ADMIN] dice.visibleFeed actor=dev_admin count=1
2026-06-16T18:52:23.9309866Z [ADMIN] admin.accounts.pending actor=dev_admin count=0
2026-06-16T18:52:23.9484019Z [ADMIN] dice.feed.common itemsRaw=1
2026-06-16T18:52:23.9484019Z [ADMIN] dice.feed.common itemsMapped=1
2026-06-16T18:52:23.9494008Z [ADMIN] dice.visibleFeed actor=dev_admin count=1
2026-06-16T18:52:23.9796281Z [ADMIN] character.skills.get auth actor=dev_admin characterId=fbd8a7b8e9a74810becc233f30fe9160 ownerCheck=False allowed=True
2026-06-16T18:52:23.9796281Z [ADMIN] character.skills.get actor=dev_admin characterId=fbd8a7b8e9a74810becc233f30fe9160 count=0
2026-06-16T18:52:24.0096935Z [ADMIN] dice.feed.common itemsRaw=1
2026-06-16T18:52:24.0096935Z [ADMIN] dice.feed.common itemsMapped=1
2026-06-16T18:52:24.0096935Z [ADMIN] dice.visibleFeed actor=dev_admin count=1
2026-06-16T18:52:34.0580749Z [ADMIN] admin.accounts.pending actor=dev_admin count=0
2026-06-16T18:52:34.0746504Z [ADMIN] dice.feed.common itemsRaw=1
2026-06-16T18:52:34.0746504Z [ADMIN] dice.feed.common itemsMapped=1
2026-06-16T18:52:34.0746504Z [ADMIN] dice.visibleFeed actor=dev_admin count=1
2026-06-16T18:52:34.1066480Z [ADMIN] character.skills.get auth actor=dev_admin characterId=fbd8a7b8e9a74810becc233f30fe9160 ownerCheck=False allowed=True
2026-06-16T18:52:34.1066480Z [ADMIN] character.skills.get actor=dev_admin characterId=fbd8a7b8e9a74810becc233f30fe9160 count=0
2026-06-16T18:52:34.1346577Z [ADMIN] dice.feed.common itemsRaw=1
2026-06-16T18:52:34.1346577Z [ADMIN] dice.feed.common itemsMapped=1
2026-06-16T18:52:34.1346577Z [ADMIN] dice.visibleFeed actor=dev_admin count=1
2026-06-16T18:52:44.1822668Z [ADMIN] admin.accounts.pending actor=dev_admin count=0
2026-06-16T18:52:44.1981114Z [ADMIN] dice.feed.common itemsRaw=1
2026-06-16T18:52:44.1991098Z [ADMIN] dice.feed.common itemsMapped=1
2026-06-16T18:52:44.1991098Z [ADMIN] dice.visibleFeed actor=dev_admin count=1
2026-06-16T18:52:44.2295220Z [ADMIN] character.skills.get auth actor=dev_admin characterId=fbd8a7b8e9a74810becc233f30fe9160 ownerCheck=False allowed=True
2026-06-16T18:52:44.2295220Z [ADMIN] character.skills.get actor=dev_admin characterId=fbd8a7b8e9a74810becc233f30fe9160 count=0
2026-06-16T18:52:44.2572313Z [ADMIN] dice.feed.common itemsRaw=1
2026-06-16T18:52:44.2572313Z [ADMIN] dice.feed.common itemsMapped=1
2026-06-16T18:52:44.2582308Z [ADMIN] dice.visibleFeed actor=dev_admin count=1
2026-06-16T18:52:54.2911000Z [ADMIN] admin.accounts.pending actor=dev_admin count=0
2026-06-16T18:52:54.3068525Z [ADMIN] dice.feed.common itemsRaw=1
2026-06-16T18:52:54.3078522Z [ADMIN] dice.feed.common itemsMapped=1
2026-06-16T18:52:54.3078522Z [ADMIN] dice.visibleFeed actor=dev_admin count=1
2026-06-16T18:52:54.3389977Z [ADMIN] character.skills.get auth actor=dev_admin characterId=fbd8a7b8e9a74810becc233f30fe9160 ownerCheck=False allowed=True
2026-06-16T18:52:54.3389977Z [ADMIN] character.skills.get actor=dev_admin characterId=fbd8a7b8e9a74810becc233f30fe9160 count=0
2026-06-16T18:52:54.3659919Z [ADMIN] dice.feed.common itemsRaw=1
2026-06-16T18:52:54.3669107Z [ADMIN] dice.feed.common itemsMapped=1
2026-06-16T18:52:54.3669107Z [ADMIN] dice.visibleFeed actor=dev_admin count=1
2026-06-16T18:53:04.4014541Z [ADMIN] admin.accounts.pending actor=dev_admin count=0
2026-06-16T18:53:04.4174861Z [ADMIN] dice.feed.common itemsRaw=1
2026-06-16T18:53:04.4174861Z [ADMIN] dice.feed.common itemsMapped=1
2026-06-16T18:53:04.4184829Z [ADMIN] dice.visibleFeed actor=dev_admin count=1
2026-06-16T18:53:04.4494549Z [ADMIN] character.skills.get auth actor=dev_admin characterId=fbd8a7b8e9a74810becc233f30fe9160 ownerCheck=False allowed=True
2026-06-16T18:53:04.4494549Z [ADMIN] character.skills.get actor=dev_admin characterId=fbd8a7b8e9a74810becc233f30fe9160 count=0
2026-06-16T18:53:04.4759002Z [ADMIN] dice.feed.common itemsRaw=1
2026-06-16T18:53:04.4769009Z [ADMIN] dice.feed.common itemsMapped=1
2026-06-16T18:53:04.4769009Z [ADMIN] dice.visibleFeed actor=dev_admin count=1
2026-06-16T18:53:14.5294994Z [ADMIN] admin.accounts.pending actor=dev_admin count=0
2026-06-16T18:53:14.5465020Z [ADMIN] dice.feed.common itemsRaw=1
2026-06-16T18:53:14.5465020Z [ADMIN] dice.feed.common itemsMapped=1
2026-06-16T18:53:14.5475013Z [ADMIN] dice.visibleFeed actor=dev_admin count=1
2026-06-16T18:53:14.5782827Z [ADMIN] character.skills.get auth actor=dev_admin characterId=fbd8a7b8e9a74810becc233f30fe9160 ownerCheck=False allowed=True
2026-06-16T18:53:14.5782827Z [ADMIN] character.skills.get actor=dev_admin characterId=fbd8a7b8e9a74810becc233f30fe9160 count=0
2026-06-16T18:53:14.6060132Z [ADMIN] dice.feed.common itemsRaw=1
2026-06-16T18:53:14.6060132Z [ADMIN] dice.feed.common itemsMapped=1
2026-06-16T18:53:14.6070116Z [ADMIN] dice.visibleFeed actor=dev_admin count=1
2026-06-16T18:53:24.6543788Z [ADMIN] admin.accounts.pending actor=dev_admin count=0
2026-06-16T18:53:24.6707431Z [ADMIN] dice.feed.common itemsRaw=1
2026-06-16T18:53:24.6717429Z [ADMIN] dice.feed.common itemsMapped=1
2026-06-16T18:53:24.6717429Z [ADMIN] dice.visibleFeed actor=dev_admin count=1
2026-06-16T18:53:24.7033751Z [ADMIN] character.skills.get auth actor=dev_admin characterId=fbd8a7b8e9a74810becc233f30fe9160 ownerCheck=False allowed=True
2026-06-16T18:53:24.7033751Z [ADMIN] character.skills.get actor=dev_admin characterId=fbd8a7b8e9a74810becc233f30fe9160 count=0
2026-06-16T18:53:24.7329100Z [ADMIN] dice.feed.common itemsRaw=1
2026-06-16T18:53:24.7329100Z [ADMIN] dice.feed.common itemsMapped=1
2026-06-16T18:53:24.7339103Z [ADMIN] dice.visibleFeed actor=dev_admin count=1
2026-06-16T18:53:34.7778050Z [ADMIN] admin.accounts.pending actor=dev_admin count=0
2026-06-16T18:53:34.7935683Z [ADMIN] dice.feed.common itemsRaw=1
2026-06-16T18:53:34.7945690Z [ADMIN] dice.feed.common itemsMapped=1
2026-06-16T18:53:34.7945690Z [ADMIN] dice.visibleFeed actor=dev_admin count=1
2026-06-16T18:53:34.8248312Z [ADMIN] character.skills.get auth actor=dev_admin characterId=fbd8a7b8e9a74810becc233f30fe9160 ownerCheck=False allowed=True
2026-06-16T18:53:34.8248312Z [ADMIN] character.skills.get actor=dev_admin characterId=fbd8a7b8e9a74810becc233f30fe9160 count=0
2026-06-16T18:53:34.8528454Z [ADMIN] dice.feed.common itemsRaw=1
2026-06-16T18:53:34.8528454Z [ADMIN] dice.feed.common itemsMapped=1
2026-06-16T18:53:34.8538450Z [ADMIN] dice.visibleFeed actor=dev_admin count=1
2026-06-16T18:53:44.9001491Z [ADMIN] admin.accounts.pending actor=dev_admin count=0
2026-06-16T18:53:44.9162901Z [ADMIN] dice.feed.common itemsRaw=1
2026-06-16T18:53:44.9173132Z [ADMIN] dice.feed.common itemsMapped=1
2026-06-16T18:53:44.9173132Z [ADMIN] dice.visibleFeed actor=dev_admin count=1
2026-06-16T18:53:44.9474979Z [ADMIN] character.skills.get auth actor=dev_admin characterId=fbd8a7b8e9a74810becc233f30fe9160 ownerCheck=False allowed=True
2026-06-16T18:53:44.9484912Z [ADMIN] character.skills.get actor=dev_admin characterId=fbd8a7b8e9a74810becc233f30fe9160 count=0
2026-06-16T18:53:44.9748691Z [ADMIN] dice.feed.common itemsRaw=1
2026-06-16T18:53:44.9758668Z [ADMIN] dice.feed.common itemsMapped=1
2026-06-16T18:53:44.9758668Z [ADMIN] dice.visibleFeed actor=dev_admin count=1
2026-06-16T18:53:55.0097545Z [ADMIN] admin.accounts.pending actor=dev_admin count=0
2026-06-16T18:53:55.0263368Z [ADMIN] dice.feed.common itemsRaw=1
2026-06-16T18:53:55.0273610Z [ADMIN] dice.feed.common itemsMapped=1
2026-06-16T18:53:55.0273610Z [ADMIN] dice.visibleFeed actor=dev_admin count=1
2026-06-16T18:53:55.0595465Z [ADMIN] character.skills.get auth actor=dev_admin characterId=fbd8a7b8e9a74810becc233f30fe9160 ownerCheck=False allowed=True
2026-06-16T18:53:55.0600803Z [ADMIN] character.skills.get actor=dev_admin characterId=fbd8a7b8e9a74810becc233f30fe9160 count=0
2026-06-16T18:53:55.0878494Z [ADMIN] dice.feed.common itemsRaw=1
2026-06-16T18:53:55.0883863Z [ADMIN] dice.feed.common itemsMapped=1
2026-06-16T18:53:55.0889216Z [ADMIN] dice.visibleFeed actor=dev_admin count=1
2026-06-16T18:54:05.1357919Z [ADMIN] admin.accounts.pending actor=dev_admin count=0
2026-06-16T18:54:05.1522138Z [ADMIN] dice.feed.common itemsRaw=1
2026-06-16T18:54:05.1532130Z [ADMIN] dice.feed.common itemsMapped=1
2026-06-16T18:54:05.1532130Z [ADMIN] dice.visibleFeed actor=dev_admin count=1
2026-06-16T18:54:05.1833747Z [ADMIN] character.skills.get auth actor=dev_admin characterId=fbd8a7b8e9a74810becc233f30fe9160 ownerCheck=False allowed=True
2026-06-16T18:54:05.1843758Z [ADMIN] character.skills.get actor=dev_admin characterId=fbd8a7b8e9a74810becc233f30fe9160 count=0
2026-06-16T18:54:05.2097907Z [ADMIN] dice.feed.common itemsRaw=1
2026-06-16T18:54:05.2097907Z [ADMIN] dice.feed.common itemsMapped=1
2026-06-16T18:54:05.2107909Z [ADMIN] dice.visibleFeed actor=dev_admin count=1
2026-06-16T18:54:15.2602278Z [ADMIN] admin.accounts.pending actor=dev_admin count=0
2026-06-16T18:54:15.2759334Z [ADMIN] dice.feed.common itemsRaw=1
2026-06-16T18:54:15.2771065Z [ADMIN] dice.feed.common itemsMapped=1
2026-06-16T18:54:15.2771065Z [ADMIN] dice.visibleFeed actor=dev_admin count=1
2026-06-16T18:54:15.3084673Z [ADMIN] character.skills.get auth actor=dev_admin characterId=fbd8a7b8e9a74810becc233f30fe9160 ownerCheck=False allowed=True
2026-06-16T18:54:15.3084673Z [ADMIN] character.skills.get actor=dev_admin characterId=fbd8a7b8e9a74810becc233f30fe9160 count=0
2026-06-16T18:54:15.3362903Z [ADMIN] dice.feed.common itemsRaw=1
2026-06-16T18:54:15.3368281Z [ADMIN] dice.feed.common itemsMapped=1
2026-06-16T18:54:15.3373633Z [ADMIN] dice.visibleFeed actor=dev_admin count=1
2026-06-16T18:54:39.4793833Z [ADMIN] admin.accounts.pending actor=dev_admin count=0
2026-06-16T18:54:39.5049629Z [ADMIN] dice.feed.common itemsRaw=1
2026-06-16T18:54:39.5059616Z [ADMIN] dice.feed.common itemsMapped=1
2026-06-16T18:54:39.5059616Z [ADMIN] dice.visibleFeed actor=dev_admin count=1
2026-06-16T18:54:39.5655687Z [ADMIN] dice.feed.common itemsRaw=1
2026-06-16T18:54:39.5661008Z [ADMIN] dice.feed.common itemsMapped=1
2026-06-16T18:54:39.5661008Z [ADMIN] dice.visibleFeed actor=dev_admin count=1
2026-06-16T18:54:45.5164617Z [ADMIN] character.admin.list actor=dev_admin count=1 includeArchived=False
2026-06-16T18:54:45.5410626Z [ADMIN] character.inventory.get count=0
2026-06-16T18:54:45.5512183Z [ADMIN] character.holdings.get count=0
2026-06-16T18:54:45.5616934Z [ADMIN] character.reputation.get count=0
2026-06-16T18:54:45.5710597Z [ADMIN] character.companions.get count=0
2026-06-16T18:54:45.5850599Z [ADMIN] character.skills.get auth actor=dev_admin characterId=fbd8a7b8e9a74810becc233f30fe9160 ownerCheck=False allowed=True
2026-06-16T18:54:45.5850599Z [ADMIN] character.skills.get actor=dev_admin characterId=fbd8a7b8e9a74810becc233f30fe9160 count=0
2026-06-16T18:54:49.4779699Z [ADMIN] admin.accounts.pending actor=dev_admin count=0
2026-06-16T18:54:49.4928530Z [ADMIN] dice.feed.common itemsRaw=1
2026-06-16T18:54:49.4938512Z [ADMIN] dice.feed.common itemsMapped=1
2026-06-16T18:54:49.4938512Z [ADMIN] dice.visibleFeed actor=dev_admin count=1
2026-06-16T18:54:49.5250865Z [ADMIN] character.skills.get auth actor=dev_admin characterId=fbd8a7b8e9a74810becc233f30fe9160 ownerCheck=False allowed=True
2026-06-16T18:54:49.5250865Z [ADMIN] character.skills.get actor=dev_admin characterId=fbd8a7b8e9a74810becc233f30fe9160 count=0
2026-06-16T18:54:49.5598611Z [ADMIN] dice.feed.common itemsRaw=1
2026-06-16T18:54:49.5598611Z [ADMIN] dice.feed.common itemsMapped=1
2026-06-16T18:54:49.5608536Z [ADMIN] dice.visibleFeed actor=dev_admin count=1
2026-06-16T18:54:57.2778859Z [ADMIN] character.admin.list actor=dev_admin count=1 includeArchived=False
2026-06-16T18:54:57.2978837Z [ADMIN] character.inventory.get count=0
2026-06-16T18:54:57.3075613Z [ADMIN] character.holdings.get count=0
2026-06-16T18:54:57.3159309Z [ADMIN] character.reputation.get count=0
2026-06-16T18:54:57.3249292Z [ADMIN] character.companions.get count=0
2026-06-16T18:54:57.3319303Z [ADMIN] character.skills.get auth actor=dev_admin characterId=fbd8a7b8e9a74810becc233f30fe9160 ownerCheck=False allowed=True
2026-06-16T18:54:57.3329309Z [ADMIN] character.skills.get actor=dev_admin characterId=fbd8a7b8e9a74810becc233f30fe9160 count=0
2026-06-16T18:54:59.6039840Z [ADMIN] admin.accounts.pending actor=dev_admin count=0
2026-06-16T18:54:59.6203494Z [ADMIN] dice.feed.common itemsRaw=1
2026-06-16T18:54:59.6213500Z [ADMIN] dice.feed.common itemsMapped=1
2026-06-16T18:54:59.6213500Z [ADMIN] dice.visibleFeed actor=dev_admin count=1
2026-06-16T18:54:59.6583058Z [ADMIN] character.skills.get auth actor=dev_admin characterId=fbd8a7b8e9a74810becc233f30fe9160 ownerCheck=False allowed=True
2026-06-16T18:54:59.6583058Z [ADMIN] character.skills.get actor=dev_admin characterId=fbd8a7b8e9a74810becc233f30fe9160 count=0
2026-06-16T18:54:59.6853312Z [ADMIN] dice.feed.common itemsRaw=1
2026-06-16T18:54:59.6858666Z [ADMIN] dice.feed.common itemsMapped=1
2026-06-16T18:54:59.6858666Z [ADMIN] dice.visibleFeed actor=dev_admin count=1
2026-06-16T18:55:09.7303606Z [ADMIN] admin.accounts.pending actor=dev_admin count=0
2026-06-16T18:55:09.7463581Z [ADMIN] dice.feed.common itemsRaw=1
2026-06-16T18:55:09.7473579Z [ADMIN] dice.feed.common itemsMapped=1
2026-06-16T18:55:09.7473579Z [ADMIN] dice.visibleFeed actor=dev_admin count=1
2026-06-16T18:55:09.7779366Z [ADMIN] character.skills.get auth actor=dev_admin characterId=fbd8a7b8e9a74810becc233f30fe9160 ownerCheck=False allowed=True
2026-06-16T18:55:09.7779366Z [ADMIN] character.skills.get actor=dev_admin characterId=fbd8a7b8e9a74810becc233f30fe9160 count=0
2026-06-16T18:55:09.8059269Z [ADMIN] dice.feed.common itemsRaw=1
2026-06-16T18:55:09.8073998Z [ADMIN] dice.feed.common itemsMapped=1
2026-06-16T18:55:09.8073998Z [ADMIN] dice.visibleFeed actor=dev_admin count=1
2026-06-16T18:55:19.8592344Z [ADMIN] admin.accounts.pending actor=dev_admin count=0
2026-06-16T18:55:19.8762474Z [ADMIN] dice.feed.common itemsRaw=1
2026-06-16T18:55:19.8772724Z [ADMIN] dice.feed.common itemsMapped=1
2026-06-16T18:55:19.8772724Z [ADMIN] dice.visibleFeed actor=dev_admin count=1
2026-06-16T18:55:19.9068285Z [ADMIN] character.skills.get auth actor=dev_admin characterId=fbd8a7b8e9a74810becc233f30fe9160 ownerCheck=False allowed=True
2026-06-16T18:55:19.9078287Z [ADMIN] character.skills.get actor=dev_admin characterId=fbd8a7b8e9a74810becc233f30fe9160 count=0
2026-06-16T18:55:19.9342463Z [ADMIN] dice.feed.common itemsRaw=1
2026-06-16T18:55:19.9352431Z [ADMIN] dice.feed.common itemsMapped=1
2026-06-16T18:55:19.9352431Z [ADMIN] dice.visibleFeed actor=dev_admin count=1
2026-06-16T18:55:29.9778856Z [ADMIN] admin.accounts.pending actor=dev_admin count=0
2026-06-16T18:55:29.9938843Z [ADMIN] dice.feed.common itemsRaw=1
2026-06-16T18:55:29.9948871Z [ADMIN] dice.feed.common itemsMapped=1
2026-06-16T18:55:29.9948871Z [ADMIN] dice.visibleFeed actor=dev_admin count=1
2026-06-16T18:55:30.0252688Z [ADMIN] character.skills.get auth actor=dev_admin characterId=fbd8a7b8e9a74810becc233f30fe9160 ownerCheck=False allowed=True
2026-06-16T18:55:30.0252688Z [ADMIN] character.skills.get actor=dev_admin characterId=fbd8a7b8e9a74810becc233f30fe9160 count=0
2026-06-16T18:55:30.0526282Z [ADMIN] dice.feed.common itemsRaw=1
2026-06-16T18:55:30.0526282Z [ADMIN] dice.feed.common itemsMapped=1
2026-06-16T18:55:30.0526282Z [ADMIN] dice.visibleFeed actor=dev_admin count=1
2026-06-16T18:55:40.0871817Z [ADMIN] admin.accounts.pending actor=dev_admin count=0
2026-06-16T18:55:40.1031850Z [ADMIN] dice.feed.common itemsRaw=1
2026-06-16T18:55:40.1041852Z [ADMIN] dice.feed.common itemsMapped=1
2026-06-16T18:55:40.1041852Z [ADMIN] dice.visibleFeed actor=dev_admin count=1
2026-06-16T18:55:40.1356682Z [ADMIN] character.skills.get auth actor=dev_admin characterId=fbd8a7b8e9a74810becc233f30fe9160 ownerCheck=False allowed=True
2026-06-16T18:55:40.1356682Z [ADMIN] character.skills.get actor=dev_admin characterId=fbd8a7b8e9a74810becc233f30fe9160 count=0
2026-06-16T18:55:40.1627611Z [ADMIN] dice.feed.common itemsRaw=1
2026-06-16T18:55:40.1637641Z [ADMIN] dice.feed.common itemsMapped=1
2026-06-16T18:55:40.1637641Z [ADMIN] dice.visibleFeed actor=dev_admin count=1
2026-06-16T18:55:50.2123891Z [ADMIN] admin.accounts.pending actor=dev_admin count=0
2026-06-16T18:55:50.2304153Z [ADMIN] dice.feed.common itemsRaw=1
2026-06-16T18:55:50.2314714Z [ADMIN] dice.feed.common itemsMapped=1
2026-06-16T18:55:50.2320059Z [ADMIN] dice.visibleFeed actor=dev_admin count=1
2026-06-16T18:55:50.2626159Z [ADMIN] character.skills.get auth actor=dev_admin characterId=fbd8a7b8e9a74810becc233f30fe9160 ownerCheck=False allowed=True
2026-06-16T18:55:50.2626159Z [ADMIN] character.skills.get actor=dev_admin characterId=fbd8a7b8e9a74810becc233f30fe9160 count=0
2026-06-16T18:55:50.2896065Z [ADMIN] dice.feed.common itemsRaw=1
2026-06-16T18:55:50.2906061Z [ADMIN] dice.feed.common itemsMapped=1
2026-06-16T18:55:50.2906061Z [ADMIN] dice.visibleFeed actor=dev_admin count=1
2026-06-16T18:56:00.3370959Z [ADMIN] admin.accounts.pending actor=dev_admin count=0
2026-06-16T18:56:00.3530764Z [ADMIN] dice.feed.common itemsRaw=1
2026-06-16T18:56:00.3540770Z [ADMIN] dice.feed.common itemsMapped=1
2026-06-16T18:56:00.3540770Z [ADMIN] dice.visibleFeed actor=dev_admin count=1
2026-06-16T18:56:00.3846503Z [ADMIN] character.skills.get auth actor=dev_admin characterId=fbd8a7b8e9a74810becc233f30fe9160 ownerCheck=False allowed=True
2026-06-16T18:56:00.3846503Z [ADMIN] character.skills.get actor=dev_admin characterId=fbd8a7b8e9a74810becc233f30fe9160 count=0
2026-06-16T18:56:00.4120723Z [ADMIN] dice.feed.common itemsRaw=1
2026-06-16T18:56:00.4130724Z [ADMIN] dice.feed.common itemsMapped=1
2026-06-16T18:56:00.4130724Z [ADMIN] dice.visibleFeed actor=dev_admin count=1
2026-06-16T18:56:10.4511158Z [ADMIN] admin.accounts.pending actor=dev_admin count=0
2026-06-16T18:56:10.4679019Z [ADMIN] dice.feed.common itemsRaw=1
2026-06-16T18:56:10.4679019Z [ADMIN] dice.feed.common itemsMapped=1
2026-06-16T18:56:10.4689014Z [ADMIN] dice.visibleFeed actor=dev_admin count=1
2026-06-16T18:56:10.4981097Z [ADMIN] character.skills.get auth actor=dev_admin characterId=fbd8a7b8e9a74810becc233f30fe9160 ownerCheck=False allowed=True
2026-06-16T18:56:10.4981097Z [ADMIN] character.skills.get actor=dev_admin characterId=fbd8a7b8e9a74810becc233f30fe9160 count=0
2026-06-16T18:56:10.5245356Z [ADMIN] dice.feed.common itemsRaw=1
2026-06-16T18:56:10.5245356Z [ADMIN] dice.feed.common itemsMapped=1
2026-06-16T18:56:10.5255353Z [ADMIN] dice.visibleFeed actor=dev_admin count=1
2026-06-16T18:56:20.5777628Z [ADMIN] admin.accounts.pending actor=dev_admin count=0
2026-06-16T18:56:20.5942742Z [ADMIN] dice.feed.common itemsRaw=1
2026-06-16T18:56:20.5948096Z [ADMIN] dice.feed.common itemsMapped=1
2026-06-16T18:56:20.5948096Z [ADMIN] dice.visibleFeed actor=dev_admin count=1
2026-06-16T18:56:20.6274902Z [ADMIN] character.skills.get auth actor=dev_admin characterId=fbd8a7b8e9a74810becc233f30fe9160 ownerCheck=False allowed=True
2026-06-16T18:56:20.6274902Z [ADMIN] character.skills.get actor=dev_admin characterId=fbd8a7b8e9a74810becc233f30fe9160 count=0
2026-06-16T18:56:20.6551897Z [ADMIN] dice.feed.common itemsRaw=1
2026-06-16T18:56:20.6551897Z [ADMIN] dice.feed.common itemsMapped=1
2026-06-16T18:56:20.6562360Z [ADMIN] dice.visibleFeed actor=dev_admin count=1
2026-06-16T18:56:30.7004603Z [ADMIN] admin.accounts.pending actor=dev_admin count=0
2026-06-16T18:56:30.7175198Z [ADMIN] dice.feed.common itemsRaw=1
2026-06-16T18:56:30.7185118Z [ADMIN] dice.feed.common itemsMapped=1
2026-06-16T18:56:30.7185118Z [ADMIN] dice.visibleFeed actor=dev_admin count=1
2026-06-16T18:56:30.7486164Z [ADMIN] character.skills.get auth actor=dev_admin characterId=fbd8a7b8e9a74810becc233f30fe9160 ownerCheck=False allowed=True
2026-06-16T18:56:30.7496177Z [ADMIN] character.skills.get actor=dev_admin characterId=fbd8a7b8e9a74810becc233f30fe9160 count=0
2026-06-16T18:56:30.7757587Z [ADMIN] dice.feed.common itemsRaw=1
2026-06-16T18:56:30.7757587Z [ADMIN] dice.feed.common itemsMapped=1
2026-06-16T18:56:30.7767598Z [ADMIN] dice.visibleFeed actor=dev_admin count=1
2026-06-16T18:56:40.8219070Z [ADMIN] admin.accounts.pending actor=dev_admin count=0
2026-06-16T18:56:40.8365056Z [ADMIN] dice.feed.common itemsRaw=1
2026-06-16T18:56:40.8380181Z [ADMIN] dice.feed.common itemsMapped=1
2026-06-16T18:56:40.8380181Z [ADMIN] dice.visibleFeed actor=dev_admin count=1
2026-06-16T18:56:40.8689543Z [ADMIN] character.skills.get auth actor=dev_admin characterId=fbd8a7b8e9a74810becc233f30fe9160 ownerCheck=False allowed=True
2026-06-16T18:56:40.8694825Z [ADMIN] character.skills.get actor=dev_admin characterId=fbd8a7b8e9a74810becc233f30fe9160 count=0
2026-06-16T18:56:40.8964974Z [ADMIN] dice.feed.common itemsRaw=1
2026-06-16T18:56:40.8964974Z [ADMIN] dice.feed.common itemsMapped=1
2026-06-16T18:56:40.8975151Z [ADMIN] dice.visibleFeed actor=dev_admin count=1
2026-06-16T18:56:50.9329666Z [ADMIN] admin.accounts.pending actor=dev_admin count=0
2026-06-16T18:56:50.9488553Z [ADMIN] dice.feed.common itemsRaw=1
2026-06-16T18:56:50.9498556Z [ADMIN] dice.feed.common itemsMapped=1
2026-06-16T18:56:50.9498556Z [ADMIN] dice.visibleFeed actor=dev_admin count=1
2026-06-16T18:56:50.9810640Z [ADMIN] character.skills.get auth actor=dev_admin characterId=fbd8a7b8e9a74810becc233f30fe9160 ownerCheck=False allowed=True
2026-06-16T18:56:50.9810640Z [ADMIN] character.skills.get actor=dev_admin characterId=fbd8a7b8e9a74810becc233f30fe9160 count=0
2026-06-16T18:56:51.0084569Z [ADMIN] dice.feed.common itemsRaw=1
2026-06-16T18:56:51.0094563Z [ADMIN] dice.feed.common itemsMapped=1
2026-06-16T18:56:51.0094563Z [ADMIN] dice.visibleFeed actor=dev_admin count=1
2026-06-16T18:57:01.0658382Z [ADMIN] admin.accounts.pending actor=dev_admin count=0
2026-06-16T18:57:01.0819574Z [ADMIN] dice.feed.common itemsRaw=1
2026-06-16T18:57:01.0829609Z [ADMIN] dice.feed.common itemsMapped=1
2026-06-16T18:57:01.0829609Z [ADMIN] dice.visibleFeed actor=dev_admin count=1
2026-06-16T18:57:01.1125558Z [ADMIN] character.skills.get auth actor=dev_admin characterId=fbd8a7b8e9a74810becc233f30fe9160 ownerCheck=False allowed=True
2026-06-16T18:57:01.1125558Z [ADMIN] character.skills.get actor=dev_admin characterId=fbd8a7b8e9a74810becc233f30fe9160 count=0
2026-06-16T18:57:01.1398354Z [ADMIN] dice.feed.common itemsRaw=1
2026-06-16T18:57:01.1398354Z [ADMIN] dice.feed.common itemsMapped=1
2026-06-16T18:57:01.1408359Z [ADMIN] dice.visibleFeed actor=dev_admin count=1
2026-06-16T18:57:11.1813740Z [ADMIN] admin.accounts.pending actor=dev_admin count=0
2026-06-16T18:57:11.1979827Z [ADMIN] dice.feed.common itemsRaw=1
2026-06-16T18:57:11.1979827Z [ADMIN] dice.feed.common itemsMapped=1
2026-06-16T18:57:11.1979827Z [ADMIN] dice.visibleFeed actor=dev_admin count=1
2026-06-16T18:57:11.2298830Z [ADMIN] character.skills.get auth actor=dev_admin characterId=fbd8a7b8e9a74810becc233f30fe9160 ownerCheck=False allowed=True
2026-06-16T18:57:11.2298830Z [ADMIN] character.skills.get actor=dev_admin characterId=fbd8a7b8e9a74810becc233f30fe9160 count=0
2026-06-16T18:57:11.2571319Z [ADMIN] dice.feed.common itemsRaw=1
2026-06-16T18:57:11.2581212Z [ADMIN] dice.feed.common itemsMapped=1
2026-06-16T18:57:11.2581212Z [ADMIN] dice.visibleFeed actor=dev_admin count=1
2026-06-16T18:57:21.3073655Z [ADMIN] admin.accounts.pending actor=dev_admin count=0
2026-06-16T18:57:21.3233499Z [ADMIN] dice.feed.common itemsRaw=1
2026-06-16T18:57:21.3243502Z [ADMIN] dice.feed.common itemsMapped=1
2026-06-16T18:57:21.3243502Z [ADMIN] dice.visibleFeed actor=dev_admin count=1
2026-06-16T18:57:21.3551121Z [ADMIN] character.skills.get auth actor=dev_admin characterId=fbd8a7b8e9a74810becc233f30fe9160 ownerCheck=False allowed=True
2026-06-16T18:57:21.3551121Z [ADMIN] character.skills.get actor=dev_admin characterId=fbd8a7b8e9a74810becc233f30fe9160 count=0
2026-06-16T18:57:21.3887697Z [ADMIN] dice.feed.common itemsRaw=1
2026-06-16T18:57:21.3897691Z [ADMIN] dice.feed.common itemsMapped=1
2026-06-16T18:57:21.3897691Z [ADMIN] dice.visibleFeed actor=dev_admin count=1
2026-06-16T18:57:24.3537206Z [ADMIN] character.admin.list actor=dev_admin count=1 includeArchived=False
2026-06-16T18:57:24.3747193Z [ADMIN] character.inventory.get count=0
2026-06-16T18:57:24.3837199Z [ADMIN] character.holdings.get count=0
2026-06-16T18:57:24.3927210Z [ADMIN] character.reputation.get count=0
2026-06-16T18:57:24.4007232Z [ADMIN] character.companions.get count=0
2026-06-16T18:57:24.4077227Z [ADMIN] character.skills.get auth actor=dev_admin characterId=fbd8a7b8e9a74810becc233f30fe9160 ownerCheck=False allowed=True
2026-06-16T18:57:24.4077227Z [ADMIN] character.skills.get actor=dev_admin characterId=fbd8a7b8e9a74810becc233f30fe9160 count=0
2026-06-16T18:57:31.4308016Z [ADMIN] admin.accounts.pending actor=dev_admin count=0
2026-06-16T18:57:31.4468040Z [ADMIN] dice.feed.common itemsRaw=1
2026-06-16T18:57:31.4478206Z [ADMIN] dice.feed.common itemsMapped=1
2026-06-16T18:57:31.4478206Z [ADMIN] dice.visibleFeed actor=dev_admin count=1
2026-06-16T18:57:31.4778321Z [ADMIN] character.skills.get auth actor=dev_admin characterId=fbd8a7b8e9a74810becc233f30fe9160 ownerCheck=False allowed=True
2026-06-16T18:57:31.4788208Z [ADMIN] character.skills.get actor=dev_admin characterId=fbd8a7b8e9a74810becc233f30fe9160 count=0
2026-06-16T18:57:31.5069209Z [ADMIN] dice.feed.common itemsRaw=1
2026-06-16T18:57:31.5079130Z [ADMIN] dice.feed.common itemsMapped=1
2026-06-16T18:57:31.5079130Z [ADMIN] dice.visibleFeed actor=dev_admin count=1
2026-06-16T18:57:41.5616870Z [ADMIN] admin.accounts.pending actor=dev_admin count=0
2026-06-16T18:57:41.5775108Z [ADMIN] dice.feed.common itemsRaw=1
2026-06-16T18:57:41.5785011Z [ADMIN] dice.feed.common itemsMapped=1
2026-06-16T18:57:41.5785011Z [ADMIN] dice.visibleFeed actor=dev_admin count=1
2026-06-16T18:57:41.6102646Z [ADMIN] character.skills.get auth actor=dev_admin characterId=fbd8a7b8e9a74810becc233f30fe9160 ownerCheck=False allowed=True
2026-06-16T18:57:41.6102646Z [ADMIN] character.skills.get actor=dev_admin characterId=fbd8a7b8e9a74810becc233f30fe9160 count=0
2026-06-16T18:57:41.6372800Z [ADMIN] dice.feed.common itemsRaw=1
2026-06-16T18:57:41.6382631Z [ADMIN] dice.feed.common itemsMapped=1
2026-06-16T18:57:41.6382631Z [ADMIN] dice.visibleFeed actor=dev_admin count=1
2026-06-16T18:57:51.6821357Z [ADMIN] admin.accounts.pending actor=dev_admin count=0
2026-06-16T18:57:51.6981625Z [ADMIN] dice.feed.common itemsRaw=1
2026-06-16T18:57:51.6991623Z [ADMIN] dice.feed.common itemsMapped=1
2026-06-16T18:57:51.6991623Z [ADMIN] dice.visibleFeed actor=dev_admin count=1
2026-06-16T18:57:51.7301603Z [ADMIN] character.skills.get auth actor=dev_admin characterId=fbd8a7b8e9a74810becc233f30fe9160 ownerCheck=False allowed=True
2026-06-16T18:57:51.7301603Z [ADMIN] character.skills.get actor=dev_admin characterId=fbd8a7b8e9a74810becc233f30fe9160 count=0
2026-06-16T18:57:51.7576239Z [ADMIN] dice.feed.common itemsRaw=1
2026-06-16T18:57:51.7581580Z [ADMIN] dice.feed.common itemsMapped=1
2026-06-16T18:57:51.7586656Z [ADMIN] dice.visibleFeed actor=dev_admin count=1
2026-06-16T18:58:01.8081981Z [ADMIN] admin.accounts.pending actor=dev_admin count=0
2026-06-16T18:58:01.8240848Z [ADMIN] dice.feed.common itemsRaw=1
2026-06-16T18:58:01.8240848Z [ADMIN] dice.feed.common itemsMapped=1
2026-06-16T18:58:01.8250813Z [ADMIN] dice.visibleFeed actor=dev_admin count=1
2026-06-16T18:58:01.8570446Z [ADMIN] character.skills.get auth actor=dev_admin characterId=fbd8a7b8e9a74810becc233f30fe9160 ownerCheck=False allowed=True
2026-06-16T18:58:01.8570446Z [ADMIN] character.skills.get actor=dev_admin characterId=fbd8a7b8e9a74810becc233f30fe9160 count=0
2026-06-16T18:58:01.8845944Z [ADMIN] dice.feed.common itemsRaw=1
2026-06-16T18:58:01.8851395Z [ADMIN] dice.feed.common itemsMapped=1
2026-06-16T18:58:01.8851395Z [ADMIN] dice.visibleFeed actor=dev_admin count=1
2026-06-16T18:58:11.9314022Z [ADMIN] admin.accounts.pending actor=dev_admin count=0
2026-06-16T18:58:11.9471186Z [ADMIN] dice.feed.common itemsRaw=1
2026-06-16T18:58:11.9480904Z [ADMIN] dice.feed.common itemsMapped=1
2026-06-16T18:58:11.9480904Z [ADMIN] dice.visibleFeed actor=dev_admin count=1
2026-06-16T18:58:11.9790715Z [ADMIN] character.skills.get auth actor=dev_admin characterId=fbd8a7b8e9a74810becc233f30fe9160 ownerCheck=False allowed=True
2026-06-16T18:58:11.9790715Z [ADMIN] character.skills.get actor=dev_admin characterId=fbd8a7b8e9a74810becc233f30fe9160 count=0
2026-06-16T18:58:12.0066458Z [ADMIN] dice.feed.common itemsRaw=1
2026-06-16T18:58:12.0075470Z [ADMIN] dice.feed.common itemsMapped=1
2026-06-16T18:58:12.0075470Z [ADMIN] dice.visibleFeed actor=dev_admin count=1
2026-06-16T18:58:22.0575236Z [ADMIN] admin.accounts.pending actor=dev_admin count=0
2026-06-16T18:58:22.0745719Z [ADMIN] dice.feed.common itemsRaw=1
2026-06-16T18:58:22.0755729Z [ADMIN] dice.feed.common itemsMapped=1
2026-06-16T18:58:22.0755729Z [ADMIN] dice.visibleFeed actor=dev_admin count=1
2026-06-16T18:58:22.1061065Z [ADMIN] character.skills.get auth actor=dev_admin characterId=fbd8a7b8e9a74810becc233f30fe9160 ownerCheck=False allowed=True
2026-06-16T18:58:22.1061065Z [ADMIN] character.skills.get actor=dev_admin characterId=fbd8a7b8e9a74810becc233f30fe9160 count=0
2026-06-16T18:58:22.1331166Z [ADMIN] dice.feed.common itemsRaw=1
2026-06-16T18:58:22.1341131Z [ADMIN] dice.feed.common itemsMapped=1
2026-06-16T18:58:22.1341131Z [ADMIN] dice.visibleFeed actor=dev_admin count=1
2026-06-16T18:58:32.1817965Z [ADMIN] admin.accounts.pending actor=dev_admin count=0
2026-06-16T18:58:32.1988089Z [ADMIN] dice.feed.common itemsRaw=1
2026-06-16T18:58:32.1988089Z [ADMIN] dice.feed.common itemsMapped=1
2026-06-16T18:58:32.1988089Z [ADMIN] dice.visibleFeed actor=dev_admin count=1
2026-06-16T18:58:32.2283543Z [ADMIN] character.skills.get auth actor=dev_admin characterId=fbd8a7b8e9a74810becc233f30fe9160 ownerCheck=False allowed=True
2026-06-16T18:58:32.2283543Z [ADMIN] character.skills.get actor=dev_admin characterId=fbd8a7b8e9a74810becc233f30fe9160 count=0
2026-06-16T18:58:32.2560026Z [ADMIN] dice.feed.common itemsRaw=1
2026-06-16T18:58:32.2570234Z [ADMIN] dice.feed.common itemsMapped=1
2026-06-16T18:58:32.2570234Z [ADMIN] dice.visibleFeed actor=dev_admin count=1
2026-06-16T18:58:42.2909745Z [ADMIN] admin.accounts.pending actor=dev_admin count=0
2026-06-16T18:58:42.3071785Z [ADMIN] dice.feed.common itemsRaw=1
2026-06-16T18:58:42.3081712Z [ADMIN] dice.feed.common itemsMapped=1
2026-06-16T18:58:42.3081712Z [ADMIN] dice.visibleFeed actor=dev_admin count=1
2026-06-16T18:58:42.3398574Z [ADMIN] character.skills.get auth actor=dev_admin characterId=fbd8a7b8e9a74810becc233f30fe9160 ownerCheck=False allowed=True
2026-06-16T18:58:42.3398574Z [ADMIN] character.skills.get actor=dev_admin characterId=fbd8a7b8e9a74810becc233f30fe9160 count=0
2026-06-16T18:58:42.3661066Z [ADMIN] dice.feed.common itemsRaw=1
2026-06-16T18:58:42.3671062Z [ADMIN] dice.feed.common itemsMapped=1
2026-06-16T18:58:42.3671062Z [ADMIN] dice.visibleFeed actor=dev_admin count=1
2026-06-16T18:58:52.4173496Z [ADMIN] admin.accounts.pending actor=dev_admin count=0
2026-06-16T18:58:52.4334989Z [ADMIN] dice.feed.common itemsRaw=1
2026-06-16T18:58:52.4344995Z [ADMIN] dice.feed.common itemsMapped=1
2026-06-16T18:58:52.4344995Z [ADMIN] dice.visibleFeed actor=dev_admin count=1
2026-06-16T18:58:52.4645005Z [ADMIN] character.skills.get auth actor=dev_admin characterId=fbd8a7b8e9a74810becc233f30fe9160 ownerCheck=False allowed=True
2026-06-16T18:58:52.4654999Z [ADMIN] character.skills.get actor=dev_admin characterId=fbd8a7b8e9a74810becc233f30fe9160 count=0
2026-06-16T18:58:52.4919173Z [ADMIN] dice.feed.common itemsRaw=1
2026-06-16T18:58:52.4929163Z [ADMIN] dice.feed.common itemsMapped=1
2026-06-16T18:58:52.4929163Z [ADMIN] dice.visibleFeed actor=dev_admin count=1
2026-06-16T18:59:02.2364036Z [ADMIN] lock.acquire actor=dev_admin entityType=character entityId=fbd8a7b8e9a74810becc233f30fe9160 result=refresh
2026-06-16T18:59:02.2443956Z [ADMIN] character.admin.biography.save.start actor=dev_admin characterId=fbd8a7b8e9a74810becc233f30fe9160 length=2
2026-06-16T18:59:02.2754007Z [ADMIN] character.admin.biography.save.done actor=dev_admin characterId=fbd8a7b8e9a74810becc233f30fe9160 length=2 profileNative=true fallback=false
2026-06-16T18:59:02.2979502Z [ADMIN] character.inventory.get count=0
2026-06-16T18:59:02.3074217Z [ADMIN] character.holdings.get count=0
2026-06-16T18:59:02.3159754Z [ADMIN] character.reputation.get count=0
2026-06-16T18:59:02.3239874Z [ADMIN] character.companions.get count=0
2026-06-16T18:59:02.3309989Z [ADMIN] character.skills.get auth actor=dev_admin characterId=fbd8a7b8e9a74810becc233f30fe9160 ownerCheck=False allowed=True
2026-06-16T18:59:02.3309989Z [ADMIN] character.skills.get actor=dev_admin characterId=fbd8a7b8e9a74810becc233f30fe9160 count=0
2026-06-16T18:59:02.5409614Z [ADMIN] admin.accounts.pending actor=dev_admin count=0
2026-06-16T18:59:02.5569918Z [ADMIN] dice.feed.common itemsRaw=1
2026-06-16T18:59:02.5579750Z [ADMIN] dice.feed.common itemsMapped=1
2026-06-16T18:59:02.5579750Z [ADMIN] dice.visibleFeed actor=dev_admin count=1
2026-06-16T18:59:02.5888504Z [ADMIN] character.skills.get auth actor=dev_admin characterId=fbd8a7b8e9a74810becc233f30fe9160 ownerCheck=False allowed=True
2026-06-16T18:59:02.5889785Z [ADMIN] character.skills.get actor=dev_admin characterId=fbd8a7b8e9a74810becc233f30fe9160 count=0
2026-06-16T18:59:02.6193864Z [ADMIN] dice.feed.common itemsRaw=1
2026-06-16T18:59:02.6203875Z [ADMIN] dice.feed.common itemsMapped=1
2026-06-16T18:59:02.6203875Z [ADMIN] dice.visibleFeed actor=dev_admin count=1
2026-06-16T18:59:12.6670571Z [ADMIN] admin.accounts.pending actor=dev_admin count=0
2026-06-16T18:59:12.6829685Z [ADMIN] dice.feed.common itemsRaw=1
2026-06-16T18:59:12.6839666Z [ADMIN] dice.feed.common itemsMapped=1
2026-06-16T18:59:12.6839666Z [ADMIN] dice.visibleFeed actor=dev_admin count=1
2026-06-16T18:59:12.7161750Z [ADMIN] character.skills.get auth actor=dev_admin characterId=fbd8a7b8e9a74810becc233f30fe9160 ownerCheck=False allowed=True
2026-06-16T18:59:12.7161750Z [ADMIN] character.skills.get actor=dev_admin characterId=fbd8a7b8e9a74810becc233f30fe9160 count=0
2026-06-16T18:59:12.7451292Z [ADMIN] dice.feed.common itemsRaw=1
2026-06-16T18:59:12.7451292Z [ADMIN] dice.feed.common itemsMapped=1
2026-06-16T18:59:12.7461292Z [ADMIN] dice.visibleFeed actor=dev_admin count=1
2026-06-16T18:59:22.7920045Z [ADMIN] admin.accounts.pending actor=dev_admin count=0
2026-06-16T18:59:22.8080640Z [ADMIN] dice.feed.common itemsRaw=1
2026-06-16T18:59:22.8090621Z [ADMIN] dice.feed.common itemsMapped=1
2026-06-16T18:59:22.8097522Z [ADMIN] dice.visibleFeed actor=dev_admin count=1
2026-06-16T18:59:22.8401313Z [ADMIN] character.skills.get auth actor=dev_admin characterId=fbd8a7b8e9a74810becc233f30fe9160 ownerCheck=False allowed=True
2026-06-16T18:59:22.8406591Z [ADMIN] character.skills.get actor=dev_admin characterId=fbd8a7b8e9a74810becc233f30fe9160 count=0
2026-06-16T18:59:22.8678335Z [ADMIN] dice.feed.common itemsRaw=1
2026-06-16T18:59:22.8688329Z [ADMIN] dice.feed.common itemsMapped=1
2026-06-16T18:59:22.8688329Z [ADMIN] dice.visibleFeed actor=dev_admin count=1
2026-06-16T18:59:32.9178674Z [ADMIN] admin.accounts.pending actor=dev_admin count=0
2026-06-16T18:59:32.9356018Z [ADMIN] dice.feed.common itemsRaw=1
2026-06-16T18:59:32.9356018Z [ADMIN] dice.feed.common itemsMapped=1
2026-06-16T18:59:32.9356018Z [ADMIN] dice.visibleFeed actor=dev_admin count=1
2026-06-16T18:59:32.9657593Z [ADMIN] character.skills.get auth actor=dev_admin characterId=fbd8a7b8e9a74810becc233f30fe9160 ownerCheck=False allowed=True
2026-06-16T18:59:32.9657593Z [ADMIN] character.skills.get actor=dev_admin characterId=fbd8a7b8e9a74810becc233f30fe9160 count=0
2026-06-16T18:59:32.9917520Z [ADMIN] dice.feed.common itemsRaw=1
2026-06-16T18:59:32.9927545Z [ADMIN] dice.feed.common itemsMapped=1
2026-06-16T18:59:32.9927545Z [ADMIN] dice.visibleFeed actor=dev_admin count=1
2026-06-16T18:59:43.0413991Z [ADMIN] admin.accounts.pending actor=dev_admin count=0
2026-06-16T18:59:43.0568056Z [ADMIN] dice.feed.common itemsRaw=1
2026-06-16T18:59:43.0578045Z [ADMIN] dice.feed.common itemsMapped=1
2026-06-16T18:59:43.0578045Z [ADMIN] dice.visibleFeed actor=dev_admin count=1
2026-06-16T18:59:43.0892684Z [ADMIN] character.skills.get auth actor=dev_admin characterId=fbd8a7b8e9a74810becc233f30fe9160 ownerCheck=False allowed=True
2026-06-16T18:59:43.0892684Z [ADMIN] character.skills.get actor=dev_admin characterId=fbd8a7b8e9a74810becc233f30fe9160 count=0
2026-06-16T18:59:43.1173889Z [ADMIN] dice.feed.common itemsRaw=1
2026-06-16T18:59:43.1183800Z [ADMIN] dice.feed.common itemsMapped=1
2026-06-16T18:59:43.1183800Z [ADMIN] dice.visibleFeed actor=dev_admin count=1
2026-06-16T18:59:53.1660575Z [ADMIN] admin.accounts.pending actor=dev_admin count=0
2026-06-16T18:59:53.1826841Z [ADMIN] dice.feed.common itemsRaw=1
2026-06-16T18:59:53.1836858Z [ADMIN] dice.feed.common itemsMapped=1
2026-06-16T18:59:53.1836858Z [ADMIN] dice.visibleFeed actor=dev_admin count=1
2026-06-16T18:59:53.2142688Z [ADMIN] character.skills.get auth actor=dev_admin characterId=fbd8a7b8e9a74810becc233f30fe9160 ownerCheck=False allowed=True
2026-06-16T18:59:53.2142688Z [ADMIN] character.skills.get actor=dev_admin characterId=fbd8a7b8e9a74810becc233f30fe9160 count=0
2026-06-16T18:59:53.2406863Z [ADMIN] dice.feed.common itemsRaw=1
2026-06-16T18:59:53.2416875Z [ADMIN] dice.feed.common itemsMapped=1
2026-06-16T18:59:53.2416875Z [ADMIN] dice.visibleFeed actor=dev_admin count=1
2026-06-16T19:00:03.2867238Z [ADMIN] admin.accounts.pending actor=dev_admin count=0
2026-06-16T19:00:03.3043496Z [ADMIN] dice.feed.common itemsRaw=1
2026-06-16T19:00:03.3043496Z [ADMIN] dice.feed.common itemsMapped=1
2026-06-16T19:00:03.3053481Z [ADMIN] dice.visibleFeed actor=dev_admin count=1
2026-06-16T19:00:03.3351567Z [ADMIN] character.skills.get auth actor=dev_admin characterId=fbd8a7b8e9a74810becc233f30fe9160 ownerCheck=False allowed=True
2026-06-16T19:00:03.3361570Z [ADMIN] character.skills.get actor=dev_admin characterId=fbd8a7b8e9a74810becc233f30fe9160 count=0
2026-06-16T19:00:03.3617358Z [ADMIN] dice.feed.common itemsRaw=1
2026-06-16T19:00:03.3627357Z [ADMIN] dice.feed.common itemsMapped=1
2026-06-16T19:00:03.3627357Z [ADMIN] dice.visibleFeed actor=dev_admin count=1
2026-06-16T19:00:13.3997423Z [ADMIN] admin.accounts.pending actor=dev_admin count=0
2026-06-16T19:00:13.4151907Z [ADMIN] dice.feed.common itemsRaw=1
2026-06-16T19:00:13.4161912Z [ADMIN] dice.feed.common itemsMapped=1
2026-06-16T19:00:13.4161912Z [ADMIN] dice.visibleFeed actor=dev_admin count=1
2026-06-16T19:00:13.4461891Z [ADMIN] character.skills.get auth actor=dev_admin characterId=fbd8a7b8e9a74810becc233f30fe9160 ownerCheck=False allowed=True
2026-06-16T19:00:13.4461891Z [ADMIN] character.skills.get actor=dev_admin characterId=fbd8a7b8e9a74810becc233f30fe9160 count=0
2026-06-16T19:00:13.4735454Z [ADMIN] dice.feed.common itemsRaw=1
2026-06-16T19:00:13.4745494Z [ADMIN] dice.feed.common itemsMapped=1
2026-06-16T19:00:13.4745494Z [ADMIN] dice.visibleFeed actor=dev_admin count=1
2026-06-16T19:00:23.5091781Z [ADMIN] admin.accounts.pending actor=dev_admin count=0
2026-06-16T19:00:23.5253950Z [ADMIN] dice.feed.common itemsRaw=1
2026-06-16T19:00:23.5253950Z [ADMIN] dice.feed.common itemsMapped=1
2026-06-16T19:00:23.5253950Z [ADMIN] dice.visibleFeed actor=dev_admin count=1
2026-06-16T19:00:23.5556543Z [ADMIN] character.skills.get auth actor=dev_admin characterId=fbd8a7b8e9a74810becc233f30fe9160 ownerCheck=False allowed=True
2026-06-16T19:00:23.5556543Z [ADMIN] character.skills.get actor=dev_admin characterId=fbd8a7b8e9a74810becc233f30fe9160 count=0
2026-06-16T19:00:23.5826453Z [ADMIN] dice.feed.common itemsRaw=1
2026-06-16T19:00:23.5836449Z [ADMIN] dice.feed.common itemsMapped=1
2026-06-16T19:00:23.5836449Z [ADMIN] dice.visibleFeed actor=dev_admin count=1
2026-06-16T19:00:33.6182036Z [ADMIN] admin.accounts.pending actor=dev_admin count=0
2026-06-16T19:00:33.6357507Z [ADMIN] dice.feed.common itemsRaw=1
2026-06-16T19:00:33.6362802Z [ADMIN] dice.feed.common itemsMapped=1
2026-06-16T19:00:33.6362802Z [ADMIN] dice.visibleFeed actor=dev_admin count=1
2026-06-16T19:00:33.6669886Z [ADMIN] character.skills.get auth actor=dev_admin characterId=fbd8a7b8e9a74810becc233f30fe9160 ownerCheck=False allowed=True
2026-06-16T19:00:33.6669886Z [ADMIN] character.skills.get actor=dev_admin characterId=fbd8a7b8e9a74810becc233f30fe9160 count=0
2026-06-16T19:00:33.6939727Z [ADMIN] dice.feed.common itemsRaw=1
2026-06-16T19:00:33.6945390Z [ADMIN] dice.feed.common itemsMapped=1
2026-06-16T19:00:33.6945390Z [ADMIN] dice.visibleFeed actor=dev_admin count=1
2026-06-16T19:00:43.7349914Z [ADMIN] admin.accounts.pending actor=dev_admin count=0
2026-06-16T19:00:43.7509973Z [ADMIN] dice.feed.common itemsRaw=1
2026-06-16T19:00:43.7509973Z [ADMIN] dice.feed.common itemsMapped=1
2026-06-16T19:00:43.7519971Z [ADMIN] dice.visibleFeed actor=dev_admin count=1
2026-06-16T19:00:43.7809954Z [ADMIN] character.skills.get auth actor=dev_admin characterId=fbd8a7b8e9a74810becc233f30fe9160 ownerCheck=False allowed=True
2026-06-16T19:00:43.7819964Z [ADMIN] character.skills.get actor=dev_admin characterId=fbd8a7b8e9a74810becc233f30fe9160 count=0
2026-06-16T19:00:43.8089975Z [ADMIN] dice.feed.common itemsRaw=1
2026-06-16T19:00:43.8095594Z [ADMIN] dice.feed.common itemsMapped=1
2026-06-16T19:00:43.8095594Z [ADMIN] dice.visibleFeed actor=dev_admin count=1
2026-06-16T19:00:48.7623065Z [ADMIN] lock.acquire actor=dev_admin entityType=character entityId=fbd8a7b8e9a74810becc233f30fe9160 result=refresh
2026-06-16T19:00:48.7696593Z [ADMIN] character.admin.biography.save.start actor=dev_admin characterId=fbd8a7b8e9a74810becc233f30fe9160 length=2
2026-06-16T19:00:48.7744067Z [ADMIN] character.admin.biography.save.done actor=dev_admin characterId=fbd8a7b8e9a74810becc233f30fe9160 length=2 profileNative=true fallback=false
2026-06-16T19:00:48.7936009Z [ADMIN] character.inventory.get count=0
2026-06-16T19:00:48.8035956Z [ADMIN] character.holdings.get count=0
2026-06-16T19:00:48.8125951Z [ADMIN] character.reputation.get count=0
2026-06-16T19:00:48.8205941Z [ADMIN] character.companions.get count=0
2026-06-16T19:00:48.8275936Z [ADMIN] character.skills.get auth actor=dev_admin characterId=fbd8a7b8e9a74810becc233f30fe9160 ownerCheck=False allowed=True
2026-06-16T19:00:48.8275936Z [ADMIN] character.skills.get actor=dev_admin characterId=fbd8a7b8e9a74810becc233f30fe9160 count=0
2026-06-16T19:00:53.8553713Z [ADMIN] admin.accounts.pending actor=dev_admin count=0
2026-06-16T19:00:53.8716920Z [ADMIN] dice.feed.common itemsRaw=1
2026-06-16T19:00:53.8722248Z [ADMIN] dice.feed.common itemsMapped=1
2026-06-16T19:00:53.8727538Z [ADMIN] dice.visibleFeed actor=dev_admin count=1
2026-06-16T19:00:53.9058383Z [ADMIN] character.skills.get auth actor=dev_admin characterId=fbd8a7b8e9a74810becc233f30fe9160 ownerCheck=False allowed=True
2026-06-16T19:00:53.9058383Z [ADMIN] character.skills.get actor=dev_admin characterId=fbd8a7b8e9a74810becc233f30fe9160 count=0
2026-06-16T19:00:53.9341761Z [ADMIN] dice.feed.common itemsRaw=1
2026-06-16T19:00:53.9352501Z [ADMIN] dice.feed.common itemsMapped=1
2026-06-16T19:00:53.9352501Z [ADMIN] dice.visibleFeed actor=dev_admin count=1
2026-06-16T19:01:03.9790183Z [ADMIN] admin.accounts.pending actor=dev_admin count=0
2026-06-16T19:01:03.9945313Z [ADMIN] dice.feed.common itemsRaw=1
2026-06-16T19:01:03.9955312Z [ADMIN] dice.feed.common itemsMapped=1
2026-06-16T19:01:03.9955312Z [ADMIN] dice.visibleFeed actor=dev_admin count=1
2026-06-16T19:01:04.0265214Z [ADMIN] character.skills.get auth actor=dev_admin characterId=fbd8a7b8e9a74810becc233f30fe9160 ownerCheck=False allowed=True
2026-06-16T19:01:04.0265214Z [ADMIN] character.skills.get actor=dev_admin characterId=fbd8a7b8e9a74810becc233f30fe9160 count=0
2026-06-16T19:01:04.0540124Z [ADMIN] dice.feed.common itemsRaw=1
2026-06-16T19:01:04.0550145Z [ADMIN] dice.feed.common itemsMapped=1
2026-06-16T19:01:04.0550145Z [ADMIN] dice.visibleFeed actor=dev_admin count=1
2026-06-16T19:01:07.2984361Z [ADMIN] character.admin.list actor=dev_admin count=1 includeArchived=False
2026-06-16T19:01:07.3195705Z [ADMIN] character.inventory.get count=0
2026-06-16T19:01:07.3294166Z [ADMIN] character.holdings.get count=0
2026-06-16T19:01:07.3374169Z [ADMIN] character.reputation.get count=0
2026-06-16T19:01:07.3464158Z [ADMIN] character.companions.get count=0
2026-06-16T19:01:07.3544159Z [ADMIN] character.skills.get auth actor=dev_admin characterId=fbd8a7b8e9a74810becc233f30fe9160 ownerCheck=False allowed=True
2026-06-16T19:01:07.3544159Z [ADMIN] character.skills.get actor=dev_admin characterId=fbd8a7b8e9a74810becc233f30fe9160 count=0
2026-06-16T19:01:14.1033880Z [ADMIN] admin.accounts.pending actor=dev_admin count=0
2026-06-16T19:01:14.1194134Z [ADMIN] dice.feed.common itemsRaw=1
2026-06-16T19:01:14.1204128Z [ADMIN] dice.feed.common itemsMapped=1
2026-06-16T19:01:14.1204128Z [ADMIN] dice.visibleFeed actor=dev_admin count=1
2026-06-16T19:01:14.1524007Z [ADMIN] character.skills.get auth actor=dev_admin characterId=fbd8a7b8e9a74810becc233f30fe9160 ownerCheck=False allowed=True
2026-06-16T19:01:14.1524007Z [ADMIN] character.skills.get actor=dev_admin characterId=fbd8a7b8e9a74810becc233f30fe9160 count=0
2026-06-16T19:01:14.1804012Z [ADMIN] dice.feed.common itemsRaw=1
2026-06-16T19:01:14.1804012Z [ADMIN] dice.feed.common itemsMapped=1
2026-06-16T19:01:14.1804012Z [ADMIN] dice.visibleFeed actor=dev_admin count=1
2026-06-16T19:01:24.2288553Z [ADMIN] admin.accounts.pending actor=dev_admin count=0
2026-06-16T19:01:24.2455116Z [ADMIN] dice.feed.common itemsRaw=1
2026-06-16T19:01:24.2455116Z [ADMIN] dice.feed.common itemsMapped=1
2026-06-16T19:01:24.2465091Z [ADMIN] dice.visibleFeed actor=dev_admin count=1
2026-06-16T19:01:24.2775362Z [ADMIN] character.skills.get auth actor=dev_admin characterId=fbd8a7b8e9a74810becc233f30fe9160 ownerCheck=False allowed=True
2026-06-16T19:01:24.2775362Z [ADMIN] character.skills.get actor=dev_admin characterId=fbd8a7b8e9a74810becc233f30fe9160 count=0
2026-06-16T19:01:24.3075361Z [ADMIN] dice.feed.common itemsRaw=1
2026-06-16T19:01:24.3085359Z [ADMIN] dice.feed.common itemsMapped=1
2026-06-16T19:01:24.3085359Z [ADMIN] dice.visibleFeed actor=dev_admin count=1
2026-06-16T19:01:34.3603157Z [ADMIN] admin.accounts.pending actor=dev_admin count=0
2026-06-16T19:01:34.3763137Z [ADMIN] dice.feed.common itemsRaw=1
2026-06-16T19:01:34.3763137Z [ADMIN] dice.feed.common itemsMapped=1
2026-06-16T19:01:34.3763137Z [ADMIN] dice.visibleFeed actor=dev_admin count=1
2026-06-16T19:01:34.4088557Z [ADMIN] character.skills.get auth actor=dev_admin characterId=fbd8a7b8e9a74810becc233f30fe9160 ownerCheck=False allowed=True
2026-06-16T19:01:34.4088557Z [ADMIN] character.skills.get actor=dev_admin characterId=fbd8a7b8e9a74810becc233f30fe9160 count=0
2026-06-16T19:01:34.4350138Z [ADMIN] dice.feed.common itemsRaw=1
2026-06-16T19:01:34.4360159Z [ADMIN] dice.feed.common itemsMapped=1
2026-06-16T19:01:34.4360159Z [ADMIN] dice.visibleFeed actor=dev_admin count=1
2026-06-16T19:01:44.4779039Z [ADMIN] admin.accounts.pending actor=dev_admin count=0
2026-06-16T19:01:44.4939044Z [ADMIN] dice.feed.common itemsRaw=1
2026-06-16T19:01:44.4939044Z [ADMIN] dice.feed.common itemsMapped=1
2026-06-16T19:01:44.4949071Z [ADMIN] dice.visibleFeed actor=dev_admin count=1
2026-06-16T19:01:44.5247765Z [ADMIN] character.skills.get auth actor=dev_admin characterId=fbd8a7b8e9a74810becc233f30fe9160 ownerCheck=False allowed=True
2026-06-16T19:01:44.5247765Z [ADMIN] character.skills.get actor=dev_admin characterId=fbd8a7b8e9a74810becc233f30fe9160 count=0
2026-06-16T19:01:44.5523553Z [ADMIN] dice.feed.common itemsRaw=1
2026-06-16T19:01:44.5533552Z [ADMIN] dice.feed.common itemsMapped=1
2026-06-16T19:01:44.5533552Z [ADMIN] dice.visibleFeed actor=dev_admin count=1
2026-06-16T19:01:54.5923037Z [ADMIN] admin.accounts.pending actor=dev_admin count=0
2026-06-16T19:01:54.6098242Z [ADMIN] dice.feed.common itemsRaw=1
2026-06-16T19:01:54.6098242Z [ADMIN] dice.feed.common itemsMapped=1
2026-06-16T19:01:54.6108227Z [ADMIN] dice.visibleFeed actor=dev_admin count=1
2026-06-16T19:01:54.6415236Z [ADMIN] character.skills.get auth actor=dev_admin characterId=fbd8a7b8e9a74810becc233f30fe9160 ownerCheck=False allowed=True
2026-06-16T19:01:54.6415236Z [ADMIN] character.skills.get actor=dev_admin characterId=fbd8a7b8e9a74810becc233f30fe9160 count=0
2026-06-16T19:01:54.6702547Z [ADMIN] dice.feed.common itemsRaw=1
2026-06-16T19:01:54.6702547Z [ADMIN] dice.feed.common itemsMapped=1
2026-06-16T19:01:54.6702547Z [ADMIN] dice.visibleFeed actor=dev_admin count=1
2026-06-16T19:02:04.7178342Z [ADMIN] admin.accounts.pending actor=dev_admin count=0
2026-06-16T19:02:04.7346546Z [ADMIN] dice.feed.common itemsRaw=1
2026-06-16T19:02:04.7346546Z [ADMIN] dice.feed.common itemsMapped=1
2026-06-16T19:02:04.7356547Z [ADMIN] dice.visibleFeed actor=dev_admin count=1
2026-06-16T19:02:04.7671782Z [ADMIN] character.skills.get auth actor=dev_admin characterId=fbd8a7b8e9a74810becc233f30fe9160 ownerCheck=False allowed=True
2026-06-16T19:02:04.7671782Z [ADMIN] character.skills.get actor=dev_admin characterId=fbd8a7b8e9a74810becc233f30fe9160 count=0
2026-06-16T19:02:04.7940160Z [ADMIN] dice.feed.common itemsRaw=1
2026-06-16T19:02:04.7950170Z [ADMIN] dice.feed.common itemsMapped=1
2026-06-16T19:02:04.7950170Z [ADMIN] dice.visibleFeed actor=dev_admin count=1
2026-06-16T19:02:14.8372047Z [ADMIN] admin.accounts.pending actor=dev_admin count=0
2026-06-16T19:02:14.8531741Z [ADMIN] dice.feed.common itemsRaw=1
2026-06-16T19:02:14.8531741Z [ADMIN] dice.feed.common itemsMapped=1
2026-06-16T19:02:14.8531741Z [ADMIN] dice.visibleFeed actor=dev_admin count=1
2026-06-16T19:02:14.8837500Z [ADMIN] character.skills.get auth actor=dev_admin characterId=fbd8a7b8e9a74810becc233f30fe9160 ownerCheck=False allowed=True
2026-06-16T19:02:14.8837500Z [ADMIN] character.skills.get actor=dev_admin characterId=fbd8a7b8e9a74810becc233f30fe9160 count=0
2026-06-16T19:02:14.9111757Z [ADMIN] dice.feed.common itemsRaw=1
2026-06-16T19:02:14.9121774Z [ADMIN] dice.feed.common itemsMapped=1
2026-06-16T19:02:14.9121774Z [ADMIN] dice.visibleFeed actor=dev_admin count=1
2026-06-16T19:02:24.9467633Z [ADMIN] admin.accounts.pending actor=dev_admin count=0
2026-06-16T19:02:24.9626433Z [ADMIN] dice.feed.common itemsRaw=1
2026-06-16T19:02:24.9636408Z [ADMIN] dice.feed.common itemsMapped=1
2026-06-16T19:02:24.9636408Z [ADMIN] dice.visibleFeed actor=dev_admin count=1
2026-06-16T19:02:24.9946439Z [ADMIN] character.skills.get auth actor=dev_admin characterId=fbd8a7b8e9a74810becc233f30fe9160 ownerCheck=False allowed=True
2026-06-16T19:02:24.9946439Z [ADMIN] character.skills.get actor=dev_admin characterId=fbd8a7b8e9a74810becc233f30fe9160 count=0
2026-06-16T19:02:25.0221905Z [ADMIN] dice.feed.common itemsRaw=1
2026-06-16T19:02:25.0221905Z [ADMIN] dice.feed.common itemsMapped=1
2026-06-16T19:02:25.0231900Z [ADMIN] dice.visibleFeed actor=dev_admin count=1
2026-06-16T19:02:35.0742123Z [ADMIN] admin.accounts.pending actor=dev_admin count=0
2026-06-16T19:02:35.0900786Z [ADMIN] dice.feed.common itemsRaw=1
2026-06-16T19:02:35.0900786Z [ADMIN] dice.feed.common itemsMapped=1
2026-06-16T19:02:35.0900786Z [ADMIN] dice.visibleFeed actor=dev_admin count=1
2026-06-16T19:02:35.1227140Z [ADMIN] character.skills.get auth actor=dev_admin characterId=fbd8a7b8e9a74810becc233f30fe9160 ownerCheck=False allowed=True
2026-06-16T19:02:35.1227140Z [ADMIN] character.skills.get actor=dev_admin characterId=fbd8a7b8e9a74810becc233f30fe9160 count=0
2026-06-16T19:02:35.1506804Z [ADMIN] dice.feed.common itemsRaw=1
2026-06-16T19:02:35.1516817Z [ADMIN] dice.feed.common itemsMapped=1
2026-06-16T19:02:35.1516817Z [ADMIN] dice.visibleFeed actor=dev_admin count=1
2026-06-16T19:02:45.1974043Z [ADMIN] admin.accounts.pending actor=dev_admin count=0
2026-06-16T19:02:45.2144036Z [ADMIN] dice.feed.common itemsRaw=1
2026-06-16T19:02:45.2144036Z [ADMIN] dice.feed.common itemsMapped=1
2026-06-16T19:02:45.2154040Z [ADMIN] dice.visibleFeed actor=dev_admin count=1
2026-06-16T19:02:45.2454058Z [ADMIN] character.skills.get auth actor=dev_admin characterId=fbd8a7b8e9a74810becc233f30fe9160 ownerCheck=False allowed=True
2026-06-16T19:02:45.2454058Z [ADMIN] character.skills.get actor=dev_admin characterId=fbd8a7b8e9a74810becc233f30fe9160 count=0
2026-06-16T19:02:45.2741812Z [ADMIN] dice.feed.common itemsRaw=1
2026-06-16T19:02:45.2747177Z [ADMIN] dice.feed.common itemsMapped=1
2026-06-16T19:02:45.2747177Z [ADMIN] dice.visibleFeed actor=dev_admin count=1
2026-06-16T19:02:45.9307523Z [ADMIN] lock.acquire actor=dev_admin entityType=character entityId=fbd8a7b8e9a74810becc233f30fe9160 result=refresh
2026-06-16T19:02:45.9382101Z [ADMIN] character.admin.biography.save.start actor=dev_admin characterId=fbd8a7b8e9a74810becc233f30fe9160 length=49
2026-06-16T19:02:45.9423229Z [ADMIN] character.admin.biography.save.done actor=dev_admin characterId=fbd8a7b8e9a74810becc233f30fe9160 length=49 profileNative=true fallback=false
2026-06-16T19:02:45.9665338Z [ADMIN] character.inventory.get count=0
2026-06-16T19:02:45.9781200Z [ADMIN] character.holdings.get count=0
2026-06-16T19:02:45.9900958Z [ADMIN] character.reputation.get count=0
2026-06-16T19:02:46.0013942Z [ADMIN] character.companions.get count=0
2026-06-16T19:02:46.0118437Z [ADMIN] character.skills.get auth actor=dev_admin characterId=fbd8a7b8e9a74810becc233f30fe9160 ownerCheck=False allowed=True
2026-06-16T19:02:46.0118437Z [ADMIN] character.skills.get actor=dev_admin characterId=fbd8a7b8e9a74810becc233f30fe9160 count=0
2026-06-16T19:02:55.3230477Z [ADMIN] admin.accounts.pending actor=dev_admin count=0
2026-06-16T19:02:55.3390338Z [ADMIN] dice.feed.common itemsRaw=1
2026-06-16T19:02:55.3400268Z [ADMIN] dice.feed.common itemsMapped=1
2026-06-16T19:02:55.3400268Z [ADMIN] dice.visibleFeed actor=dev_admin count=1
2026-06-16T19:02:55.3726114Z [ADMIN] character.skills.get auth actor=dev_admin characterId=fbd8a7b8e9a74810becc233f30fe9160 ownerCheck=False allowed=True
2026-06-16T19:02:55.3726114Z [ADMIN] character.skills.get actor=dev_admin characterId=fbd8a7b8e9a74810becc233f30fe9160 count=0
2026-06-16T19:02:55.3999724Z [ADMIN] dice.feed.common itemsRaw=1
2026-06-16T19:02:55.4009724Z [ADMIN] dice.feed.common itemsMapped=1
2026-06-16T19:02:55.4009724Z [ADMIN] dice.visibleFeed actor=dev_admin count=1
2026-06-16T19:03:05.4466699Z [ADMIN] admin.accounts.pending actor=dev_admin count=0
2026-06-16T19:03:05.4641737Z [ADMIN] dice.feed.common itemsRaw=1
2026-06-16T19:03:05.4647097Z [ADMIN] dice.feed.common itemsMapped=1
2026-06-16T19:03:05.4652433Z [ADMIN] dice.visibleFeed actor=dev_admin count=1
2026-06-16T19:03:05.4960486Z [ADMIN] character.skills.get auth actor=dev_admin characterId=fbd8a7b8e9a74810becc233f30fe9160 ownerCheck=False allowed=True
2026-06-16T19:03:05.4960486Z [ADMIN] character.skills.get actor=dev_admin characterId=fbd8a7b8e9a74810becc233f30fe9160 count=0
2026-06-16T19:03:05.5266228Z [ADMIN] dice.feed.common itemsRaw=1
2026-06-16T19:03:05.5278354Z [ADMIN] dice.feed.common itemsMapped=1
2026-06-16T19:03:05.5278354Z [ADMIN] dice.visibleFeed actor=dev_admin count=1
2026-06-16T19:03:15.5714409Z [ADMIN] admin.accounts.pending actor=dev_admin count=0
2026-06-16T19:03:15.5874396Z [ADMIN] dice.feed.common itemsRaw=1
2026-06-16T19:03:15.5884277Z [ADMIN] dice.feed.common itemsMapped=1
2026-06-16T19:03:15.5884277Z [ADMIN] dice.visibleFeed actor=dev_admin count=1
2026-06-16T19:03:15.6196126Z [ADMIN] character.skills.get auth actor=dev_admin characterId=fbd8a7b8e9a74810becc233f30fe9160 ownerCheck=False allowed=True
2026-06-16T19:03:15.6196126Z [ADMIN] character.skills.get actor=dev_admin characterId=fbd8a7b8e9a74810becc233f30fe9160 count=0
2026-06-16T19:03:15.6481642Z [ADMIN] dice.feed.common itemsRaw=1
2026-06-16T19:03:15.6491645Z [ADMIN] dice.feed.common itemsMapped=1
2026-06-16T19:03:15.6501644Z [ADMIN] dice.visibleFeed actor=dev_admin count=1
2026-06-16T19:03:25.6979524Z [ADMIN] admin.accounts.pending actor=dev_admin count=0
2026-06-16T19:03:25.7144368Z [ADMIN] dice.feed.common itemsRaw=1
2026-06-16T19:03:25.7154378Z [ADMIN] dice.feed.common itemsMapped=1
2026-06-16T19:03:25.7154378Z [ADMIN] dice.visibleFeed actor=dev_admin count=1
2026-06-16T19:03:25.7480225Z [ADMIN] character.skills.get auth actor=dev_admin characterId=fbd8a7b8e9a74810becc233f30fe9160 ownerCheck=False allowed=True
2026-06-16T19:03:25.7480225Z [ADMIN] character.skills.get actor=dev_admin characterId=fbd8a7b8e9a74810becc233f30fe9160 count=0
2026-06-16T19:03:25.7763086Z [ADMIN] dice.feed.common itemsRaw=1
2026-06-16T19:03:25.7763086Z [ADMIN] dice.feed.common itemsMapped=1
2026-06-16T19:03:25.7773095Z [ADMIN] dice.visibleFeed actor=dev_admin count=1
2026-06-16T19:03:35.8218242Z [ADMIN] admin.accounts.pending actor=dev_admin count=0
2026-06-16T19:03:35.8378223Z [ADMIN] dice.feed.common itemsRaw=1
2026-06-16T19:03:35.8388221Z [ADMIN] dice.feed.common itemsMapped=1
2026-06-16T19:03:35.8388221Z [ADMIN] dice.visibleFeed actor=dev_admin count=1
2026-06-16T19:03:35.8698227Z [ADMIN] character.skills.get auth actor=dev_admin characterId=fbd8a7b8e9a74810becc233f30fe9160 ownerCheck=False allowed=True
2026-06-16T19:03:35.8698227Z [ADMIN] character.skills.get actor=dev_admin characterId=fbd8a7b8e9a74810becc233f30fe9160 count=0
2026-06-16T19:03:35.8968229Z [ADMIN] dice.feed.common itemsRaw=1
2026-06-16T19:03:35.8968229Z [ADMIN] dice.feed.common itemsMapped=1
2026-06-16T19:03:35.8978234Z [ADMIN] dice.visibleFeed actor=dev_admin count=1
2026-06-16T19:03:41.2516003Z [ADMIN] crafting.command.disabled command=crafting.player.recipe.list
2026-06-16T19:03:41.2681210Z [ADMIN] progression.available.skills actor=dev_player count=0
2026-06-16T19:03:41.2721859Z [ADMIN] character.skills.get auth actor=dev_player characterId=fbd8a7b8e9a74810becc233f30fe9160 ownerCheck=True allowed=True
2026-06-16T19:03:41.2731834Z [ADMIN] character.skills.get actor=dev_player characterId=fbd8a7b8e9a74810becc233f30fe9160 count=0
2026-06-16T19:03:41.2961959Z [ADMIN] dice.feed.common itemsRaw=1
2026-06-16T19:03:41.2961959Z [ADMIN] dice.feed.common itemsMapped=1
2026-06-16T19:03:41.2961959Z [ADMIN] dice.visibleFeed actor=dev_player count=1
2026-06-16T19:03:41.3091975Z [ADMIN] dice.test.getCurrent actor=dev_player userId=0584ae33047742a18f657d4ca9c86a01 found=False
2026-06-16T19:03:41.3314339Z [ADMIN] request.handler.failed requestId=dfbb187899054b2f8fb202101e9311c3 command=system.featureFlags.snapshot type=Unauthorized message=Insufficient role.
2026-06-16T19:03:41.3344345Z [ADMIN] request.handler.failed requestId=f30022fb24c14ab48a7163a489fb7e25 command=system.featureFlags.snapshot type=Unauthorized message=Insufficient role.
2026-06-16T19:03:41.3374561Z [ADMIN] request.handler.failed requestId=888e4be66e2548f686519a3d62a8420d command=system.featureFlags.snapshot type=Unauthorized message=Insufficient role.
2026-06-16T19:03:41.3477072Z [ADMIN] request.handler.failed requestId=78ecd8cef5db439096ecee2ad729ba56 command=system.featureFlags.snapshot type=Unauthorized message=Insufficient role.
2026-06-16T19:03:41.3508993Z [ADMIN] request.handler.failed requestId=7568a0d0dcb44193b486a955317b4da4 command=system.featureFlags.snapshot type=Unauthorized message=Insufficient role.
2026-06-16T19:03:45.9363489Z [ADMIN] admin.accounts.pending actor=dev_admin count=0
2026-06-16T19:03:45.9521471Z [ADMIN] dice.feed.common itemsRaw=1
2026-06-16T19:03:45.9531465Z [ADMIN] dice.feed.common itemsMapped=1
2026-06-16T19:03:45.9531465Z [ADMIN] dice.visibleFeed actor=dev_admin count=1
2026-06-16T19:03:45.9843319Z [ADMIN] character.skills.get auth actor=dev_admin characterId=fbd8a7b8e9a74810becc233f30fe9160 ownerCheck=False allowed=True
2026-06-16T19:03:45.9843319Z [ADMIN] character.skills.get actor=dev_admin characterId=fbd8a7b8e9a74810becc233f30fe9160 count=0
2026-06-16T19:03:46.0123489Z [ADMIN] dice.feed.common itemsRaw=1
2026-06-16T19:03:46.0123489Z [ADMIN] dice.feed.common itemsMapped=1
2026-06-16T19:03:46.0123489Z [ADMIN] dice.visibleFeed actor=dev_admin count=1
2026-06-16T19:03:49.3777440Z [ADMIN] dice.feed.common itemsRaw=1
2026-06-16T19:03:49.3791642Z [ADMIN] dice.feed.common itemsMapped=1
2026-06-16T19:03:49.3791642Z [ADMIN] dice.visibleFeed actor=dev_player count=1
2026-06-16T19:03:49.3887449Z [ADMIN] dice.test.getCurrent actor=dev_player userId=0584ae33047742a18f657d4ca9c86a01 found=False
2026-06-16T19:03:56.0593976Z [ADMIN] admin.accounts.pending actor=dev_admin count=0
2026-06-16T19:03:56.0758204Z [ADMIN] dice.feed.common itemsRaw=1
2026-06-16T19:03:56.0758204Z [ADMIN] dice.feed.common itemsMapped=1
2026-06-16T19:03:56.0768208Z [ADMIN] dice.visibleFeed actor=dev_admin count=1
2026-06-16T19:03:56.1091094Z [ADMIN] character.skills.get auth actor=dev_admin characterId=fbd8a7b8e9a74810becc233f30fe9160 ownerCheck=False allowed=True
2026-06-16T19:03:56.1091094Z [ADMIN] character.skills.get actor=dev_admin characterId=fbd8a7b8e9a74810becc233f30fe9160 count=0
2026-06-16T19:03:56.1389530Z [ADMIN] dice.feed.common itemsRaw=1
2026-06-16T19:03:56.1399531Z [ADMIN] dice.feed.common itemsMapped=1
2026-06-16T19:03:56.1399531Z [ADMIN] dice.visibleFeed actor=dev_admin count=1
2026-06-16T19:03:57.4133340Z [ADMIN] dice.feed.common itemsRaw=1
2026-06-16T19:03:57.4143342Z [ADMIN] dice.feed.common itemsMapped=1
2026-06-16T19:03:57.4143342Z [ADMIN] dice.visibleFeed actor=dev_player count=1
2026-06-16T19:03:57.4233313Z [ADMIN] dice.test.getCurrent actor=dev_player userId=0584ae33047742a18f657d4ca9c86a01 found=False
2026-06-16T19:04:05.4460460Z [ADMIN] dice.feed.common itemsRaw=1
2026-06-16T19:04:05.4470443Z [ADMIN] dice.feed.common itemsMapped=1
2026-06-16T19:04:05.4470443Z [ADMIN] dice.visibleFeed actor=dev_player count=1
2026-06-16T19:04:05.4575434Z [ADMIN] dice.test.getCurrent actor=dev_player userId=0584ae33047742a18f657d4ca9c86a01 found=False
2026-06-16T19:04:06.1864779Z [ADMIN] admin.accounts.pending actor=dev_admin count=0
2026-06-16T19:04:06.2030208Z [ADMIN] dice.feed.common itemsRaw=1
2026-06-16T19:04:06.2040657Z [ADMIN] dice.feed.common itemsMapped=1
2026-06-16T19:04:06.2040657Z [ADMIN] dice.visibleFeed actor=dev_admin count=1
2026-06-16T19:04:06.2351795Z [ADMIN] character.skills.get auth actor=dev_admin characterId=fbd8a7b8e9a74810becc233f30fe9160 ownerCheck=False allowed=True
2026-06-16T19:04:06.2361792Z [ADMIN] character.skills.get actor=dev_admin characterId=fbd8a7b8e9a74810becc233f30fe9160 count=0
2026-06-16T19:04:06.2624120Z [ADMIN] dice.feed.common itemsRaw=1
2026-06-16T19:04:06.2636996Z [ADMIN] dice.feed.common itemsMapped=1
2026-06-16T19:04:06.2636996Z [ADMIN] dice.visibleFeed actor=dev_admin count=1
2026-06-16T19:04:13.4750605Z [ADMIN] dice.feed.common itemsRaw=1
2026-06-16T19:04:13.4760618Z [ADMIN] dice.feed.common itemsMapped=1
2026-06-16T19:04:13.4760618Z [ADMIN] dice.visibleFeed actor=dev_player count=1
2026-06-16T19:04:13.4860630Z [ADMIN] dice.test.getCurrent actor=dev_player userId=0584ae33047742a18f657d4ca9c86a01 found=False
2026-06-16T19:04:16.3103177Z [ADMIN] admin.accounts.pending actor=dev_admin count=0
2026-06-16T19:04:16.3269417Z [ADMIN] dice.feed.common itemsRaw=1
2026-06-16T19:04:16.3274689Z [ADMIN] dice.feed.common itemsMapped=1
2026-06-16T19:04:16.3279951Z [ADMIN] dice.visibleFeed actor=dev_admin count=1
2026-06-16T19:04:16.3591701Z [ADMIN] character.skills.get auth actor=dev_admin characterId=fbd8a7b8e9a74810becc233f30fe9160 ownerCheck=False allowed=True
2026-06-16T19:04:16.3596768Z [ADMIN] character.skills.get actor=dev_admin characterId=fbd8a7b8e9a74810becc233f30fe9160 count=0
2026-06-16T19:04:16.3881817Z [ADMIN] dice.feed.common itemsRaw=1
2026-06-16T19:04:16.3881817Z [ADMIN] dice.feed.common itemsMapped=1
2026-06-16T19:04:16.3881817Z [ADMIN] dice.visibleFeed actor=dev_admin count=1
2026-06-16T19:04:21.5079433Z [ADMIN] dice.feed.common itemsRaw=1
2026-06-16T19:04:21.5089413Z [ADMIN] dice.feed.common itemsMapped=1
2026-06-16T19:04:21.5094656Z [ADMIN] dice.visibleFeed actor=dev_player count=1
2026-06-16T19:04:21.5184744Z [ADMIN] dice.test.getCurrent actor=dev_player userId=0584ae33047742a18f657d4ca9c86a01 found=False
2026-06-16T19:04:51.4499279Z [ADMIN] admin.accounts.pending actor=dev_admin count=0
2026-06-16T19:04:51.5276105Z [ADMIN] dice.feed.common itemsRaw=1
2026-06-16T19:04:51.5285955Z [ADMIN] dice.feed.common itemsMapped=1
2026-06-16T19:04:51.5285955Z [ADMIN] dice.visibleFeed actor=dev_admin count=1
2026-06-16T19:04:51.6281576Z [ADMIN] dice.feed.common itemsRaw=1
2026-06-16T19:04:51.6281576Z [ADMIN] dice.feed.common itemsMapped=1
2026-06-16T19:04:51.6281576Z [ADMIN] dice.visibleFeed actor=dev_admin count=1
2026-06-16T19:04:57.0314320Z [ADMIN] crafting.command.disabled command=crafting.player.recipe.list
2026-06-16T19:04:57.0471996Z [ADMIN] progression.available.skills actor=dev_player count=0
2026-06-16T19:04:57.0547041Z [ADMIN] character.skills.get auth actor=dev_player characterId=fbd8a7b8e9a74810becc233f30fe9160 ownerCheck=True allowed=True
2026-06-16T19:04:57.0547041Z [ADMIN] character.skills.get actor=dev_player characterId=fbd8a7b8e9a74810becc233f30fe9160 count=0
2026-06-16T19:04:57.0778330Z [ADMIN] dice.feed.common itemsRaw=1
2026-06-16T19:04:57.0784151Z [ADMIN] dice.feed.common itemsMapped=1
2026-06-16T19:04:57.0784151Z [ADMIN] dice.visibleFeed actor=dev_player count=1
2026-06-16T19:04:57.0922828Z [ADMIN] dice.test.getCurrent actor=dev_player userId=0584ae33047742a18f657d4ca9c86a01 found=False
2026-06-16T19:04:57.1125603Z [ADMIN] request.handler.failed requestId=2967aa216be54b0b904fdd871de8823a command=system.featureFlags.snapshot type=Unauthorized message=Insufficient role.
2026-06-16T19:04:57.1165590Z [ADMIN] request.handler.failed requestId=624e5dd5b7b341879a6dcc51c0f1912a command=system.featureFlags.snapshot type=Unauthorized message=Insufficient role.
2026-06-16T19:04:57.1194325Z [ADMIN] request.handler.failed requestId=5ff7792b616e42aba6468b69c693abc5 command=system.featureFlags.snapshot type=Unauthorized message=Insufficient role.
2026-06-16T19:04:57.1287682Z [ADMIN] request.handler.failed requestId=c85da986eb5c407f8c475de7c94acb26 command=system.featureFlags.snapshot type=Unauthorized message=Insufficient role.
2026-06-16T19:04:57.1327683Z [ADMIN] request.handler.failed requestId=d1df5c4b1a38462b82c011adca1a0190 command=system.featureFlags.snapshot type=Unauthorized message=Insufficient role.
2026-06-16T19:05:01.4311456Z [ADMIN] admin.accounts.pending actor=dev_admin count=0
2026-06-16T19:05:01.4483723Z [ADMIN] dice.feed.common itemsRaw=1
2026-06-16T19:05:01.4489064Z [ADMIN] dice.feed.common itemsMapped=1
2026-06-16T19:05:01.4494566Z [ADMIN] dice.visibleFeed actor=dev_admin count=1
2026-06-16T19:05:01.4869344Z [ADMIN] dice.feed.common itemsRaw=1
2026-06-16T19:05:01.4879344Z [ADMIN] dice.feed.common itemsMapped=1
2026-06-16T19:05:01.4879344Z [ADMIN] dice.visibleFeed actor=dev_admin count=1
2026-06-16T19:05:05.1509133Z [ADMIN] dice.feed.common itemsRaw=1
2026-06-16T19:05:05.1514494Z [ADMIN] dice.feed.common itemsMapped=1
2026-06-16T19:05:05.1514494Z [ADMIN] dice.visibleFeed actor=dev_player count=1
2026-06-16T19:05:05.1625227Z [ADMIN] dice.test.getCurrent actor=dev_player userId=0584ae33047742a18f657d4ca9c86a01 found=False
2026-06-16T19:05:11.5258174Z [ADMIN] admin.accounts.pending actor=dev_admin count=0
2026-06-16T19:05:11.5424280Z [ADMIN] dice.feed.common itemsRaw=1
2026-06-16T19:05:11.5429453Z [ADMIN] dice.feed.common itemsMapped=1
2026-06-16T19:05:11.5434949Z [ADMIN] dice.visibleFeed actor=dev_admin count=1
2026-06-16T19:05:11.5788260Z [ADMIN] dice.feed.common itemsRaw=1
2026-06-16T19:05:11.5794192Z [ADMIN] dice.feed.common itemsMapped=1
2026-06-16T19:05:11.5794192Z [ADMIN] dice.visibleFeed actor=dev_admin count=1
2026-06-16T19:05:13.1830124Z [ADMIN] dice.feed.common itemsRaw=1
2026-06-16T19:05:13.1835241Z [ADMIN] dice.feed.common itemsMapped=1
2026-06-16T19:05:13.1835241Z [ADMIN] dice.visibleFeed actor=dev_player count=1
2026-06-16T19:05:13.1917263Z [ADMIN] dice.test.getCurrent actor=dev_player userId=0584ae33047742a18f657d4ca9c86a01 found=False
2026-06-16T19:05:20.2214258Z [ADMIN] character.admin.list actor=dev_admin count=1 includeArchived=False
2026-06-16T19:05:20.2502351Z [ADMIN] character.inventory.get count=0
2026-06-16T19:05:20.2603673Z [ADMIN] character.holdings.get count=0
2026-06-16T19:05:20.2716597Z [ADMIN] character.reputation.get count=0
2026-06-16T19:05:20.2816783Z [ADMIN] character.companions.get count=0
2026-06-16T19:05:20.2973928Z [ADMIN] character.skills.get auth actor=dev_admin characterId=fbd8a7b8e9a74810becc233f30fe9160 ownerCheck=False allowed=True
2026-06-16T19:05:20.2973928Z [ADMIN] character.skills.get actor=dev_admin characterId=fbd8a7b8e9a74810becc233f30fe9160 count=0
2026-06-16T19:05:21.2124552Z [ADMIN] dice.feed.common itemsRaw=1
2026-06-16T19:05:21.2135211Z [ADMIN] dice.feed.common itemsMapped=1
2026-06-16T19:05:21.2135211Z [ADMIN] dice.visibleFeed actor=dev_player count=1
2026-06-16T19:05:21.2223082Z [ADMIN] dice.test.getCurrent actor=dev_player userId=0584ae33047742a18f657d4ca9c86a01 found=False
2026-06-16T19:05:21.6189717Z [ADMIN] admin.accounts.pending actor=dev_admin count=0
2026-06-16T19:05:21.6348605Z [ADMIN] dice.feed.common itemsRaw=1
2026-06-16T19:05:21.6348605Z [ADMIN] dice.feed.common itemsMapped=1
2026-06-16T19:05:21.6358608Z [ADMIN] dice.visibleFeed actor=dev_admin count=1
2026-06-16T19:05:21.6678620Z [ADMIN] character.skills.get auth actor=dev_admin characterId=fbd8a7b8e9a74810becc233f30fe9160 ownerCheck=False allowed=True
2026-06-16T19:05:21.6678620Z [ADMIN] character.skills.get actor=dev_admin characterId=fbd8a7b8e9a74810becc233f30fe9160 count=0
2026-06-16T19:05:21.6986512Z [ADMIN] dice.feed.common itemsRaw=1
2026-06-16T19:05:21.6996515Z [ADMIN] dice.feed.common itemsMapped=1
2026-06-16T19:05:21.6996515Z [ADMIN] dice.visibleFeed actor=dev_admin count=1
2026-06-16T19:05:29.2424179Z [ADMIN] dice.feed.common itemsRaw=1
2026-06-16T19:05:29.2434180Z [ADMIN] dice.feed.common itemsMapped=1
2026-06-16T19:05:29.2434180Z [ADMIN] dice.visibleFeed actor=dev_player count=1
2026-06-16T19:05:29.2527151Z [ADMIN] dice.test.getCurrent actor=dev_player userId=0584ae33047742a18f657d4ca9c86a01 found=False
2026-06-16T19:05:31.7453223Z [ADMIN] admin.accounts.pending actor=dev_admin count=0
2026-06-16T19:05:31.7617612Z [ADMIN] dice.feed.common itemsRaw=1
2026-06-16T19:05:31.7627581Z [ADMIN] dice.feed.common itemsMapped=1
2026-06-16T19:05:31.7627581Z [ADMIN] dice.visibleFeed actor=dev_admin count=1
2026-06-16T19:05:31.7939726Z [ADMIN] character.skills.get auth actor=dev_admin characterId=fbd8a7b8e9a74810becc233f30fe9160 ownerCheck=False allowed=True
2026-06-16T19:05:31.7949742Z [ADMIN] character.skills.get actor=dev_admin characterId=fbd8a7b8e9a74810becc233f30fe9160 count=0
2026-06-16T19:05:31.8216649Z [ADMIN] dice.feed.common itemsRaw=1
2026-06-16T19:05:31.8226646Z [ADMIN] dice.feed.common itemsMapped=1
2026-06-16T19:05:31.8226646Z [ADMIN] dice.visibleFeed actor=dev_admin count=1
2026-06-16T19:05:37.2749705Z [ADMIN] dice.feed.common itemsRaw=1
2026-06-16T19:05:37.2759716Z [ADMIN] dice.feed.common itemsMapped=1
2026-06-16T19:05:37.2759716Z [ADMIN] dice.visibleFeed actor=dev_player count=1
2026-06-16T19:05:37.2849698Z [ADMIN] dice.test.getCurrent actor=dev_player userId=0584ae33047742a18f657d4ca9c86a01 found=False
2026-06-16T19:05:41.8694435Z [ADMIN] admin.accounts.pending actor=dev_admin count=0
2026-06-16T19:05:41.8856586Z [ADMIN] dice.feed.common itemsRaw=1
2026-06-16T19:05:41.8866586Z [ADMIN] dice.feed.common itemsMapped=1
2026-06-16T19:05:41.8866586Z [ADMIN] dice.visibleFeed actor=dev_admin count=1
2026-06-16T19:05:41.9177908Z [ADMIN] character.skills.get auth actor=dev_admin characterId=fbd8a7b8e9a74810becc233f30fe9160 ownerCheck=False allowed=True
2026-06-16T19:05:41.9177908Z [ADMIN] character.skills.get actor=dev_admin characterId=fbd8a7b8e9a74810becc233f30fe9160 count=0
2026-06-16T19:05:41.9460474Z [ADMIN] dice.feed.common itemsRaw=1
2026-06-16T19:05:41.9465721Z [ADMIN] dice.feed.common itemsMapped=1
2026-06-16T19:05:41.9471058Z [ADMIN] dice.visibleFeed actor=dev_admin count=1
2026-06-16T19:05:45.3041451Z [ADMIN] dice.feed.common itemsRaw=1
2026-06-16T19:05:45.3046799Z [ADMIN] dice.feed.common itemsMapped=1
2026-06-16T19:05:45.3052098Z [ADMIN] dice.visibleFeed actor=dev_player count=1
2026-06-16T19:05:45.3138601Z [ADMIN] dice.test.getCurrent actor=dev_player userId=0584ae33047742a18f657d4ca9c86a01 found=False
2026-06-16T19:05:51.9939130Z [ADMIN] admin.accounts.pending actor=dev_admin count=0
2026-06-16T19:05:52.0092543Z [ADMIN] dice.feed.common itemsRaw=1
2026-06-16T19:05:52.0102541Z [ADMIN] dice.feed.common itemsMapped=1
2026-06-16T19:05:52.0102541Z [ADMIN] dice.visibleFeed actor=dev_admin count=1
2026-06-16T19:05:52.0421398Z [ADMIN] character.skills.get auth actor=dev_admin characterId=fbd8a7b8e9a74810becc233f30fe9160 ownerCheck=False allowed=True
2026-06-16T19:05:52.0421398Z [ADMIN] character.skills.get actor=dev_admin characterId=fbd8a7b8e9a74810becc233f30fe9160 count=0
2026-06-16T19:05:52.0696855Z [ADMIN] dice.feed.common itemsRaw=1
2026-06-16T19:05:52.0701399Z [ADMIN] dice.feed.common itemsMapped=1
2026-06-16T19:05:52.0701399Z [ADMIN] dice.visibleFeed actor=dev_admin count=1
2026-06-16T19:05:53.3362518Z [ADMIN] dice.feed.common itemsRaw=1
2026-06-16T19:05:53.3362518Z [ADMIN] dice.feed.common itemsMapped=1
2026-06-16T19:05:53.3372504Z [ADMIN] dice.visibleFeed actor=dev_player count=1
2026-06-16T19:05:53.3472554Z [ADMIN] dice.test.getCurrent actor=dev_player userId=0584ae33047742a18f657d4ca9c86a01 found=False
2026-06-16T19:06:01.3682006Z [ADMIN] dice.feed.common itemsRaw=1
2026-06-16T19:06:01.3692701Z [ADMIN] dice.feed.common itemsMapped=1
2026-06-16T19:06:01.3692701Z [ADMIN] dice.visibleFeed actor=dev_player count=1
2026-06-16T19:06:01.3790350Z [ADMIN] dice.test.getCurrent actor=dev_player userId=0584ae33047742a18f657d4ca9c86a01 found=False
2026-06-16T19:06:02.1027135Z [ADMIN] admin.accounts.pending actor=dev_admin count=0
2026-06-16T19:06:02.1188849Z [ADMIN] dice.feed.common itemsRaw=1
2026-06-16T19:06:02.1188849Z [ADMIN] dice.feed.common itemsMapped=1
2026-06-16T19:06:02.1198850Z [ADMIN] dice.visibleFeed actor=dev_admin count=1
2026-06-16T19:06:02.1519863Z [ADMIN] character.skills.get auth actor=dev_admin characterId=fbd8a7b8e9a74810becc233f30fe9160 ownerCheck=False allowed=True
2026-06-16T19:06:02.1519863Z [ADMIN] character.skills.get actor=dev_admin characterId=fbd8a7b8e9a74810becc233f30fe9160 count=0
2026-06-16T19:06:02.1790396Z [ADMIN] dice.feed.common itemsRaw=1
2026-06-16T19:06:02.1790396Z [ADMIN] dice.feed.common itemsMapped=1
2026-06-16T19:06:02.1800397Z [ADMIN] dice.visibleFeed actor=dev_admin count=1
2026-06-16T19:06:09.3981259Z [ADMIN] dice.feed.common itemsRaw=1
2026-06-16T19:06:09.3991213Z [ADMIN] dice.feed.common itemsMapped=1
2026-06-16T19:06:09.3997405Z [ADMIN] dice.visibleFeed actor=dev_player count=1
2026-06-16T19:06:09.4091377Z [ADMIN] dice.test.getCurrent actor=dev_player userId=0584ae33047742a18f657d4ca9c86a01 found=False
2026-06-16T19:06:12.2282488Z [ADMIN] admin.accounts.pending actor=dev_admin count=0
2026-06-16T19:06:12.2442486Z [ADMIN] dice.feed.common itemsRaw=1
2026-06-16T19:06:12.2452485Z [ADMIN] dice.feed.common itemsMapped=1
2026-06-16T19:06:12.2452485Z [ADMIN] dice.visibleFeed actor=dev_admin count=1
2026-06-16T19:06:12.2766674Z [ADMIN] character.skills.get auth actor=dev_admin characterId=fbd8a7b8e9a74810becc233f30fe9160 ownerCheck=False allowed=True
2026-06-16T19:06:12.2766674Z [ADMIN] character.skills.get actor=dev_admin characterId=fbd8a7b8e9a74810becc233f30fe9160 count=0
2026-06-16T19:06:12.3041755Z [ADMIN] dice.feed.common itemsRaw=1
2026-06-16T19:06:12.3051720Z [ADMIN] dice.feed.common itemsMapped=1
2026-06-16T19:06:12.3051720Z [ADMIN] dice.visibleFeed actor=dev_admin count=1
2026-06-16T19:06:17.4329054Z [ADMIN] dice.feed.common itemsRaw=1
2026-06-16T19:06:17.4329054Z [ADMIN] dice.feed.common itemsMapped=1
2026-06-16T19:06:17.4329054Z [ADMIN] dice.visibleFeed actor=dev_player count=1
2026-06-16T19:06:17.4419034Z [ADMIN] dice.test.getCurrent actor=dev_player userId=0584ae33047742a18f657d4ca9c86a01 found=False
2026-06-16T19:06:22.3573834Z [ADMIN] admin.accounts.pending actor=dev_admin count=0
2026-06-16T19:06:22.3736377Z [ADMIN] dice.feed.common itemsRaw=1
2026-06-16T19:06:22.3746385Z [ADMIN] dice.feed.common itemsMapped=1
2026-06-16T19:06:22.3746385Z [ADMIN] dice.visibleFeed actor=dev_admin count=1
2026-06-16T19:06:22.4064777Z [ADMIN] character.skills.get auth actor=dev_admin characterId=fbd8a7b8e9a74810becc233f30fe9160 ownerCheck=False allowed=True
2026-06-16T19:06:22.4064777Z [ADMIN] character.skills.get actor=dev_admin characterId=fbd8a7b8e9a74810becc233f30fe9160 count=0
2026-06-16T19:06:22.4346474Z [ADMIN] dice.feed.common itemsRaw=1
2026-06-16T19:06:22.4346474Z [ADMIN] dice.feed.common itemsMapped=1
2026-06-16T19:06:22.4356503Z [ADMIN] dice.visibleFeed actor=dev_admin count=1
2026-06-16T19:06:25.4589027Z [ADMIN] dice.feed.common itemsRaw=1
2026-06-16T19:06:25.4599035Z [ADMIN] dice.feed.common itemsMapped=1
2026-06-16T19:06:25.4599035Z [ADMIN] dice.visibleFeed actor=dev_player count=1
2026-06-16T19:06:25.4689003Z [ADMIN] dice.test.getCurrent actor=dev_player userId=0584ae33047742a18f657d4ca9c86a01 found=False
2026-06-16T19:06:32.4780700Z [ADMIN] admin.accounts.pending actor=dev_admin count=0
2026-06-16T19:06:32.4940685Z [ADMIN] dice.feed.common itemsRaw=1
2026-06-16T19:06:32.4956329Z [ADMIN] dice.feed.common itemsMapped=1
2026-06-16T19:06:32.4956329Z [ADMIN] dice.visibleFeed actor=dev_admin count=1
2026-06-16T19:06:32.5261054Z [ADMIN] character.skills.get auth actor=dev_admin characterId=fbd8a7b8e9a74810becc233f30fe9160 ownerCheck=False allowed=True
2026-06-16T19:06:32.5261054Z [ADMIN] character.skills.get actor=dev_admin characterId=fbd8a7b8e9a74810becc233f30fe9160 count=0
2026-06-16T19:06:32.5535229Z [ADMIN] dice.feed.common itemsRaw=1
2026-06-16T19:06:32.5535229Z [ADMIN] dice.feed.common itemsMapped=1
2026-06-16T19:06:32.5545232Z [ADMIN] dice.visibleFeed actor=dev_admin count=1
2026-06-16T19:06:33.4921207Z [ADMIN] dice.feed.common itemsRaw=1
2026-06-16T19:06:33.4921207Z [ADMIN] dice.feed.common itemsMapped=1
2026-06-16T19:06:33.4931220Z [ADMIN] dice.visibleFeed actor=dev_player count=1
2026-06-16T19:06:33.5010307Z [ADMIN] dice.test.getCurrent actor=dev_player userId=0584ae33047742a18f657d4ca9c86a01 found=False
2026-06-16T19:06:41.5350415Z [ADMIN] dice.feed.common itemsRaw=1
2026-06-16T19:06:41.5350415Z [ADMIN] dice.feed.common itemsMapped=1
2026-06-16T19:06:41.5360427Z [ADMIN] dice.visibleFeed actor=dev_player count=1
2026-06-16T19:06:41.5440452Z [ADMIN] dice.test.getCurrent actor=dev_player userId=0584ae33047742a18f657d4ca9c86a01 found=False
2026-06-16T19:06:42.6035660Z [ADMIN] admin.accounts.pending actor=dev_admin count=0
2026-06-16T19:06:42.6197810Z [ADMIN] dice.feed.common itemsRaw=1
2026-06-16T19:06:42.6208455Z [ADMIN] dice.feed.common itemsMapped=1
2026-06-16T19:06:42.6208455Z [ADMIN] dice.visibleFeed actor=dev_admin count=1
2026-06-16T19:06:42.6515617Z [ADMIN] character.skills.get auth actor=dev_admin characterId=fbd8a7b8e9a74810becc233f30fe9160 ownerCheck=False allowed=True
2026-06-16T19:06:42.6525614Z [ADMIN] character.skills.get actor=dev_admin characterId=fbd8a7b8e9a74810becc233f30fe9160 count=0
2026-06-16T19:06:42.6805673Z [ADMIN] dice.feed.common itemsRaw=1
2026-06-16T19:06:42.6805673Z [ADMIN] dice.feed.common itemsMapped=1
2026-06-16T19:06:42.6815676Z [ADMIN] dice.visibleFeed actor=dev_admin count=1
2026-06-16T19:06:49.5678180Z [ADMIN] dice.feed.common itemsRaw=1
2026-06-16T19:06:49.5691828Z [ADMIN] dice.feed.common itemsMapped=1
2026-06-16T19:06:49.5691828Z [ADMIN] dice.visibleFeed actor=dev_player count=1
2026-06-16T19:06:49.5788157Z [ADMIN] dice.test.getCurrent actor=dev_player userId=0584ae33047742a18f657d4ca9c86a01 found=False
2026-06-16T19:06:52.7279376Z [ADMIN] admin.accounts.pending actor=dev_admin count=0
2026-06-16T19:06:52.7438928Z [ADMIN] dice.feed.common itemsRaw=1
2026-06-16T19:06:52.7448918Z [ADMIN] dice.feed.common itemsMapped=1
2026-06-16T19:06:52.7448918Z [ADMIN] dice.visibleFeed actor=dev_admin count=1
2026-06-16T19:06:52.7758938Z [ADMIN] character.skills.get auth actor=dev_admin characterId=fbd8a7b8e9a74810becc233f30fe9160 ownerCheck=False allowed=True
2026-06-16T19:06:52.7758938Z [ADMIN] character.skills.get actor=dev_admin characterId=fbd8a7b8e9a74810becc233f30fe9160 count=0
2026-06-16T19:06:52.8028938Z [ADMIN] dice.feed.common itemsRaw=1
2026-06-16T19:06:52.8038941Z [ADMIN] dice.feed.common itemsMapped=1
2026-06-16T19:06:52.8038941Z [ADMIN] dice.visibleFeed actor=dev_admin count=1
2026-06-16T19:06:57.6057608Z [ADMIN] dice.feed.common itemsRaw=1
2026-06-16T19:06:57.6067596Z [ADMIN] dice.feed.common itemsMapped=1
2026-06-16T19:06:57.6067596Z [ADMIN] dice.visibleFeed actor=dev_player count=1
2026-06-16T19:06:57.6157649Z [ADMIN] dice.test.getCurrent actor=dev_player userId=0584ae33047742a18f657d4ca9c86a01 found=False
2026-06-16T19:06:59.7746521Z [ADMIN] lock.acquire actor=dev_admin entityType=character entityId=fbd8a7b8e9a74810becc233f30fe9160 result=refresh
2026-06-16T19:06:59.7826544Z [ADMIN] character.admin.biography.save.start actor=dev_admin characterId=fbd8a7b8e9a74810becc233f30fe9160 length=75
2026-06-16T19:06:59.8094732Z [ADMIN] character.admin.biography.save.done actor=dev_admin characterId=fbd8a7b8e9a74810becc233f30fe9160 length=75 profileNative=true fallback=false
2026-06-16T19:06:59.8274752Z [ADMIN] character.inventory.get count=0
2026-06-16T19:06:59.8375147Z [ADMIN] character.holdings.get count=0
2026-06-16T19:06:59.8460765Z [ADMIN] character.reputation.get count=0
2026-06-16T19:06:59.8551764Z [ADMIN] character.companions.get count=0
2026-06-16T19:06:59.8620929Z [ADMIN] character.skills.get auth actor=dev_admin characterId=fbd8a7b8e9a74810becc233f30fe9160 ownerCheck=False allowed=True
2026-06-16T19:06:59.8626256Z [ADMIN] character.skills.get actor=dev_admin characterId=fbd8a7b8e9a74810becc233f30fe9160 count=0
2026-06-16T19:07:02.8389245Z [ADMIN] admin.accounts.pending actor=dev_admin count=0
2026-06-16T19:07:02.8542844Z [ADMIN] dice.feed.common itemsRaw=1
2026-06-16T19:07:02.8552840Z [ADMIN] dice.feed.common itemsMapped=1
2026-06-16T19:07:02.8552840Z [ADMIN] dice.visibleFeed actor=dev_admin count=1
2026-06-16T19:07:02.8859678Z [ADMIN] character.skills.get auth actor=dev_admin characterId=fbd8a7b8e9a74810becc233f30fe9160 ownerCheck=False allowed=True
2026-06-16T19:07:02.8859678Z [ADMIN] character.skills.get actor=dev_admin characterId=fbd8a7b8e9a74810becc233f30fe9160 count=0
2026-06-16T19:07:02.9139699Z [ADMIN] dice.feed.common itemsRaw=1
2026-06-16T19:07:02.9149685Z [ADMIN] dice.feed.common itemsMapped=1
2026-06-16T19:07:02.9149685Z [ADMIN] dice.visibleFeed actor=dev_admin count=1
2026-06-16T19:07:05.6399499Z [ADMIN] dice.feed.common itemsRaw=1
2026-06-16T19:07:05.6399499Z [ADMIN] dice.feed.common itemsMapped=1
2026-06-16T19:07:05.6399499Z [ADMIN] dice.visibleFeed actor=dev_player count=1
2026-06-16T19:07:05.6499486Z [ADMIN] dice.test.getCurrent actor=dev_player userId=0584ae33047742a18f657d4ca9c86a01 found=False
2026-06-16T19:07:12.9653198Z [ADMIN] admin.accounts.pending actor=dev_admin count=0
2026-06-16T19:07:12.9824883Z [ADMIN] dice.feed.common itemsRaw=1
2026-06-16T19:07:12.9830573Z [ADMIN] dice.feed.common itemsMapped=1
2026-06-16T19:07:12.9830573Z [ADMIN] dice.visibleFeed actor=dev_admin count=1
2026-06-16T19:07:13.0151532Z [ADMIN] character.skills.get auth actor=dev_admin characterId=fbd8a7b8e9a74810becc233f30fe9160 ownerCheck=False allowed=True
2026-06-16T19:07:13.0151532Z [ADMIN] character.skills.get actor=dev_admin characterId=fbd8a7b8e9a74810becc233f30fe9160 count=0
2026-06-16T19:07:13.0441542Z [ADMIN] dice.feed.common itemsRaw=1
2026-06-16T19:07:13.0451550Z [ADMIN] dice.feed.common itemsMapped=1
2026-06-16T19:07:13.0451550Z [ADMIN] dice.visibleFeed actor=dev_admin count=1
2026-06-16T19:07:13.6623335Z [ADMIN] dice.feed.common itemsRaw=1
2026-06-16T19:07:13.6633348Z [ADMIN] dice.feed.common itemsMapped=1
2026-06-16T19:07:13.6633348Z [ADMIN] dice.visibleFeed actor=dev_player count=1
2026-06-16T19:07:13.6713331Z [ADMIN] dice.test.getCurrent actor=dev_player userId=0584ae33047742a18f657d4ca9c86a01 found=False
2026-06-16T19:07:21.6982399Z [ADMIN] dice.feed.common itemsRaw=1
2026-06-16T19:07:21.6993129Z [ADMIN] dice.feed.common itemsMapped=1
2026-06-16T19:07:21.6993129Z [ADMIN] dice.visibleFeed actor=dev_player count=1
2026-06-16T19:07:21.7094440Z [ADMIN] dice.test.getCurrent actor=dev_player userId=0584ae33047742a18f657d4ca9c86a01 found=False
2026-06-16T19:07:23.0888379Z [ADMIN] admin.accounts.pending actor=dev_admin count=0
2026-06-16T19:07:23.1050330Z [ADMIN] dice.feed.common itemsRaw=1
2026-06-16T19:07:23.1060327Z [ADMIN] dice.feed.common itemsMapped=1
2026-06-16T19:07:23.1060327Z [ADMIN] dice.visibleFeed actor=dev_admin count=1
2026-06-16T19:07:23.1384518Z [ADMIN] character.skills.get auth actor=dev_admin characterId=fbd8a7b8e9a74810becc233f30fe9160 ownerCheck=False allowed=True
2026-06-16T19:07:23.1384518Z [ADMIN] character.skills.get actor=dev_admin characterId=fbd8a7b8e9a74810becc233f30fe9160 count=0
2026-06-16T19:07:23.1661268Z [ADMIN] dice.feed.common itemsRaw=1
2026-06-16T19:07:23.1671265Z [ADMIN] dice.feed.common itemsMapped=1
2026-06-16T19:07:23.1671265Z [ADMIN] dice.visibleFeed actor=dev_admin count=1
2026-06-16T19:07:29.7294869Z [ADMIN] dice.feed.common itemsRaw=1
2026-06-16T19:07:29.7300472Z [ADMIN] dice.feed.common itemsMapped=1
2026-06-16T19:07:29.7304888Z [ADMIN] dice.visibleFeed actor=dev_player count=1
2026-06-16T19:07:29.7384880Z [ADMIN] dice.test.getCurrent actor=dev_player userId=0584ae33047742a18f657d4ca9c86a01 found=False
2026-06-16T19:07:33.2162951Z [ADMIN] admin.accounts.pending actor=dev_admin count=0
2026-06-16T19:07:33.2318824Z [ADMIN] dice.feed.common itemsRaw=1
2026-06-16T19:07:33.2328827Z [ADMIN] dice.feed.common itemsMapped=1
2026-06-16T19:07:33.2328827Z [ADMIN] dice.visibleFeed actor=dev_admin count=1
2026-06-16T19:07:33.2635598Z [ADMIN] character.skills.get auth actor=dev_admin characterId=fbd8a7b8e9a74810becc233f30fe9160 ownerCheck=False allowed=True
2026-06-16T19:07:33.2635598Z [ADMIN] character.skills.get actor=dev_admin characterId=fbd8a7b8e9a74810becc233f30fe9160 count=0
2026-06-16T19:07:33.2922926Z [ADMIN] dice.feed.common itemsRaw=1
2026-06-16T19:07:33.2922926Z [ADMIN] dice.feed.common itemsMapped=1
2026-06-16T19:07:33.2922926Z [ADMIN] dice.visibleFeed actor=dev_admin count=1
2026-06-16T19:07:37.7546293Z [ADMIN] dice.feed.common itemsRaw=1
2026-06-16T19:07:37.7556325Z [ADMIN] dice.feed.common itemsMapped=1
2026-06-16T19:07:37.7556325Z [ADMIN] dice.visibleFeed actor=dev_player count=1
2026-06-16T19:07:37.7638401Z [ADMIN] dice.test.getCurrent actor=dev_player userId=0584ae33047742a18f657d4ca9c86a01 found=False
2026-06-16T19:07:43.3411525Z [ADMIN] admin.accounts.pending actor=dev_admin count=0
2026-06-16T19:07:43.3571550Z [ADMIN] dice.feed.common itemsRaw=1
2026-06-16T19:07:43.3581529Z [ADMIN] dice.feed.common itemsMapped=1
2026-06-16T19:07:43.3581529Z [ADMIN] dice.visibleFeed actor=dev_admin count=1
2026-06-16T19:07:43.3881525Z [ADMIN] character.skills.get auth actor=dev_admin characterId=fbd8a7b8e9a74810becc233f30fe9160 ownerCheck=False allowed=True
2026-06-16T19:07:43.3881525Z [ADMIN] character.skills.get actor=dev_admin characterId=fbd8a7b8e9a74810becc233f30fe9160 count=0
2026-06-16T19:07:43.4159141Z [ADMIN] dice.feed.common itemsRaw=1
2026-06-16T19:07:43.4169151Z [ADMIN] dice.feed.common itemsMapped=1
2026-06-16T19:07:43.4169151Z [ADMIN] dice.visibleFeed actor=dev_admin count=1
2026-06-16T19:07:45.7999369Z [ADMIN] dice.feed.common itemsRaw=1
2026-06-16T19:07:45.7999369Z [ADMIN] dice.feed.common itemsMapped=1
2026-06-16T19:07:45.7999369Z [ADMIN] dice.visibleFeed actor=dev_player count=1
2026-06-16T19:07:45.8097886Z [ADMIN] dice.test.getCurrent actor=dev_player userId=0584ae33047742a18f657d4ca9c86a01 found=False
2026-06-16T19:07:53.4628342Z [ADMIN] admin.accounts.pending actor=dev_admin count=0
2026-06-16T19:07:53.4787194Z [ADMIN] dice.feed.common itemsRaw=1
2026-06-16T19:07:53.4797190Z [ADMIN] dice.feed.common itemsMapped=1
2026-06-16T19:07:53.4797190Z [ADMIN] dice.visibleFeed actor=dev_admin count=1
2026-06-16T19:07:53.5117192Z [ADMIN] character.skills.get auth actor=dev_admin characterId=fbd8a7b8e9a74810becc233f30fe9160 ownerCheck=False allowed=True
2026-06-16T19:07:53.5117192Z [ADMIN] character.skills.get actor=dev_admin characterId=fbd8a7b8e9a74810becc233f30fe9160 count=0
2026-06-16T19:07:53.5401991Z [ADMIN] dice.feed.common itemsRaw=1
2026-06-16T19:07:53.5407189Z [ADMIN] dice.feed.common itemsMapped=1
2026-06-16T19:07:53.5407189Z [ADMIN] dice.visibleFeed actor=dev_admin count=1
2026-06-16T19:07:57.1400678Z [ADMIN] crafting.command.disabled command=crafting.player.recipe.list
2026-06-16T19:07:57.1500677Z [ADMIN] progression.available.skills actor=dev_player count=0
2026-06-16T19:07:57.1540678Z [ADMIN] character.skills.get auth actor=dev_player characterId=fbd8a7b8e9a74810becc233f30fe9160 ownerCheck=True allowed=True
2026-06-16T19:07:57.1540678Z [ADMIN] character.skills.get actor=dev_player characterId=fbd8a7b8e9a74810becc233f30fe9160 count=0
2026-06-16T19:07:57.1763973Z [ADMIN] dice.feed.common itemsRaw=1
2026-06-16T19:07:57.1773965Z [ADMIN] dice.feed.common itemsMapped=1
2026-06-16T19:07:57.1773965Z [ADMIN] dice.visibleFeed actor=dev_player count=1
2026-06-16T19:07:57.1873993Z [ADMIN] dice.test.getCurrent actor=dev_player userId=0584ae33047742a18f657d4ca9c86a01 found=False
2026-06-16T19:07:57.2073971Z [ADMIN] request.handler.failed requestId=baa646c24beb4d44bfd005fc4253bbb3 command=system.featureFlags.snapshot type=Unauthorized message=Insufficient role.
2026-06-16T19:07:57.2103973Z [ADMIN] request.handler.failed requestId=c63b18fc11de41f293ff820a2c54848a command=system.featureFlags.snapshot type=Unauthorized message=Insufficient role.
2026-06-16T19:07:57.2143976Z [ADMIN] request.handler.failed requestId=8764a657441e49f3abe4837e53d7077a command=system.featureFlags.snapshot type=Unauthorized message=Insufficient role.
2026-06-16T19:07:57.2213971Z [ADMIN] request.handler.failed requestId=13a4651d44574d13bdeb2fc49f2c48e2 command=system.featureFlags.snapshot type=Unauthorized message=Insufficient role.
2026-06-16T19:07:57.2243989Z [ADMIN] request.handler.failed requestId=3d21031e137b4c98b67a76a5202eb8ce command=system.featureFlags.snapshot type=Unauthorized message=Insufficient role.
2026-06-16T19:08:03.5876965Z [ADMIN] admin.accounts.pending actor=dev_admin count=0
2026-06-16T19:08:03.6042567Z [ADMIN] dice.feed.common itemsRaw=1
2026-06-16T19:08:03.6052603Z [ADMIN] dice.feed.common itemsMapped=1
2026-06-16T19:08:03.6052603Z [ADMIN] dice.visibleFeed actor=dev_admin count=1
2026-06-16T19:08:03.6362551Z [ADMIN] character.skills.get auth actor=dev_admin characterId=fbd8a7b8e9a74810becc233f30fe9160 ownerCheck=False allowed=True
2026-06-16T19:08:03.6362551Z [ADMIN] character.skills.get actor=dev_admin characterId=fbd8a7b8e9a74810becc233f30fe9160 count=0
2026-06-16T19:08:03.6626717Z [ADMIN] dice.feed.common itemsRaw=1
2026-06-16T19:08:03.6636733Z [ADMIN] dice.feed.common itemsMapped=1
2026-06-16T19:08:03.6636733Z [ADMIN] dice.visibleFeed actor=dev_admin count=1
2026-06-16T19:08:05.2411698Z [ADMIN] dice.feed.common itemsRaw=1
2026-06-16T19:08:05.2411698Z [ADMIN] dice.feed.common itemsMapped=1
2026-06-16T19:08:05.2411698Z [ADMIN] dice.visibleFeed actor=dev_player count=1
2026-06-16T19:08:05.2538143Z [ADMIN] dice.test.getCurrent actor=dev_player userId=0584ae33047742a18f657d4ca9c86a01 found=False
2026-06-16T19:08:13.2747389Z [ADMIN] dice.feed.common itemsRaw=1
2026-06-16T19:08:13.2757384Z [ADMIN] dice.feed.common itemsMapped=1
2026-06-16T19:08:13.2757384Z [ADMIN] dice.visibleFeed actor=dev_player count=1
2026-06-16T19:08:13.2862123Z [ADMIN] dice.test.getCurrent actor=dev_player userId=0584ae33047742a18f657d4ca9c86a01 found=False
2026-06-16T19:08:13.7130870Z [ADMIN] admin.accounts.pending actor=dev_admin count=0
2026-06-16T19:08:13.7300871Z [ADMIN] dice.feed.common itemsRaw=1
2026-06-16T19:08:13.7300871Z [ADMIN] dice.feed.common itemsMapped=1
2026-06-16T19:08:13.7300871Z [ADMIN] dice.visibleFeed actor=dev_admin count=1
2026-06-16T19:08:13.7627362Z [ADMIN] character.skills.get auth actor=dev_admin characterId=fbd8a7b8e9a74810becc233f30fe9160 ownerCheck=False allowed=True
2026-06-16T19:08:13.7627362Z [ADMIN] character.skills.get actor=dev_admin characterId=fbd8a7b8e9a74810becc233f30fe9160 count=0
2026-06-16T19:08:13.7901250Z [ADMIN] dice.feed.common itemsRaw=1
2026-06-16T19:08:13.7906515Z [ADMIN] dice.feed.common itemsMapped=1
2026-06-16T19:08:13.7906515Z [ADMIN] dice.visibleFeed actor=dev_admin count=1
2026-06-16T19:08:18.2882632Z [ADMIN] request.handler.failed requestId=fb67806d2c3c4e2689c91e786a8a9be3 command=character.admin.save.biography type=Unauthorized message=Insufficient role.
2026-06-16T19:08:21.3018458Z [ADMIN] dice.feed.common itemsRaw=1
2026-06-16T19:08:21.3018458Z [ADMIN] dice.feed.common itemsMapped=1
2026-06-16T19:08:21.3018458Z [ADMIN] dice.visibleFeed actor=dev_player count=1
2026-06-16T19:08:21.3114762Z [ADMIN] dice.test.getCurrent actor=dev_player userId=0584ae33047742a18f657d4ca9c86a01 found=False
2026-06-16T19:08:23.8436027Z [ADMIN] admin.accounts.pending actor=dev_admin count=0
2026-06-16T19:08:23.8586330Z [ADMIN] dice.feed.common itemsRaw=1
2026-06-16T19:08:23.8601885Z [ADMIN] dice.feed.common itemsMapped=1
2026-06-16T19:08:23.8601885Z [ADMIN] dice.visibleFeed actor=dev_admin count=1
2026-06-16T19:08:23.8910805Z [ADMIN] character.skills.get auth actor=dev_admin characterId=fbd8a7b8e9a74810becc233f30fe9160 ownerCheck=False allowed=True
2026-06-16T19:08:23.8910805Z [ADMIN] character.skills.get actor=dev_admin characterId=fbd8a7b8e9a74810becc233f30fe9160 count=0
2026-06-16T19:08:23.9181742Z [ADMIN] dice.feed.common itemsRaw=1
2026-06-16T19:08:23.9191756Z [ADMIN] dice.feed.common itemsMapped=1
2026-06-16T19:08:23.9191756Z [ADMIN] dice.visibleFeed actor=dev_admin count=1
2026-06-16T19:08:29.3382487Z [ADMIN] dice.feed.common itemsRaw=1
2026-06-16T19:08:29.3392980Z [ADMIN] dice.feed.common itemsMapped=1
2026-06-16T19:08:29.3392980Z [ADMIN] dice.visibleFeed actor=dev_player count=1
2026-06-16T19:08:29.3489460Z [ADMIN] dice.test.getCurrent actor=dev_player userId=0584ae33047742a18f657d4ca9c86a01 found=False
2026-06-16T19:08:33.9616419Z [ADMIN] admin.accounts.pending actor=dev_admin count=0
2026-06-16T19:08:33.9790654Z [ADMIN] dice.feed.common itemsRaw=1
2026-06-16T19:08:33.9790654Z [ADMIN] dice.feed.common itemsMapped=1
2026-06-16T19:08:33.9790654Z [ADMIN] dice.visibleFeed actor=dev_admin count=1
2026-06-16T19:08:34.0100593Z [ADMIN] character.skills.get auth actor=dev_admin characterId=fbd8a7b8e9a74810becc233f30fe9160 ownerCheck=False allowed=True
2026-06-16T19:08:34.0110631Z [ADMIN] character.skills.get actor=dev_admin characterId=fbd8a7b8e9a74810becc233f30fe9160 count=0
2026-06-16T19:08:34.0372094Z [ADMIN] dice.feed.common itemsRaw=1
2026-06-16T19:08:34.0372094Z [ADMIN] dice.feed.common itemsMapped=1
2026-06-16T19:08:34.0382093Z [ADMIN] dice.visibleFeed actor=dev_admin count=1
2026-06-16T19:08:37.3692833Z [ADMIN] dice.feed.common itemsRaw=1
2026-06-16T19:08:37.3700360Z [ADMIN] dice.feed.common itemsMapped=1
2026-06-16T19:08:37.3705670Z [ADMIN] dice.visibleFeed actor=dev_player count=1
2026-06-16T19:08:37.3796589Z [ADMIN] dice.test.getCurrent actor=dev_player userId=0584ae33047742a18f657d4ca9c86a01 found=False
2026-06-16T19:08:44.0720642Z [ADMIN] admin.accounts.pending actor=dev_admin count=0
2026-06-16T19:08:44.0895340Z [ADMIN] dice.feed.common itemsRaw=1
2026-06-16T19:08:44.0895340Z [ADMIN] dice.feed.common itemsMapped=1
2026-06-16T19:08:44.0905299Z [ADMIN] dice.visibleFeed actor=dev_admin count=1
2026-06-16T19:08:44.1205263Z [ADMIN] character.skills.get auth actor=dev_admin characterId=fbd8a7b8e9a74810becc233f30fe9160 ownerCheck=False allowed=True
2026-06-16T19:08:44.1205263Z [ADMIN] character.skills.get actor=dev_admin characterId=fbd8a7b8e9a74810becc233f30fe9160 count=0
2026-06-16T19:08:44.1535280Z [ADMIN] dice.feed.common itemsRaw=1
2026-06-16T19:08:44.1545286Z [ADMIN] dice.feed.common itemsMapped=1
2026-06-16T19:08:44.1545286Z [ADMIN] dice.visibleFeed actor=dev_admin count=1
2026-06-16T19:08:45.3972904Z [ADMIN] dice.feed.common itemsRaw=1
2026-06-16T19:08:45.3982810Z [ADMIN] dice.feed.common itemsMapped=1
2026-06-16T19:08:45.3982810Z [ADMIN] dice.visibleFeed actor=dev_player count=1
2026-06-16T19:08:45.4072806Z [ADMIN] dice.test.getCurrent actor=dev_player userId=0584ae33047742a18f657d4ca9c86a01 found=False
2026-06-16T19:08:48.6170028Z [ADMIN] dice.roll.standard.start actor=dev_player
2026-06-16T19:08:48.6200036Z [ADMIN] dice.roll.comment received=False length=0
2026-06-16T19:08:48.6340022Z [ADMIN] dice.roll.fate.state instance=c034ea53-87c9-4003-b122-283693d134e7 enabled=True effects=layer1=CalmArea layer2=None layer3=None layer4=None layer5=Empty formula=1d20
2026-06-16T19:08:48.6350028Z [ADMIN] dice.roll.fate.before dieIndex=0 dieSides=20 base=19
2026-06-16T19:08:48.6393097Z [ADMIN] dice.roll.fate applied=true formula=1d20 dieIndex=0 base=19 fate=19 dieSides=20 layers=5
2026-06-16T19:08:48.6393097Z [ADMIN] dice.roll.fate.after dieIndex=0 applied=true fateValue=19 skippedReason=
2026-06-16T19:08:48.6393097Z [ADMIN] dice.roll.public dieIndex=0 base=19 fate=19 public=19
2026-06-16T19:08:48.6410026Z [ADMIN] dice.roll.total publicTotal=19
2026-06-16T19:08:48.6420030Z [ADMIN] dice.roll.payload values=[19]
2026-06-16T19:08:48.6420030Z [ADMIN] dice.audio.soundKey resolved=dice_1
2026-06-16T19:08:48.6430038Z [ADMIN] dice.audio.easter triggered=False
2026-06-16T19:08:48.6770013Z [ADMIN] dice.roll.saved commentPresent=False
2026-06-16T19:08:48.6770013Z [ADMIN] dice.roll.standard created actor=dev_player requestId=95e6fd6a21db436b9018e81fa93a7b47
2026-06-16T19:08:48.6780018Z [ADMIN] dice.roll.standard actor=dev_player requestId=95e6fd6a21db436b9018e81fa93a7b47 total=19
2026-06-16T19:08:48.6950029Z [ADMIN] dice.feed.common itemsRaw=2
2026-06-16T19:08:48.6960025Z [ADMIN] dice.feed.common itemsMapped=2
2026-06-16T19:08:48.6960025Z [ADMIN] dice.visibleFeed actor=dev_player count=2
2026-06-16T19:08:48.7079475Z [ADMIN] dice.test.getCurrent actor=dev_player userId=0584ae33047742a18f657d4ca9c86a01 found=False
2026-06-16T19:08:53.4320291Z [ADMIN] dice.feed.common itemsRaw=2
2026-06-16T19:08:53.4330294Z [ADMIN] dice.feed.common itemsMapped=2
2026-06-16T19:08:53.4340291Z [ADMIN] dice.visibleFeed actor=dev_player count=2
2026-06-16T19:08:53.4440286Z [ADMIN] dice.test.getCurrent actor=dev_player userId=0584ae33047742a18f657d4ca9c86a01 found=False
2026-06-16T19:08:54.1972940Z [ADMIN] admin.accounts.pending actor=dev_admin count=0
2026-06-16T19:08:54.2144799Z [ADMIN] dice.feed.common itemsRaw=2
2026-06-16T19:08:54.2154800Z [ADMIN] dice.feed.common itemsMapped=2
2026-06-16T19:08:54.2154800Z [ADMIN] dice.visibleFeed actor=dev_admin count=2
2026-06-16T19:08:54.2464170Z [ADMIN] character.skills.get auth actor=dev_admin characterId=fbd8a7b8e9a74810becc233f30fe9160 ownerCheck=False allowed=True
2026-06-16T19:08:54.2464170Z [ADMIN] character.skills.get actor=dev_admin characterId=fbd8a7b8e9a74810becc233f30fe9160 count=0
2026-06-16T19:08:54.2747531Z [ADMIN] dice.feed.common itemsRaw=2
2026-06-16T19:08:54.2757528Z [ADMIN] dice.feed.common itemsMapped=2
2026-06-16T19:08:54.2757528Z [ADMIN] dice.visibleFeed actor=dev_admin count=2
2026-06-16T19:09:01.4635990Z [ADMIN] dice.feed.common itemsRaw=2
2026-06-16T19:09:01.4646017Z [ADMIN] dice.feed.common itemsMapped=2
2026-06-16T19:09:01.4646017Z [ADMIN] dice.visibleFeed actor=dev_player count=2
2026-06-16T19:09:01.4751798Z [ADMIN] dice.test.getCurrent actor=dev_player userId=0584ae33047742a18f657d4ca9c86a01 found=False
2026-06-16T19:09:04.3217985Z [ADMIN] admin.accounts.pending actor=dev_admin count=0
2026-06-16T19:09:04.3388135Z [ADMIN] dice.feed.common itemsRaw=2
2026-06-16T19:09:04.3398817Z [ADMIN] dice.feed.common itemsMapped=2
2026-06-16T19:09:04.3398817Z [ADMIN] dice.visibleFeed actor=dev_admin count=2
2026-06-16T19:09:04.3719403Z [ADMIN] character.skills.get auth actor=dev_admin characterId=fbd8a7b8e9a74810becc233f30fe9160 ownerCheck=False allowed=True
2026-06-16T19:09:04.3719403Z [ADMIN] character.skills.get actor=dev_admin characterId=fbd8a7b8e9a74810becc233f30fe9160 count=0
2026-06-16T19:09:04.4011764Z [ADMIN] dice.feed.common itemsRaw=2
2026-06-16T19:09:04.4016931Z [ADMIN] dice.feed.common itemsMapped=2
2026-06-16T19:09:04.4026916Z [ADMIN] dice.visibleFeed actor=dev_admin count=2
2026-06-16T19:09:09.4937516Z [ADMIN] dice.feed.common itemsRaw=2
2026-06-16T19:09:09.4947513Z [ADMIN] dice.feed.common itemsMapped=2
2026-06-16T19:09:09.4947513Z [ADMIN] dice.visibleFeed actor=dev_player count=2
2026-06-16T19:09:09.5050280Z [ADMIN] dice.test.getCurrent actor=dev_player userId=0584ae33047742a18f657d4ca9c86a01 found=False
2026-06-16T19:09:14.4472208Z [ADMIN] admin.accounts.pending actor=dev_admin count=0
2026-06-16T19:09:14.4639145Z [ADMIN] dice.feed.common itemsRaw=2
2026-06-16T19:09:14.4659109Z [ADMIN] dice.feed.common itemsMapped=2
2026-06-16T19:09:14.4659109Z [ADMIN] dice.visibleFeed actor=dev_admin count=2
2026-06-16T19:09:14.4991227Z [ADMIN] character.skills.get auth actor=dev_admin characterId=fbd8a7b8e9a74810becc233f30fe9160 ownerCheck=False allowed=True
2026-06-16T19:09:14.4991227Z [ADMIN] character.skills.get actor=dev_admin characterId=fbd8a7b8e9a74810becc233f30fe9160 count=0
2026-06-16T19:09:14.5254930Z [ADMIN] dice.feed.common itemsRaw=2
2026-06-16T19:09:14.5264910Z [ADMIN] dice.feed.common itemsMapped=2
2026-06-16T19:09:14.5264910Z [ADMIN] dice.visibleFeed actor=dev_admin count=2
2026-06-16T19:09:17.5265135Z [ADMIN] dice.feed.common itemsRaw=2
2026-06-16T19:09:17.5275367Z [ADMIN] dice.feed.common itemsMapped=2
2026-06-16T19:09:17.5275367Z [ADMIN] dice.visibleFeed actor=dev_player count=2
2026-06-16T19:09:17.5375252Z [ADMIN] dice.test.getCurrent actor=dev_player userId=0584ae33047742a18f657d4ca9c86a01 found=False
2026-06-16T19:09:24.5721815Z [ADMIN] admin.accounts.pending actor=dev_admin count=0
2026-06-16T19:09:24.5907450Z [ADMIN] dice.feed.common itemsRaw=2
2026-06-16T19:09:24.5923569Z [ADMIN] dice.feed.common itemsMapped=2
2026-06-16T19:09:24.5923569Z [ADMIN] dice.visibleFeed actor=dev_admin count=2
2026-06-16T19:09:24.6254823Z [ADMIN] character.skills.get auth actor=dev_admin characterId=fbd8a7b8e9a74810becc233f30fe9160 ownerCheck=False allowed=True
2026-06-16T19:09:24.6254823Z [ADMIN] character.skills.get actor=dev_admin characterId=fbd8a7b8e9a74810becc233f30fe9160 count=0
2026-06-16T19:09:24.6534832Z [ADMIN] dice.feed.common itemsRaw=2
2026-06-16T19:09:24.6554829Z [ADMIN] dice.feed.common itemsMapped=2
2026-06-16T19:09:24.6554829Z [ADMIN] dice.visibleFeed actor=dev_admin count=2
2026-06-16T19:09:25.5571647Z [ADMIN] dice.feed.common itemsRaw=2
2026-06-16T19:09:25.5581547Z [ADMIN] dice.feed.common itemsMapped=2
2026-06-16T19:09:25.5581547Z [ADMIN] dice.visibleFeed actor=dev_player count=2
2026-06-16T19:09:25.5681563Z [ADMIN] dice.test.getCurrent actor=dev_player userId=0584ae33047742a18f657d4ca9c86a01 found=False
2026-06-16T19:09:33.5849015Z [ADMIN] dice.feed.common itemsRaw=2
2026-06-16T19:09:33.5859020Z [ADMIN] dice.feed.common itemsMapped=2
2026-06-16T19:09:33.5859020Z [ADMIN] dice.visibleFeed actor=dev_player count=2
2026-06-16T19:09:33.5959020Z [ADMIN] dice.test.getCurrent actor=dev_player userId=0584ae33047742a18f657d4ca9c86a01 found=False
2026-06-16T19:09:34.6971137Z [ADMIN] admin.accounts.pending actor=dev_admin count=0
2026-06-16T19:09:34.7147587Z [ADMIN] dice.feed.common itemsRaw=2
2026-06-16T19:09:34.7162751Z [ADMIN] dice.feed.common itemsMapped=2
2026-06-16T19:09:34.7162751Z [ADMIN] dice.visibleFeed actor=dev_admin count=2
2026-06-16T19:09:34.7494052Z [ADMIN] character.skills.get auth actor=dev_admin characterId=fbd8a7b8e9a74810becc233f30fe9160 ownerCheck=False allowed=True
2026-06-16T19:09:34.7494052Z [ADMIN] character.skills.get actor=dev_admin characterId=fbd8a7b8e9a74810becc233f30fe9160 count=0
2026-06-16T19:09:34.7809817Z [ADMIN] dice.feed.common itemsRaw=2
2026-06-16T19:09:34.7824230Z [ADMIN] dice.feed.common itemsMapped=2
2026-06-16T19:09:34.7824230Z [ADMIN] dice.visibleFeed actor=dev_admin count=2
2026-06-23T16:38:36.7837576Z [ADMIN] feature_flags.override_set flag=GMNotes.UseGMNotesMvp value=True user=5b7bf422afc5417fb7d0a4f0db04524c
2026-06-23T16:38:36.9877579Z [ADMIN] feature_flags.override_set flag=GMNotes.UseGMQuickNotes value=True user=5b7bf422afc5417fb7d0a4f0db04524c
2026-06-23T16:38:37.1868895Z [ADMIN] feature_flags.override_set flag=GMNotes.UseGMNoteFolders value=True user=5b7bf422afc5417fb7d0a4f0db04524c
2026-06-23T16:38:37.3863980Z [ADMIN] feature_flags.override_set flag=GMNotes.UseGMNoteEntityLinks value=True user=5b7bf422afc5417fb7d0a4f0db04524c
2026-06-23T16:38:37.5771876Z [ADMIN] feature_flags.override_set flag=GMNotes.UseGMNoteSearch value=True user=5b7bf422afc5417fb7d0a4f0db04524c
2026-06-23T16:38:37.7674537Z [ADMIN] feature_flags.override_set flag=GMNotes.UseGMNoteSharedVisibility value=True user=5b7bf422afc5417fb7d0a4f0db04524c
2026-06-23T16:38:37.9463691Z [ADMIN] feature_flags.override_set flag=GMNotes.UseGMNoteAudit value=True user=5b7bf422afc5417fb7d0a4f0db04524c
2026-06-23T16:38:38.1176014Z [ADMIN] feature_flags.override_set flag=EventJournal.UseEventJournalMvp value=True user=5b7bf422afc5417fb7d0a4f0db04524c
2026-06-23T16:38:38.2926070Z [ADMIN] feature_flags.override_set flag=EventJournal.UseEventJournalAutomaticIngestion value=True user=5b7bf422afc5417fb7d0a4f0db04524c
2026-06-23T16:38:38.4730359Z [ADMIN] feature_flags.override_set flag=EventJournal.UseEventJournalManualEntries value=True user=5b7bf422afc5417fb7d0a4f0db04524c
2026-06-23T16:38:38.6509234Z [ADMIN] feature_flags.override_set flag=EventJournal.UseEventJournalPlayerView value=True user=5b7bf422afc5417fb7d0a4f0db04524c
2026-06-23T16:38:38.8396634Z [ADMIN] feature_flags.override_set flag=EventJournal.UseEventJournalFilters value=True user=5b7bf422afc5417fb7d0a4f0db04524c
2026-06-23T16:38:39.0232135Z [ADMIN] feature_flags.override_set flag=EventJournal.UseEventJournalCorrections value=True user=5b7bf422afc5417fb7d0a4f0db04524c
2026-06-23T16:38:39.2018752Z [ADMIN] feature_flags.override_set flag=EventJournal.UseEventJournalRequestIntegration value=True user=5b7bf422afc5417fb7d0a4f0db04524c
2026-06-23T16:38:39.3877457Z [ADMIN] feature_flags.override_set flag=PlayerRequests.UsePlayerRequestsMvp value=True user=5b7bf422afc5417fb7d0a4f0db04524c
2026-06-23T16:38:39.5704782Z [ADMIN] feature_flags.override_set flag=PlayerRequests.UsePlayerRequestComments value=True user=5b7bf422afc5417fb7d0a4f0db04524c
2026-06-23T16:38:39.7465386Z [ADMIN] feature_flags.override_set flag=PlayerRequests.UsePlayerRequestAdminReview value=True user=5b7bf422afc5417fb7d0a4f0db04524c
2026-06-23T16:38:39.9317754Z [ADMIN] feature_flags.override_set flag=PlayerRequests.UsePlayerRequestPlayerView value=True user=5b7bf422afc5417fb7d0a4f0db04524c
2026-06-23T16:38:40.1159306Z [ADMIN] feature_flags.override_set flag=PlayerRequests.UsePlayerRequestCharacterLink value=True user=5b7bf422afc5417fb7d0a4f0db04524c
2026-06-23T16:38:40.3002739Z [ADMIN] feature_flags.override_set flag=PlayerRequests.UsePlayerRequestProposalPayload value=True user=5b7bf422afc5417fb7d0a4f0db04524c
2026-06-23T16:39:07.5566397Z [ADMIN] feature_flags.override_set flag=GMNotes.UseGMNotesMvp value=True user=5b7bf422afc5417fb7d0a4f0db04524c
2026-06-23T16:39:07.7580186Z [ADMIN] feature_flags.override_set flag=GMNotes.UseGMQuickNotes value=True user=5b7bf422afc5417fb7d0a4f0db04524c
2026-06-23T16:39:07.9475039Z [ADMIN] feature_flags.override_set flag=GMNotes.UseGMNoteFolders value=True user=5b7bf422afc5417fb7d0a4f0db04524c
2026-06-23T16:39:08.1425147Z [ADMIN] feature_flags.override_set flag=GMNotes.UseGMNoteEntityLinks value=True user=5b7bf422afc5417fb7d0a4f0db04524c
2026-06-23T16:39:08.3449210Z [ADMIN] feature_flags.override_set flag=GMNotes.UseGMNoteSearch value=True user=5b7bf422afc5417fb7d0a4f0db04524c
2026-06-23T16:39:08.5450210Z [ADMIN] feature_flags.override_set flag=GMNotes.UseGMNoteSharedVisibility value=True user=5b7bf422afc5417fb7d0a4f0db04524c
2026-06-23T16:39:08.7331981Z [ADMIN] feature_flags.override_set flag=GMNotes.UseGMNoteAudit value=True user=5b7bf422afc5417fb7d0a4f0db04524c
2026-06-23T16:39:08.9183068Z [ADMIN] feature_flags.override_set flag=EventJournal.UseEventJournalMvp value=True user=5b7bf422afc5417fb7d0a4f0db04524c
2026-06-23T16:39:09.0963975Z [ADMIN] feature_flags.override_set flag=EventJournal.UseEventJournalAutomaticIngestion value=True user=5b7bf422afc5417fb7d0a4f0db04524c
2026-06-23T16:39:09.2880252Z [ADMIN] feature_flags.override_set flag=EventJournal.UseEventJournalManualEntries value=True user=5b7bf422afc5417fb7d0a4f0db04524c
2026-06-23T16:39:09.4671136Z [ADMIN] feature_flags.override_set flag=EventJournal.UseEventJournalPlayerView value=True user=5b7bf422afc5417fb7d0a4f0db04524c
2026-06-23T16:39:09.6531704Z [ADMIN] feature_flags.override_set flag=EventJournal.UseEventJournalFilters value=True user=5b7bf422afc5417fb7d0a4f0db04524c
2026-06-23T16:39:09.8476177Z [ADMIN] feature_flags.override_set flag=EventJournal.UseEventJournalCorrections value=True user=5b7bf422afc5417fb7d0a4f0db04524c
2026-06-23T16:39:10.0416621Z [ADMIN] feature_flags.override_set flag=EventJournal.UseEventJournalRequestIntegration value=True user=5b7bf422afc5417fb7d0a4f0db04524c
2026-06-23T16:39:10.2292612Z [ADMIN] feature_flags.override_set flag=PlayerRequests.UsePlayerRequestsMvp value=True user=5b7bf422afc5417fb7d0a4f0db04524c
2026-06-23T16:39:10.4125684Z [ADMIN] feature_flags.override_set flag=PlayerRequests.UsePlayerRequestComments value=True user=5b7bf422afc5417fb7d0a4f0db04524c
2026-06-23T16:39:10.5995007Z [ADMIN] feature_flags.override_set flag=PlayerRequests.UsePlayerRequestAdminReview value=True user=5b7bf422afc5417fb7d0a4f0db04524c
2026-06-23T16:39:10.7877037Z [ADMIN] feature_flags.override_set flag=PlayerRequests.UsePlayerRequestPlayerView value=True user=5b7bf422afc5417fb7d0a4f0db04524c
2026-06-23T16:39:10.9666425Z [ADMIN] feature_flags.override_set flag=PlayerRequests.UsePlayerRequestCharacterLink value=True user=5b7bf422afc5417fb7d0a4f0db04524c
2026-06-23T16:39:11.1498337Z [ADMIN] feature_flags.override_set flag=PlayerRequests.UsePlayerRequestProposalPayload value=True user=5b7bf422afc5417fb7d0a4f0db04524c
2026-06-23T16:39:11.7560126Z [ADMIN] request.handler.failed requestId=01bb147b9b8f4ba2a39a1cc518fbe40e command=gmNotes.admin.list type=Unauthorized message=Insufficient role.
2026-06-23T16:39:11.7607567Z [ADMIN] request.handler.failed requestId=6c1104129ee44115805e9423cb8c8051 command=gmNotes.admin.create type=Unauthorized message=Insufficient role.
2026-06-23T16:39:11.7647548Z [ADMIN] request.handler.failed requestId=fc4880ab11cf42f5b4105d7003e0a5c7 command=gmNotes.admin.update type=Unauthorized message=Insufficient role.
2026-06-23T16:39:11.7687550Z [ADMIN] request.handler.failed requestId=9804fef8bcb64b44b1c86b2086c35924 command=gmNotes.admin.archive type=Unauthorized message=Insufficient role.
2026-06-23T16:39:11.7727574Z [ADMIN] request.handler.failed requestId=6d6fa934595d48098ef82795a569d25c command=eventJournal.admin.create type=Unauthorized message=Insufficient role.
2026-06-23T16:39:11.7769734Z [ADMIN] request.handler.failed requestId=892d00c6e1174f788db22dbb868932b5 command=eventJournal.admin.update type=Unauthorized message=Insufficient role.
2026-06-23T16:39:11.7802316Z [ADMIN] request.handler.failed requestId=c6354c1eb727406e99d5a477df93ccfc command=eventJournal.admin.archive type=Unauthorized message=Insufficient role.
2026-06-23T16:39:11.8585903Z [ADMIN] gm.note.create actor=dev_admin campaignId=default noteId=bd6c5a5a37044f7dafb3e61afdf51ff1 quick=False
2026-06-23T16:39:11.9205906Z [ADMIN] gm.note.list actor=dev_admin campaignId=default count=1
2026-06-23T16:39:34.7243823Z [ADMIN] feature_flags.override_set flag=GMNotes.UseGMNotesMvp value=True user=5b7bf422afc5417fb7d0a4f0db04524c
2026-06-23T16:39:34.9219728Z [ADMIN] feature_flags.override_set flag=GMNotes.UseGMQuickNotes value=True user=5b7bf422afc5417fb7d0a4f0db04524c
2026-06-23T16:39:35.1255429Z [ADMIN] feature_flags.override_set flag=GMNotes.UseGMNoteFolders value=True user=5b7bf422afc5417fb7d0a4f0db04524c
2026-06-23T16:39:35.3227386Z [ADMIN] feature_flags.override_set flag=GMNotes.UseGMNoteEntityLinks value=True user=5b7bf422afc5417fb7d0a4f0db04524c
2026-06-23T16:39:35.5238086Z [ADMIN] feature_flags.override_set flag=GMNotes.UseGMNoteSearch value=True user=5b7bf422afc5417fb7d0a4f0db04524c
2026-06-23T16:39:35.7136181Z [ADMIN] feature_flags.override_set flag=GMNotes.UseGMNoteSharedVisibility value=True user=5b7bf422afc5417fb7d0a4f0db04524c
2026-06-23T16:39:35.8963274Z [ADMIN] feature_flags.override_set flag=GMNotes.UseGMNoteAudit value=True user=5b7bf422afc5417fb7d0a4f0db04524c
2026-06-23T16:39:36.0850425Z [ADMIN] feature_flags.override_set flag=EventJournal.UseEventJournalMvp value=True user=5b7bf422afc5417fb7d0a4f0db04524c
2026-06-23T16:39:36.2682254Z [ADMIN] feature_flags.override_set flag=EventJournal.UseEventJournalAutomaticIngestion value=True user=5b7bf422afc5417fb7d0a4f0db04524c
2026-06-23T16:39:36.4498929Z [ADMIN] feature_flags.override_set flag=EventJournal.UseEventJournalManualEntries value=True user=5b7bf422afc5417fb7d0a4f0db04524c
2026-06-23T16:39:36.6402526Z [ADMIN] feature_flags.override_set flag=EventJournal.UseEventJournalPlayerView value=True user=5b7bf422afc5417fb7d0a4f0db04524c
2026-06-23T16:39:36.8308829Z [ADMIN] feature_flags.override_set flag=EventJournal.UseEventJournalFilters value=True user=5b7bf422afc5417fb7d0a4f0db04524c
2026-06-23T16:39:37.0257441Z [ADMIN] feature_flags.override_set flag=EventJournal.UseEventJournalCorrections value=True user=5b7bf422afc5417fb7d0a4f0db04524c
2026-06-23T16:39:37.2159194Z [ADMIN] feature_flags.override_set flag=EventJournal.UseEventJournalRequestIntegration value=True user=5b7bf422afc5417fb7d0a4f0db04524c
2026-06-23T16:39:37.4078923Z [ADMIN] feature_flags.override_set flag=PlayerRequests.UsePlayerRequestsMvp value=True user=5b7bf422afc5417fb7d0a4f0db04524c
2026-06-23T16:39:37.5911684Z [ADMIN] feature_flags.override_set flag=PlayerRequests.UsePlayerRequestComments value=True user=5b7bf422afc5417fb7d0a4f0db04524c
2026-06-23T16:39:37.7764805Z [ADMIN] feature_flags.override_set flag=PlayerRequests.UsePlayerRequestAdminReview value=True user=5b7bf422afc5417fb7d0a4f0db04524c
2026-06-23T16:39:37.9602902Z [ADMIN] feature_flags.override_set flag=PlayerRequests.UsePlayerRequestPlayerView value=True user=5b7bf422afc5417fb7d0a4f0db04524c
2026-06-23T16:39:38.1483729Z [ADMIN] feature_flags.override_set flag=PlayerRequests.UsePlayerRequestCharacterLink value=True user=5b7bf422afc5417fb7d0a4f0db04524c
2026-06-23T16:39:38.3327347Z [ADMIN] feature_flags.override_set flag=PlayerRequests.UsePlayerRequestProposalPayload value=True user=5b7bf422afc5417fb7d0a4f0db04524c
2026-06-23T16:39:38.9314416Z [ADMIN] request.handler.failed requestId=d382809511f24850b379b4418ddde9c0 command=gmNotes.admin.list type=Unauthorized message=Insufficient role.
2026-06-23T16:39:38.9344424Z [ADMIN] request.handler.failed requestId=a4a91b6c299e436db09dde623b5ca9f6 command=gmNotes.admin.create type=Unauthorized message=Insufficient role.
2026-06-23T16:39:38.9384441Z [ADMIN] request.handler.failed requestId=5b1ce8c1df194911bd4db53ec2d79ba7 command=gmNotes.admin.update type=Unauthorized message=Insufficient role.
2026-06-23T16:39:38.9414416Z [ADMIN] request.handler.failed requestId=d998ec5719fc4cd3af7dbdc72f3aedcb command=gmNotes.admin.archive type=Unauthorized message=Insufficient role.
2026-06-23T16:39:38.9454414Z [ADMIN] request.handler.failed requestId=bcc61714be7d42f4b95489d6f2bada7b command=eventJournal.admin.create type=Unauthorized message=Insufficient role.
2026-06-23T16:39:38.9484428Z [ADMIN] request.handler.failed requestId=99b5763f4e8649b9be41f8c364e066dd command=eventJournal.admin.update type=Unauthorized message=Insufficient role.
2026-06-23T16:39:38.9524426Z [ADMIN] request.handler.failed requestId=ed4470a1ae114c2b9c45adb021d2d49f command=eventJournal.admin.archive type=Unauthorized message=Insufficient role.
2026-06-23T16:39:38.9609617Z [ADMIN] gm.note.create actor=dev_admin campaignId=default noteId=f463098b894f49428d97a3c0134dccdc quick=False
2026-06-23T16:39:39.0129629Z [ADMIN] gm.note.list actor=dev_admin campaignId=default count=2
2026-06-23T16:39:39.0818718Z [ADMIN] journal.event.manual.created entryId=a2e52f0587ee444380f0212a2ab76b3d campaignId=default sequence=1 category=session
2026-06-23T16:39:39.1351400Z [ADMIN] journal.player.event.list actor=dev_player campaignId=default count=1
2026-06-23T16:42:35.3836788Z [ADMIN] feature_flags.override_set flag=GMNotes.UseGMNotesMvp value=True user=5b7bf422afc5417fb7d0a4f0db04524c
2026-06-23T16:42:35.6091334Z [ADMIN] feature_flags.override_set flag=GMNotes.UseGMQuickNotes value=True user=5b7bf422afc5417fb7d0a4f0db04524c
2026-06-23T16:42:35.8203952Z [ADMIN] feature_flags.override_set flag=GMNotes.UseGMNoteFolders value=True user=5b7bf422afc5417fb7d0a4f0db04524c
2026-06-23T16:42:36.0386236Z [ADMIN] feature_flags.override_set flag=GMNotes.UseGMNoteEntityLinks value=True user=5b7bf422afc5417fb7d0a4f0db04524c
2026-06-23T16:42:36.2640149Z [ADMIN] feature_flags.override_set flag=GMNotes.UseGMNoteSearch value=True user=5b7bf422afc5417fb7d0a4f0db04524c
2026-06-23T16:42:36.4749329Z [ADMIN] feature_flags.override_set flag=GMNotes.UseGMNoteSharedVisibility value=True user=5b7bf422afc5417fb7d0a4f0db04524c
2026-06-23T16:42:36.6936936Z [ADMIN] feature_flags.override_set flag=GMNotes.UseGMNoteAudit value=True user=5b7bf422afc5417fb7d0a4f0db04524c
2026-06-23T16:42:36.8948345Z [ADMIN] feature_flags.override_set flag=EventJournal.UseEventJournalMvp value=True user=5b7bf422afc5417fb7d0a4f0db04524c
2026-06-23T16:42:37.0843436Z [ADMIN] feature_flags.override_set flag=EventJournal.UseEventJournalAutomaticIngestion value=True user=5b7bf422afc5417fb7d0a4f0db04524c
2026-06-23T16:42:37.2790666Z [ADMIN] feature_flags.override_set flag=EventJournal.UseEventJournalManualEntries value=True user=5b7bf422afc5417fb7d0a4f0db04524c
2026-06-23T16:42:37.4715730Z [ADMIN] feature_flags.override_set flag=EventJournal.UseEventJournalPlayerView value=True user=5b7bf422afc5417fb7d0a4f0db04524c
2026-06-23T16:42:37.6697199Z [ADMIN] feature_flags.override_set flag=EventJournal.UseEventJournalFilters value=True user=5b7bf422afc5417fb7d0a4f0db04524c
2026-06-23T16:42:37.8725795Z [ADMIN] feature_flags.override_set flag=EventJournal.UseEventJournalCorrections value=True user=5b7bf422afc5417fb7d0a4f0db04524c
2026-06-23T16:42:38.0747180Z [ADMIN] feature_flags.override_set flag=EventJournal.UseEventJournalRequestIntegration value=True user=5b7bf422afc5417fb7d0a4f0db04524c
2026-06-23T16:42:38.2705763Z [ADMIN] feature_flags.override_set flag=PlayerRequests.UsePlayerRequestsMvp value=True user=5b7bf422afc5417fb7d0a4f0db04524c
2026-06-23T16:42:38.4571042Z [ADMIN] feature_flags.override_set flag=PlayerRequests.UsePlayerRequestComments value=True user=5b7bf422afc5417fb7d0a4f0db04524c
2026-06-23T16:42:38.6557565Z [ADMIN] feature_flags.override_set flag=PlayerRequests.UsePlayerRequestAdminReview value=True user=5b7bf422afc5417fb7d0a4f0db04524c
2026-06-23T16:42:38.8373599Z [ADMIN] feature_flags.override_set flag=PlayerRequests.UsePlayerRequestPlayerView value=True user=5b7bf422afc5417fb7d0a4f0db04524c
2026-06-23T16:42:39.0275765Z [ADMIN] feature_flags.override_set flag=PlayerRequests.UsePlayerRequestCharacterLink value=True user=5b7bf422afc5417fb7d0a4f0db04524c
2026-06-23T16:42:39.2260177Z [ADMIN] feature_flags.override_set flag=PlayerRequests.UsePlayerRequestProposalPayload value=True user=5b7bf422afc5417fb7d0a4f0db04524c
2026-06-23T16:42:39.8504794Z [ADMIN] request.handler.failed requestId=8e4511b0d1ab4e849ad32159360e107f command=gmNotes.admin.list type=Unauthorized message=Insufficient role.
2026-06-23T16:42:39.8536974Z [ADMIN] request.handler.failed requestId=b4b6fa0690eb45cb82063215c2ad47a3 command=gmNotes.admin.create type=Unauthorized message=Insufficient role.
2026-06-23T16:42:39.8569028Z [ADMIN] request.handler.failed requestId=981dc5c1ca314116aea605166506bb8c command=gmNotes.admin.update type=Unauthorized message=Insufficient role.
2026-06-23T16:42:39.8598082Z [ADMIN] request.handler.failed requestId=afa45e91dc184d81be461ead558217aa command=gmNotes.admin.archive type=Unauthorized message=Insufficient role.
2026-06-23T16:42:39.8643694Z [ADMIN] request.handler.failed requestId=081a4064197847539830470eb1596be3 command=eventJournal.admin.create type=Unauthorized message=Insufficient role.
2026-06-23T16:42:39.8668838Z [ADMIN] request.handler.failed requestId=56e8b2439e67497d9a296069e6c70686 command=eventJournal.admin.update type=Unauthorized message=Insufficient role.
2026-06-23T16:42:39.8698841Z [ADMIN] request.handler.failed requestId=60f34463e19c41749b29c02087402e3a command=eventJournal.admin.archive type=Unauthorized message=Insufficient role.
2026-06-23T16:42:39.8798857Z [ADMIN] gm.note.create actor=dev_admin campaignId=default noteId=da865764d78b4fc5984204a957c1103c quick=False
2026-06-23T16:42:39.9340001Z [ADMIN] gm.note.list actor=dev_admin campaignId=default count=3
2026-06-23T16:42:39.9499182Z [ADMIN] journal.event.manual.created entryId=9b07f316f1e6461a9a0accb958b817ab campaignId=default sequence=2 category=session
2026-06-23T16:42:39.9805029Z [ADMIN] journal.player.event.list actor=dev_player campaignId=default count=2
2026-06-23T16:42:40.0015003Z [ADMIN] journal.event.manual.created entryId=24fe4d24274949949efcea0f61264734 campaignId=default sequence=3 category=session
2026-06-23T16:42:40.0252029Z [ADMIN] journal.player.event.list actor=dev_player campaignId=default count=2
2026-06-23T16:42:40.0442396Z [ADMIN] journal.player.event.list actor=dev_player campaignId=default count=1
2026-06-23T16:42:40.1399061Z [ADMIN] journal.event.request_created_submitted entryId=1fffae487c4a4e27a0bc73a57c3f5d45 campaignId=default sequence=4 category=request
2026-06-23T16:42:40.1399061Z [ADMIN] player.request.journal.appended requestId=dd450308a50642389d8819d34a07e1b7 requestNumber=57 sourceEventType=request_created_submitted entryId=1fffae487c4a4e27a0bc73a57c3f5d45
2026-06-23T16:42:40.1399061Z [ADMIN] player.request.create.done actor=dev_player requestId=dd450308a50642389d8819d34a07e1b7 type=general status=submitted
2026-06-23T16:42:40.1864553Z [ADMIN] journal.event.request_approve entryId=bfa98a04c7304be69890358e16faeb98 campaignId=default sequence=5 category=request
2026-06-23T16:42:40.1864553Z [ADMIN] player.request.journal.appended requestId=dd450308a50642389d8819d34a07e1b7 requestNumber=57 sourceEventType=request_approve entryId=bfa98a04c7304be69890358e16faeb98
2026-06-23T16:42:40.1864553Z [ADMIN] player.request.approve.done actor=dev_admin requestId=dd450308a50642389d8819d34a07e1b7 status=approved
2026-06-23T16:42:40.1992869Z [ADMIN] journal.player.event.list actor=dev_player campaignId=default count=2
2026-06-23T16:43:20.8611816Z [ADMIN] feature_flags.override_set flag=GMNotes.UseGMNotesMvp value=True user=5b7bf422afc5417fb7d0a4f0db04524c
2026-06-23T16:43:21.0821818Z [ADMIN] feature_flags.override_set flag=GMNotes.UseGMQuickNotes value=True user=5b7bf422afc5417fb7d0a4f0db04524c
2026-06-23T16:43:21.2991336Z [ADMIN] feature_flags.override_set flag=GMNotes.UseGMNoteFolders value=True user=5b7bf422afc5417fb7d0a4f0db04524c
2026-06-23T16:43:21.5153392Z [ADMIN] feature_flags.override_set flag=GMNotes.UseGMNoteEntityLinks value=True user=5b7bf422afc5417fb7d0a4f0db04524c
2026-06-23T16:43:21.7375060Z [ADMIN] feature_flags.override_set flag=GMNotes.UseGMNoteSearch value=True user=5b7bf422afc5417fb7d0a4f0db04524c
2026-06-23T16:43:21.9405250Z [ADMIN] feature_flags.override_set flag=GMNotes.UseGMNoteSharedVisibility value=True user=5b7bf422afc5417fb7d0a4f0db04524c
2026-06-23T16:43:22.1346576Z [ADMIN] feature_flags.override_set flag=GMNotes.UseGMNoteAudit value=True user=5b7bf422afc5417fb7d0a4f0db04524c
2026-06-23T16:43:22.3340833Z [ADMIN] feature_flags.override_set flag=EventJournal.UseEventJournalMvp value=True user=5b7bf422afc5417fb7d0a4f0db04524c
2026-06-23T16:43:22.5276989Z [ADMIN] feature_flags.override_set flag=EventJournal.UseEventJournalAutomaticIngestion value=True user=5b7bf422afc5417fb7d0a4f0db04524c
2026-06-23T16:43:22.7242450Z [ADMIN] feature_flags.override_set flag=EventJournal.UseEventJournalManualEntries value=True user=5b7bf422afc5417fb7d0a4f0db04524c
2026-06-23T16:43:22.9441385Z [ADMIN] feature_flags.override_set flag=EventJournal.UseEventJournalPlayerView value=True user=5b7bf422afc5417fb7d0a4f0db04524c
2026-06-23T16:43:23.1627625Z [ADMIN] feature_flags.override_set flag=EventJournal.UseEventJournalFilters value=True user=5b7bf422afc5417fb7d0a4f0db04524c
2026-06-23T16:43:23.3812204Z [ADMIN] feature_flags.override_set flag=EventJournal.UseEventJournalCorrections value=True user=5b7bf422afc5417fb7d0a4f0db04524c
2026-06-23T16:43:23.5793802Z [ADMIN] feature_flags.override_set flag=EventJournal.UseEventJournalRequestIntegration value=True user=5b7bf422afc5417fb7d0a4f0db04524c
2026-06-23T16:43:23.7868047Z [ADMIN] feature_flags.override_set flag=PlayerRequests.UsePlayerRequestsMvp value=True user=5b7bf422afc5417fb7d0a4f0db04524c
2026-06-23T16:43:23.9740885Z [ADMIN] feature_flags.override_set flag=PlayerRequests.UsePlayerRequestComments value=True user=5b7bf422afc5417fb7d0a4f0db04524c
2026-06-23T16:43:24.1630904Z [ADMIN] feature_flags.override_set flag=PlayerRequests.UsePlayerRequestAdminReview value=True user=5b7bf422afc5417fb7d0a4f0db04524c
2026-06-23T16:43:24.3443731Z [ADMIN] feature_flags.override_set flag=PlayerRequests.UsePlayerRequestPlayerView value=True user=5b7bf422afc5417fb7d0a4f0db04524c
2026-06-23T16:43:24.5323743Z [ADMIN] feature_flags.override_set flag=PlayerRequests.UsePlayerRequestCharacterLink value=True user=5b7bf422afc5417fb7d0a4f0db04524c
2026-06-23T16:43:24.7268462Z [ADMIN] feature_flags.override_set flag=PlayerRequests.UsePlayerRequestProposalPayload value=True user=5b7bf422afc5417fb7d0a4f0db04524c
2026-06-23T16:43:25.3659912Z [ADMIN] request.handler.failed requestId=68ca37ebc94a4135a0c3afbe9f565957 command=gmNotes.admin.list type=Unauthorized message=Insufficient role.
2026-06-23T16:43:25.3695069Z [ADMIN] request.handler.failed requestId=3efec58da34948229e2ef8e2ab96194f command=gmNotes.admin.create type=Unauthorized message=Insufficient role.
2026-06-23T16:43:25.3725059Z [ADMIN] request.handler.failed requestId=077aca159bf94354bb0c44fd4b56f6fd command=gmNotes.admin.update type=Unauthorized message=Insufficient role.
2026-06-23T16:43:25.3755042Z [ADMIN] request.handler.failed requestId=572e6872909a4f80a47f146df19de0e7 command=gmNotes.admin.archive type=Unauthorized message=Insufficient role.
2026-06-23T16:43:25.3805075Z [ADMIN] request.handler.failed requestId=16dfef4d94304462bad914800a151103 command=eventJournal.admin.create type=Unauthorized message=Insufficient role.
2026-06-23T16:43:25.3835039Z [ADMIN] request.handler.failed requestId=1e638a1c3082459b8d5da260243f8ec7 command=eventJournal.admin.update type=Unauthorized message=Insufficient role.
2026-06-23T16:43:25.3865036Z [ADMIN] request.handler.failed requestId=d428c94fdf084f1ead1641f42f799be6 command=eventJournal.admin.archive type=Unauthorized message=Insufficient role.
2026-06-23T16:43:25.3975071Z [ADMIN] gm.note.create actor=dev_admin campaignId=default noteId=519f4c7d567c4cad97e7d88426810ec6 quick=False
2026-06-23T16:43:25.4525037Z [ADMIN] gm.note.list actor=dev_admin campaignId=default count=4
2026-06-23T16:43:25.4655059Z [ADMIN] journal.event.manual.created entryId=ac57be57b50f46408c658cd44f67da5b campaignId=default sequence=6 category=session
2026-06-23T16:43:25.4975091Z [ADMIN] journal.player.event.list actor=dev_player campaignId=default count=4
2026-06-23T16:43:25.5195063Z [ADMIN] journal.event.manual.created entryId=04af0a6ed2be480bb8dbca18f280129a campaignId=default sequence=7 category=session
2026-06-23T16:43:25.5465055Z [ADMIN] journal.player.event.list actor=dev_player campaignId=default count=4
2026-06-23T16:43:25.5664386Z [ADMIN] journal.player.event.list actor=dev_player campaignId=default count=3
2026-06-23T16:43:25.5868496Z [ADMIN] journal.event.request_created_submitted entryId=c4c4250e88084256afecb99871621020 campaignId=default sequence=8 category=request
2026-06-23T16:43:25.5868496Z [ADMIN] player.request.journal.appended requestId=ccfc948b09a84761aad82cac48bee859 requestNumber=58 sourceEventType=request_created_submitted entryId=c4c4250e88084256afecb99871621020
2026-06-23T16:43:25.5868496Z [ADMIN] player.request.create.done actor=dev_player requestId=ccfc948b09a84761aad82cac48bee859 type=general status=submitted
2026-06-23T16:43:25.6058525Z [ADMIN] journal.event.request_approve entryId=753427d2a2b44a4aa7d3217829a022b8 campaignId=default sequence=9 category=request
2026-06-23T16:43:25.6062532Z [ADMIN] player.request.journal.appended requestId=ccfc948b09a84761aad82cac48bee859 requestNumber=58 sourceEventType=request_approve entryId=753427d2a2b44a4aa7d3217829a022b8
2026-06-23T16:43:25.6062532Z [ADMIN] player.request.approve.done actor=dev_admin requestId=ccfc948b09a84761aad82cac48bee859 status=approved
2026-06-23T16:43:25.6214714Z [ADMIN] journal.player.event.list actor=dev_player campaignId=default count=4
2026-06-23T16:43:25.6393363Z [ADMIN] journal.event.manual.created entryId=635d85f285954e85ae78f066c94fda92 campaignId=default sequence=10 category=custom
2026-06-23T16:43:57.3103111Z [ADMIN] feature_flags.override_set flag=GMNotes.UseGMNotesMvp value=True user=5b7bf422afc5417fb7d0a4f0db04524c
2026-06-23T16:43:57.5591385Z [ADMIN] feature_flags.override_set flag=GMNotes.UseGMQuickNotes value=True user=5b7bf422afc5417fb7d0a4f0db04524c
2026-06-23T16:43:57.7951464Z [ADMIN] feature_flags.override_set flag=GMNotes.UseGMNoteFolders value=True user=5b7bf422afc5417fb7d0a4f0db04524c
2026-06-23T16:43:58.0173203Z [ADMIN] feature_flags.override_set flag=GMNotes.UseGMNoteEntityLinks value=True user=5b7bf422afc5417fb7d0a4f0db04524c
2026-06-23T16:43:58.2468711Z [ADMIN] feature_flags.override_set flag=GMNotes.UseGMNoteSearch value=True user=5b7bf422afc5417fb7d0a4f0db04524c
2026-06-23T16:43:58.5082302Z [ADMIN] feature_flags.override_set flag=GMNotes.UseGMNoteSharedVisibility value=True user=5b7bf422afc5417fb7d0a4f0db04524c
2026-06-23T16:43:58.7208723Z [ADMIN] feature_flags.override_set flag=GMNotes.UseGMNoteAudit value=True user=5b7bf422afc5417fb7d0a4f0db04524c
2026-06-23T16:43:58.9207918Z [ADMIN] feature_flags.override_set flag=EventJournal.UseEventJournalMvp value=True user=5b7bf422afc5417fb7d0a4f0db04524c
2026-06-23T16:43:59.1495473Z [ADMIN] feature_flags.override_set flag=EventJournal.UseEventJournalAutomaticIngestion value=True user=5b7bf422afc5417fb7d0a4f0db04524c
2026-06-23T16:43:59.3519780Z [ADMIN] feature_flags.override_set flag=EventJournal.UseEventJournalManualEntries value=True user=5b7bf422afc5417fb7d0a4f0db04524c
2026-06-23T16:43:59.5298574Z [ADMIN] feature_flags.override_set flag=EventJournal.UseEventJournalPlayerView value=True user=5b7bf422afc5417fb7d0a4f0db04524c
2026-06-23T16:43:59.7301081Z [ADMIN] feature_flags.override_set flag=EventJournal.UseEventJournalFilters value=True user=5b7bf422afc5417fb7d0a4f0db04524c
2026-06-23T16:43:59.9038514Z [ADMIN] feature_flags.override_set flag=EventJournal.UseEventJournalCorrections value=True user=5b7bf422afc5417fb7d0a4f0db04524c
2026-06-23T16:44:00.1105911Z [ADMIN] feature_flags.override_set flag=EventJournal.UseEventJournalRequestIntegration value=True user=5b7bf422afc5417fb7d0a4f0db04524c
2026-06-23T16:44:00.3050286Z [ADMIN] feature_flags.override_set flag=PlayerRequests.UsePlayerRequestsMvp value=True user=5b7bf422afc5417fb7d0a4f0db04524c
2026-06-23T16:44:00.5029708Z [ADMIN] feature_flags.override_set flag=PlayerRequests.UsePlayerRequestComments value=True user=5b7bf422afc5417fb7d0a4f0db04524c
2026-06-23T16:44:00.7129445Z [ADMIN] feature_flags.override_set flag=PlayerRequests.UsePlayerRequestAdminReview value=True user=5b7bf422afc5417fb7d0a4f0db04524c
2026-06-23T16:44:00.9170801Z [ADMIN] feature_flags.override_set flag=PlayerRequests.UsePlayerRequestPlayerView value=True user=5b7bf422afc5417fb7d0a4f0db04524c
2026-06-23T16:44:01.1285635Z [ADMIN] feature_flags.override_set flag=PlayerRequests.UsePlayerRequestCharacterLink value=True user=5b7bf422afc5417fb7d0a4f0db04524c
2026-06-23T16:44:01.3351944Z [ADMIN] feature_flags.override_set flag=PlayerRequests.UsePlayerRequestProposalPayload value=True user=5b7bf422afc5417fb7d0a4f0db04524c
2026-06-23T16:44:02.0162773Z [ADMIN] request.handler.failed requestId=3c685e7b7415456095f5f81afb07238a command=gmNotes.admin.list type=Unauthorized message=Insufficient role.
2026-06-23T16:44:02.0189536Z [ADMIN] request.handler.failed requestId=32b797bb51ca4c908610a1027e24f3b4 command=gmNotes.admin.create type=Unauthorized message=Insufficient role.
2026-06-23T16:44:02.0219524Z [ADMIN] request.handler.failed requestId=ac79c7d7d1f749fba28301b90a290430 command=gmNotes.admin.update type=Unauthorized message=Insufficient role.
2026-06-23T16:44:02.0269537Z [ADMIN] request.handler.failed requestId=6ffb21289ed342049aca6ab3cead7e51 command=gmNotes.admin.archive type=Unauthorized message=Insufficient role.
2026-06-23T16:44:02.0309515Z [ADMIN] request.handler.failed requestId=c405fcff4d594086a3bc8ce6061a88f0 command=eventJournal.admin.create type=Unauthorized message=Insufficient role.
2026-06-23T16:44:02.0339514Z [ADMIN] request.handler.failed requestId=058585ed8c4f409e86e15a0836f6b805 command=eventJournal.admin.update type=Unauthorized message=Insufficient role.
2026-06-23T16:44:02.0379522Z [ADMIN] request.handler.failed requestId=eb8184a7a2294aafa3645b60a9b7173b command=eventJournal.admin.archive type=Unauthorized message=Insufficient role.
2026-06-23T16:44:02.0489529Z [ADMIN] gm.note.create actor=dev_admin campaignId=default noteId=55f08add87924f1cab5bd0638c7d36c4 quick=False
2026-06-23T16:44:02.1049522Z [ADMIN] gm.note.list actor=dev_admin campaignId=default count=5
2026-06-23T16:44:02.1179504Z [ADMIN] journal.event.manual.created entryId=7e9358185f804095b49ab5464a6d0006 campaignId=default sequence=11 category=session
2026-06-23T16:44:02.1553215Z [ADMIN] journal.player.event.list actor=dev_player campaignId=default count=6
2026-06-23T16:44:02.1826029Z [ADMIN] journal.event.manual.created entryId=16c84c063ad747028dfede167a915be5 campaignId=default sequence=12 category=session
2026-06-23T16:44:02.2114166Z [ADMIN] journal.player.event.list actor=dev_player campaignId=default count=6
2026-06-23T16:44:02.2315402Z [ADMIN] journal.player.event.list actor=dev_player campaignId=default count=5
2026-06-23T16:44:02.2551672Z [ADMIN] journal.event.request_created_submitted entryId=800c649bd8be4de0a3398ac0606f5461 campaignId=default sequence=13 category=request
2026-06-23T16:44:02.2551672Z [ADMIN] player.request.journal.appended requestId=d562af54299a417598ea1b4595415b67 requestNumber=59 sourceEventType=request_created_submitted entryId=800c649bd8be4de0a3398ac0606f5461
2026-06-23T16:44:02.2551672Z [ADMIN] player.request.create.done actor=dev_player requestId=d562af54299a417598ea1b4595415b67 type=general status=submitted
2026-06-23T16:44:02.2811653Z [ADMIN] journal.event.request_approve entryId=2630bce687684002984e00a9edf567f0 campaignId=default sequence=14 category=request
2026-06-23T16:44:02.2821637Z [ADMIN] player.request.journal.appended requestId=d562af54299a417598ea1b4595415b67 requestNumber=59 sourceEventType=request_approve entryId=2630bce687684002984e00a9edf567f0
2026-06-23T16:44:02.2821637Z [ADMIN] player.request.approve.done actor=dev_admin requestId=d562af54299a417598ea1b4595415b67 status=approved
2026-06-23T16:44:02.2993107Z [ADMIN] journal.player.event.list actor=dev_player campaignId=default count=6
2026-06-23T16:44:02.3201452Z [ADMIN] journal.event.manual.created entryId=9c82d6980c8e4aae9fd2db70e7944bd9 campaignId=default sequence=15 category=custom
2026-06-23T16:44:45.0193068Z [ADMIN] feature_flags.override_set flag=GMNotes.UseGMNotesMvp value=True user=5b7bf422afc5417fb7d0a4f0db04524c
2026-06-23T16:44:45.3292963Z [ADMIN] feature_flags.override_set flag=GMNotes.UseGMQuickNotes value=True user=5b7bf422afc5417fb7d0a4f0db04524c
2026-06-23T16:44:45.5644855Z [ADMIN] feature_flags.override_set flag=GMNotes.UseGMNoteFolders value=True user=5b7bf422afc5417fb7d0a4f0db04524c
2026-06-23T16:44:45.7748363Z [ADMIN] feature_flags.override_set flag=GMNotes.UseGMNoteEntityLinks value=True user=5b7bf422afc5417fb7d0a4f0db04524c
2026-06-23T16:44:45.9900968Z [ADMIN] feature_flags.override_set flag=GMNotes.UseGMNoteSearch value=True user=5b7bf422afc5417fb7d0a4f0db04524c
2026-06-23T16:44:46.1920378Z [ADMIN] feature_flags.override_set flag=GMNotes.UseGMNoteSharedVisibility value=True user=5b7bf422afc5417fb7d0a4f0db04524c
2026-06-23T16:44:46.3875855Z [ADMIN] feature_flags.override_set flag=GMNotes.UseGMNoteAudit value=True user=5b7bf422afc5417fb7d0a4f0db04524c
2026-06-23T16:44:46.5737238Z [ADMIN] feature_flags.override_set flag=EventJournal.UseEventJournalMvp value=True user=5b7bf422afc5417fb7d0a4f0db04524c
2026-06-23T16:44:46.7574323Z [ADMIN] feature_flags.override_set flag=EventJournal.UseEventJournalAutomaticIngestion value=True user=5b7bf422afc5417fb7d0a4f0db04524c
2026-06-23T16:44:46.9432054Z [ADMIN] feature_flags.override_set flag=EventJournal.UseEventJournalManualEntries value=True user=5b7bf422afc5417fb7d0a4f0db04524c
2026-06-23T16:44:47.1476059Z [ADMIN] feature_flags.override_set flag=EventJournal.UseEventJournalPlayerView value=True user=5b7bf422afc5417fb7d0a4f0db04524c
2026-06-23T16:44:47.3408835Z [ADMIN] feature_flags.override_set flag=EventJournal.UseEventJournalFilters value=True user=5b7bf422afc5417fb7d0a4f0db04524c
2026-06-23T16:44:47.5319471Z [ADMIN] feature_flags.override_set flag=EventJournal.UseEventJournalCorrections value=True user=5b7bf422afc5417fb7d0a4f0db04524c
2026-06-23T16:44:47.7116305Z [ADMIN] feature_flags.override_set flag=EventJournal.UseEventJournalRequestIntegration value=True user=5b7bf422afc5417fb7d0a4f0db04524c
2026-06-23T16:44:47.8924712Z [ADMIN] feature_flags.override_set flag=PlayerRequests.UsePlayerRequestsMvp value=True user=5b7bf422afc5417fb7d0a4f0db04524c
2026-06-23T16:44:48.0781496Z [ADMIN] feature_flags.override_set flag=PlayerRequests.UsePlayerRequestComments value=True user=5b7bf422afc5417fb7d0a4f0db04524c
2026-06-23T16:44:48.2575531Z [ADMIN] feature_flags.override_set flag=PlayerRequests.UsePlayerRequestAdminReview value=True user=5b7bf422afc5417fb7d0a4f0db04524c
2026-06-23T16:44:48.4442640Z [ADMIN] feature_flags.override_set flag=PlayerRequests.UsePlayerRequestPlayerView value=True user=5b7bf422afc5417fb7d0a4f0db04524c
2026-06-23T16:44:48.6284656Z [ADMIN] feature_flags.override_set flag=PlayerRequests.UsePlayerRequestCharacterLink value=True user=5b7bf422afc5417fb7d0a4f0db04524c
2026-06-23T16:44:48.8070556Z [ADMIN] feature_flags.override_set flag=PlayerRequests.UsePlayerRequestProposalPayload value=True user=5b7bf422afc5417fb7d0a4f0db04524c
2026-06-23T16:44:49.3627902Z [ADMIN] dice.feed.common itemsRaw=34
2026-06-23T16:44:49.3827908Z [ADMIN] dice.feed.common itemsMapped=34
2026-06-23T16:44:49.3837900Z [ADMIN] dice.visibleFeed actor=dev_player count=34
2026-06-23T16:44:49.4417918Z [ADMIN] request.handler.failed requestId=0acf886e073d45108ebe96ee263aac52 command=gmNotes.admin.list type=Unauthorized message=Insufficient role.
2026-06-23T16:44:49.4457911Z [ADMIN] request.handler.failed requestId=75e8c338933946f0b4eb0e34f6d4a147 command=gmNotes.admin.create type=Unauthorized message=Insufficient role.
2026-06-23T16:44:49.4487905Z [ADMIN] request.handler.failed requestId=c0973955d22740eea43eb677609c822a command=gmNotes.admin.update type=Unauthorized message=Insufficient role.
2026-06-23T16:44:49.4517921Z [ADMIN] request.handler.failed requestId=2928da4e49ad43e99fe61d2495de1c67 command=gmNotes.admin.archive type=Unauthorized message=Insufficient role.
2026-06-23T16:44:49.4547914Z [ADMIN] request.handler.failed requestId=4f9b880979a34690ba7b43410e9a7235 command=eventJournal.admin.create type=Unauthorized message=Insufficient role.
2026-06-23T16:44:49.4577912Z [ADMIN] request.handler.failed requestId=511a2f4fffd54c8095f47a1f65f5c528 command=eventJournal.admin.update type=Unauthorized message=Insufficient role.
2026-06-23T16:44:49.4607907Z [ADMIN] request.handler.failed requestId=0bc271e737db4704b68d135d9238cb57 command=eventJournal.admin.archive type=Unauthorized message=Insufficient role.
2026-06-23T16:44:49.4687902Z [ADMIN] gm.note.create actor=dev_admin campaignId=default noteId=b4aa0c9a4eb247d18360d0bdc510a75a quick=False
2026-06-23T16:44:49.5180473Z [ADMIN] gm.note.list actor=dev_admin campaignId=default count=6
2026-06-23T16:44:49.5300475Z [ADMIN] journal.event.manual.created entryId=f7a710a2f4c74bf99bdb867c0e6d024e campaignId=default sequence=16 category=session
2026-06-23T16:44:49.5574315Z [ADMIN] journal.player.event.list actor=dev_player campaignId=default count=8
2026-06-23T16:44:49.5764304Z [ADMIN] journal.event.manual.created entryId=6b9b9f0d6a21486eb871d1a4993294ff campaignId=default sequence=17 category=session
2026-06-23T16:44:49.5964638Z [ADMIN] journal.player.event.list actor=dev_player campaignId=default count=8
2026-06-23T16:44:49.6121763Z [ADMIN] journal.player.event.list actor=dev_player campaignId=default count=7
2026-06-23T16:44:49.6309189Z [ADMIN] journal.event.request_created_submitted entryId=a42e3f8541da4a5bb71a695802d16068 campaignId=default sequence=18 category=request
2026-06-23T16:44:49.6309189Z [ADMIN] player.request.journal.appended requestId=5857214118904bb39ce3c6bea29f3327 requestNumber=60 sourceEventType=request_created_submitted entryId=a42e3f8541da4a5bb71a695802d16068
2026-06-23T16:44:49.6319198Z [ADMIN] player.request.create.done actor=dev_player requestId=5857214118904bb39ce3c6bea29f3327 type=general status=submitted
2026-06-23T16:44:49.6479189Z [ADMIN] journal.event.request_approve entryId=bdb62693dbc74c3fa10c78d4ab3a16e2 campaignId=default sequence=19 category=request
2026-06-23T16:44:49.6489187Z [ADMIN] player.request.journal.appended requestId=5857214118904bb39ce3c6bea29f3327 requestNumber=60 sourceEventType=request_approve entryId=bdb62693dbc74c3fa10c78d4ab3a16e2
2026-06-23T16:44:49.6489187Z [ADMIN] player.request.approve.done actor=dev_admin requestId=5857214118904bb39ce3c6bea29f3327 status=approved
2026-06-23T16:44:49.6619200Z [ADMIN] journal.player.event.list actor=dev_player campaignId=default count=8
2026-06-23T16:44:49.6794774Z [ADMIN] journal.event.manual.created entryId=527bda5c41d541bf840537d4b5e906db campaignId=default sequence=20 category=custom
2026-06-23T16:47:35.5212186Z [ADMIN] feature_flags.override_set flag=GMNotes.UseGMNotesMvp value=True user=5b7bf422afc5417fb7d0a4f0db04524c
2026-06-23T16:47:35.7101779Z [ADMIN] feature_flags.override_set flag=GMNotes.UseGMQuickNotes value=True user=5b7bf422afc5417fb7d0a4f0db04524c
2026-06-23T16:47:35.8999635Z [ADMIN] feature_flags.override_set flag=GMNotes.UseGMNoteFolders value=True user=5b7bf422afc5417fb7d0a4f0db04524c
2026-06-23T16:47:36.0898472Z [ADMIN] feature_flags.override_set flag=GMNotes.UseGMNoteEntityLinks value=True user=5b7bf422afc5417fb7d0a4f0db04524c
2026-06-23T16:47:36.2807975Z [ADMIN] feature_flags.override_set flag=GMNotes.UseGMNoteSearch value=True user=5b7bf422afc5417fb7d0a4f0db04524c
2026-06-23T16:47:36.4696081Z [ADMIN] feature_flags.override_set flag=GMNotes.UseGMNoteSharedVisibility value=True user=5b7bf422afc5417fb7d0a4f0db04524c
2026-06-23T16:47:36.6469763Z [ADMIN] feature_flags.override_set flag=GMNotes.UseGMNoteAudit value=True user=5b7bf422afc5417fb7d0a4f0db04524c
2026-06-23T16:47:36.8172481Z [ADMIN] feature_flags.override_set flag=EventJournal.UseEventJournalMvp value=True user=5b7bf422afc5417fb7d0a4f0db04524c
2026-06-23T16:47:36.9895884Z [ADMIN] feature_flags.override_set flag=EventJournal.UseEventJournalAutomaticIngestion value=True user=5b7bf422afc5417fb7d0a4f0db04524c
2026-06-23T16:47:37.1592049Z [ADMIN] feature_flags.override_set flag=EventJournal.UseEventJournalManualEntries value=True user=5b7bf422afc5417fb7d0a4f0db04524c
2026-06-23T16:47:37.3348449Z [ADMIN] feature_flags.override_set flag=EventJournal.UseEventJournalPlayerView value=True user=5b7bf422afc5417fb7d0a4f0db04524c
2026-06-23T16:47:37.5136874Z [ADMIN] feature_flags.override_set flag=EventJournal.UseEventJournalFilters value=True user=5b7bf422afc5417fb7d0a4f0db04524c
2026-06-23T16:47:37.6845817Z [ADMIN] feature_flags.override_set flag=EventJournal.UseEventJournalCorrections value=True user=5b7bf422afc5417fb7d0a4f0db04524c
2026-06-23T16:47:37.8566496Z [ADMIN] feature_flags.override_set flag=EventJournal.UseEventJournalRequestIntegration value=True user=5b7bf422afc5417fb7d0a4f0db04524c
2026-06-23T16:47:38.0291123Z [ADMIN] feature_flags.override_set flag=PlayerRequests.UsePlayerRequestsMvp value=True user=5b7bf422afc5417fb7d0a4f0db04524c
2026-06-23T16:47:38.1981151Z [ADMIN] feature_flags.override_set flag=PlayerRequests.UsePlayerRequestComments value=True user=5b7bf422afc5417fb7d0a4f0db04524c
2026-06-23T16:47:38.3624156Z [ADMIN] feature_flags.override_set flag=PlayerRequests.UsePlayerRequestAdminReview value=True user=5b7bf422afc5417fb7d0a4f0db04524c
2026-06-23T16:47:38.5346347Z [ADMIN] feature_flags.override_set flag=PlayerRequests.UsePlayerRequestPlayerView value=True user=5b7bf422afc5417fb7d0a4f0db04524c
2026-06-23T16:47:38.7067896Z [ADMIN] feature_flags.override_set flag=PlayerRequests.UsePlayerRequestCharacterLink value=True user=5b7bf422afc5417fb7d0a4f0db04524c
2026-06-23T16:47:38.8790288Z [ADMIN] feature_flags.override_set flag=PlayerRequests.UsePlayerRequestProposalPayload value=True user=5b7bf422afc5417fb7d0a4f0db04524c
2026-06-23T16:47:39.3834021Z [ADMIN] dice.feed.common itemsRaw=34
2026-06-23T16:47:39.4014427Z [ADMIN] dice.feed.common itemsMapped=34
2026-06-23T16:47:39.4014427Z [ADMIN] dice.visibleFeed actor=dev_player count=34
2026-06-23T16:47:39.4591779Z [ADMIN] request.handler.failed requestId=f2e2b742838a4326bbee6c73e54a67f1 command=gmNotes.admin.list type=Unauthorized message=Insufficient role.
2026-06-23T16:47:39.4621781Z [ADMIN] request.handler.failed requestId=305fa4f1ac3c4008859f7501915bb8eb command=gmNotes.admin.create type=Unauthorized message=Insufficient role.
2026-06-23T16:47:39.4647669Z [ADMIN] request.handler.failed requestId=ac3ca0510442407eb7371c629fff0df7 command=gmNotes.admin.update type=Unauthorized message=Insufficient role.
2026-06-23T16:47:39.4677655Z [ADMIN] request.handler.failed requestId=befb392b0cb840c3aaa26f3d0843d4ec command=gmNotes.admin.archive type=Unauthorized message=Insufficient role.
2026-06-23T16:47:39.4707669Z [ADMIN] request.handler.failed requestId=58b14dbfaf584c9cb04f1456efd4329b command=eventJournal.admin.create type=Unauthorized message=Insufficient role.
2026-06-23T16:47:39.4737684Z [ADMIN] request.handler.failed requestId=f6a509cc1d8d4b3e8bf1e9e11ce7022b command=eventJournal.admin.update type=Unauthorized message=Insufficient role.
2026-06-23T16:47:39.4767664Z [ADMIN] request.handler.failed requestId=f081cda0255f4466b5f19819a9adca6e command=eventJournal.admin.archive type=Unauthorized message=Insufficient role.
2026-06-23T16:47:39.4837682Z [ADMIN] gm.note.create actor=dev_admin campaignId=default noteId=299d5eee729b4c77b74a9bed6b6367c9 quick=False
2026-06-23T16:47:39.5308337Z [ADMIN] gm.note.list actor=dev_admin campaignId=default count=7
2026-06-23T16:47:39.5418336Z [ADMIN] journal.event.manual.created entryId=baa8084c75d5474aa8b6cf778514659d campaignId=default sequence=21 category=session
2026-06-23T16:47:39.5661603Z [ADMIN] journal.player.event.list actor=dev_player campaignId=default count=10
2026-06-23T16:47:39.5835686Z [ADMIN] journal.event.manual.created entryId=9cb8aff8f7a34a4ea6953c0bc5279613 campaignId=default sequence=22 category=session
2026-06-23T16:47:39.6035677Z [ADMIN] journal.player.event.list actor=dev_player campaignId=default count=10
2026-06-23T16:47:39.6185668Z [ADMIN] journal.player.event.list actor=dev_player campaignId=default count=9
2026-06-23T16:47:39.6365676Z [ADMIN] journal.event.request_created_submitted entryId=bb33ae0d9166459ea5f37506a19b562c campaignId=default sequence=23 category=request
2026-06-23T16:47:39.6365676Z [ADMIN] player.request.journal.appended requestId=3442faeb87984289b4393bf49e0d5417 requestNumber=61 sourceEventType=request_created_submitted entryId=bb33ae0d9166459ea5f37506a19b562c
2026-06-23T16:47:39.6365676Z [ADMIN] player.request.create.done actor=dev_player requestId=3442faeb87984289b4393bf49e0d5417 type=general status=submitted
2026-06-23T16:47:39.6505665Z [ADMIN] journal.event.request_approve entryId=6c1e1705607c4f5189efe55a0804e089 campaignId=default sequence=24 category=request
2026-06-23T16:47:39.6515686Z [ADMIN] player.request.journal.appended requestId=3442faeb87984289b4393bf49e0d5417 requestNumber=61 sourceEventType=request_approve entryId=6c1e1705607c4f5189efe55a0804e089
2026-06-23T16:47:39.6515686Z [ADMIN] player.request.approve.done actor=dev_admin requestId=3442faeb87984289b4393bf49e0d5417 status=approved
2026-06-23T16:47:39.6615671Z [ADMIN] journal.player.event.list actor=dev_player campaignId=default count=10
2026-06-23T16:47:39.6765682Z [ADMIN] journal.event.manual.created entryId=6b5d4272fbf1492c980f409f803ecf32 campaignId=default sequence=25 category=custom
2026-06-23T16:48:21.0136626Z [ADMIN] admin.accounts.pending actor=dev_admin count=0
2026-06-23T16:48:21.1656577Z [ADMIN] dice.feed.common itemsRaw=34
2026-06-23T16:48:21.1826569Z [ADMIN] dice.feed.common itemsMapped=34
2026-06-23T16:48:21.1826569Z [ADMIN] dice.visibleFeed actor=dev_admin count=34
2026-06-23T16:48:21.2670332Z [ADMIN] dice.feed.common itemsRaw=34
2026-06-23T16:48:21.2850318Z [ADMIN] dice.feed.common itemsMapped=34
2026-06-23T16:48:21.2850318Z [ADMIN] dice.visibleFeed actor=dev_admin count=34
2026-06-23T16:48:24.1153842Z [ADMIN] crafting.command.disabled command=crafting.player.recipe.list
2026-06-23T16:48:24.3066848Z [ADMIN] progression.available.skills actor=dev_player count=12
2026-06-23T16:48:24.3165672Z [ADMIN] character.skills.get auth actor=dev_player characterId=fbd8a7b8e9a74810becc233f30fe9160 ownerCheck=True allowed=True
2026-06-23T16:48:24.3244340Z [ADMIN] character.skills.get actor=dev_player characterId=fbd8a7b8e9a74810becc233f30fe9160 count=11 profileFirst=true
2026-06-23T16:48:24.3638267Z [ADMIN] dice.feed.common itemsRaw=34
2026-06-23T16:48:24.3803598Z [ADMIN] dice.feed.common itemsMapped=34
2026-06-23T16:48:24.3803598Z [ADMIN] dice.visibleFeed actor=dev_player count=34
2026-06-23T16:48:24.4297774Z [ADMIN] dice.test.getCurrent actor=dev_player userId=0584ae33047742a18f657d4ca9c86a01 found=False
2026-06-23T16:48:24.4533601Z [ADMIN] request.handler.failed requestId=71660266f1fa41c697e1bb904a081a3a command=system.featureFlags.snapshot type=Unauthorized message=Insufficient role.
2026-06-23T16:48:24.4575885Z [ADMIN] request.handler.failed requestId=489b0da435864525a11df9d8ecb37e7e command=system.featureFlags.snapshot type=Unauthorized message=Insufficient role.
2026-06-23T16:48:24.4605879Z [ADMIN] request.handler.failed requestId=abcb138f74694cba916c3baed992008d command=system.featureFlags.snapshot type=Unauthorized message=Insufficient role.
2026-06-23T16:48:24.4709981Z [ADMIN] request.handler.failed requestId=f52913695e33496d9f9b205061a23af6 command=system.featureFlags.snapshot type=Unauthorized message=Insufficient role.
2026-06-23T16:48:24.4750021Z [ADMIN] request.handler.failed requestId=ea96c1b49d71440490faaa699b3aa273 command=system.featureFlags.snapshot type=Unauthorized message=Insufficient role.
2026-06-23T16:48:31.0129012Z [ADMIN] admin.accounts.pending actor=dev_admin count=0
2026-06-23T16:48:31.1370089Z [ADMIN] dice.feed.common itemsRaw=34
2026-06-23T16:48:31.1537223Z [ADMIN] dice.feed.common itemsMapped=34
2026-06-23T16:48:31.1537223Z [ADMIN] dice.visibleFeed actor=dev_admin count=34
2026-06-23T16:48:31.2122576Z [ADMIN] dice.feed.common itemsRaw=34
2026-06-23T16:48:31.2302582Z [ADMIN] dice.feed.common itemsMapped=34
2026-06-23T16:48:31.2302582Z [ADMIN] dice.visibleFeed actor=dev_admin count=34
2026-06-23T16:48:32.5042944Z [ADMIN] dice.feed.common itemsRaw=34
2026-06-23T16:48:32.5203405Z [ADMIN] dice.feed.common itemsMapped=34
2026-06-23T16:48:32.5213440Z [ADMIN] dice.visibleFeed actor=dev_player count=34
2026-06-23T16:48:32.5663514Z [ADMIN] dice.test.getCurrent actor=dev_player userId=0584ae33047742a18f657d4ca9c86a01 found=False
2026-06-23T16:48:40.5964919Z [ADMIN] dice.feed.common itemsRaw=34
2026-06-23T16:48:40.6124943Z [ADMIN] dice.feed.common itemsMapped=34
2026-06-23T16:48:40.6124943Z [ADMIN] dice.visibleFeed actor=dev_player count=34
2026-06-23T16:48:40.6580980Z [ADMIN] dice.test.getCurrent actor=dev_player userId=0584ae33047742a18f657d4ca9c86a01 found=False
2026-06-23T16:48:41.3036526Z [ADMIN] admin.accounts.pending actor=dev_admin count=0
2026-06-23T16:48:41.4300721Z [ADMIN] dice.feed.common itemsRaw=34
2026-06-23T16:48:41.4490732Z [ADMIN] dice.feed.common itemsMapped=34
2026-06-23T16:48:41.4490732Z [ADMIN] dice.visibleFeed actor=dev_admin count=34
2026-06-23T16:48:41.5160747Z [ADMIN] dice.feed.common itemsRaw=34
2026-06-23T16:48:41.5320704Z [ADMIN] dice.feed.common itemsMapped=34
2026-06-23T16:48:41.5330695Z [ADMIN] dice.visibleFeed actor=dev_admin count=34
2026-06-23T16:48:48.6835821Z [ADMIN] dice.feed.common itemsRaw=34
2026-06-23T16:48:48.7010604Z [ADMIN] dice.feed.common itemsMapped=34
2026-06-23T16:48:48.7010604Z [ADMIN] dice.visibleFeed actor=dev_player count=34
2026-06-23T16:48:48.7436806Z [ADMIN] dice.test.getCurrent actor=dev_player userId=0584ae33047742a18f657d4ca9c86a01 found=False
2026-06-23T16:48:51.6059485Z [ADMIN] admin.accounts.pending actor=dev_admin count=0
2026-06-23T16:48:51.7363148Z [ADMIN] dice.feed.common itemsRaw=34
2026-06-23T16:48:51.7549090Z [ADMIN] dice.feed.common itemsMapped=34
2026-06-23T16:48:51.7549090Z [ADMIN] dice.visibleFeed actor=dev_admin count=34
2026-06-23T16:48:51.8172783Z [ADMIN] dice.feed.common itemsRaw=34
2026-06-23T16:48:51.8352798Z [ADMIN] dice.feed.common itemsMapped=34
2026-06-23T16:48:51.8362786Z [ADMIN] dice.visibleFeed actor=dev_admin count=34
2026-06-23T16:48:56.7776255Z [ADMIN] dice.feed.common itemsRaw=34
2026-06-23T16:48:56.7955617Z [ADMIN] dice.feed.common itemsMapped=34
2026-06-23T16:48:56.7955617Z [ADMIN] dice.visibleFeed actor=dev_player count=34
2026-06-23T16:48:56.8387836Z [ADMIN] dice.test.getCurrent actor=dev_player userId=0584ae33047742a18f657d4ca9c86a01 found=False
2026-06-23T16:49:01.9127727Z [ADMIN] admin.accounts.pending actor=dev_admin count=0
2026-06-23T16:49:02.0436584Z [ADMIN] dice.feed.common itemsRaw=34
2026-06-23T16:49:02.0606581Z [ADMIN] dice.feed.common itemsMapped=34
2026-06-23T16:49:02.0606581Z [ADMIN] dice.visibleFeed actor=dev_admin count=34
2026-06-23T16:49:02.1214422Z [ADMIN] dice.feed.common itemsRaw=34
2026-06-23T16:49:02.1397716Z [ADMIN] dice.feed.common itemsMapped=34
2026-06-23T16:49:02.1403057Z [ADMIN] dice.visibleFeed actor=dev_admin count=34
2026-06-23T16:49:15.7149130Z [ADMIN] feature_flags.override_set flag=GMNotes.UseGMNotesMvp value=True user=5b7bf422afc5417fb7d0a4f0db04524c
2026-06-23T16:49:15.9031128Z [ADMIN] feature_flags.override_set flag=GMNotes.UseGMQuickNotes value=True user=5b7bf422afc5417fb7d0a4f0db04524c
2026-06-23T16:49:16.0866155Z [ADMIN] feature_flags.override_set flag=GMNotes.UseGMNoteFolders value=True user=5b7bf422afc5417fb7d0a4f0db04524c
2026-06-23T16:49:16.2698037Z [ADMIN] feature_flags.override_set flag=GMNotes.UseGMNoteEntityLinks value=True user=5b7bf422afc5417fb7d0a4f0db04524c
2026-06-23T16:49:16.4541212Z [ADMIN] feature_flags.override_set flag=GMNotes.UseGMNoteSearch value=True user=5b7bf422afc5417fb7d0a4f0db04524c
2026-06-23T16:49:16.6383043Z [ADMIN] feature_flags.override_set flag=GMNotes.UseGMNoteSharedVisibility value=True user=5b7bf422afc5417fb7d0a4f0db04524c
2026-06-23T16:49:16.8106931Z [ADMIN] feature_flags.override_set flag=GMNotes.UseGMNoteAudit value=True user=5b7bf422afc5417fb7d0a4f0db04524c
2026-06-23T16:49:16.9807641Z [ADMIN] feature_flags.override_set flag=EventJournal.UseEventJournalMvp value=True user=5b7bf422afc5417fb7d0a4f0db04524c
2026-06-23T16:49:17.1479560Z [ADMIN] feature_flags.override_set flag=EventJournal.UseEventJournalAutomaticIngestion value=True user=5b7bf422afc5417fb7d0a4f0db04524c
2026-06-23T16:49:17.3151839Z [ADMIN] feature_flags.override_set flag=EventJournal.UseEventJournalManualEntries value=True user=5b7bf422afc5417fb7d0a4f0db04524c
2026-06-23T16:49:17.4817060Z [ADMIN] feature_flags.override_set flag=EventJournal.UseEventJournalPlayerView value=True user=5b7bf422afc5417fb7d0a4f0db04524c
2026-06-23T16:49:17.6552708Z [ADMIN] feature_flags.override_set flag=EventJournal.UseEventJournalFilters value=True user=5b7bf422afc5417fb7d0a4f0db04524c
2026-06-23T16:49:17.8241099Z [ADMIN] feature_flags.override_set flag=EventJournal.UseEventJournalCorrections value=True user=5b7bf422afc5417fb7d0a4f0db04524c
2026-06-23T16:49:17.9936773Z [ADMIN] feature_flags.override_set flag=EventJournal.UseEventJournalRequestIntegration value=True user=5b7bf422afc5417fb7d0a4f0db04524c
2026-06-23T16:49:18.1603370Z [ADMIN] feature_flags.override_set flag=PlayerRequests.UsePlayerRequestsMvp value=True user=5b7bf422afc5417fb7d0a4f0db04524c
2026-06-23T16:49:18.3225839Z [ADMIN] feature_flags.override_set flag=PlayerRequests.UsePlayerRequestComments value=True user=5b7bf422afc5417fb7d0a4f0db04524c
2026-06-23T16:49:18.4899359Z [ADMIN] feature_flags.override_set flag=PlayerRequests.UsePlayerRequestAdminReview value=True user=5b7bf422afc5417fb7d0a4f0db04524c
2026-06-23T16:49:18.6529119Z [ADMIN] feature_flags.override_set flag=PlayerRequests.UsePlayerRequestPlayerView value=True user=5b7bf422afc5417fb7d0a4f0db04524c
2026-06-23T16:49:18.8177015Z [ADMIN] feature_flags.override_set flag=PlayerRequests.UsePlayerRequestCharacterLink value=True user=5b7bf422afc5417fb7d0a4f0db04524c
2026-06-23T16:49:18.9927186Z [ADMIN] feature_flags.override_set flag=PlayerRequests.UsePlayerRequestProposalPayload value=True user=5b7bf422afc5417fb7d0a4f0db04524c
2026-06-23T16:49:19.5035292Z [ADMIN] dice.feed.common itemsRaw=34
2026-06-23T16:49:19.5205433Z [ADMIN] dice.feed.common itemsMapped=34
2026-06-23T16:49:19.5210673Z [ADMIN] dice.visibleFeed actor=dev_player count=34
2026-06-23T16:49:19.5763883Z [ADMIN] request.handler.failed requestId=eac283997aa34c3c860a1ce4da5c9f86 command=gmNotes.admin.list type=Unauthorized message=Insufficient role.
2026-06-23T16:49:19.5790842Z [ADMIN] request.handler.failed requestId=d06963d8ebf1470097267c38d04d37ae command=gmNotes.admin.create type=Unauthorized message=Insufficient role.
2026-06-23T16:49:19.5817445Z [ADMIN] request.handler.failed requestId=601f579968a344c59d23ae1ca397554a command=gmNotes.admin.update type=Unauthorized message=Insufficient role.
2026-06-23T16:49:19.5847560Z [ADMIN] request.handler.failed requestId=d95aca0c8ef84c4995711f601c1e6b3c command=gmNotes.admin.archive type=Unauthorized message=Insufficient role.
2026-06-23T16:49:19.5877548Z [ADMIN] request.handler.failed requestId=d99d9e242ceb4fabb67264dc0cfec156 command=eventJournal.admin.create type=Unauthorized message=Insufficient role.
2026-06-23T16:49:19.5912692Z [ADMIN] request.handler.failed requestId=28f847448ac54cc5993093a5da1b00d6 command=eventJournal.admin.update type=Unauthorized message=Insufficient role.
2026-06-23T16:49:19.5944574Z [ADMIN] request.handler.failed requestId=b23ccf4f80d9451fa9355e1ea67b94bc command=eventJournal.admin.archive type=Unauthorized message=Insufficient role.
2026-06-23T16:49:19.6018072Z [ADMIN] gm.note.create actor=dev_admin campaignId=default noteId=ef6f4fda9a7242a6a4140be8f17bf39e quick=False
2026-06-23T16:49:19.6486203Z [ADMIN] gm.note.list actor=dev_admin campaignId=default count=8
2026-06-23T16:49:19.6602678Z [ADMIN] journal.event.manual.created entryId=04003d1fb75c4ba6aa1e9b6ee6d0ab06 campaignId=default sequence=26 category=session
2026-06-23T16:49:19.6878116Z [ADMIN] journal.player.event.list actor=dev_player campaignId=default count=12
2026-06-23T16:49:19.7088130Z [ADMIN] journal.event.manual.created entryId=f1d1f05cd5454663a8f48ecf8989f085 campaignId=default sequence=27 category=session
2026-06-23T16:49:19.7278124Z [ADMIN] journal.player.event.list actor=dev_player campaignId=default count=12
2026-06-23T16:49:19.7431254Z [ADMIN] journal.player.event.list actor=dev_player campaignId=default count=11
2026-06-23T16:49:19.7617128Z [ADMIN] journal.event.request_created_submitted entryId=695f7e921307454e8e33bc2861c25cf0 campaignId=default sequence=28 category=request
2026-06-23T16:49:19.7627106Z [ADMIN] player.request.journal.appended requestId=b46dc3e9166d4957a177c6b18c5a8789 requestNumber=62 sourceEventType=request_created_submitted entryId=695f7e921307454e8e33bc2861c25cf0
2026-06-23T16:49:19.7627106Z [ADMIN] player.request.create.done actor=dev_player requestId=b46dc3e9166d4957a177c6b18c5a8789 type=general status=submitted
2026-06-23T16:49:19.7779674Z [ADMIN] journal.event.request_approve entryId=16426c53c46242d99ea86af476153880 campaignId=default sequence=29 category=request
2026-06-23T16:49:19.7779674Z [ADMIN] player.request.journal.appended requestId=b46dc3e9166d4957a177c6b18c5a8789 requestNumber=62 sourceEventType=request_approve entryId=16426c53c46242d99ea86af476153880
2026-06-23T16:49:19.7779674Z [ADMIN] player.request.approve.done actor=dev_admin requestId=b46dc3e9166d4957a177c6b18c5a8789 status=approved
2026-06-23T16:49:19.7892855Z [ADMIN] journal.player.event.list actor=dev_player campaignId=default count=12
2026-06-23T16:49:19.8045517Z [ADMIN] journal.event.manual.created entryId=588a4fad805d4d7fa48f0ffcccda03b8 campaignId=default sequence=30 category=custom
2026-06-23T16:49:50.8801219Z [ADMIN] admin.accounts.pending actor=dev_admin count=0
2026-06-23T16:49:51.0246998Z [ADMIN] dice.feed.common itemsRaw=34
2026-06-23T16:49:51.0396991Z [ADMIN] dice.feed.common itemsMapped=34
2026-06-23T16:49:51.0396991Z [ADMIN] dice.visibleFeed actor=dev_admin count=34
2026-06-23T16:49:51.1087957Z [ADMIN] dice.feed.common itemsRaw=34
2026-06-23T16:49:51.1247023Z [ADMIN] dice.feed.common itemsMapped=34
2026-06-23T16:49:51.1257700Z [ADMIN] dice.visibleFeed actor=dev_admin count=34
2026-06-23T16:49:53.8723594Z [ADMIN] crafting.command.disabled command=crafting.player.recipe.list
2026-06-23T16:49:53.9591927Z [ADMIN] progression.available.skills actor=dev_player count=12
2026-06-23T16:49:53.9651951Z [ADMIN] character.skills.get auth actor=dev_player characterId=fbd8a7b8e9a74810becc233f30fe9160 ownerCheck=True allowed=True
2026-06-23T16:49:53.9665916Z [ADMIN] character.skills.get actor=dev_player characterId=fbd8a7b8e9a74810becc233f30fe9160 count=11 profileFirst=true
2026-06-23T16:49:54.0071934Z [ADMIN] dice.feed.common itemsRaw=34
2026-06-23T16:49:54.0231926Z [ADMIN] dice.feed.common itemsMapped=34
2026-06-23T16:49:54.0231926Z [ADMIN] dice.visibleFeed actor=dev_player count=34
2026-06-23T16:49:54.0701938Z [ADMIN] dice.test.getCurrent actor=dev_player userId=0584ae33047742a18f657d4ca9c86a01 found=False
2026-06-23T16:49:54.0921957Z [ADMIN] request.handler.failed requestId=66ad3c3c04264a999d55b60bab5f8030 command=system.featureFlags.snapshot type=Unauthorized message=Insufficient role.
2026-06-23T16:49:54.0961924Z [ADMIN] request.handler.failed requestId=bbfcf0501537498ab62b2f41739633c1 command=system.featureFlags.snapshot type=Unauthorized message=Insufficient role.
2026-06-23T16:49:54.1005272Z [ADMIN] request.handler.failed requestId=8e80baf2ffc547ba9eacfcb3b3326c79 command=system.featureFlags.snapshot type=Unauthorized message=Insufficient role.
2026-06-23T16:49:54.1095274Z [ADMIN] request.handler.failed requestId=c8f1be2c80994b42aa57e6ba9033a193 command=system.featureFlags.snapshot type=Unauthorized message=Insufficient role.
2026-06-23T16:49:54.1135279Z [ADMIN] request.handler.failed requestId=869145c9fdc04aa0b0a5f52603cffff2 command=system.featureFlags.snapshot type=Unauthorized message=Insufficient role.
2026-06-23T16:50:00.8696309Z [ADMIN] admin.accounts.pending actor=dev_admin count=0
2026-06-23T16:50:01.0079968Z [ADMIN] dice.feed.common itemsRaw=34
2026-06-23T16:50:01.0248973Z [ADMIN] dice.feed.common itemsMapped=34
2026-06-23T16:50:01.0248973Z [ADMIN] dice.visibleFeed actor=dev_admin count=34
2026-06-23T16:50:01.0924134Z [ADMIN] dice.feed.common itemsRaw=34
2026-06-23T16:50:01.1094116Z [ADMIN] dice.feed.common itemsMapped=34
2026-06-23T16:50:01.1094116Z [ADMIN] dice.visibleFeed actor=dev_admin count=34
2026-06-23T16:50:02.1453727Z [ADMIN] dice.feed.common itemsRaw=34
2026-06-23T16:50:02.1624960Z [ADMIN] dice.feed.common itemsMapped=34
2026-06-23T16:50:02.1630227Z [ADMIN] dice.visibleFeed actor=dev_player count=34
2026-06-23T16:50:02.2055965Z [ADMIN] dice.test.getCurrent actor=dev_player userId=0584ae33047742a18f657d4ca9c86a01 found=False
2026-06-23T16:50:10.2317112Z [ADMIN] dice.feed.common itemsRaw=34
2026-06-23T16:50:10.2487182Z [ADMIN] dice.feed.common itemsMapped=34
2026-06-23T16:50:10.2487182Z [ADMIN] dice.visibleFeed actor=dev_player count=34
2026-06-23T16:50:10.2921562Z [ADMIN] dice.test.getCurrent actor=dev_player userId=0584ae33047742a18f657d4ca9c86a01 found=False
2026-06-23T16:50:11.1830797Z [ADMIN] admin.accounts.pending actor=dev_admin count=0
2026-06-23T16:50:11.3136243Z [ADMIN] dice.feed.common itemsRaw=34
2026-06-23T16:50:11.3309690Z [ADMIN] dice.feed.common itemsMapped=34
2026-06-23T16:50:11.3309690Z [ADMIN] dice.visibleFeed actor=dev_admin count=34
2026-06-23T16:50:11.3915865Z [ADMIN] dice.feed.common itemsRaw=34
2026-06-23T16:50:11.4086942Z [ADMIN] dice.feed.common itemsMapped=34
2026-06-23T16:50:11.4086942Z [ADMIN] dice.visibleFeed actor=dev_admin count=34
2026-06-23T16:50:18.3341120Z [ADMIN] dice.feed.common itemsRaw=34
2026-06-23T16:50:18.3511133Z [ADMIN] dice.feed.common itemsMapped=34
2026-06-23T16:50:18.3511133Z [ADMIN] dice.visibleFeed actor=dev_player count=34
2026-06-23T16:50:18.3951044Z [ADMIN] dice.test.getCurrent actor=dev_player userId=0584ae33047742a18f657d4ca9c86a01 found=False
2026-06-23T16:50:21.4960924Z [ADMIN] admin.accounts.pending actor=dev_admin count=0
2026-06-23T16:50:21.6219029Z [ADMIN] dice.feed.common itemsRaw=34
2026-06-23T16:50:21.6392851Z [ADMIN] dice.feed.common itemsMapped=34
2026-06-23T16:50:21.6397899Z [ADMIN] dice.visibleFeed actor=dev_admin count=34
2026-06-23T16:50:21.7015715Z [ADMIN] dice.feed.common itemsRaw=34
2026-06-23T16:50:21.7183733Z [ADMIN] dice.feed.common itemsMapped=34
2026-06-23T16:50:21.7183733Z [ADMIN] dice.visibleFeed actor=dev_admin count=34
2026-06-23T16:50:26.4192606Z [ADMIN] dice.feed.common itemsRaw=34
2026-06-23T16:50:26.4352858Z [ADMIN] dice.feed.common itemsMapped=34
2026-06-23T16:50:26.4352858Z [ADMIN] dice.visibleFeed actor=dev_player count=34
2026-06-23T16:50:26.4776713Z [ADMIN] dice.test.getCurrent actor=dev_player userId=0584ae33047742a18f657d4ca9c86a01 found=False
2026-06-23T16:50:31.8104660Z [ADMIN] admin.accounts.pending actor=dev_admin count=0
2026-06-23T16:50:31.9315740Z [ADMIN] dice.feed.common itemsRaw=34
2026-06-23T16:50:31.9475170Z [ADMIN] dice.feed.common itemsMapped=34
2026-06-23T16:50:31.9485073Z [ADMIN] dice.visibleFeed actor=dev_admin count=34
2026-06-23T16:50:32.0069655Z [ADMIN] dice.feed.common itemsRaw=34
2026-06-23T16:50:32.0235724Z [ADMIN] dice.feed.common itemsMapped=34
2026-06-23T16:50:32.0247771Z [ADMIN] dice.visibleFeed actor=dev_admin count=34
2026-06-23T16:50:34.5135035Z [ADMIN] dice.feed.common itemsRaw=34
2026-06-23T16:50:34.5301512Z [ADMIN] dice.feed.common itemsMapped=34
2026-06-23T16:50:34.5301512Z [ADMIN] dice.visibleFeed actor=dev_player count=34
2026-06-23T16:50:34.5758825Z [ADMIN] dice.test.getCurrent actor=dev_player userId=0584ae33047742a18f657d4ca9c86a01 found=False
2026-06-23T16:50:42.1000059Z [ADMIN] admin.accounts.pending actor=dev_admin count=0
2026-06-23T16:50:42.2329097Z [ADMIN] dice.feed.common itemsRaw=34
2026-06-23T16:50:42.2499110Z [ADMIN] dice.feed.common itemsMapped=34
2026-06-23T16:50:42.2509117Z [ADMIN] dice.visibleFeed actor=dev_admin count=34
2026-06-23T16:50:42.3139095Z [ADMIN] dice.feed.common itemsRaw=34
2026-06-23T16:50:42.3300577Z [ADMIN] dice.feed.common itemsMapped=34
2026-06-23T16:50:42.3305881Z [ADMIN] dice.visibleFeed actor=dev_admin count=34
2026-06-23T16:50:42.6096020Z [ADMIN] dice.feed.common itemsRaw=34
2026-06-23T16:50:42.6267569Z [ADMIN] dice.feed.common itemsMapped=34
2026-06-23T16:50:42.6267569Z [ADMIN] dice.visibleFeed actor=dev_player count=34
2026-06-23T16:50:42.6774988Z [ADMIN] dice.test.getCurrent actor=dev_player userId=0584ae33047742a18f657d4ca9c86a01 found=False
2026-06-23T16:50:50.7012791Z [ADMIN] dice.feed.common itemsRaw=34
2026-06-23T16:50:50.7188834Z [ADMIN] dice.feed.common itemsMapped=34
2026-06-23T16:50:50.7194161Z [ADMIN] dice.visibleFeed actor=dev_player count=34
2026-06-23T16:50:50.7626117Z [ADMIN] dice.test.getCurrent actor=dev_player userId=0584ae33047742a18f657d4ca9c86a01 found=False
2026-06-23T16:50:52.3968756Z [ADMIN] admin.accounts.pending actor=dev_admin count=0
2026-06-23T16:50:52.5244486Z [ADMIN] dice.feed.common itemsRaw=34
2026-06-23T16:50:52.5404477Z [ADMIN] dice.feed.common itemsMapped=34
2026-06-23T16:50:52.5414489Z [ADMIN] dice.visibleFeed actor=dev_admin count=34
2026-06-23T16:50:52.5974490Z [ADMIN] dice.feed.common itemsRaw=34
2026-06-23T16:50:52.6134486Z [ADMIN] dice.feed.common itemsMapped=34
2026-06-23T16:50:52.6144484Z [ADMIN] dice.visibleFeed actor=dev_admin count=34
2026-06-23T16:50:58.7986329Z [ADMIN] dice.feed.common itemsRaw=34
2026-06-23T16:50:58.8161204Z [ADMIN] dice.feed.common itemsMapped=34
2026-06-23T16:50:58.8161204Z [ADMIN] dice.visibleFeed actor=dev_player count=34
2026-06-23T16:50:58.8586798Z [ADMIN] dice.test.getCurrent actor=dev_player userId=0584ae33047742a18f657d4ca9c86a01 found=False
2026-06-23T16:51:02.6785115Z [ADMIN] admin.accounts.pending actor=dev_admin count=0
2026-06-23T16:51:02.8041649Z [ADMIN] dice.feed.common itemsRaw=34
2026-06-23T16:51:02.8218372Z [ADMIN] dice.feed.common itemsMapped=34
2026-06-23T16:51:02.8223508Z [ADMIN] dice.visibleFeed actor=dev_admin count=34
2026-06-23T16:51:02.8813612Z [ADMIN] dice.feed.common itemsRaw=34
2026-06-23T16:51:02.8983613Z [ADMIN] dice.feed.common itemsMapped=34
2026-06-23T16:51:02.8993619Z [ADMIN] dice.visibleFeed actor=dev_admin count=34
2026-06-23T16:51:06.8916824Z [ADMIN] dice.feed.common itemsRaw=34
2026-06-23T16:51:06.9088210Z [ADMIN] dice.feed.common itemsMapped=34
2026-06-23T16:51:06.9088210Z [ADMIN] dice.visibleFeed actor=dev_player count=34
2026-06-23T16:51:06.9517038Z [ADMIN] dice.test.getCurrent actor=dev_player userId=0584ae33047742a18f657d4ca9c86a01 found=False
2026-06-23T16:51:12.9758046Z [ADMIN] admin.accounts.pending actor=dev_admin count=0
2026-06-23T16:51:13.1039137Z [ADMIN] dice.feed.common itemsRaw=34
2026-06-23T16:51:13.1219119Z [ADMIN] dice.feed.common itemsMapped=34
2026-06-23T16:51:13.1219119Z [ADMIN] dice.visibleFeed actor=dev_admin count=34
2026-06-23T16:51:13.1839116Z [ADMIN] dice.feed.common itemsRaw=34
2026-06-23T16:51:13.2009120Z [ADMIN] dice.feed.common itemsMapped=34
2026-06-23T16:51:13.2009120Z [ADMIN] dice.visibleFeed actor=dev_admin count=34
2026-06-23T16:51:14.9812652Z [ADMIN] dice.feed.common itemsRaw=34
2026-06-23T16:51:14.9976732Z [ADMIN] dice.feed.common itemsMapped=34
2026-06-23T16:51:14.9976732Z [ADMIN] dice.visibleFeed actor=dev_player count=34
2026-06-23T16:51:15.0396680Z [ADMIN] dice.test.getCurrent actor=dev_player userId=0584ae33047742a18f657d4ca9c86a01 found=False
2026-06-23T16:51:23.0767434Z [ADMIN] dice.feed.common itemsRaw=34
2026-06-23T16:51:23.0929574Z [ADMIN] dice.feed.common itemsMapped=34
2026-06-23T16:51:23.0939741Z [ADMIN] dice.visibleFeed actor=dev_player count=34
2026-06-23T16:51:23.1377444Z [ADMIN] dice.test.getCurrent actor=dev_player userId=0584ae33047742a18f657d4ca9c86a01 found=False
2026-06-23T16:51:23.2787628Z [ADMIN] admin.accounts.pending actor=dev_admin count=0
2026-06-23T16:51:23.3978858Z [ADMIN] dice.feed.common itemsRaw=34
2026-06-23T16:51:23.4137241Z [ADMIN] dice.feed.common itemsMapped=34
2026-06-23T16:51:23.4137241Z [ADMIN] dice.visibleFeed actor=dev_admin count=34
2026-06-23T16:51:23.4746111Z [ADMIN] dice.feed.common itemsRaw=34
2026-06-23T16:51:23.4910559Z [ADMIN] dice.feed.common itemsMapped=34
2026-06-23T16:51:23.4915906Z [ADMIN] dice.visibleFeed actor=dev_admin count=34
2026-06-23T16:51:31.1735887Z [ADMIN] dice.feed.common itemsRaw=34
2026-06-23T16:51:31.1897473Z [ADMIN] dice.feed.common itemsMapped=34
2026-06-23T16:51:31.1907469Z [ADMIN] dice.visibleFeed actor=dev_player count=34
2026-06-23T16:51:31.2343247Z [ADMIN] dice.test.getCurrent actor=dev_player userId=0584ae33047742a18f657d4ca9c86a01 found=False
2026-06-23T16:51:33.5702560Z [ADMIN] admin.accounts.pending actor=dev_admin count=0
2026-06-23T16:51:33.6882538Z [ADMIN] dice.feed.common itemsRaw=34
2026-06-23T16:51:33.7032552Z [ADMIN] dice.feed.common itemsMapped=34
2026-06-23T16:51:33.7032552Z [ADMIN] dice.visibleFeed actor=dev_admin count=34
2026-06-23T16:51:33.7622532Z [ADMIN] dice.feed.common itemsRaw=34
2026-06-23T16:51:33.7772516Z [ADMIN] dice.feed.common itemsMapped=34
2026-06-23T16:51:33.7782514Z [ADMIN] dice.visibleFeed actor=dev_admin count=34
2026-06-23T16:51:39.2631671Z [ADMIN] dice.feed.common itemsRaw=34
2026-06-23T16:51:39.2787083Z [ADMIN] dice.feed.common itemsMapped=34
2026-06-23T16:51:39.2787083Z [ADMIN] dice.visibleFeed actor=dev_player count=34
2026-06-23T16:51:39.3254053Z [ADMIN] dice.test.getCurrent actor=dev_player userId=0584ae33047742a18f657d4ca9c86a01 found=False
2026-06-23T16:51:43.8556673Z [ADMIN] admin.accounts.pending actor=dev_admin count=0
2026-06-23T16:51:43.9730934Z [ADMIN] dice.feed.common itemsRaw=34
2026-06-23T16:51:43.9905157Z [ADMIN] dice.feed.common itemsMapped=34
2026-06-23T16:51:43.9905157Z [ADMIN] dice.visibleFeed actor=dev_admin count=34
2026-06-23T16:51:44.0491060Z [ADMIN] dice.feed.common itemsRaw=34
2026-06-23T16:51:44.0651042Z [ADMIN] dice.feed.common itemsMapped=34
2026-06-23T16:51:44.0651042Z [ADMIN] dice.visibleFeed actor=dev_admin count=34
2026-06-23T16:51:47.3548850Z [ADMIN] dice.feed.common itemsRaw=34
2026-06-23T16:51:47.3705625Z [ADMIN] dice.feed.common itemsMapped=34
2026-06-23T16:51:47.3715600Z [ADMIN] dice.visibleFeed actor=dev_player count=34
2026-06-23T16:51:47.4124925Z [ADMIN] dice.test.getCurrent actor=dev_player userId=0584ae33047742a18f657d4ca9c86a01 found=False
2026-06-23T16:51:54.1326529Z [ADMIN] admin.accounts.pending actor=dev_admin count=0
2026-06-23T16:51:54.2510512Z [ADMIN] dice.feed.common itemsRaw=34
2026-06-23T16:51:54.2675657Z [ADMIN] dice.feed.common itemsMapped=34
2026-06-23T16:51:54.2675657Z [ADMIN] dice.visibleFeed actor=dev_admin count=34
2026-06-23T16:51:54.3265685Z [ADMIN] dice.feed.common itemsRaw=34
2026-06-23T16:51:54.3424543Z [ADMIN] dice.feed.common itemsMapped=34
2026-06-23T16:51:54.3424543Z [ADMIN] dice.visibleFeed actor=dev_admin count=34
2026-06-23T16:51:55.4346878Z [ADMIN] dice.feed.common itemsRaw=34
2026-06-23T16:51:55.4509427Z [ADMIN] dice.feed.common itemsMapped=34
2026-06-23T16:51:55.4509427Z [ADMIN] dice.visibleFeed actor=dev_player count=34
2026-06-23T16:51:55.4920887Z [ADMIN] dice.test.getCurrent actor=dev_player userId=0584ae33047742a18f657d4ca9c86a01 found=False
2026-06-23T16:52:03.5286595Z [ADMIN] dice.feed.common itemsRaw=34
2026-06-23T16:52:03.5456592Z [ADMIN] dice.feed.common itemsMapped=34
2026-06-23T16:52:03.5456592Z [ADMIN] dice.visibleFeed actor=dev_player count=34
2026-06-23T16:52:03.5895166Z [ADMIN] dice.test.getCurrent actor=dev_player userId=0584ae33047742a18f657d4ca9c86a01 found=False
2026-06-23T16:52:04.4143593Z [ADMIN] admin.accounts.pending actor=dev_admin count=0
2026-06-23T16:52:04.5315168Z [ADMIN] dice.feed.common itemsRaw=34
2026-06-23T16:52:04.5475162Z [ADMIN] dice.feed.common itemsMapped=34
2026-06-23T16:52:04.5485160Z [ADMIN] dice.visibleFeed actor=dev_admin count=34
2026-06-23T16:52:04.6038370Z [ADMIN] dice.feed.common itemsRaw=34
2026-06-23T16:52:04.6198353Z [ADMIN] dice.feed.common itemsMapped=34
2026-06-23T16:52:04.6198353Z [ADMIN] dice.visibleFeed actor=dev_admin count=34
2026-06-23T16:52:11.6266086Z [ADMIN] dice.feed.common itemsRaw=34
2026-06-23T16:52:11.6416082Z [ADMIN] dice.feed.common itemsMapped=34
2026-06-23T16:52:11.6426090Z [ADMIN] dice.visibleFeed actor=dev_player count=34
2026-06-23T16:52:11.6835462Z [ADMIN] dice.test.getCurrent actor=dev_player userId=0584ae33047742a18f657d4ca9c86a01 found=False
2026-06-23T16:52:14.7006150Z [ADMIN] admin.accounts.pending actor=dev_admin count=0
2026-06-23T16:52:14.8149441Z [ADMIN] dice.feed.common itemsRaw=34
2026-06-23T16:52:14.8306319Z [ADMIN] dice.feed.common itemsMapped=34
2026-06-23T16:52:14.8306319Z [ADMIN] dice.visibleFeed actor=dev_admin count=34
2026-06-23T16:52:14.8894783Z [ADMIN] dice.feed.common itemsRaw=34
2026-06-23T16:52:14.9054782Z [ADMIN] dice.feed.common itemsMapped=34
2026-06-23T16:52:14.9054782Z [ADMIN] dice.visibleFeed actor=dev_admin count=34
2026-06-23T16:52:19.7158012Z [ADMIN] dice.feed.common itemsRaw=34
2026-06-23T16:52:19.7312276Z [ADMIN] dice.feed.common itemsMapped=34
2026-06-23T16:52:19.7322196Z [ADMIN] dice.visibleFeed actor=dev_player count=34
2026-06-23T16:52:19.7731082Z [ADMIN] dice.test.getCurrent actor=dev_player userId=0584ae33047742a18f657d4ca9c86a01 found=False
2026-06-23T16:52:24.9746660Z [ADMIN] admin.accounts.pending actor=dev_admin count=0
2026-06-23T16:52:25.3920257Z [ADMIN] dice.feed.common itemsRaw=34
2026-06-23T16:52:25.4071071Z [ADMIN] dice.feed.common itemsMapped=34
2026-06-23T16:52:25.4071071Z [ADMIN] dice.visibleFeed actor=dev_admin count=34
2026-06-23T16:52:25.4649801Z [ADMIN] dice.feed.common itemsRaw=34
2026-06-23T16:52:25.4810328Z [ADMIN] dice.feed.common itemsMapped=34
2026-06-23T16:52:25.4810328Z [ADMIN] dice.visibleFeed actor=dev_admin count=34
2026-06-23T16:52:27.8092065Z [ADMIN] dice.feed.common itemsRaw=34
2026-06-23T16:52:27.8252068Z [ADMIN] dice.feed.common itemsMapped=34
2026-06-23T16:52:27.8252068Z [ADMIN] dice.visibleFeed actor=dev_player count=34
2026-06-23T16:52:27.8672055Z [ADMIN] dice.test.getCurrent actor=dev_player userId=0584ae33047742a18f657d4ca9c86a01 found=False
2026-06-23T16:52:35.5592978Z [ADMIN] admin.accounts.pending actor=dev_admin count=0
2026-06-23T16:52:35.6758664Z [ADMIN] dice.feed.common itemsRaw=34
2026-06-23T16:52:35.6917574Z [ADMIN] dice.feed.common itemsMapped=34
2026-06-23T16:52:35.6917574Z [ADMIN] dice.visibleFeed actor=dev_admin count=34
2026-06-23T16:52:35.7483885Z [ADMIN] dice.feed.common itemsRaw=34
2026-06-23T16:52:35.7634249Z [ADMIN] dice.feed.common itemsMapped=34
2026-06-23T16:52:35.7644240Z [ADMIN] dice.visibleFeed actor=dev_admin count=34
2026-06-23T16:52:35.9084408Z [ADMIN] dice.feed.common itemsRaw=34
2026-06-23T16:52:35.9234411Z [ADMIN] dice.feed.common itemsMapped=34
2026-06-23T16:52:35.9244410Z [ADMIN] dice.visibleFeed actor=dev_player count=34
2026-06-23T16:52:35.9644412Z [ADMIN] dice.test.getCurrent actor=dev_player userId=0584ae33047742a18f657d4ca9c86a01 found=False
2026-06-23T16:52:43.9964566Z [ADMIN] dice.feed.common itemsRaw=34
2026-06-23T16:52:44.0117201Z [ADMIN] dice.feed.common itemsMapped=34
2026-06-23T16:52:44.0122401Z [ADMIN] dice.visibleFeed actor=dev_player count=34
2026-06-23T16:52:44.0547164Z [ADMIN] dice.test.getCurrent actor=dev_player userId=0584ae33047742a18f657d4ca9c86a01 found=False
2026-06-23T16:52:45.8355383Z [ADMIN] admin.accounts.pending actor=dev_admin count=0
2026-06-23T16:52:45.9511784Z [ADMIN] dice.feed.common itemsRaw=34
2026-06-23T16:52:45.9671775Z [ADMIN] dice.feed.common itemsMapped=34
2026-06-23T16:52:45.9671775Z [ADMIN] dice.visibleFeed actor=dev_admin count=34
2026-06-23T16:52:46.0259577Z [ADMIN] dice.feed.common itemsRaw=34
2026-06-23T16:52:46.0428198Z [ADMIN] dice.feed.common itemsMapped=34
2026-06-23T16:52:46.0428198Z [ADMIN] dice.visibleFeed actor=dev_admin count=34
2026-06-23T16:52:52.0996000Z [ADMIN] dice.feed.common itemsRaw=34
2026-06-23T16:52:52.1146895Z [ADMIN] dice.feed.common itemsMapped=34
2026-06-23T16:52:52.1146895Z [ADMIN] dice.visibleFeed actor=dev_player count=34
2026-06-23T16:52:52.1563337Z [ADMIN] dice.test.getCurrent actor=dev_player userId=0584ae33047742a18f657d4ca9c86a01 found=False
2026-06-23T16:52:56.1175456Z [ADMIN] admin.accounts.pending actor=dev_admin count=0
2026-06-23T16:52:56.2456529Z [ADMIN] dice.feed.common itemsRaw=34
2026-06-23T16:52:56.2622830Z [ADMIN] dice.feed.common itemsMapped=34
2026-06-23T16:52:56.2622830Z [ADMIN] dice.visibleFeed actor=dev_admin count=34
2026-06-23T16:52:56.3218397Z [ADMIN] dice.feed.common itemsRaw=34
2026-06-23T16:52:56.3382717Z [ADMIN] dice.feed.common itemsMapped=34
2026-06-23T16:52:56.3382717Z [ADMIN] dice.visibleFeed actor=dev_admin count=34
2026-06-23T16:53:00.1900652Z [ADMIN] dice.feed.common itemsRaw=34
2026-06-23T16:53:00.2060813Z [ADMIN] dice.feed.common itemsMapped=34
2026-06-23T16:53:00.2070818Z [ADMIN] dice.visibleFeed actor=dev_player count=34
2026-06-23T16:53:00.2516994Z [ADMIN] dice.test.getCurrent actor=dev_player userId=0584ae33047742a18f657d4ca9c86a01 found=False
2026-06-23T16:53:06.4133830Z [ADMIN] admin.accounts.pending actor=dev_admin count=0
2026-06-23T16:53:06.5420659Z [ADMIN] dice.feed.common itemsRaw=34
2026-06-23T16:53:06.5589030Z [ADMIN] dice.feed.common itemsMapped=34
2026-06-23T16:53:06.5589030Z [ADMIN] dice.visibleFeed actor=dev_admin count=34
2026-06-23T16:53:06.6196110Z [ADMIN] dice.feed.common itemsRaw=34
2026-06-23T16:53:06.6356083Z [ADMIN] dice.feed.common itemsMapped=34
2026-06-23T16:53:06.6356083Z [ADMIN] dice.visibleFeed actor=dev_admin count=34
2026-06-23T16:53:08.2767662Z [ADMIN] dice.feed.common itemsRaw=34
2026-06-23T16:53:08.2927666Z [ADMIN] dice.feed.common itemsMapped=34
2026-06-23T16:53:08.2937664Z [ADMIN] dice.visibleFeed actor=dev_player count=34
2026-06-23T16:53:08.3390820Z [ADMIN] dice.test.getCurrent actor=dev_player userId=0584ae33047742a18f657d4ca9c86a01 found=False
2026-06-23T16:53:16.3782088Z [ADMIN] dice.feed.common itemsRaw=34
2026-06-23T16:53:16.3949108Z [ADMIN] dice.feed.common itemsMapped=34
2026-06-23T16:53:16.3949108Z [ADMIN] dice.visibleFeed actor=dev_player count=34
2026-06-23T16:53:16.4369127Z [ADMIN] dice.test.getCurrent actor=dev_player userId=0584ae33047742a18f657d4ca9c86a01 found=False
2026-06-23T16:53:16.7164972Z [ADMIN] admin.accounts.pending actor=dev_admin count=0
2026-06-23T16:53:16.8372904Z [ADMIN] dice.feed.common itemsRaw=34
2026-06-23T16:53:16.8537453Z [ADMIN] dice.feed.common itemsMapped=34
2026-06-23T16:53:16.8547350Z [ADMIN] dice.visibleFeed actor=dev_admin count=34
2026-06-23T16:53:16.9103666Z [ADMIN] dice.feed.common itemsRaw=34
2026-06-23T16:53:16.9271946Z [ADMIN] dice.feed.common itemsMapped=34
2026-06-23T16:53:16.9271946Z [ADMIN] dice.visibleFeed actor=dev_admin count=34
2026-06-23T16:53:24.4652941Z [ADMIN] dice.feed.common itemsRaw=34
2026-06-23T16:53:24.4822918Z [ADMIN] dice.feed.common itemsMapped=34
2026-06-23T16:53:24.4822918Z [ADMIN] dice.visibleFeed actor=dev_player count=34
2026-06-23T16:53:24.5222940Z [ADMIN] dice.test.getCurrent actor=dev_player userId=0584ae33047742a18f657d4ca9c86a01 found=False
2026-06-23T16:53:26.9906728Z [ADMIN] admin.accounts.pending actor=dev_admin count=0
2026-06-23T16:53:27.1146337Z [ADMIN] dice.feed.common itemsRaw=34
2026-06-23T16:53:27.1326361Z [ADMIN] dice.feed.common itemsMapped=34
2026-06-23T16:53:27.1326361Z [ADMIN] dice.visibleFeed actor=dev_admin count=34
2026-06-23T16:53:27.1930106Z [ADMIN] dice.feed.common itemsRaw=34
2026-06-23T16:53:27.2099571Z [ADMIN] dice.feed.common itemsMapped=34
2026-06-23T16:53:27.2099571Z [ADMIN] dice.visibleFeed actor=dev_admin count=34
2026-06-23T16:53:32.5418472Z [ADMIN] dice.feed.common itemsRaw=34
2026-06-23T16:53:32.5577557Z [ADMIN] dice.feed.common itemsMapped=34
2026-06-23T16:53:32.5587571Z [ADMIN] dice.visibleFeed actor=dev_player count=34
2026-06-23T16:53:32.5990153Z [ADMIN] dice.test.getCurrent actor=dev_player userId=0584ae33047742a18f657d4ca9c86a01 found=False
2026-06-23T16:53:37.2789317Z [ADMIN] admin.accounts.pending actor=dev_admin count=0
2026-06-23T16:53:37.4062760Z [ADMIN] dice.feed.common itemsRaw=34
2026-06-23T16:53:37.4217557Z [ADMIN] dice.feed.common itemsMapped=34
2026-06-23T16:53:37.4227561Z [ADMIN] dice.visibleFeed actor=dev_admin count=34
2026-06-23T16:53:37.4774350Z [ADMIN] dice.feed.common itemsRaw=34
2026-06-23T16:53:37.4935092Z [ADMIN] dice.feed.common itemsMapped=34
2026-06-23T16:53:37.4935092Z [ADMIN] dice.visibleFeed actor=dev_admin count=34
2026-06-23T16:53:40.6204888Z [ADMIN] dice.feed.common itemsRaw=34
2026-06-23T16:53:40.6360321Z [ADMIN] dice.feed.common itemsMapped=34
2026-06-23T16:53:40.6364742Z [ADMIN] dice.visibleFeed actor=dev_player count=34
2026-06-23T16:53:40.6786247Z [ADMIN] dice.test.getCurrent actor=dev_player userId=0584ae33047742a18f657d4ca9c86a01 found=False
2026-06-23T16:53:47.5691168Z [ADMIN] admin.accounts.pending actor=dev_admin count=0
2026-06-23T16:53:47.6893197Z [ADMIN] dice.feed.common itemsRaw=34
2026-06-23T16:53:47.7044859Z [ADMIN] dice.feed.common itemsMapped=34
2026-06-23T16:53:47.7044859Z [ADMIN] dice.visibleFeed actor=dev_admin count=34
2026-06-23T16:53:47.7614270Z [ADMIN] dice.feed.common itemsRaw=34
2026-06-23T16:53:47.7775326Z [ADMIN] dice.feed.common itemsMapped=34
2026-06-23T16:53:47.7775326Z [ADMIN] dice.visibleFeed actor=dev_admin count=34
2026-06-23T16:53:48.7060452Z [ADMIN] dice.feed.common itemsRaw=34
2026-06-23T16:53:48.7221105Z [ADMIN] dice.feed.common itemsMapped=34
2026-06-23T16:53:48.7221105Z [ADMIN] dice.visibleFeed actor=dev_player count=34
2026-06-23T16:53:48.7619957Z [ADMIN] dice.test.getCurrent actor=dev_player userId=0584ae33047742a18f657d4ca9c86a01 found=False
2026-06-23T16:53:56.7990546Z [ADMIN] dice.feed.common itemsRaw=34
2026-06-23T16:53:56.8150498Z [ADMIN] dice.feed.common itemsMapped=34
2026-06-23T16:53:56.8150498Z [ADMIN] dice.visibleFeed actor=dev_player count=34
2026-06-23T16:53:56.8588366Z [ADMIN] dice.test.getCurrent actor=dev_player userId=0584ae33047742a18f657d4ca9c86a01 found=False
2026-06-23T16:53:57.8507220Z [ADMIN] admin.accounts.pending actor=dev_admin count=0
2026-06-23T16:53:57.9645367Z [ADMIN] dice.feed.common itemsRaw=34
2026-06-23T16:53:57.9799861Z [ADMIN] dice.feed.common itemsMapped=34
2026-06-23T16:53:57.9799861Z [ADMIN] dice.visibleFeed actor=dev_admin count=34
2026-06-23T16:53:58.0359867Z [ADMIN] dice.feed.common itemsRaw=34
2026-06-23T16:53:58.0515608Z [ADMIN] dice.feed.common itemsMapped=34
2026-06-23T16:53:58.0525636Z [ADMIN] dice.visibleFeed actor=dev_admin count=34
2026-06-23T16:54:04.8884722Z [ADMIN] dice.feed.common itemsRaw=34
2026-06-23T16:54:04.9054702Z [ADMIN] dice.feed.common itemsMapped=34
2026-06-23T16:54:04.9054702Z [ADMIN] dice.visibleFeed actor=dev_player count=34
2026-06-23T16:54:04.9466010Z [ADMIN] dice.test.getCurrent actor=dev_player userId=0584ae33047742a18f657d4ca9c86a01 found=False
2026-06-23T16:54:08.1164486Z [ADMIN] admin.accounts.pending actor=dev_admin count=0
2026-06-23T16:54:08.2390148Z [ADMIN] dice.feed.common itemsRaw=34
2026-06-23T16:54:08.2556535Z [ADMIN] dice.feed.common itemsMapped=34
2026-06-23T16:54:08.2556535Z [ADMIN] dice.visibleFeed actor=dev_admin count=34
2026-06-23T16:54:08.3130310Z [ADMIN] dice.feed.common itemsRaw=34
2026-06-23T16:54:08.3310130Z [ADMIN] dice.feed.common itemsMapped=34
2026-06-23T16:54:08.3310130Z [ADMIN] dice.visibleFeed actor=dev_admin count=34
2026-06-23T16:54:12.9857575Z [ADMIN] dice.feed.common itemsRaw=34
2026-06-23T16:54:13.0021878Z [ADMIN] dice.feed.common itemsMapped=34
2026-06-23T16:54:13.0021878Z [ADMIN] dice.visibleFeed actor=dev_player count=34
2026-06-23T16:54:13.0424723Z [ADMIN] dice.test.getCurrent actor=dev_player userId=0584ae33047742a18f657d4ca9c86a01 found=False
2026-06-23T16:54:18.4035825Z [ADMIN] admin.accounts.pending actor=dev_admin count=0
2026-06-23T16:54:18.5108257Z [ADMIN] dice.feed.common itemsRaw=34
2026-06-23T16:54:18.5278840Z [ADMIN] dice.feed.common itemsMapped=34
2026-06-23T16:54:18.5278840Z [ADMIN] dice.visibleFeed actor=dev_admin count=34
2026-06-23T16:54:18.5824646Z [ADMIN] dice.feed.common itemsRaw=34
2026-06-23T16:54:18.5992046Z [ADMIN] dice.feed.common itemsMapped=34
2026-06-23T16:54:18.5992046Z [ADMIN] dice.visibleFeed actor=dev_admin count=34
2026-06-23T16:54:21.0745375Z [ADMIN] dice.feed.common itemsRaw=34
2026-06-23T16:54:21.0911682Z [ADMIN] dice.feed.common itemsMapped=34
2026-06-23T16:54:21.0911682Z [ADMIN] dice.visibleFeed actor=dev_player count=34
2026-06-23T16:54:21.1314088Z [ADMIN] dice.test.getCurrent actor=dev_player userId=0584ae33047742a18f657d4ca9c86a01 found=False
2026-06-23T16:54:28.6633464Z [ADMIN] admin.accounts.pending actor=dev_admin count=0
2026-06-23T16:54:29.0828381Z [ADMIN] dice.feed.common itemsRaw=34
2026-06-23T16:54:29.0988593Z [ADMIN] dice.feed.common itemsMapped=34
2026-06-23T16:54:29.0988593Z [ADMIN] dice.visibleFeed actor=dev_admin count=34
2026-06-23T16:54:29.1543215Z [ADMIN] dice.feed.common itemsRaw=34
2026-06-23T16:54:29.1583226Z [ADMIN] dice.feed.common itemsRaw=34
2026-06-23T16:54:29.1707581Z [ADMIN] dice.feed.common itemsMapped=34
2026-06-23T16:54:29.1707581Z [ADMIN] dice.visibleFeed actor=dev_admin count=34
2026-06-23T16:54:29.1756489Z [ADMIN] dice.feed.common itemsMapped=34
2026-06-23T16:54:29.1759024Z [ADMIN] dice.visibleFeed actor=dev_player count=34
2026-06-23T16:54:29.2208471Z [ADMIN] dice.test.getCurrent actor=dev_player userId=0584ae33047742a18f657d4ca9c86a01 found=False
2026-06-23T16:54:37.2508431Z [ADMIN] dice.feed.common itemsRaw=34
2026-06-23T16:54:37.2655900Z [ADMIN] dice.feed.common itemsMapped=34
2026-06-23T16:54:37.2665875Z [ADMIN] dice.visibleFeed actor=dev_player count=34
2026-06-23T16:54:37.3089032Z [ADMIN] dice.test.getCurrent actor=dev_player userId=0584ae33047742a18f657d4ca9c86a01 found=False
2026-06-23T16:54:39.2628890Z [ADMIN] admin.accounts.pending actor=dev_admin count=0
2026-06-23T16:54:39.3823559Z [ADMIN] dice.feed.common itemsRaw=34
2026-06-23T16:54:39.3977114Z [ADMIN] dice.feed.common itemsMapped=34
2026-06-23T16:54:39.3977114Z [ADMIN] dice.visibleFeed actor=dev_admin count=34
2026-06-23T16:54:39.4561528Z [ADMIN] dice.feed.common itemsRaw=34
2026-06-23T16:54:39.4723158Z [ADMIN] dice.feed.common itemsMapped=34
2026-06-23T16:54:39.4728577Z [ADMIN] dice.visibleFeed actor=dev_admin count=34
2026-06-23T16:54:45.3437229Z [ADMIN] dice.feed.common itemsRaw=34
2026-06-23T16:54:45.3603396Z [ADMIN] dice.feed.common itemsMapped=34
2026-06-23T16:54:45.3603560Z [ADMIN] dice.visibleFeed actor=dev_player count=34
2026-06-23T16:54:45.4023102Z [ADMIN] dice.test.getCurrent actor=dev_player userId=0584ae33047742a18f657d4ca9c86a01 found=False
2026-06-23T16:54:49.5550555Z [ADMIN] admin.accounts.pending actor=dev_admin count=0
2026-06-23T16:54:49.6706425Z [ADMIN] dice.feed.common itemsRaw=34
2026-06-23T16:54:49.6856455Z [ADMIN] dice.feed.common itemsMapped=34
2026-06-23T16:54:49.6856455Z [ADMIN] dice.visibleFeed actor=dev_admin count=34
2026-06-23T16:54:49.7431853Z [ADMIN] dice.feed.common itemsRaw=34
2026-06-23T16:54:49.7588953Z [ADMIN] dice.feed.common itemsMapped=34
2026-06-23T16:54:49.7594273Z [ADMIN] dice.visibleFeed actor=dev_admin count=34
2026-06-23T16:54:53.4392327Z [ADMIN] dice.feed.common itemsRaw=34
2026-06-23T16:54:53.4550816Z [ADMIN] dice.feed.common itemsMapped=34
2026-06-23T16:54:53.4560803Z [ADMIN] dice.visibleFeed actor=dev_player count=34
2026-06-23T16:54:53.4951021Z [ADMIN] dice.test.getCurrent actor=dev_player userId=0584ae33047742a18f657d4ca9c86a01 found=False
2026-06-23T16:57:58.3127464Z [ADMIN] feature_flags.override_set flag=GMNotes.UseGMNotesMvp value=True user=5b7bf422afc5417fb7d0a4f0db04524c
2026-06-23T16:57:58.4977960Z [ADMIN] feature_flags.override_set flag=GMNotes.UseGMQuickNotes value=True user=5b7bf422afc5417fb7d0a4f0db04524c
2026-06-23T16:57:58.6721320Z [ADMIN] feature_flags.override_set flag=GMNotes.UseGMNoteFolders value=True user=5b7bf422afc5417fb7d0a4f0db04524c
2026-06-23T16:57:58.8447444Z [ADMIN] feature_flags.override_set flag=GMNotes.UseGMNoteEntityLinks value=True user=5b7bf422afc5417fb7d0a4f0db04524c
2026-06-23T16:57:59.0143688Z [ADMIN] feature_flags.override_set flag=GMNotes.UseGMNoteSearch value=True user=5b7bf422afc5417fb7d0a4f0db04524c
2026-06-23T16:57:59.1831467Z [ADMIN] feature_flags.override_set flag=GMNotes.UseGMNoteSharedVisibility value=True user=5b7bf422afc5417fb7d0a4f0db04524c
2026-06-23T16:57:59.3539942Z [ADMIN] feature_flags.override_set flag=GMNotes.UseGMNoteAudit value=True user=5b7bf422afc5417fb7d0a4f0db04524c
2026-06-23T16:57:59.5101296Z [ADMIN] feature_flags.override_set flag=EventJournal.UseEventJournalMvp value=True user=5b7bf422afc5417fb7d0a4f0db04524c
2026-06-23T16:57:59.6656699Z [ADMIN] feature_flags.override_set flag=EventJournal.UseEventJournalAutomaticIngestion value=True user=5b7bf422afc5417fb7d0a4f0db04524c
2026-06-23T16:57:59.8227093Z [ADMIN] feature_flags.override_set flag=EventJournal.UseEventJournalManualEntries value=True user=5b7bf422afc5417fb7d0a4f0db04524c
2026-06-23T16:57:59.9795881Z [ADMIN] feature_flags.override_set flag=EventJournal.UseEventJournalPlayerView value=True user=5b7bf422afc5417fb7d0a4f0db04524c
2026-06-23T16:58:00.1385709Z [ADMIN] feature_flags.override_set flag=EventJournal.UseEventJournalFilters value=True user=5b7bf422afc5417fb7d0a4f0db04524c
2026-06-23T16:58:00.2946657Z [ADMIN] feature_flags.override_set flag=EventJournal.UseEventJournalCorrections value=True user=5b7bf422afc5417fb7d0a4f0db04524c
2026-06-23T16:58:00.4510857Z [ADMIN] feature_flags.override_set flag=EventJournal.UseEventJournalRequestIntegration value=True user=5b7bf422afc5417fb7d0a4f0db04524c
2026-06-23T16:58:00.6084897Z [ADMIN] feature_flags.override_set flag=PlayerRequests.UsePlayerRequestsMvp value=True user=5b7bf422afc5417fb7d0a4f0db04524c
2026-06-23T16:58:00.7647560Z [ADMIN] feature_flags.override_set flag=PlayerRequests.UsePlayerRequestComments value=True user=5b7bf422afc5417fb7d0a4f0db04524c
2026-06-23T16:58:00.9180644Z [ADMIN] feature_flags.override_set flag=PlayerRequests.UsePlayerRequestAdminReview value=True user=5b7bf422afc5417fb7d0a4f0db04524c
2026-06-23T16:58:01.0754197Z [ADMIN] feature_flags.override_set flag=PlayerRequests.UsePlayerRequestPlayerView value=True user=5b7bf422afc5417fb7d0a4f0db04524c
2026-06-23T16:58:01.2338748Z [ADMIN] feature_flags.override_set flag=PlayerRequests.UsePlayerRequestCharacterLink value=True user=5b7bf422afc5417fb7d0a4f0db04524c
2026-06-23T16:58:01.3893946Z [ADMIN] feature_flags.override_set flag=PlayerRequests.UsePlayerRequestProposalPayload value=True user=5b7bf422afc5417fb7d0a4f0db04524c
2026-06-23T16:58:01.9026682Z [ADMIN] dice.feed.common itemsRaw=34
2026-06-23T16:58:01.9232401Z [ADMIN] dice.feed.common itemsMapped=34
2026-06-23T16:58:01.9232401Z [ADMIN] dice.visibleFeed actor=dev_player count=34
2026-06-23T16:58:02.1318543Z [ADMIN] request.handler.failed requestId=d6e564477703469aa26f434495aaeb0f command=gmNotes.admin.list type=Unauthorized message=Insufficient role.
2026-06-23T16:58:02.1366337Z [ADMIN] request.handler.failed requestId=e4b384b9e48e4e2382255bebcb5e738a command=gmNotes.admin.create type=Unauthorized message=Insufficient role.
2026-06-23T16:58:02.1403295Z [ADMIN] request.handler.failed requestId=6fc40f88c74b4e798168d393e4abce4e command=gmNotes.admin.update type=Unauthorized message=Insufficient role.
2026-06-23T16:58:02.1434907Z [ADMIN] request.handler.failed requestId=8d096e7f5fba4021854447e50169dcb4 command=gmNotes.admin.archive type=Unauthorized message=Insufficient role.
2026-06-23T16:58:02.1464751Z [ADMIN] request.handler.failed requestId=f08d99e9d6e44ef3b8c6418eb09e969e command=eventJournal.admin.create type=Unauthorized message=Insufficient role.
2026-06-23T16:58:02.1504763Z [ADMIN] request.handler.failed requestId=dd9f7c6c64ef45978cdd891833f7d74e command=eventJournal.admin.update type=Unauthorized message=Insufficient role.
2026-06-23T16:58:02.1534747Z [ADMIN] request.handler.failed requestId=4ceadf0300084b0e8c837753fef5b7d8 command=eventJournal.admin.archive type=Unauthorized message=Insufficient role.
2026-06-23T16:58:02.1708773Z [ADMIN] gm.note.create actor=dev_admin campaignId=default noteId=7da28f269cc6497e887f468d69860e14 quick=False
2026-06-23T16:58:02.2245483Z [ADMIN] gm.note.list actor=dev_admin campaignId=default count=9
2026-06-23T16:58:02.2599754Z [ADMIN] journal.event.manual.created entryId=b72e3b3857ac4003b2f5c4c979e011fc campaignId=default sequence=31 category=session
2026-06-23T16:58:02.2927917Z [ADMIN] journal.player.event.list actor=dev_player campaignId=default count=14
2026-06-23T16:58:02.3118754Z [ADMIN] journal.event.manual.created entryId=a9e1e6d0e2d04f48a552c0e8027bbfc3 campaignId=default sequence=32 category=session
2026-06-23T16:58:02.3307138Z [ADMIN] journal.player.event.list actor=dev_player campaignId=default count=14
2026-06-23T16:58:02.3473084Z [ADMIN] journal.player.event.list actor=dev_player campaignId=default count=13
2026-06-23T16:58:02.4168329Z [ADMIN] journal.event.request_created_submitted entryId=d3fbbcbb4c4747eb8ccb244872cb9a89 campaignId=default sequence=33 category=request
2026-06-23T16:58:02.4168329Z [ADMIN] player.request.journal.appended requestId=da1b703f26f34fb98a498c144e646d97 requestNumber=63 sourceEventType=request_created_submitted entryId=d3fbbcbb4c4747eb8ccb244872cb9a89
2026-06-23T16:58:02.4178329Z [ADMIN] player.request.create.done actor=dev_player requestId=da1b703f26f34fb98a498c144e646d97 type=general status=submitted
2026-06-23T16:58:02.4568331Z [ADMIN] journal.event.request_approve entryId=653a4f4292bb4a04b959ce9d8056b48c campaignId=default sequence=34 category=request
2026-06-23T16:58:02.4568331Z [ADMIN] player.request.journal.appended requestId=da1b703f26f34fb98a498c144e646d97 requestNumber=63 sourceEventType=request_approve entryId=653a4f4292bb4a04b959ce9d8056b48c
2026-06-23T16:58:02.4578325Z [ADMIN] player.request.approve.done actor=dev_admin requestId=da1b703f26f34fb98a498c144e646d97 status=approved
2026-06-23T16:58:02.4678323Z [ADMIN] journal.player.event.list actor=dev_player campaignId=default count=14
2026-06-23T17:06:32.3294470Z [ADMIN] feature_flags.override_set flag=GMNotes.UseGMNotesMvp value=True user=5b7bf422afc5417fb7d0a4f0db04524c
2026-06-23T17:06:32.5104560Z [ADMIN] feature_flags.override_set flag=GMNotes.UseGMQuickNotes value=True user=5b7bf422afc5417fb7d0a4f0db04524c
2026-06-23T17:06:32.6788364Z [ADMIN] feature_flags.override_set flag=GMNotes.UseGMNoteFolders value=True user=5b7bf422afc5417fb7d0a4f0db04524c
2026-06-23T17:06:32.8521502Z [ADMIN] feature_flags.override_set flag=GMNotes.UseGMNoteEntityLinks value=True user=5b7bf422afc5417fb7d0a4f0db04524c
2026-06-23T17:06:33.0267180Z [ADMIN] feature_flags.override_set flag=GMNotes.UseGMNoteSearch value=True user=5b7bf422afc5417fb7d0a4f0db04524c
2026-06-23T17:06:33.2023267Z [ADMIN] feature_flags.override_set flag=GMNotes.UseGMNoteSharedVisibility value=True user=5b7bf422afc5417fb7d0a4f0db04524c
2026-06-23T17:06:33.3744582Z [ADMIN] feature_flags.override_set flag=GMNotes.UseGMNoteAudit value=True user=5b7bf422afc5417fb7d0a4f0db04524c
2026-06-23T17:06:33.5366141Z [ADMIN] feature_flags.override_set flag=EventJournal.UseEventJournalMvp value=True user=5b7bf422afc5417fb7d0a4f0db04524c
2026-06-23T17:06:33.6997926Z [ADMIN] feature_flags.override_set flag=EventJournal.UseEventJournalAutomaticIngestion value=True user=5b7bf422afc5417fb7d0a4f0db04524c
2026-06-23T17:06:33.8595245Z [ADMIN] feature_flags.override_set flag=EventJournal.UseEventJournalManualEntries value=True user=5b7bf422afc5417fb7d0a4f0db04524c
2026-06-23T17:06:34.0145528Z [ADMIN] feature_flags.override_set flag=EventJournal.UseEventJournalPlayerView value=True user=5b7bf422afc5417fb7d0a4f0db04524c
2026-06-23T17:06:34.1787217Z [ADMIN] feature_flags.override_set flag=EventJournal.UseEventJournalFilters value=True user=5b7bf422afc5417fb7d0a4f0db04524c
2026-06-23T17:06:34.3348467Z [ADMIN] feature_flags.override_set flag=EventJournal.UseEventJournalCorrections value=True user=5b7bf422afc5417fb7d0a4f0db04524c
2026-06-23T17:06:34.4967297Z [ADMIN] feature_flags.override_set flag=EventJournal.UseEventJournalRequestIntegration value=True user=5b7bf422afc5417fb7d0a4f0db04524c
2026-06-23T17:06:34.6593124Z [ADMIN] feature_flags.override_set flag=PlayerRequests.UsePlayerRequestsMvp value=True user=5b7bf422afc5417fb7d0a4f0db04524c
2026-06-23T17:06:34.8267116Z [ADMIN] feature_flags.override_set flag=PlayerRequests.UsePlayerRequestComments value=True user=5b7bf422afc5417fb7d0a4f0db04524c
2026-06-23T17:06:34.9848609Z [ADMIN] feature_flags.override_set flag=PlayerRequests.UsePlayerRequestAdminReview value=True user=5b7bf422afc5417fb7d0a4f0db04524c
2026-06-23T17:06:35.1398576Z [ADMIN] feature_flags.override_set flag=PlayerRequests.UsePlayerRequestPlayerView value=True user=5b7bf422afc5417fb7d0a4f0db04524c
2026-06-23T17:06:35.2980980Z [ADMIN] feature_flags.override_set flag=PlayerRequests.UsePlayerRequestCharacterLink value=True user=5b7bf422afc5417fb7d0a4f0db04524c
2026-06-23T17:06:35.4666897Z [ADMIN] feature_flags.override_set flag=PlayerRequests.UsePlayerRequestProposalPayload value=True user=5b7bf422afc5417fb7d0a4f0db04524c
2026-06-23T17:06:35.9458185Z [ADMIN] dice.feed.common itemsRaw=34
2026-06-23T17:06:35.9619570Z [ADMIN] dice.feed.common itemsMapped=34
2026-06-23T17:06:35.9619570Z [ADMIN] dice.visibleFeed actor=dev_player count=34
2026-06-23T17:06:36.0152613Z [ADMIN] request.handler.failed requestId=be3799dd91434fe6a66225fbf6900c55 command=gmNotes.admin.list type=Unauthorized message=Insufficient role.
2026-06-23T17:06:36.0182616Z [ADMIN] request.handler.failed requestId=78a94381340e4b0ea29c3089e7396d3b command=gmNotes.admin.create type=Unauthorized message=Insufficient role.
2026-06-23T17:06:36.0212615Z [ADMIN] request.handler.failed requestId=edca6acb40994123a397e8288387b26a command=gmNotes.admin.update type=Unauthorized message=Insufficient role.
2026-06-23T17:06:36.0249029Z [ADMIN] request.handler.failed requestId=70873d128cc14905a85d3e355c1b63bf command=gmNotes.admin.archive type=Unauthorized message=Insufficient role.
2026-06-23T17:06:36.0269034Z [ADMIN] request.handler.failed requestId=eb5f507536a94d7f870a80ae72e4bed4 command=eventJournal.admin.create type=Unauthorized message=Insufficient role.
2026-06-23T17:06:36.0298998Z [ADMIN] request.handler.failed requestId=83e9fd9deee345ce9c70ba8f9f3a50c8 command=eventJournal.admin.update type=Unauthorized message=Insufficient role.
2026-06-23T17:06:36.0329001Z [ADMIN] request.handler.failed requestId=40e58edfd7d84ad9b8654e49f4ec358b command=eventJournal.admin.archive type=Unauthorized message=Insufficient role.
2026-06-23T17:06:36.0398104Z [ADMIN] gm.note.create actor=dev_admin campaignId=default noteId=d2777bc81ba24e30b84b9fc9101fe335 quick=False
2026-06-23T17:06:36.0847907Z [ADMIN] gm.note.list actor=dev_admin campaignId=default count=10
2026-06-23T17:06:36.0976351Z [ADMIN] journal.event.manual.created entryId=7e7848c3299743109ac5101edb31d63f campaignId=default sequence=35 category=session
2026-06-23T17:06:36.1220058Z [ADMIN] journal.player.event.list actor=dev_player campaignId=default count=16
2026-06-23T17:06:36.1420049Z [ADMIN] journal.event.manual.created entryId=106112c38637483090879e0add4ecec9 campaignId=default sequence=36 category=session
2026-06-23T17:06:36.1610062Z [ADMIN] journal.player.event.list actor=dev_player campaignId=default count=16
2026-06-23T17:06:36.1770062Z [ADMIN] journal.player.event.list actor=dev_player campaignId=default count=15
2026-06-23T17:06:36.1950070Z [ADMIN] journal.event.request_created_submitted entryId=045167ad27cc402fb8fb8c415db2c1ce campaignId=default sequence=37 category=request
2026-06-23T17:06:36.1950070Z [ADMIN] player.request.journal.appended requestId=0c9679dbcac4441aae0e843e423c4bf6 requestNumber=64 sourceEventType=request_created_submitted entryId=045167ad27cc402fb8fb8c415db2c1ce
2026-06-23T17:06:36.1950070Z [ADMIN] player.request.create.done actor=dev_player requestId=0c9679dbcac4441aae0e843e423c4bf6 type=general status=submitted
2026-06-23T17:06:36.2100053Z [ADMIN] journal.event.request_approve entryId=291c511f8160482ca65a6852bf3e8287 campaignId=default sequence=38 category=request
2026-06-23T17:06:36.2100053Z [ADMIN] player.request.journal.appended requestId=0c9679dbcac4441aae0e843e423c4bf6 requestNumber=64 sourceEventType=request_approve entryId=291c511f8160482ca65a6852bf3e8287
2026-06-23T17:06:36.2100053Z [ADMIN] player.request.approve.done actor=dev_admin requestId=0c9679dbcac4441aae0e843e423c4bf6 status=approved
2026-06-23T17:06:36.2210055Z [ADMIN] journal.player.event.list actor=dev_player campaignId=default count=16
2026-06-23T20:17:10.1441652Z [ADMIN] character.admin.list actor=dev_admin count=5 includeArchived=False
2026-06-23T20:18:38.8259632Z [ADMIN] character.subattributes.admin.get actor=dev_admin characterId=fbd8a7b8e9a74810becc233f30fe9160 count=21
2026-06-23T20:20:18.0902649Z [ADMIN] character.subattributes.admin.get actor=dev_admin characterId=fbd8a7b8e9a74810becc233f30fe9160 count=21
2026-06-23T20:24:21.8100345Z [ADMIN] character.subattributes.admin.get actor=dev_admin characterId=fbd8a7b8e9a74810becc233f30fe9160 count=21
2026-06-23T20:25:51.2878823Z [ADMIN] character.subattributes.admin.get actor=dev_admin characterId=fbd8a7b8e9a74810becc233f30fe9160 count=21
2026-06-23T20:25:51.3384885Z [ADMIN] character.subattributes.admin.update actor=dev_admin characterId=fbd8a7b8e9a74810becc233f30fe9160 updated=1 revision=2
2026-06-23T20:25:51.3666593Z [ADMIN] character.subattributes.admin.get actor=dev_admin characterId=fbd8a7b8e9a74810becc233f30fe9160 count=21
2026-06-23T20:25:51.5577598Z [ADMIN] dice.roll.fate.state instance=24a1a3ae-0012-482c-ba54-d8786405d188 enabled=True effects=layer1=CalmArea layer2=None layer3=None layer4=None layer5=Empty formula=1d20
2026-06-23T20:25:51.5582828Z [ADMIN] dice.roll.fate.before dieIndex=0 dieSides=20 base=1
2026-06-23T20:25:51.5625326Z [ADMIN] dice.roll.fate applied=true formula=1d20 dieIndex=0 base=1 fate=1 dieSides=20 layers=5
2026-06-23T20:25:51.5625326Z [ADMIN] dice.roll.fate.after dieIndex=0 applied=true fateValue=1 skippedReason=
2026-06-23T20:25:51.5630639Z [ADMIN] dice.roll.public dieIndex=0 base=1 fate=1 public=1
2026-06-23T20:25:51.5646667Z [ADMIN] dice.roll.total publicTotal=1
2026-06-23T20:25:51.5651996Z [ADMIN] dice.roll.payload values=[1]
2026-06-23T20:25:51.6053879Z [ADMIN] character.skill.check.roll actor=dev_player characterId=fbd8a7b8e9a74810becc233f30fe9160 skillCode=dev_acceptance_skill_01451 totalBonus=0 requestId=824334826f0c4d80ab52316e33566b2c
2026-06-23T20:25:51.6223879Z [ADMIN] request.handler.failed requestId=db7a89e63f624f6da6f116e1de387c3c command=character.skill.check.roll type=Unauthorized message=Subattribute is not allowed for this skill.
2026-06-23T20:25:51.6353885Z [ADMIN] request.handler.failed requestId=c19413e17747479e805d45a95753180c command=character.skill.check.roll type=Unauthorized message=Subattribute is not allowed for this skill.
2026-06-23T20:28:20.6613997Z [ADMIN] character.subattributes.admin.get actor=dev_admin characterId=fbd8a7b8e9a74810becc233f30fe9160 count=21
2026-06-23T20:28:20.7029324Z [ADMIN] character.subattributes.admin.update actor=dev_admin characterId=fbd8a7b8e9a74810becc233f30fe9160 updated=1 revision=3
2026-06-23T20:28:20.7277196Z [ADMIN] character.subattributes.admin.get actor=dev_admin characterId=fbd8a7b8e9a74810becc233f30fe9160 count=21
2026-06-23T20:28:20.8446509Z [ADMIN] dice.roll.fate.state instance=24a1a3ae-0012-482c-ba54-d8786405d188 enabled=True effects=layer1=CalmArea layer2=None layer3=None layer4=None layer5=Empty formula=1d20+1
2026-06-23T20:28:20.8446509Z [ADMIN] dice.roll.fate.before dieIndex=0 dieSides=20 base=4
2026-06-23T20:28:20.8446509Z [ADMIN] dice.roll.fate applied=true formula=1d20+1 dieIndex=0 base=4 fate=4 dieSides=20 layers=5
2026-06-23T20:28:20.8446509Z [ADMIN] dice.roll.fate.after dieIndex=0 applied=true fateValue=4 skippedReason=
2026-06-23T20:28:20.8446509Z [ADMIN] dice.roll.public dieIndex=0 base=4 fate=4 public=4
2026-06-23T20:28:20.8466512Z [ADMIN] dice.roll.total publicTotal=5
2026-06-23T20:28:20.8469557Z [ADMIN] dice.roll.payload values=[4]
2026-06-23T20:28:20.8486806Z [ADMIN] character.skill.check.roll actor=dev_player characterId=fbd8a7b8e9a74810becc233f30fe9160 skillCode=dev_acceptance_skill_01451 totalBonus=1 requestId=a3aad430ba5946d8a022a715a89f5108
2026-06-23T20:28:20.8612937Z [ADMIN] request.handler.failed requestId=2a82141ae23f4c868370fb060555ce6e command=character.skill.check.roll type=Unauthorized message=Subattribute is not allowed for this skill.
2026-06-23T20:28:20.8720200Z [ADMIN] request.handler.failed requestId=b85ec8ed18c9443c87828806192852ae command=character.skill.check.roll type=Unauthorized message=Subattribute is not allowed for this skill.
2026-06-23T20:28:20.9124757Z [ADMIN] dice.feed.common itemsRaw=36
2026-06-23T20:28:20.9307283Z [ADMIN] dice.feed.common itemsMapped=36
2026-06-23T20:28:20.9307283Z [ADMIN] dice.visibleFeed actor=dev_player count=36
2026-06-23T20:39:08.9734350Z [ADMIN] crafting.command.disabled command=crafting.player.recipe.list
2026-06-23T20:39:09.1716523Z [ADMIN] progression.available.skills actor=dev_player count=13
2026-06-23T20:39:09.1816522Z [ADMIN] character.skills.get auth actor=dev_player characterId=fbd8a7b8e9a74810becc233f30fe9160 ownerCheck=True allowed=True
2026-06-23T20:39:09.1996529Z [ADMIN] character.skills.get actor=dev_player characterId=fbd8a7b8e9a74810becc233f30fe9160 count=12 profileFirst=true
2026-06-23T20:39:09.2839159Z [ADMIN] dice.feed.common itemsRaw=36
2026-06-23T20:39:09.3049162Z [ADMIN] dice.feed.common itemsMapped=36
2026-06-23T20:39:09.3049162Z [ADMIN] dice.visibleFeed actor=dev_player count=36
2026-06-23T20:39:09.3949180Z [ADMIN] dice.test.getCurrent actor=dev_player userId=0584ae33047742a18f657d4ca9c86a01 found=False
2026-06-23T20:39:09.4379158Z [ADMIN] request.handler.failed requestId=9aae71a80d0346488d5a336a2361af45 command=system.featureFlags.snapshot type=Unauthorized message=Insufficient role.
2026-06-23T20:39:09.4419172Z [ADMIN] request.handler.failed requestId=ae6cf37139244f39a992bd8427ee528f command=system.featureFlags.snapshot type=Unauthorized message=Insufficient role.
2026-06-23T20:39:09.4619176Z [ADMIN] journal.player.event.list actor=dev_player campaignId=default count=44
2026-06-23T20:39:09.4839173Z [ADMIN] request.handler.failed requestId=252c7b0b8d444af385a495c3751c140b command=system.featureFlags.snapshot type=Unauthorized message=Insufficient role.
2026-06-23T20:39:09.4869187Z [ADMIN] request.handler.failed requestId=3e6a6836af9a4cf397706037c08107c3 command=system.featureFlags.snapshot type=Unauthorized message=Insufficient role.
2026-06-23T20:39:17.5176948Z [ADMIN] dice.feed.common itemsRaw=36
2026-06-23T20:39:17.5355320Z [ADMIN] dice.feed.common itemsMapped=36
2026-06-23T20:39:17.5355320Z [ADMIN] dice.visibleFeed actor=dev_player count=36
2026-06-23T20:39:17.5995409Z [ADMIN] dice.test.getCurrent actor=dev_player userId=0584ae33047742a18f657d4ca9c86a01 found=False
2026-06-23T20:39:25.6454715Z [ADMIN] dice.feed.common itemsRaw=36
2026-06-23T20:39:25.6679433Z [ADMIN] dice.feed.common itemsMapped=36
2026-06-23T20:39:25.6679433Z [ADMIN] dice.visibleFeed actor=dev_player count=36
2026-06-23T20:39:25.7336277Z [ADMIN] dice.test.getCurrent actor=dev_player userId=0584ae33047742a18f657d4ca9c86a01 found=False
2026-06-23T20:39:33.7727010Z [ADMIN] dice.feed.common itemsRaw=36
2026-06-23T20:39:33.7923178Z [ADMIN] dice.feed.common itemsMapped=36
2026-06-23T20:39:33.7923178Z [ADMIN] dice.visibleFeed actor=dev_player count=36
2026-06-23T20:39:33.8539803Z [ADMIN] dice.test.getCurrent actor=dev_player userId=0584ae33047742a18f657d4ca9c86a01 found=False
2026-06-23T20:39:41.8985983Z [ADMIN] dice.feed.common itemsRaw=36
2026-06-23T20:39:41.9171645Z [ADMIN] dice.feed.common itemsMapped=36
2026-06-23T20:39:41.9171645Z [ADMIN] dice.visibleFeed actor=dev_player count=36
2026-06-23T20:39:41.9695541Z [ADMIN] dice.test.getCurrent actor=dev_player userId=0584ae33047742a18f657d4ca9c86a01 found=False
2026-06-23T20:39:50.0021248Z [ADMIN] dice.feed.common itemsRaw=36
2026-06-23T20:39:50.0201262Z [ADMIN] dice.feed.common itemsMapped=36
2026-06-23T20:39:50.0201262Z [ADMIN] dice.visibleFeed actor=dev_player count=36
2026-06-23T20:39:50.0741279Z [ADMIN] dice.test.getCurrent actor=dev_player userId=0584ae33047742a18f657d4ca9c86a01 found=False
2026-06-23T20:39:58.1148736Z [ADMIN] dice.feed.common itemsRaw=36
2026-06-23T20:39:58.1339806Z [ADMIN] dice.feed.common itemsMapped=36
2026-06-23T20:39:58.1339806Z [ADMIN] dice.visibleFeed actor=dev_player count=36
2026-06-23T20:39:58.1995898Z [ADMIN] dice.test.getCurrent actor=dev_player userId=0584ae33047742a18f657d4ca9c86a01 found=False
2026-06-23T20:40:06.2395516Z [ADMIN] dice.feed.common itemsRaw=36
2026-06-23T20:40:06.2575503Z [ADMIN] dice.feed.common itemsMapped=36
2026-06-23T20:40:06.2585506Z [ADMIN] dice.visibleFeed actor=dev_player count=36
2026-06-23T20:40:06.3217184Z [ADMIN] dice.test.getCurrent actor=dev_player userId=0584ae33047742a18f657d4ca9c86a01 found=False
2026-06-23T20:40:14.3614619Z [ADMIN] dice.feed.common itemsRaw=36
2026-06-23T20:40:14.3809564Z [ADMIN] dice.feed.common itemsMapped=36
2026-06-23T20:40:14.3809564Z [ADMIN] dice.visibleFeed actor=dev_player count=36
2026-06-23T20:40:14.4412562Z [ADMIN] dice.test.getCurrent actor=dev_player userId=0584ae33047742a18f657d4ca9c86a01 found=False
2026-06-23T20:40:22.4785879Z [ADMIN] dice.feed.common itemsRaw=36
2026-06-23T20:40:22.4979693Z [ADMIN] dice.feed.common itemsMapped=36
2026-06-23T20:40:22.4989696Z [ADMIN] dice.visibleFeed actor=dev_player count=36
2026-06-23T20:40:22.5520244Z [ADMIN] dice.test.getCurrent actor=dev_player userId=0584ae33047742a18f657d4ca9c86a01 found=False
2026-06-23T20:40:30.5817935Z [ADMIN] dice.feed.common itemsRaw=36
2026-06-23T20:40:30.5995037Z [ADMIN] dice.feed.common itemsMapped=36
2026-06-23T20:40:30.5995037Z [ADMIN] dice.visibleFeed actor=dev_player count=36
2026-06-23T20:40:30.6537236Z [ADMIN] dice.test.getCurrent actor=dev_player userId=0584ae33047742a18f657d4ca9c86a01 found=False
2026-06-23T20:40:38.6922755Z [ADMIN] dice.feed.common itemsRaw=36
2026-06-23T20:40:38.7106127Z [ADMIN] dice.feed.common itemsMapped=36
2026-06-23T20:40:38.7106127Z [ADMIN] dice.visibleFeed actor=dev_player count=36
2026-06-23T20:40:38.7658612Z [ADMIN] dice.test.getCurrent actor=dev_player userId=0584ae33047742a18f657d4ca9c86a01 found=False
2026-06-23T20:40:46.7980776Z [ADMIN] dice.feed.common itemsRaw=36
2026-06-23T20:40:46.8171626Z [ADMIN] dice.feed.common itemsMapped=36
2026-06-23T20:40:46.8171626Z [ADMIN] dice.visibleFeed actor=dev_player count=36
2026-06-23T20:40:46.8750339Z [ADMIN] dice.test.getCurrent actor=dev_player userId=0584ae33047742a18f657d4ca9c86a01 found=False
2026-06-23T20:40:54.9115081Z [ADMIN] dice.feed.common itemsRaw=36
2026-06-23T20:40:54.9292229Z [ADMIN] dice.feed.common itemsMapped=36
2026-06-23T20:40:54.9292229Z [ADMIN] dice.visibleFeed actor=dev_player count=36
2026-06-23T20:40:54.9836576Z [ADMIN] dice.test.getCurrent actor=dev_player userId=0584ae33047742a18f657d4ca9c86a01 found=False
2026-06-23T20:41:03.0173996Z [ADMIN] dice.feed.common itemsRaw=36
2026-06-23T20:41:03.0367961Z [ADMIN] dice.feed.common itemsMapped=36
2026-06-23T20:41:03.0367961Z [ADMIN] dice.visibleFeed actor=dev_player count=36
2026-06-23T20:41:03.0938462Z [ADMIN] dice.test.getCurrent actor=dev_player userId=0584ae33047742a18f657d4ca9c86a01 found=False
2026-06-23T20:41:11.1327253Z [ADMIN] dice.feed.common itemsRaw=36
2026-06-23T20:41:11.1517165Z [ADMIN] dice.feed.common itemsMapped=36
2026-06-23T20:41:11.1517165Z [ADMIN] dice.visibleFeed actor=dev_player count=36
2026-06-23T20:41:11.2037147Z [ADMIN] dice.test.getCurrent actor=dev_player userId=0584ae33047742a18f657d4ca9c86a01 found=False
2026-06-23T20:41:19.2405852Z [ADMIN] dice.feed.common itemsRaw=36
2026-06-23T20:41:19.2593491Z [ADMIN] dice.feed.common itemsMapped=36
2026-06-23T20:41:19.2593491Z [ADMIN] dice.visibleFeed actor=dev_player count=36
2026-06-23T20:41:19.3126352Z [ADMIN] dice.test.getCurrent actor=dev_player userId=0584ae33047742a18f657d4ca9c86a01 found=False
2026-06-23T20:41:27.3519073Z [ADMIN] dice.feed.common itemsRaw=36
2026-06-23T20:41:27.3699006Z [ADMIN] dice.feed.common itemsMapped=36
2026-06-23T20:41:27.3699006Z [ADMIN] dice.visibleFeed actor=dev_player count=36
2026-06-23T20:41:27.4274674Z [ADMIN] dice.test.getCurrent actor=dev_player userId=0584ae33047742a18f657d4ca9c86a01 found=False
2026-06-23T20:41:35.4546138Z [ADMIN] dice.feed.common itemsRaw=36
2026-06-23T20:41:35.4730322Z [ADMIN] dice.feed.common itemsMapped=36
2026-06-23T20:41:35.4730322Z [ADMIN] dice.visibleFeed actor=dev_player count=36
2026-06-23T20:41:35.5305569Z [ADMIN] dice.test.getCurrent actor=dev_player userId=0584ae33047742a18f657d4ca9c86a01 found=False
2026-06-23T20:41:43.5681384Z [ADMIN] dice.feed.common itemsRaw=36
2026-06-23T20:41:43.5885620Z [ADMIN] dice.feed.common itemsMapped=36
2026-06-23T20:41:43.5895641Z [ADMIN] dice.visibleFeed actor=dev_player count=36
2026-06-23T20:41:43.6475628Z [ADMIN] dice.test.getCurrent actor=dev_player userId=0584ae33047742a18f657d4ca9c86a01 found=False
2026-06-23T20:41:43.7338527Z [ADMIN] admin.accounts.pending actor=dev_admin count=0
2026-06-23T20:41:43.9051602Z [ADMIN] dice.feed.common itemsRaw=36
2026-06-23T20:41:43.9223577Z [ADMIN] dice.feed.common itemsMapped=36
2026-06-23T20:41:43.9223577Z [ADMIN] dice.visibleFeed actor=dev_admin count=36
2026-06-23T20:41:44.0095272Z [ADMIN] dice.feed.common itemsRaw=36
2026-06-23T20:41:44.0275283Z [ADMIN] dice.feed.common itemsMapped=36
2026-06-23T20:41:44.0275283Z [ADMIN] dice.visibleFeed actor=dev_admin count=36
2026-06-23T20:41:51.6881802Z [ADMIN] dice.feed.common itemsRaw=36
2026-06-23T20:41:51.7051763Z [ADMIN] dice.feed.common itemsMapped=36
2026-06-23T20:41:51.7061785Z [ADMIN] dice.visibleFeed actor=dev_player count=36
2026-06-23T20:41:51.7581775Z [ADMIN] dice.test.getCurrent actor=dev_player userId=0584ae33047742a18f657d4ca9c86a01 found=False
2026-06-23T20:41:53.7254847Z [ADMIN] admin.accounts.pending actor=dev_admin count=0
2026-06-23T20:41:53.8755153Z [ADMIN] dice.feed.common itemsRaw=36
2026-06-23T20:41:53.8935146Z [ADMIN] dice.feed.common itemsMapped=36
2026-06-23T20:41:53.8935146Z [ADMIN] dice.visibleFeed actor=dev_admin count=36
2026-06-23T20:41:53.9581073Z [ADMIN] dice.feed.common itemsRaw=36
2026-06-23T20:41:53.9761084Z [ADMIN] dice.feed.common itemsMapped=36
2026-06-23T20:41:53.9761084Z [ADMIN] dice.visibleFeed actor=dev_admin count=36
2026-06-23T20:41:59.7937488Z [ADMIN] dice.feed.common itemsRaw=36
2026-06-23T20:41:59.8118396Z [ADMIN] dice.feed.common itemsMapped=36
2026-06-23T20:41:59.8118396Z [ADMIN] dice.visibleFeed actor=dev_player count=36
2026-06-23T20:41:59.8642991Z [ADMIN] dice.test.getCurrent actor=dev_player userId=0584ae33047742a18f657d4ca9c86a01 found=False
2026-06-23T20:42:04.0559422Z [ADMIN] admin.accounts.pending actor=dev_admin count=0
2026-06-23T20:42:04.2109602Z [ADMIN] dice.feed.common itemsRaw=36
2026-06-23T20:42:04.2292913Z [ADMIN] dice.feed.common itemsMapped=36
2026-06-23T20:42:04.2302918Z [ADMIN] dice.visibleFeed actor=dev_admin count=36
2026-06-23T20:42:04.2942923Z [ADMIN] dice.feed.common itemsRaw=36
2026-06-23T20:42:04.3122923Z [ADMIN] dice.feed.common itemsMapped=36
2026-06-23T20:42:04.3122923Z [ADMIN] dice.visibleFeed actor=dev_admin count=36
2026-06-23T20:42:07.8916633Z [ADMIN] dice.feed.common itemsRaw=36
2026-06-23T20:42:07.9091395Z [ADMIN] dice.feed.common itemsMapped=36
2026-06-23T20:42:07.9091395Z [ADMIN] dice.visibleFeed actor=dev_player count=36
2026-06-23T20:42:07.9669178Z [ADMIN] dice.test.getCurrent actor=dev_player userId=0584ae33047742a18f657d4ca9c86a01 found=False
2026-06-23T20:42:14.3990703Z [ADMIN] admin.accounts.pending actor=dev_admin count=0
2026-06-23T20:42:14.5583701Z [ADMIN] dice.feed.common itemsRaw=36
2026-06-23T20:42:14.5760164Z [ADMIN] dice.feed.common itemsMapped=36
2026-06-23T20:42:14.5760164Z [ADMIN] dice.visibleFeed actor=dev_admin count=36
2026-06-23T20:42:14.6439430Z [ADMIN] dice.feed.common itemsRaw=36
2026-06-23T20:42:14.6617213Z [ADMIN] dice.feed.common itemsMapped=36
2026-06-23T20:42:14.6617213Z [ADMIN] dice.visibleFeed actor=dev_admin count=36
2026-06-23T20:42:16.0008929Z [ADMIN] dice.feed.common itemsRaw=36
2026-06-23T20:42:16.0179553Z [ADMIN] dice.feed.common itemsMapped=36
2026-06-23T20:42:16.0189557Z [ADMIN] dice.visibleFeed actor=dev_player count=36
2026-06-23T20:42:16.0771857Z [ADMIN] dice.test.getCurrent actor=dev_player userId=0584ae33047742a18f657d4ca9c86a01 found=False
2026-06-23T20:42:24.1194615Z [ADMIN] dice.feed.common itemsRaw=36
2026-06-23T20:42:24.1374627Z [ADMIN] dice.feed.common itemsMapped=36
2026-06-23T20:42:24.1384608Z [ADMIN] dice.visibleFeed actor=dev_player count=36
2026-06-23T20:42:24.1934288Z [ADMIN] dice.test.getCurrent actor=dev_player userId=0584ae33047742a18f657d4ca9c86a01 found=False
2026-06-23T20:42:24.7429076Z [ADMIN] admin.accounts.pending actor=dev_admin count=0
2026-06-23T20:42:24.9109011Z [ADMIN] dice.feed.common itemsRaw=36
2026-06-23T20:42:24.9278999Z [ADMIN] dice.feed.common itemsMapped=36
2026-06-23T20:42:24.9288998Z [ADMIN] dice.visibleFeed actor=dev_admin count=36
2026-06-23T20:42:24.9979694Z [ADMIN] dice.feed.common itemsRaw=36
2026-06-23T20:42:25.0170780Z [ADMIN] dice.feed.common itemsMapped=36
2026-06-23T20:42:25.0176107Z [ADMIN] dice.visibleFeed actor=dev_admin count=36
2026-06-23T20:42:32.2359285Z [ADMIN] dice.feed.common itemsRaw=36
2026-06-23T20:42:32.2543904Z [ADMIN] dice.feed.common itemsMapped=36
2026-06-23T20:42:32.2553924Z [ADMIN] dice.visibleFeed actor=dev_player count=36
2026-06-23T20:42:32.3176634Z [ADMIN] dice.test.getCurrent actor=dev_player userId=0584ae33047742a18f657d4ca9c86a01 found=False
2026-06-23T20:42:35.1088539Z [ADMIN] admin.accounts.pending actor=dev_admin count=0
2026-06-23T20:42:35.2640392Z [ADMIN] dice.feed.common itemsRaw=36
2026-06-23T20:42:35.2843252Z [ADMIN] dice.feed.common itemsMapped=36
2026-06-23T20:42:35.2843252Z [ADMIN] dice.visibleFeed actor=dev_admin count=36
2026-06-23T20:42:35.3569508Z [ADMIN] dice.feed.common itemsRaw=36
2026-06-23T20:42:35.3747649Z [ADMIN] dice.feed.common itemsMapped=36
2026-06-23T20:42:35.3752943Z [ADMIN] dice.visibleFeed actor=dev_admin count=36
2026-06-23T20:42:40.3451134Z [ADMIN] dice.feed.common itemsRaw=36
2026-06-23T20:42:40.3637207Z [ADMIN] dice.feed.common itemsMapped=36
2026-06-23T20:42:40.3642415Z [ADMIN] dice.visibleFeed actor=dev_player count=36
2026-06-23T20:42:40.4227479Z [ADMIN] dice.test.getCurrent actor=dev_player userId=0584ae33047742a18f657d4ca9c86a01 found=False
2026-06-23T20:42:45.4607935Z [ADMIN] admin.accounts.pending actor=dev_admin count=0
2026-06-23T20:42:45.6222999Z [ADMIN] dice.feed.common itemsRaw=36
2026-06-23T20:42:45.6401701Z [ADMIN] dice.feed.common itemsMapped=36
2026-06-23T20:42:45.6401701Z [ADMIN] dice.visibleFeed actor=dev_admin count=36
2026-06-23T20:42:45.7089205Z [ADMIN] dice.feed.common itemsRaw=36
2026-06-23T20:42:45.7278728Z [ADMIN] dice.feed.common itemsMapped=36
2026-06-23T20:42:45.7278728Z [ADMIN] dice.visibleFeed actor=dev_admin count=36
2026-06-23T20:42:48.4508448Z [ADMIN] dice.feed.common itemsRaw=36
2026-06-23T20:42:48.4698449Z [ADMIN] dice.feed.common itemsMapped=36
2026-06-23T20:42:48.4698449Z [ADMIN] dice.visibleFeed actor=dev_player count=36
2026-06-23T20:42:48.5275264Z [ADMIN] dice.test.getCurrent actor=dev_player userId=0584ae33047742a18f657d4ca9c86a01 found=False
2026-06-23T20:42:55.8057286Z [ADMIN] admin.accounts.pending actor=dev_admin count=0
2026-06-23T20:42:55.9593905Z [ADMIN] dice.feed.common itemsRaw=36
2026-06-23T20:42:55.9771509Z [ADMIN] dice.feed.common itemsMapped=36
2026-06-23T20:42:55.9771509Z [ADMIN] dice.visibleFeed actor=dev_admin count=36
2026-06-23T20:42:56.0381423Z [ADMIN] dice.feed.common itemsRaw=36
2026-06-23T20:42:56.0557644Z [ADMIN] dice.feed.common itemsMapped=36
2026-06-23T20:42:56.0557644Z [ADMIN] dice.visibleFeed actor=dev_admin count=36
2026-06-23T20:42:56.5620054Z [ADMIN] dice.feed.common itemsRaw=36
2026-06-23T20:42:56.5810310Z [ADMIN] dice.feed.common itemsMapped=36
2026-06-23T20:42:56.5810310Z [ADMIN] dice.visibleFeed actor=dev_player count=36
2026-06-23T20:42:56.6437625Z [ADMIN] dice.test.getCurrent actor=dev_player userId=0584ae33047742a18f657d4ca9c86a01 found=False
2026-06-23T20:42:56.9621142Z [ADMIN] character.admin.list actor=dev_admin count=5 includeArchived=False
2026-06-23T20:42:57.0759780Z [ADMIN] character.subattributes.admin.get actor=dev_admin characterId=fbd8a7b8e9a74810becc233f30fe9160 count=21
2026-06-23T20:42:57.1151097Z [ADMIN] character.inventory.get count=8
2026-06-23T20:42:57.1447766Z [ADMIN] character.holdings.get count=4 actor=dev_admin admin=True
2026-06-23T20:42:57.1700953Z [ADMIN] character.reputation.get count=10 actor=dev_admin admin=True
2026-06-23T20:42:57.1938222Z [ADMIN] character.companions.get count=4 actor=dev_admin admin=True
2026-06-23T20:42:57.2256067Z [ADMIN] character.skills.get auth actor=dev_admin characterId=fbd8a7b8e9a74810becc233f30fe9160 ownerCheck=False allowed=True
2026-06-23T20:42:57.2312844Z [ADMIN] character.skills.get actor=dev_admin characterId=fbd8a7b8e9a74810becc233f30fe9160 count=13 profileFirst=true
2026-06-23T20:42:59.7611632Z [ADMIN] character.subattributes.admin.get actor=dev_admin characterId=fbd8a7b8e9a74810becc233f30fe9160 count=21
2026-06-23T20:42:59.8077277Z [ADMIN] character.inventory.get count=8
2026-06-23T20:42:59.8387305Z [ADMIN] character.holdings.get count=4 actor=dev_admin admin=True
2026-06-23T20:42:59.8621806Z [ADMIN] character.reputation.get count=10 actor=dev_admin admin=True
2026-06-23T20:42:59.8871811Z [ADMIN] character.companions.get count=4 actor=dev_admin admin=True
2026-06-23T20:42:59.9041792Z [ADMIN] character.skills.get auth actor=dev_admin characterId=fbd8a7b8e9a74810becc233f30fe9160 ownerCheck=False allowed=True
2026-06-23T20:42:59.9101792Z [ADMIN] character.skills.get actor=dev_admin characterId=fbd8a7b8e9a74810becc233f30fe9160 count=13 profileFirst=true
2026-06-23T20:43:04.6705045Z [ADMIN] dice.feed.common itemsRaw=36
2026-06-23T20:43:04.6885023Z [ADMIN] dice.feed.common itemsMapped=36
2026-06-23T20:43:04.6885023Z [ADMIN] dice.visibleFeed actor=dev_player count=36
2026-06-23T20:43:04.7427807Z [ADMIN] dice.test.getCurrent actor=dev_player userId=0584ae33047742a18f657d4ca9c86a01 found=False
2026-06-23T20:43:06.1374883Z [ADMIN] admin.accounts.pending actor=dev_admin count=0
2026-06-23T20:43:06.2894967Z [ADMIN] dice.feed.common itemsRaw=36
2026-06-23T20:43:06.3075025Z [ADMIN] dice.feed.common itemsMapped=36
2026-06-23T20:43:06.3075025Z [ADMIN] dice.visibleFeed actor=dev_admin count=36
2026-06-23T20:43:06.4527284Z [ADMIN] character.skills.get auth actor=dev_admin characterId=fbd8a7b8e9a74810becc233f30fe9160 ownerCheck=False allowed=True
2026-06-23T20:43:06.4579322Z [ADMIN] character.skills.get actor=dev_admin characterId=fbd8a7b8e9a74810becc233f30fe9160 count=13 profileFirst=true
2026-06-23T20:43:06.5117072Z [ADMIN] dice.feed.common itemsRaw=36
2026-06-23T20:43:06.5299842Z [ADMIN] dice.feed.common itemsMapped=36
2026-06-23T20:43:06.5300041Z [ADMIN] dice.visibleFeed actor=dev_admin count=36
2026-06-23T20:43:12.7807446Z [ADMIN] dice.feed.common itemsRaw=36
2026-06-23T20:43:12.7995566Z [ADMIN] dice.feed.common itemsMapped=36
2026-06-23T20:43:12.7995566Z [ADMIN] dice.visibleFeed actor=dev_player count=36
2026-06-23T20:43:12.8548283Z [ADMIN] dice.test.getCurrent actor=dev_player userId=0584ae33047742a18f657d4ca9c86a01 found=False
2026-06-23T20:43:16.6190607Z [ADMIN] admin.accounts.pending actor=dev_admin count=0
2026-06-23T20:43:16.7670530Z [ADMIN] dice.feed.common itemsRaw=36
2026-06-23T20:43:16.7856068Z [ADMIN] dice.feed.common itemsMapped=36
2026-06-23T20:43:16.7856068Z [ADMIN] dice.visibleFeed actor=dev_admin count=36
2026-06-23T20:43:16.9097734Z [ADMIN] character.skills.get auth actor=dev_admin characterId=fbd8a7b8e9a74810becc233f30fe9160 ownerCheck=False allowed=True
2026-06-23T20:43:16.9155852Z [ADMIN] character.skills.get actor=dev_admin characterId=fbd8a7b8e9a74810becc233f30fe9160 count=13 profileFirst=true
2026-06-23T20:43:16.9691799Z [ADMIN] dice.feed.common itemsRaw=36
2026-06-23T20:43:16.9870362Z [ADMIN] dice.feed.common itemsMapped=36
2026-06-23T20:43:16.9870362Z [ADMIN] dice.visibleFeed actor=dev_admin count=36
2026-06-23T20:43:20.8887986Z [ADMIN] dice.feed.common itemsRaw=36
2026-06-23T20:43:20.9068064Z [ADMIN] dice.feed.common itemsMapped=36
2026-06-23T20:43:20.9068064Z [ADMIN] dice.visibleFeed actor=dev_player count=36
2026-06-23T20:43:20.9596041Z [ADMIN] dice.test.getCurrent actor=dev_player userId=0584ae33047742a18f657d4ca9c86a01 found=False
2026-06-23T20:43:27.0767595Z [ADMIN] admin.accounts.pending actor=dev_admin count=0
2026-06-23T20:43:27.2298589Z [ADMIN] dice.feed.common itemsRaw=36
2026-06-23T20:43:27.2475411Z [ADMIN] dice.feed.common itemsMapped=36
2026-06-23T20:43:27.2475411Z [ADMIN] dice.visibleFeed actor=dev_admin count=36
2026-06-23T20:43:27.3726326Z [ADMIN] character.skills.get auth actor=dev_admin characterId=fbd8a7b8e9a74810becc233f30fe9160 ownerCheck=False allowed=True
2026-06-23T20:43:27.3784385Z [ADMIN] character.skills.get actor=dev_admin characterId=fbd8a7b8e9a74810becc233f30fe9160 count=13 profileFirst=true
2026-06-23T20:43:27.4300577Z [ADMIN] dice.feed.common itemsRaw=36
2026-06-23T20:43:27.4473590Z [ADMIN] dice.feed.common itemsMapped=36
2026-06-23T20:43:27.4473590Z [ADMIN] dice.visibleFeed actor=dev_admin count=36
2026-06-23T20:43:29.0024026Z [ADMIN] dice.feed.common itemsRaw=36
2026-06-23T20:43:29.0192896Z [ADMIN] dice.feed.common itemsMapped=36
2026-06-23T20:43:29.0192896Z [ADMIN] dice.visibleFeed actor=dev_player count=36
2026-06-23T20:43:29.0748932Z [ADMIN] dice.test.getCurrent actor=dev_player userId=0584ae33047742a18f657d4ca9c86a01 found=False
2026-06-23T20:43:37.1145326Z [ADMIN] dice.feed.common itemsRaw=36
2026-06-23T20:43:37.1338459Z [ADMIN] dice.feed.common itemsMapped=36
2026-06-23T20:43:37.1338459Z [ADMIN] dice.visibleFeed actor=dev_player count=36
2026-06-23T20:43:37.1890871Z [ADMIN] dice.test.getCurrent actor=dev_player userId=0584ae33047742a18f657d4ca9c86a01 found=False
2026-06-23T20:43:37.5449842Z [ADMIN] admin.accounts.pending actor=dev_admin count=0
2026-06-23T20:43:37.6981811Z [ADMIN] dice.feed.common itemsRaw=36
2026-06-23T20:43:37.7165339Z [ADMIN] dice.feed.common itemsMapped=36
2026-06-23T20:43:37.7168870Z [ADMIN] dice.visibleFeed actor=dev_admin count=36
2026-06-23T20:43:37.8621928Z [ADMIN] character.skills.get auth actor=dev_admin characterId=fbd8a7b8e9a74810becc233f30fe9160 ownerCheck=False allowed=True
2026-06-23T20:43:37.8681393Z [ADMIN] character.skills.get actor=dev_admin characterId=fbd8a7b8e9a74810becc233f30fe9160 count=13 profileFirst=true
2026-06-23T20:43:37.9224218Z [ADMIN] dice.feed.common itemsRaw=36
2026-06-23T20:43:37.9414220Z [ADMIN] dice.feed.common itemsMapped=36
2026-06-23T20:43:37.9414220Z [ADMIN] dice.visibleFeed actor=dev_admin count=36
2026-06-23T20:43:45.2207817Z [ADMIN] dice.feed.common itemsRaw=36
2026-06-23T20:43:45.2397297Z [ADMIN] dice.feed.common itemsMapped=36
2026-06-23T20:43:45.2397297Z [ADMIN] dice.visibleFeed actor=dev_player count=36
2026-06-23T20:43:45.3027328Z [ADMIN] dice.test.getCurrent actor=dev_player userId=0584ae33047742a18f657d4ca9c86a01 found=False
2026-06-23T20:43:48.0238171Z [ADMIN] admin.accounts.pending actor=dev_admin count=0
2026-06-23T20:43:48.1889143Z [ADMIN] dice.feed.common itemsRaw=36
2026-06-23T20:43:48.2073301Z [ADMIN] dice.feed.common itemsMapped=36
2026-06-23T20:43:48.2079136Z [ADMIN] dice.visibleFeed actor=dev_admin count=36
2026-06-23T20:43:48.3357178Z [ADMIN] character.skills.get auth actor=dev_admin characterId=fbd8a7b8e9a74810becc233f30fe9160 ownerCheck=False allowed=True
2026-06-23T20:43:48.3417176Z [ADMIN] character.skills.get actor=dev_admin characterId=fbd8a7b8e9a74810becc233f30fe9160 count=13 profileFirst=true
2026-06-23T20:43:48.3964569Z [ADMIN] dice.feed.common itemsRaw=36
2026-06-23T20:43:48.4138306Z [ADMIN] dice.feed.common itemsMapped=36
2026-06-23T20:43:48.4145053Z [ADMIN] dice.visibleFeed actor=dev_admin count=36
2026-06-23T20:43:53.3496150Z [ADMIN] dice.feed.common itemsRaw=36
2026-06-23T20:43:53.3676150Z [ADMIN] dice.feed.common itemsMapped=36
2026-06-23T20:43:53.3686154Z [ADMIN] dice.visibleFeed actor=dev_player count=36
2026-06-23T20:43:53.4228840Z [ADMIN] dice.test.getCurrent actor=dev_player userId=0584ae33047742a18f657d4ca9c86a01 found=False
2026-06-23T20:43:58.4914027Z [ADMIN] admin.accounts.pending actor=dev_admin count=0
2026-06-23T20:43:58.6492444Z [ADMIN] dice.feed.common itemsRaw=36
2026-06-23T20:43:58.6663600Z [ADMIN] dice.feed.common itemsMapped=36
2026-06-23T20:43:58.6663600Z [ADMIN] dice.visibleFeed actor=dev_admin count=36
2026-06-23T20:43:58.8002591Z [ADMIN] character.skills.get auth actor=dev_admin characterId=fbd8a7b8e9a74810becc233f30fe9160 ownerCheck=False allowed=True
2026-06-23T20:43:58.8072625Z [ADMIN] character.skills.get actor=dev_admin characterId=fbd8a7b8e9a74810becc233f30fe9160 count=13 profileFirst=true
2026-06-23T20:43:58.8641629Z [ADMIN] dice.feed.common itemsRaw=36
2026-06-23T20:43:58.8824412Z [ADMIN] dice.feed.common itemsMapped=36
2026-06-23T20:43:58.8834404Z [ADMIN] dice.visibleFeed actor=dev_admin count=36
2026-06-23T20:44:01.4534478Z [ADMIN] dice.feed.common itemsRaw=36
2026-06-23T20:44:01.4712791Z [ADMIN] dice.feed.common itemsMapped=36
2026-06-23T20:44:01.4718115Z [ADMIN] dice.visibleFeed actor=dev_player count=36
2026-06-23T20:44:01.5333951Z [ADMIN] dice.test.getCurrent actor=dev_player userId=0584ae33047742a18f657d4ca9c86a01 found=False
2026-06-23T20:44:08.9789042Z [ADMIN] admin.accounts.pending actor=dev_admin count=0
2026-06-23T20:44:09.1323010Z [ADMIN] dice.feed.common itemsRaw=36
2026-06-23T20:44:09.1502284Z [ADMIN] dice.feed.common itemsMapped=36
2026-06-23T20:44:09.1502284Z [ADMIN] dice.visibleFeed actor=dev_admin count=36
2026-06-23T20:44:09.2857147Z [ADMIN] character.skills.get auth actor=dev_admin characterId=fbd8a7b8e9a74810becc233f30fe9160 ownerCheck=False allowed=True
2026-06-23T20:44:09.2927124Z [ADMIN] character.skills.get actor=dev_admin characterId=fbd8a7b8e9a74810becc233f30fe9160 count=13 profileFirst=true
2026-06-23T20:44:09.3511959Z [ADMIN] dice.feed.common itemsRaw=36
2026-06-23T20:44:09.3692120Z [ADMIN] dice.feed.common itemsMapped=36
2026-06-23T20:44:09.3702082Z [ADMIN] dice.visibleFeed actor=dev_admin count=36
2026-06-23T20:44:09.5666381Z [ADMIN] dice.feed.common itemsRaw=36
2026-06-23T20:44:09.5853398Z [ADMIN] dice.feed.common itemsMapped=36
2026-06-23T20:44:09.5858712Z [ADMIN] dice.visibleFeed actor=dev_player count=36
2026-06-23T20:44:09.6446762Z [ADMIN] dice.test.getCurrent actor=dev_player userId=0584ae33047742a18f657d4ca9c86a01 found=False
2026-06-23T20:44:17.6767082Z [ADMIN] dice.feed.common itemsRaw=36
2026-06-23T20:44:17.6967460Z [ADMIN] dice.feed.common itemsMapped=36
2026-06-23T20:44:17.6967460Z [ADMIN] dice.visibleFeed actor=dev_player count=36
2026-06-23T20:44:17.7554883Z [ADMIN] dice.test.getCurrent actor=dev_player userId=0584ae33047742a18f657d4ca9c86a01 found=False
2026-06-23T20:44:19.4610472Z [ADMIN] admin.accounts.pending actor=dev_admin count=0
2026-06-23T20:44:19.6385689Z [ADMIN] dice.feed.common itemsRaw=36
2026-06-23T20:44:19.6566609Z [ADMIN] dice.feed.common itemsMapped=36
2026-06-23T20:44:19.6566609Z [ADMIN] dice.visibleFeed actor=dev_admin count=36
2026-06-23T20:44:19.7814386Z [ADMIN] character.skills.get auth actor=dev_admin characterId=fbd8a7b8e9a74810becc233f30fe9160 ownerCheck=False allowed=True
2026-06-23T20:44:19.7868159Z [ADMIN] character.skills.get actor=dev_admin characterId=fbd8a7b8e9a74810becc233f30fe9160 count=13 profileFirst=true
2026-06-23T20:44:19.8427723Z [ADMIN] dice.feed.common itemsRaw=36
2026-06-23T20:44:19.8616845Z [ADMIN] dice.feed.common itemsMapped=36
2026-06-23T20:44:19.8616845Z [ADMIN] dice.visibleFeed actor=dev_admin count=36
2026-06-23T20:44:25.7922704Z [ADMIN] dice.feed.common itemsRaw=36
2026-06-23T20:44:25.8104151Z [ADMIN] dice.feed.common itemsMapped=36
2026-06-23T20:44:25.8114120Z [ADMIN] dice.visibleFeed actor=dev_player count=36
2026-06-23T20:44:25.8667847Z [ADMIN] dice.test.getCurrent actor=dev_player userId=0584ae33047742a18f657d4ca9c86a01 found=False
2026-06-23T20:44:29.9446009Z [ADMIN] admin.accounts.pending actor=dev_admin count=0
2026-06-23T20:44:30.1001610Z [ADMIN] dice.feed.common itemsRaw=36
2026-06-23T20:44:30.1180910Z [ADMIN] dice.feed.common itemsMapped=36
2026-06-23T20:44:30.1190907Z [ADMIN] dice.visibleFeed actor=dev_admin count=36
2026-06-23T20:44:30.2477410Z [ADMIN] character.skills.get auth actor=dev_admin characterId=fbd8a7b8e9a74810becc233f30fe9160 ownerCheck=False allowed=True
2026-06-23T20:44:30.2542593Z [ADMIN] character.skills.get actor=dev_admin characterId=fbd8a7b8e9a74810becc233f30fe9160 count=13 profileFirst=true
2026-06-23T20:44:30.3073037Z [ADMIN] dice.feed.common itemsRaw=36
2026-06-23T20:44:30.3263668Z [ADMIN] dice.feed.common itemsMapped=36
2026-06-23T20:44:30.3263668Z [ADMIN] dice.visibleFeed actor=dev_admin count=36
2026-06-23T20:44:33.9071308Z [ADMIN] dice.feed.common itemsRaw=36
2026-06-23T20:44:33.9258556Z [ADMIN] dice.feed.common itemsMapped=36
2026-06-23T20:44:33.9258556Z [ADMIN] dice.visibleFeed actor=dev_player count=36
2026-06-23T20:44:33.9786328Z [ADMIN] dice.test.getCurrent actor=dev_player userId=0584ae33047742a18f657d4ca9c86a01 found=False
2026-06-23T20:44:40.4130177Z [ADMIN] admin.accounts.pending actor=dev_admin count=0
2026-06-23T20:44:40.5797255Z [ADMIN] dice.feed.common itemsRaw=36
2026-06-23T20:44:40.5977258Z [ADMIN] dice.feed.common itemsMapped=36
2026-06-23T20:44:40.5987264Z [ADMIN] dice.visibleFeed actor=dev_admin count=36
2026-06-23T20:44:40.7325743Z [ADMIN] character.skills.get auth actor=dev_admin characterId=fbd8a7b8e9a74810becc233f30fe9160 ownerCheck=False allowed=True
2026-06-23T20:44:40.7375766Z [ADMIN] character.skills.get actor=dev_admin characterId=fbd8a7b8e9a74810becc233f30fe9160 count=13 profileFirst=true
2026-06-23T20:44:40.7905760Z [ADMIN] dice.feed.common itemsRaw=36
2026-06-23T20:44:40.8095739Z [ADMIN] dice.feed.common itemsMapped=36
2026-06-23T20:44:40.8095739Z [ADMIN] dice.visibleFeed actor=dev_admin count=36
2026-06-23T20:44:42.0356187Z [ADMIN] dice.feed.common itemsRaw=36
2026-06-23T20:44:42.0596172Z [ADMIN] dice.feed.common itemsMapped=36
2026-06-23T20:44:42.0596172Z [ADMIN] dice.visibleFeed actor=dev_player count=36
2026-06-23T20:44:42.1350228Z [ADMIN] dice.test.getCurrent actor=dev_player userId=0584ae33047742a18f657d4ca9c86a01 found=False
2026-06-23T20:44:50.1765029Z [ADMIN] dice.feed.common itemsRaw=36
2026-06-23T20:44:50.1945037Z [ADMIN] dice.feed.common itemsMapped=36
2026-06-23T20:44:50.1955034Z [ADMIN] dice.visibleFeed actor=dev_player count=36
2026-06-23T20:44:50.2475046Z [ADMIN] dice.test.getCurrent actor=dev_player userId=0584ae33047742a18f657d4ca9c86a01 found=False
2026-06-23T20:44:50.8985572Z [ADMIN] admin.accounts.pending actor=dev_admin count=0
2026-06-23T20:44:51.0569629Z [ADMIN] dice.feed.common itemsRaw=36
2026-06-23T20:44:51.0746278Z [ADMIN] dice.feed.common itemsMapped=36
2026-06-23T20:44:51.0746278Z [ADMIN] dice.visibleFeed actor=dev_admin count=36
2026-06-23T20:44:51.2017075Z [ADMIN] character.skills.get auth actor=dev_admin characterId=fbd8a7b8e9a74810becc233f30fe9160 ownerCheck=False allowed=True
2026-06-23T20:44:51.2077100Z [ADMIN] character.skills.get actor=dev_admin characterId=fbd8a7b8e9a74810becc233f30fe9160 count=13 profileFirst=true
2026-06-23T20:44:51.2597086Z [ADMIN] dice.feed.common itemsRaw=36
2026-06-23T20:44:51.2777083Z [ADMIN] dice.feed.common itemsMapped=36
2026-06-23T20:44:51.2777083Z [ADMIN] dice.visibleFeed actor=dev_admin count=36
2026-06-23T20:44:58.2875844Z [ADMIN] dice.feed.common itemsRaw=36
2026-06-23T20:44:58.3045845Z [ADMIN] dice.feed.common itemsMapped=36
2026-06-23T20:44:58.3045845Z [ADMIN] dice.visibleFeed actor=dev_player count=36
2026-06-23T20:44:58.3591675Z [ADMIN] dice.test.getCurrent actor=dev_player userId=0584ae33047742a18f657d4ca9c86a01 found=False
2026-06-23T20:45:01.3515268Z [ADMIN] admin.accounts.pending actor=dev_admin count=0
2026-06-23T20:45:01.5055486Z [ADMIN] dice.feed.common itemsRaw=36
2026-06-23T20:45:01.5225480Z [ADMIN] dice.feed.common itemsMapped=36
2026-06-23T20:45:01.5225480Z [ADMIN] dice.visibleFeed actor=dev_admin count=36
2026-06-23T20:45:01.6476483Z [ADMIN] character.skills.get auth actor=dev_admin characterId=fbd8a7b8e9a74810becc233f30fe9160 ownerCheck=False allowed=True
2026-06-23T20:45:01.6547718Z [ADMIN] character.skills.get actor=dev_admin characterId=fbd8a7b8e9a74810becc233f30fe9160 count=13 profileFirst=true
2026-06-23T20:45:01.7255887Z [ADMIN] dice.feed.common itemsRaw=36
2026-06-23T20:45:01.7455881Z [ADMIN] dice.feed.common itemsMapped=36
2026-06-23T20:45:01.7465885Z [ADMIN] dice.visibleFeed actor=dev_admin count=36
2026-06-23T20:46:03.7890848Z [ADMIN] admin.accounts.pending actor=dev_admin count=0
2026-06-23T20:46:03.9647933Z [ADMIN] dice.feed.common itemsRaw=36
2026-06-23T20:46:03.9832374Z [ADMIN] dice.feed.common itemsMapped=36
2026-06-23T20:46:03.9832374Z [ADMIN] dice.visibleFeed actor=dev_admin count=36
2026-06-23T20:46:04.0613060Z [ADMIN] dice.feed.common itemsRaw=36
2026-06-23T20:46:04.0790727Z [ADMIN] dice.feed.common itemsMapped=36
2026-06-23T20:46:04.0790727Z [ADMIN] dice.visibleFeed actor=dev_admin count=36
2026-06-23T20:46:11.1825290Z [ADMIN] crafting.command.disabled command=crafting.player.recipe.list
2026-06-23T20:46:11.2519698Z [ADMIN] progression.available.skills actor=dev_player count=13
2026-06-23T20:46:11.2586800Z [ADMIN] character.skills.get auth actor=dev_player characterId=fbd8a7b8e9a74810becc233f30fe9160 ownerCheck=True allowed=True
2026-06-23T20:46:11.2636800Z [ADMIN] character.skills.get actor=dev_player characterId=fbd8a7b8e9a74810becc233f30fe9160 count=12 profileFirst=true
2026-06-23T20:46:11.3037789Z [ADMIN] dice.feed.common itemsRaw=36
2026-06-23T20:46:11.3212574Z [ADMIN] dice.feed.common itemsMapped=36
2026-06-23T20:46:11.3212574Z [ADMIN] dice.visibleFeed actor=dev_player count=36
2026-06-23T20:46:11.3772449Z [ADMIN] dice.test.getCurrent actor=dev_player userId=0584ae33047742a18f657d4ca9c86a01 found=False
2026-06-23T20:46:11.3992479Z [ADMIN] request.handler.failed requestId=3a3fe5f5f5f14614a4bcf1e695e8ba36 command=system.featureFlags.snapshot type=Unauthorized message=Insufficient role.
2026-06-23T20:46:11.4022509Z [ADMIN] request.handler.failed requestId=0391a4a296bc487d9ff8355970348c9d command=system.featureFlags.snapshot type=Unauthorized message=Insufficient role.
2026-06-23T20:46:11.4092631Z [ADMIN] journal.player.event.list actor=dev_player campaignId=default count=44
2026-06-23T20:46:11.4266892Z [ADMIN] request.handler.failed requestId=78aacee0ab864d36ad7cddc782b418e6 command=system.featureFlags.snapshot type=Unauthorized message=Insufficient role.
2026-06-23T20:46:11.4302570Z [ADMIN] request.handler.failed requestId=aa10a44bcd484520804b5cb59d78e26b command=system.featureFlags.snapshot type=Unauthorized message=Insufficient role.
2026-06-23T20:46:13.7886863Z [ADMIN] admin.accounts.pending actor=dev_admin count=0
2026-06-23T20:46:13.9441207Z [ADMIN] dice.feed.common itemsRaw=36
2026-06-23T20:46:13.9611854Z [ADMIN] dice.feed.common itemsMapped=36
2026-06-23T20:46:13.9611854Z [ADMIN] dice.visibleFeed actor=dev_admin count=36
2026-06-23T20:46:14.0208539Z [ADMIN] dice.feed.common itemsRaw=36
2026-06-23T20:46:14.0404015Z [ADMIN] dice.feed.common itemsMapped=36
2026-06-23T20:46:14.0404015Z [ADMIN] dice.visibleFeed actor=dev_admin count=36
2026-06-23T20:46:19.4526286Z [ADMIN] dice.feed.common itemsRaw=36
2026-06-23T20:46:19.4713586Z [ADMIN] dice.feed.common itemsMapped=36
2026-06-23T20:46:19.4713586Z [ADMIN] dice.visibleFeed actor=dev_player count=36
2026-06-23T20:46:19.5271565Z [ADMIN] dice.test.getCurrent actor=dev_player userId=0584ae33047742a18f657d4ca9c86a01 found=False
2026-06-23T20:46:24.1179388Z [ADMIN] admin.accounts.pending actor=dev_admin count=0
2026-06-23T20:46:24.2707056Z [ADMIN] dice.feed.common itemsRaw=36
2026-06-23T20:46:24.2882044Z [ADMIN] dice.feed.common itemsMapped=36
2026-06-23T20:46:24.2887276Z [ADMIN] dice.visibleFeed actor=dev_admin count=36
2026-06-23T20:46:24.3533018Z [ADMIN] dice.feed.common itemsRaw=36
2026-06-23T20:46:24.3707469Z [ADMIN] dice.feed.common itemsMapped=36
2026-06-23T20:46:24.3707469Z [ADMIN] dice.visibleFeed actor=dev_admin count=36
2026-06-23T20:46:27.5695023Z [ADMIN] dice.feed.common itemsRaw=36
2026-06-23T20:46:27.5869368Z [ADMIN] dice.feed.common itemsMapped=36
2026-06-23T20:46:27.5869368Z [ADMIN] dice.visibleFeed actor=dev_player count=36
2026-06-23T20:46:27.6467566Z [ADMIN] dice.test.getCurrent actor=dev_player userId=0584ae33047742a18f657d4ca9c86a01 found=False
2026-06-23T20:46:34.4600791Z [ADMIN] admin.accounts.pending actor=dev_admin count=0
2026-06-23T20:46:34.6234460Z [ADMIN] dice.feed.common itemsRaw=36
2026-06-23T20:46:34.6431557Z [ADMIN] dice.feed.common itemsMapped=36
2026-06-23T20:46:34.6431557Z [ADMIN] dice.visibleFeed actor=dev_admin count=36
2026-06-23T20:46:34.7068638Z [ADMIN] dice.feed.common itemsRaw=36
2026-06-23T20:46:34.7246162Z [ADMIN] dice.feed.common itemsMapped=36
2026-06-23T20:46:34.7246162Z [ADMIN] dice.visibleFeed actor=dev_admin count=36
2026-06-23T20:46:35.6720496Z [ADMIN] dice.feed.common itemsRaw=36
2026-06-23T20:46:35.6909739Z [ADMIN] dice.feed.common itemsMapped=36
2026-06-23T20:46:35.6909739Z [ADMIN] dice.visibleFeed actor=dev_player count=36
2026-06-23T20:46:35.7475197Z [ADMIN] dice.test.getCurrent actor=dev_player userId=0584ae33047742a18f657d4ca9c86a01 found=False
2026-06-23T20:46:42.2517200Z [ADMIN] character.admin.list actor=dev_admin count=5 includeArchived=False
2026-06-23T20:46:42.6519992Z [ADMIN] character.subattributes.admin.get actor=dev_admin characterId=fbd8a7b8e9a74810becc233f30fe9160 count=21
2026-06-23T20:46:42.6845170Z [ADMIN] character.inventory.get count=8
2026-06-23T20:46:42.7135158Z [ADMIN] character.holdings.get count=4 actor=dev_admin admin=True
2026-06-23T20:46:42.7365178Z [ADMIN] character.reputation.get count=10 actor=dev_admin admin=True
2026-06-23T20:46:42.7615151Z [ADMIN] character.companions.get count=4 actor=dev_admin admin=True
2026-06-23T20:46:42.7895181Z [ADMIN] character.skills.get auth actor=dev_admin characterId=fbd8a7b8e9a74810becc233f30fe9160 ownerCheck=False allowed=True
2026-06-23T20:46:42.7955164Z [ADMIN] character.skills.get actor=dev_admin characterId=fbd8a7b8e9a74810becc233f30fe9160 count=13 profileFirst=true
2026-06-23T20:46:43.7884968Z [ADMIN] dice.feed.common itemsRaw=36
2026-06-23T20:46:43.8054944Z [ADMIN] dice.feed.common itemsMapped=36
2026-06-23T20:46:43.8054944Z [ADMIN] dice.visibleFeed actor=dev_player count=36
2026-06-23T20:46:43.8609732Z [ADMIN] dice.test.getCurrent actor=dev_player userId=0584ae33047742a18f657d4ca9c86a01 found=False
2026-06-23T20:46:44.8037431Z [ADMIN] admin.accounts.pending actor=dev_admin count=0
2026-06-23T20:46:44.9577130Z [ADMIN] dice.feed.common itemsRaw=36
2026-06-23T20:46:44.9755152Z [ADMIN] dice.feed.common itemsMapped=36
2026-06-23T20:46:44.9755152Z [ADMIN] dice.visibleFeed actor=dev_admin count=36
2026-06-23T20:46:45.1044087Z [ADMIN] character.skills.get auth actor=dev_admin characterId=fbd8a7b8e9a74810becc233f30fe9160 ownerCheck=False allowed=True
2026-06-23T20:46:45.1104087Z [ADMIN] character.skills.get actor=dev_admin characterId=fbd8a7b8e9a74810becc233f30fe9160 count=13 profileFirst=true
2026-06-23T20:46:45.1616828Z [ADMIN] dice.feed.common itemsRaw=36
2026-06-23T20:46:45.1806015Z [ADMIN] dice.feed.common itemsMapped=36
2026-06-23T20:46:45.1806015Z [ADMIN] dice.visibleFeed actor=dev_admin count=36
2026-06-23T20:46:45.5429801Z [ADMIN] character.subattributes.admin.get actor=dev_admin characterId=fbd8a7b8e9a74810becc233f30fe9160 count=21
2026-06-23T20:46:45.5839798Z [ADMIN] character.inventory.get count=8
2026-06-23T20:46:45.6179811Z [ADMIN] character.holdings.get count=4 actor=dev_admin admin=True
2026-06-23T20:46:45.6399830Z [ADMIN] character.reputation.get count=10 actor=dev_admin admin=True
2026-06-23T20:46:45.6647123Z [ADMIN] character.companions.get count=4 actor=dev_admin admin=True
2026-06-23T20:46:45.6827121Z [ADMIN] character.skills.get auth actor=dev_admin characterId=fbd8a7b8e9a74810becc233f30fe9160 ownerCheck=False allowed=True
2026-06-23T20:46:45.6886854Z [ADMIN] character.skills.get actor=dev_admin characterId=fbd8a7b8e9a74810becc233f30fe9160 count=13 profileFirst=true
2026-06-23T20:46:49.9676005Z [ADMIN] lock.acquire actor=dev_admin entityType=character entityId=fbd8a7b8e9a74810becc233f30fe9160 result=reactivated
2026-06-23T20:46:49.9686019Z [ADMIN] character.lock.acquire actor=dev_admin characterId=fbd8a7b8e9a74810becc233f30fe9160 result=Ok
2026-06-23T20:46:50.0021922Z [ADMIN] character.admin.save.stats actor=dev_admin characterId=fbd8a7b8e9a74810becc233f30fe9160 result=ok profileNative=true
2026-06-23T20:46:50.0218393Z [ADMIN] character.subattributes.admin.update actor=dev_admin characterId=fbd8a7b8e9a74810becc233f30fe9160 updated=21 revision=4
2026-06-23T20:46:50.0850628Z [ADMIN] character.subattributes.admin.get actor=dev_admin characterId=fbd8a7b8e9a74810becc233f30fe9160 count=21
2026-06-23T20:46:50.1246518Z [ADMIN] character.inventory.get count=8
2026-06-23T20:46:50.1556376Z [ADMIN] character.holdings.get count=4 actor=dev_admin admin=True
2026-06-23T20:46:50.1806398Z [ADMIN] character.reputation.get count=10 actor=dev_admin admin=True
2026-06-23T20:46:50.2056517Z [ADMIN] character.companions.get count=4 actor=dev_admin admin=True
2026-06-23T20:46:50.2236540Z [ADMIN] character.skills.get auth actor=dev_admin characterId=fbd8a7b8e9a74810becc233f30fe9160 ownerCheck=False allowed=True
2026-06-23T20:46:50.2296496Z [ADMIN] character.skills.get actor=dev_admin characterId=fbd8a7b8e9a74810becc233f30fe9160 count=13 profileFirst=true
2026-06-23T20:46:51.8886250Z [ADMIN] dice.feed.common itemsRaw=36
2026-06-23T20:46:51.9077191Z [ADMIN] dice.feed.common itemsMapped=36
2026-06-23T20:46:51.9077191Z [ADMIN] dice.visibleFeed actor=dev_player count=36
2026-06-23T20:46:51.9588061Z [ADMIN] dice.test.getCurrent actor=dev_player userId=0584ae33047742a18f657d4ca9c86a01 found=False
2026-06-23T20:46:55.2573033Z [ADMIN] admin.accounts.pending actor=dev_admin count=0
2026-06-23T20:46:55.4151265Z [ADMIN] dice.feed.common itemsRaw=36
2026-06-23T20:46:55.4321283Z [ADMIN] dice.feed.common itemsMapped=36
2026-06-23T20:46:55.4331279Z [ADMIN] dice.visibleFeed actor=dev_admin count=36
2026-06-23T20:46:55.5658911Z [ADMIN] character.skills.get auth actor=dev_admin characterId=fbd8a7b8e9a74810becc233f30fe9160 ownerCheck=False allowed=True
2026-06-23T20:46:55.5728932Z [ADMIN] character.skills.get actor=dev_admin characterId=fbd8a7b8e9a74810becc233f30fe9160 count=13 profileFirst=true
2026-06-23T20:46:55.6248917Z [ADMIN] dice.feed.common itemsRaw=36
2026-06-23T20:46:55.6418933Z [ADMIN] dice.feed.common itemsMapped=36
2026-06-23T20:46:55.6418933Z [ADMIN] dice.visibleFeed actor=dev_admin count=36
2026-06-23T20:47:00.0086459Z [ADMIN] dice.feed.common itemsRaw=36
2026-06-23T20:47:00.0271579Z [ADMIN] dice.feed.common itemsMapped=36
2026-06-23T20:47:00.0276853Z [ADMIN] dice.visibleFeed actor=dev_player count=36
2026-06-23T20:47:00.0843678Z [ADMIN] dice.test.getCurrent actor=dev_player userId=0584ae33047742a18f657d4ca9c86a01 found=False
2026-06-23T20:47:05.7278884Z [ADMIN] admin.accounts.pending actor=dev_admin count=0
2026-06-23T20:47:05.8820065Z [ADMIN] dice.feed.common itemsRaw=36
2026-06-23T20:47:05.9003297Z [ADMIN] dice.feed.common itemsMapped=36
2026-06-23T20:47:05.9013312Z [ADMIN] dice.visibleFeed actor=dev_admin count=36
2026-06-23T20:47:06.0267286Z [ADMIN] character.skills.get auth actor=dev_admin characterId=fbd8a7b8e9a74810becc233f30fe9160 ownerCheck=False allowed=True
2026-06-23T20:47:06.0325657Z [ADMIN] character.skills.get actor=dev_admin characterId=fbd8a7b8e9a74810becc233f30fe9160 count=13 profileFirst=true
2026-06-23T20:47:06.0857696Z [ADMIN] dice.feed.common itemsRaw=36
2026-06-23T20:47:06.1033205Z [ADMIN] dice.feed.common itemsMapped=36
2026-06-23T20:47:06.1033205Z [ADMIN] dice.visibleFeed actor=dev_admin count=36
2026-06-23T20:47:08.1336937Z [ADMIN] dice.feed.common itemsRaw=36
2026-06-23T20:47:08.1547119Z [ADMIN] dice.feed.common itemsMapped=36
2026-06-23T20:47:08.1557060Z [ADMIN] dice.visibleFeed actor=dev_player count=36
2026-06-23T20:47:08.2117219Z [ADMIN] dice.test.getCurrent actor=dev_player userId=0584ae33047742a18f657d4ca9c86a01 found=False
2026-06-23T20:47:16.1805843Z [ADMIN] admin.accounts.pending actor=dev_admin count=0
2026-06-23T20:47:16.2515130Z [ADMIN] dice.feed.common itemsRaw=36
2026-06-23T20:47:16.2717317Z [ADMIN] dice.feed.common itemsMapped=36
2026-06-23T20:47:16.2717317Z [ADMIN] dice.visibleFeed actor=dev_player count=36
2026-06-23T20:47:16.3319938Z [ADMIN] dice.test.getCurrent actor=dev_player userId=0584ae33047742a18f657d4ca9c86a01 found=False
2026-06-23T20:47:16.3350359Z [ADMIN] dice.feed.common itemsRaw=36
2026-06-23T20:47:16.3530229Z [ADMIN] dice.feed.common itemsMapped=36
2026-06-23T20:47:16.3540239Z [ADMIN] dice.visibleFeed actor=dev_admin count=36
2026-06-23T20:47:16.4808149Z [ADMIN] character.skills.get auth actor=dev_admin characterId=fbd8a7b8e9a74810becc233f30fe9160 ownerCheck=False allowed=True
2026-06-23T20:47:16.4866588Z [ADMIN] character.skills.get actor=dev_admin characterId=fbd8a7b8e9a74810becc233f30fe9160 count=13 profileFirst=true
2026-06-23T20:47:16.5368253Z [ADMIN] dice.feed.common itemsRaw=36
2026-06-23T20:47:16.5543463Z [ADMIN] dice.feed.common itemsMapped=36
2026-06-23T20:47:16.5543463Z [ADMIN] dice.visibleFeed actor=dev_admin count=36
2026-06-23T20:47:24.3579340Z [ADMIN] dice.feed.common itemsRaw=36
2026-06-23T20:47:24.3763433Z [ADMIN] dice.feed.common itemsMapped=36
2026-06-23T20:47:24.3763433Z [ADMIN] dice.visibleFeed actor=dev_player count=36
2026-06-23T20:47:24.4301281Z [ADMIN] dice.test.getCurrent actor=dev_player userId=0584ae33047742a18f657d4ca9c86a01 found=False
2026-06-23T20:47:26.6328321Z [ADMIN] admin.accounts.pending actor=dev_admin count=0
2026-06-23T20:47:26.7841979Z [ADMIN] dice.feed.common itemsRaw=36
2026-06-23T20:47:26.8014154Z [ADMIN] dice.feed.common itemsMapped=36
2026-06-23T20:47:26.8024157Z [ADMIN] dice.visibleFeed actor=dev_admin count=36
2026-06-23T20:47:26.9299739Z [ADMIN] character.skills.get auth actor=dev_admin characterId=fbd8a7b8e9a74810becc233f30fe9160 ownerCheck=False allowed=True
2026-06-23T20:47:26.9355042Z [ADMIN] character.skills.get actor=dev_admin characterId=fbd8a7b8e9a74810becc233f30fe9160 count=13 profileFirst=true
2026-06-23T20:47:26.9895183Z [ADMIN] dice.feed.common itemsRaw=36
2026-06-23T20:47:27.0071065Z [ADMIN] dice.feed.common itemsMapped=36
2026-06-23T20:47:27.0081070Z [ADMIN] dice.visibleFeed actor=dev_admin count=36
2026-06-23T20:47:32.4667945Z [ADMIN] dice.feed.common itemsRaw=36
2026-06-23T20:47:32.4848680Z [ADMIN] dice.feed.common itemsMapped=36
2026-06-23T20:47:32.4859338Z [ADMIN] dice.visibleFeed actor=dev_player count=36
2026-06-23T20:47:32.5434543Z [ADMIN] dice.test.getCurrent actor=dev_player userId=0584ae33047742a18f657d4ca9c86a01 found=False
2026-06-23T20:47:37.0845788Z [ADMIN] admin.accounts.pending actor=dev_admin count=0
2026-06-23T20:47:37.2461038Z [ADMIN] dice.feed.common itemsRaw=36
2026-06-23T20:47:37.2639982Z [ADMIN] dice.feed.common itemsMapped=36
2026-06-23T20:47:37.2649968Z [ADMIN] dice.visibleFeed actor=dev_admin count=36
2026-06-23T20:47:37.4015012Z [ADMIN] character.skills.get auth actor=dev_admin characterId=fbd8a7b8e9a74810becc233f30fe9160 ownerCheck=False allowed=True
2026-06-23T20:47:37.4075025Z [ADMIN] character.skills.get actor=dev_admin characterId=fbd8a7b8e9a74810becc233f30fe9160 count=13 profileFirst=true
2026-06-23T20:47:37.4610712Z [ADMIN] dice.feed.common itemsRaw=36
2026-06-23T20:47:37.4787447Z [ADMIN] dice.feed.common itemsMapped=36
2026-06-23T20:47:37.4792601Z [ADMIN] dice.visibleFeed actor=dev_admin count=36
2026-06-23T20:47:40.5904598Z [ADMIN] dice.feed.common itemsRaw=36
2026-06-23T20:47:40.6114620Z [ADMIN] dice.feed.common itemsMapped=36
2026-06-23T20:47:40.6124611Z [ADMIN] dice.visibleFeed actor=dev_player count=36
2026-06-23T20:47:40.6754606Z [ADMIN] dice.test.getCurrent actor=dev_player userId=0584ae33047742a18f657d4ca9c86a01 found=False
2026-06-23T20:47:47.5548660Z [ADMIN] admin.accounts.pending actor=dev_admin count=0
2026-06-23T20:47:47.7096034Z [ADMIN] dice.feed.common itemsRaw=36
2026-06-23T20:47:47.7285008Z [ADMIN] dice.feed.common itemsMapped=36
2026-06-23T20:47:47.7285008Z [ADMIN] dice.visibleFeed actor=dev_admin count=36
2026-06-23T20:47:47.8557883Z [ADMIN] character.skills.get auth actor=dev_admin characterId=fbd8a7b8e9a74810becc233f30fe9160 ownerCheck=False allowed=True
2026-06-23T20:47:47.8611660Z [ADMIN] character.skills.get actor=dev_admin characterId=fbd8a7b8e9a74810becc233f30fe9160 count=13 profileFirst=true
2026-06-23T20:47:47.9133358Z [ADMIN] dice.feed.common itemsRaw=36
2026-06-23T20:47:47.9318301Z [ADMIN] dice.feed.common itemsMapped=36
2026-06-23T20:47:47.9323560Z [ADMIN] dice.visibleFeed actor=dev_admin count=36
2026-06-23T20:47:48.7101700Z [ADMIN] dice.feed.common itemsRaw=36
2026-06-23T20:47:48.7276980Z [ADMIN] dice.feed.common itemsMapped=36
2026-06-23T20:47:48.7287009Z [ADMIN] dice.visibleFeed actor=dev_player count=36
2026-06-23T20:47:48.7811858Z [ADMIN] dice.test.getCurrent actor=dev_player userId=0584ae33047742a18f657d4ca9c86a01 found=False
2026-06-23T20:47:56.8181527Z [ADMIN] dice.feed.common itemsRaw=36
2026-06-23T20:47:56.8359951Z [ADMIN] dice.feed.common itemsMapped=36
2026-06-23T20:47:56.8359951Z [ADMIN] dice.visibleFeed actor=dev_player count=36
2026-06-23T20:47:56.8893686Z [ADMIN] dice.test.getCurrent actor=dev_player userId=0584ae33047742a18f657d4ca9c86a01 found=False
2026-06-23T20:47:58.0109572Z [ADMIN] admin.accounts.pending actor=dev_admin count=0
2026-06-23T20:47:58.1837507Z [ADMIN] dice.feed.common itemsRaw=36
2026-06-23T20:47:58.2046077Z [ADMIN] dice.feed.common itemsMapped=36
2026-06-23T20:47:58.2046077Z [ADMIN] dice.visibleFeed actor=dev_admin count=36
2026-06-23T20:47:58.3430579Z [ADMIN] character.skills.get auth actor=dev_admin characterId=fbd8a7b8e9a74810becc233f30fe9160 ownerCheck=False allowed=True
2026-06-23T20:47:58.3510618Z [ADMIN] character.skills.get actor=dev_admin characterId=fbd8a7b8e9a74810becc233f30fe9160 count=13 profileFirst=true
2026-06-23T20:47:58.4070584Z [ADMIN] dice.feed.common itemsRaw=36
2026-06-23T20:47:58.4280596Z [ADMIN] dice.feed.common itemsMapped=36
2026-06-23T20:47:58.4280596Z [ADMIN] dice.visibleFeed actor=dev_admin count=36
2026-06-23T20:48:04.9254334Z [ADMIN] dice.feed.common itemsRaw=36
2026-06-23T20:48:04.9447546Z [ADMIN] dice.feed.common itemsMapped=36
2026-06-23T20:48:04.9452921Z [ADMIN] dice.visibleFeed actor=dev_player count=36
2026-06-23T20:48:04.9976564Z [ADMIN] dice.test.getCurrent actor=dev_player userId=0584ae33047742a18f657d4ca9c86a01 found=False
2026-06-23T20:48:08.5269714Z [ADMIN] admin.accounts.pending actor=dev_admin count=0
2026-06-23T20:48:08.6865380Z [ADMIN] dice.feed.common itemsRaw=36
2026-06-23T20:48:08.7036255Z [ADMIN] dice.feed.common itemsMapped=36
2026-06-23T20:48:08.7036255Z [ADMIN] dice.visibleFeed actor=dev_admin count=36
2026-06-23T20:48:08.8259094Z [ADMIN] character.skills.get auth actor=dev_admin characterId=fbd8a7b8e9a74810becc233f30fe9160 ownerCheck=False allowed=True
2026-06-23T20:48:08.8312576Z [ADMIN] character.skills.get actor=dev_admin characterId=fbd8a7b8e9a74810becc233f30fe9160 count=13 profileFirst=true
2026-06-23T20:48:08.8819565Z [ADMIN] dice.feed.common itemsRaw=36
2026-06-23T20:48:08.9003811Z [ADMIN] dice.feed.common itemsMapped=36
2026-06-23T20:48:08.9003811Z [ADMIN] dice.visibleFeed actor=dev_admin count=36
2026-06-23T20:48:13.0379600Z [ADMIN] dice.feed.common itemsRaw=36
2026-06-23T20:48:13.0555233Z [ADMIN] dice.feed.common itemsMapped=36
2026-06-23T20:48:13.0555233Z [ADMIN] dice.visibleFeed actor=dev_player count=36
2026-06-23T20:48:13.1082080Z [ADMIN] dice.test.getCurrent actor=dev_player userId=0584ae33047742a18f657d4ca9c86a01 found=False
2026-06-23T20:48:18.9778352Z [ADMIN] admin.accounts.pending actor=dev_admin count=0
2026-06-23T20:48:19.1242785Z [ADMIN] dice.feed.common itemsRaw=36
2026-06-23T20:48:19.1422103Z [ADMIN] dice.feed.common itemsMapped=36
2026-06-23T20:48:19.1432093Z [ADMIN] dice.visibleFeed actor=dev_admin count=36
2026-06-23T20:48:19.2683906Z [ADMIN] character.skills.get auth actor=dev_admin characterId=fbd8a7b8e9a74810becc233f30fe9160 ownerCheck=False allowed=True
2026-06-23T20:48:19.2743910Z [ADMIN] character.skills.get actor=dev_admin characterId=fbd8a7b8e9a74810becc233f30fe9160 count=13 profileFirst=true
2026-06-23T20:48:19.3277842Z [ADMIN] dice.feed.common itemsRaw=36
2026-06-23T20:48:19.3463281Z [ADMIN] dice.feed.common itemsMapped=36
2026-06-23T20:48:19.3468778Z [ADMIN] dice.visibleFeed actor=dev_admin count=36
2026-06-23T20:48:21.1414194Z [ADMIN] dice.feed.common itemsRaw=36
2026-06-23T20:48:21.1594184Z [ADMIN] dice.feed.common itemsMapped=36
2026-06-23T20:48:21.1594184Z [ADMIN] dice.visibleFeed actor=dev_player count=36
2026-06-23T20:48:21.2176521Z [ADMIN] dice.test.getCurrent actor=dev_player userId=0584ae33047742a18f657d4ca9c86a01 found=False
2026-06-23T20:48:29.2572627Z [ADMIN] dice.feed.common itemsRaw=36
2026-06-23T20:48:29.2761635Z [ADMIN] dice.feed.common itemsMapped=36
2026-06-23T20:48:29.2761635Z [ADMIN] dice.visibleFeed actor=dev_player count=36
2026-06-23T20:48:29.3381637Z [ADMIN] dice.test.getCurrent actor=dev_player userId=0584ae33047742a18f657d4ca9c86a01 found=False
2026-06-23T20:48:29.4336475Z [ADMIN] admin.accounts.pending actor=dev_admin count=0
2026-06-23T20:48:29.5924618Z [ADMIN] dice.feed.common itemsRaw=36
2026-06-23T20:48:29.6101048Z [ADMIN] dice.feed.common itemsMapped=36
2026-06-23T20:48:29.6111055Z [ADMIN] dice.visibleFeed actor=dev_admin count=36
2026-06-23T20:48:29.7360197Z [ADMIN] character.skills.get auth actor=dev_admin characterId=fbd8a7b8e9a74810becc233f30fe9160 ownerCheck=False allowed=True
2026-06-23T20:48:29.7410196Z [ADMIN] character.skills.get actor=dev_admin characterId=fbd8a7b8e9a74810becc233f30fe9160 count=13 profileFirst=true
2026-06-23T20:48:29.7914922Z [ADMIN] dice.feed.common itemsRaw=36
2026-06-23T20:48:29.8110000Z [ADMIN] dice.feed.common itemsMapped=36
2026-06-23T20:48:29.8110000Z [ADMIN] dice.visibleFeed actor=dev_admin count=36
2026-06-23T20:48:37.3807196Z [ADMIN] dice.feed.common itemsRaw=36
2026-06-23T20:48:37.4000644Z [ADMIN] dice.feed.common itemsMapped=36
2026-06-23T20:48:37.4006076Z [ADMIN] dice.visibleFeed actor=dev_player count=36
2026-06-23T20:48:37.4542970Z [ADMIN] dice.test.getCurrent actor=dev_player userId=0584ae33047742a18f657d4ca9c86a01 found=False
2026-06-23T20:48:39.8986075Z [ADMIN] admin.accounts.pending actor=dev_admin count=0
2026-06-23T20:48:40.0544946Z [ADMIN] dice.feed.common itemsRaw=36
2026-06-23T20:48:40.0722791Z [ADMIN] dice.feed.common itemsMapped=36
2026-06-23T20:48:40.0722791Z [ADMIN] dice.visibleFeed actor=dev_admin count=36
2026-06-23T20:48:40.1966781Z [ADMIN] character.skills.get auth actor=dev_admin characterId=fbd8a7b8e9a74810becc233f30fe9160 ownerCheck=False allowed=True
2026-06-23T20:48:40.2025393Z [ADMIN] character.skills.get actor=dev_admin characterId=fbd8a7b8e9a74810becc233f30fe9160 count=13 profileFirst=true
2026-06-23T20:48:40.2524909Z [ADMIN] dice.feed.common itemsRaw=36
2026-06-23T20:48:40.2695471Z [ADMIN] dice.feed.common itemsMapped=36
2026-06-23T20:48:40.2695471Z [ADMIN] dice.visibleFeed actor=dev_admin count=36
2026-06-23T20:48:45.4848370Z [ADMIN] dice.feed.common itemsRaw=36
2026-06-23T20:48:45.5026385Z [ADMIN] dice.feed.common itemsMapped=36
2026-06-23T20:48:45.5036383Z [ADMIN] dice.visibleFeed actor=dev_player count=36
2026-06-23T20:48:45.5576070Z [ADMIN] dice.test.getCurrent actor=dev_player userId=0584ae33047742a18f657d4ca9c86a01 found=False
2026-06-23T20:48:50.3516814Z [ADMIN] admin.accounts.pending actor=dev_admin count=0
2026-06-23T20:48:50.5137374Z [ADMIN] dice.feed.common itemsRaw=36
2026-06-23T20:48:50.5317372Z [ADMIN] dice.feed.common itemsMapped=36
2026-06-23T20:48:50.5317372Z [ADMIN] dice.visibleFeed actor=dev_admin count=36
2026-06-23T20:48:50.6554511Z [ADMIN] character.skills.get auth actor=dev_admin characterId=fbd8a7b8e9a74810becc233f30fe9160 ownerCheck=False allowed=True
2026-06-23T20:48:50.6604501Z [ADMIN] character.skills.get actor=dev_admin characterId=fbd8a7b8e9a74810becc233f30fe9160 count=13 profileFirst=true
2026-06-23T20:48:50.7144520Z [ADMIN] dice.feed.common itemsRaw=36
2026-06-23T20:48:50.7334509Z [ADMIN] dice.feed.common itemsMapped=36
2026-06-23T20:48:50.7334509Z [ADMIN] dice.visibleFeed actor=dev_admin count=36
2026-06-23T20:48:53.5935422Z [ADMIN] dice.feed.common itemsRaw=36
2026-06-23T20:48:53.6115391Z [ADMIN] dice.feed.common itemsMapped=36
2026-06-23T20:48:53.6115391Z [ADMIN] dice.visibleFeed actor=dev_player count=36
2026-06-23T20:48:53.6694598Z [ADMIN] dice.test.getCurrent actor=dev_player userId=0584ae33047742a18f657d4ca9c86a01 found=False
2026-06-23T20:49:00.8236976Z [ADMIN] admin.accounts.pending actor=dev_admin count=0
2026-06-23T20:49:00.9775450Z [ADMIN] dice.feed.common itemsRaw=36
2026-06-23T20:49:00.9961732Z [ADMIN] dice.feed.common itemsMapped=36
2026-06-23T20:49:00.9961732Z [ADMIN] dice.visibleFeed actor=dev_admin count=36
2026-06-23T20:49:01.1265427Z [ADMIN] character.skills.get auth actor=dev_admin characterId=fbd8a7b8e9a74810becc233f30fe9160 ownerCheck=False allowed=True
2026-06-23T20:49:01.1325301Z [ADMIN] character.skills.get actor=dev_admin characterId=fbd8a7b8e9a74810becc233f30fe9160 count=13 profileFirst=true
2026-06-23T20:49:01.1819875Z [ADMIN] dice.feed.common itemsRaw=36
2026-06-23T20:49:01.1997187Z [ADMIN] dice.feed.common itemsMapped=36
2026-06-23T20:49:01.1997187Z [ADMIN] dice.visibleFeed actor=dev_admin count=36
2026-06-23T20:49:01.7020283Z [ADMIN] dice.feed.common itemsRaw=36
2026-06-23T20:49:01.7204685Z [ADMIN] dice.feed.common itemsMapped=36
2026-06-23T20:49:01.7204685Z [ADMIN] dice.visibleFeed actor=dev_player count=36
2026-06-23T20:49:01.7775251Z [ADMIN] dice.test.getCurrent actor=dev_player userId=0584ae33047742a18f657d4ca9c86a01 found=False
2026-06-23T20:49:09.8170921Z [ADMIN] dice.feed.common itemsRaw=36
2026-06-23T20:49:09.8354055Z [ADMIN] dice.feed.common itemsMapped=36
2026-06-23T20:49:09.8354404Z [ADMIN] dice.visibleFeed actor=dev_player count=36
2026-06-23T20:49:09.8981812Z [ADMIN] dice.test.getCurrent actor=dev_player userId=0584ae33047742a18f657d4ca9c86a01 found=False
2026-06-23T20:49:11.2875575Z [ADMIN] admin.accounts.pending actor=dev_admin count=0
2026-06-23T20:49:11.4433272Z [ADMIN] dice.feed.common itemsRaw=36
2026-06-23T20:49:11.4637310Z [ADMIN] dice.feed.common itemsMapped=36
2026-06-23T20:49:11.4642465Z [ADMIN] dice.visibleFeed actor=dev_admin count=36
2026-06-23T20:49:11.5937741Z [ADMIN] character.skills.get auth actor=dev_admin characterId=fbd8a7b8e9a74810becc233f30fe9160 ownerCheck=False allowed=True
2026-06-23T20:49:11.5997740Z [ADMIN] character.skills.get actor=dev_admin characterId=fbd8a7b8e9a74810becc233f30fe9160 count=13 profileFirst=true
2026-06-23T20:49:11.6497740Z [ADMIN] dice.feed.common itemsRaw=36
2026-06-23T20:49:11.6687741Z [ADMIN] dice.feed.common itemsMapped=36
2026-06-23T20:49:11.6687741Z [ADMIN] dice.visibleFeed actor=dev_admin count=36
2026-06-23T20:49:17.9382213Z [ADMIN] dice.feed.common itemsRaw=36
2026-06-23T20:49:17.9581960Z [ADMIN] dice.feed.common itemsMapped=36
2026-06-23T20:49:17.9587225Z [ADMIN] dice.visibleFeed actor=dev_player count=36
2026-06-23T20:49:18.0138567Z [ADMIN] dice.test.getCurrent actor=dev_player userId=0584ae33047742a18f657d4ca9c86a01 found=False
2026-06-23T20:49:21.7576066Z [ADMIN] admin.accounts.pending actor=dev_admin count=0
2026-06-23T20:49:21.9147731Z [ADMIN] dice.feed.common itemsRaw=36
2026-06-23T20:49:21.9324439Z [ADMIN] dice.feed.common itemsMapped=36
2026-06-23T20:49:21.9324439Z [ADMIN] dice.visibleFeed actor=dev_admin count=36
2026-06-23T20:49:22.0601974Z [ADMIN] character.skills.get auth actor=dev_admin characterId=fbd8a7b8e9a74810becc233f30fe9160 ownerCheck=False allowed=True
2026-06-23T20:49:22.0660695Z [ADMIN] character.skills.get actor=dev_admin characterId=fbd8a7b8e9a74810becc233f30fe9160 count=13 profileFirst=true
2026-06-23T20:49:22.1206847Z [ADMIN] dice.feed.common itemsRaw=36
2026-06-23T20:49:22.1389451Z [ADMIN] dice.feed.common itemsMapped=36
2026-06-23T20:49:22.1394814Z [ADMIN] dice.visibleFeed actor=dev_admin count=36
2026-06-23T20:49:26.0519122Z [ADMIN] dice.feed.common itemsRaw=36
2026-06-23T20:49:26.0698157Z [ADMIN] dice.feed.common itemsMapped=36
2026-06-23T20:49:26.0698157Z [ADMIN] dice.visibleFeed actor=dev_player count=36
2026-06-23T20:49:26.1239526Z [ADMIN] dice.test.getCurrent actor=dev_player userId=0584ae33047742a18f657d4ca9c86a01 found=False
2026-06-23T20:49:32.2297966Z [ADMIN] admin.accounts.pending actor=dev_admin count=0
2026-06-23T20:49:32.3856986Z [ADMIN] dice.feed.common itemsRaw=36
2026-06-23T20:49:32.4052088Z [ADMIN] dice.feed.common itemsMapped=36
2026-06-23T20:49:32.4052088Z [ADMIN] dice.visibleFeed actor=dev_admin count=36
2026-06-23T20:49:32.5348771Z [ADMIN] character.skills.get auth actor=dev_admin characterId=fbd8a7b8e9a74810becc233f30fe9160 ownerCheck=False allowed=True
2026-06-23T20:49:32.5418679Z [ADMIN] character.skills.get actor=dev_admin characterId=fbd8a7b8e9a74810becc233f30fe9160 count=13 profileFirst=true
2026-06-23T20:49:32.5952992Z [ADMIN] dice.feed.common itemsRaw=36
2026-06-23T20:49:32.6138533Z [ADMIN] dice.feed.common itemsMapped=36
2026-06-23T20:49:32.6148535Z [ADMIN] dice.visibleFeed actor=dev_admin count=36
2026-06-23T20:49:34.1602437Z [ADMIN] dice.feed.common itemsRaw=36
2026-06-23T20:49:34.1798607Z [ADMIN] dice.feed.common itemsMapped=36
2026-06-23T20:49:34.1798607Z [ADMIN] dice.visibleFeed actor=dev_player count=36
2026-06-23T20:49:34.2366067Z [ADMIN] dice.test.getCurrent actor=dev_player userId=0584ae33047742a18f657d4ca9c86a01 found=False
2026-06-23T20:49:42.2658889Z [ADMIN] dice.feed.common itemsRaw=36
2026-06-23T20:49:42.2839044Z [ADMIN] dice.feed.common itemsMapped=36
2026-06-23T20:49:42.2839044Z [ADMIN] dice.visibleFeed actor=dev_player count=36
2026-06-23T20:49:42.3407589Z [ADMIN] dice.test.getCurrent actor=dev_player userId=0584ae33047742a18f657d4ca9c86a01 found=False
2026-06-23T20:49:42.6992344Z [ADMIN] admin.accounts.pending actor=dev_admin count=0
2026-06-23T20:49:42.8672270Z [ADMIN] dice.feed.common itemsRaw=36
2026-06-23T20:49:42.8868462Z [ADMIN] dice.feed.common itemsMapped=36
2026-06-23T20:49:42.8878457Z [ADMIN] dice.visibleFeed actor=dev_admin count=36
2026-06-23T20:49:43.0211215Z [ADMIN] character.skills.get auth actor=dev_admin characterId=fbd8a7b8e9a74810becc233f30fe9160 ownerCheck=False allowed=True
2026-06-23T20:49:43.0281200Z [ADMIN] character.skills.get actor=dev_admin characterId=fbd8a7b8e9a74810becc233f30fe9160 count=13 profileFirst=true
2026-06-23T20:49:43.0814707Z [ADMIN] dice.feed.common itemsRaw=36
2026-06-23T20:49:43.1004677Z [ADMIN] dice.feed.common itemsMapped=36
2026-06-23T20:49:43.1004677Z [ADMIN] dice.visibleFeed actor=dev_admin count=36
2026-06-23T20:49:50.3750891Z [ADMIN] dice.feed.common itemsRaw=36
2026-06-23T20:49:50.3946552Z [ADMIN] dice.feed.common itemsMapped=36
2026-06-23T20:49:50.3946552Z [ADMIN] dice.visibleFeed actor=dev_player count=36
2026-06-23T20:49:50.4507723Z [ADMIN] dice.test.getCurrent actor=dev_player userId=0584ae33047742a18f657d4ca9c86a01 found=False
2026-06-23T20:49:53.1845926Z [ADMIN] admin.accounts.pending actor=dev_admin count=0
2026-06-23T20:49:53.3508478Z [ADMIN] dice.feed.common itemsRaw=36
2026-06-23T20:49:53.3696821Z [ADMIN] dice.feed.common itemsMapped=36
2026-06-23T20:49:53.3696821Z [ADMIN] dice.visibleFeed actor=dev_admin count=36
2026-06-23T20:49:53.5058912Z [ADMIN] character.skills.get auth actor=dev_admin characterId=fbd8a7b8e9a74810becc233f30fe9160 ownerCheck=False allowed=True
2026-06-23T20:49:53.5121816Z [ADMIN] character.skills.get actor=dev_admin characterId=fbd8a7b8e9a74810becc233f30fe9160 count=13 profileFirst=true
2026-06-23T20:49:53.5741819Z [ADMIN] dice.feed.common itemsRaw=36
2026-06-23T20:49:53.5941815Z [ADMIN] dice.feed.common itemsMapped=36
2026-06-23T20:49:53.5941815Z [ADMIN] dice.visibleFeed actor=dev_admin count=36
2026-06-23T20:49:58.4901901Z [ADMIN] dice.feed.common itemsRaw=36
2026-06-23T20:49:58.5102456Z [ADMIN] dice.feed.common itemsMapped=36
2026-06-23T20:49:58.5102456Z [ADMIN] dice.visibleFeed actor=dev_player count=36
2026-06-23T20:49:58.5749445Z [ADMIN] dice.test.getCurrent actor=dev_player userId=0584ae33047742a18f657d4ca9c86a01 found=False
2026-06-23T20:50:03.6841477Z [ADMIN] admin.accounts.pending actor=dev_admin count=0
2026-06-23T20:50:03.8491928Z [ADMIN] dice.feed.common itemsRaw=36
2026-06-23T20:50:03.8679743Z [ADMIN] dice.feed.common itemsMapped=36
2026-06-23T20:50:03.8679743Z [ADMIN] dice.visibleFeed actor=dev_admin count=36
2026-06-23T20:50:03.9894990Z [ADMIN] character.skills.get auth actor=dev_admin characterId=fbd8a7b8e9a74810becc233f30fe9160 ownerCheck=False allowed=True
2026-06-23T20:50:03.9953396Z [ADMIN] character.skills.get actor=dev_admin characterId=fbd8a7b8e9a74810becc233f30fe9160 count=13 profileFirst=true
2026-06-23T20:50:04.0488846Z [ADMIN] dice.feed.common itemsRaw=36
2026-06-23T20:50:04.0659814Z [ADMIN] dice.feed.common itemsMapped=36
2026-06-23T20:50:04.0671791Z [ADMIN] dice.visibleFeed actor=dev_admin count=36
2026-06-23T20:50:06.6176280Z [ADMIN] dice.feed.common itemsRaw=36
2026-06-23T20:50:06.6385763Z [ADMIN] dice.feed.common itemsMapped=36
2026-06-23T20:50:06.6391052Z [ADMIN] dice.visibleFeed actor=dev_player count=36
2026-06-23T20:50:06.7104191Z [ADMIN] dice.test.getCurrent actor=dev_player userId=0584ae33047742a18f657d4ca9c86a01 found=False
2026-06-23T20:50:14.1540756Z [ADMIN] admin.accounts.pending actor=dev_admin count=0
2026-06-23T20:50:14.3292522Z [ADMIN] dice.feed.common itemsRaw=36
2026-06-23T20:50:14.3472126Z [ADMIN] dice.feed.common itemsMapped=36
2026-06-23T20:50:14.3472126Z [ADMIN] dice.visibleFeed actor=dev_admin count=36
2026-06-23T20:50:14.4818112Z [ADMIN] character.skills.get auth actor=dev_admin characterId=fbd8a7b8e9a74810becc233f30fe9160 ownerCheck=False allowed=True
2026-06-23T20:50:14.4878106Z [ADMIN] character.skills.get actor=dev_admin characterId=fbd8a7b8e9a74810becc233f30fe9160 count=13 profileFirst=true
2026-06-23T20:50:14.5417536Z [ADMIN] dice.feed.common itemsRaw=36
2026-06-23T20:50:14.5600954Z [ADMIN] dice.feed.common itemsMapped=36
2026-06-23T20:50:14.5601091Z [ADMIN] dice.visibleFeed actor=dev_admin count=36
2026-06-23T20:50:14.7521745Z [ADMIN] dice.feed.common itemsRaw=36
2026-06-23T20:50:14.7713540Z [ADMIN] dice.feed.common itemsMapped=36
2026-06-23T20:50:14.7718987Z [ADMIN] dice.visibleFeed actor=dev_player count=36
2026-06-23T20:50:14.8288669Z [ADMIN] dice.test.getCurrent actor=dev_player userId=0584ae33047742a18f657d4ca9c86a01 found=False
2026-06-23T20:50:22.8630821Z [ADMIN] dice.feed.common itemsRaw=36
2026-06-23T20:50:22.8809946Z [ADMIN] dice.feed.common itemsMapped=36
2026-06-23T20:50:22.8819960Z [ADMIN] dice.visibleFeed actor=dev_player count=36
2026-06-23T20:50:22.9449959Z [ADMIN] dice.test.getCurrent actor=dev_player userId=0584ae33047742a18f657d4ca9c86a01 found=False
2026-06-23T20:50:24.6505227Z [ADMIN] admin.accounts.pending actor=dev_admin count=0
2026-06-23T20:50:24.8091307Z [ADMIN] dice.feed.common itemsRaw=36
2026-06-23T20:50:24.8264613Z [ADMIN] dice.feed.common itemsMapped=36
2026-06-23T20:50:24.8274589Z [ADMIN] dice.visibleFeed actor=dev_admin count=36
2026-06-23T20:50:24.9586680Z [ADMIN] character.skills.get auth actor=dev_admin characterId=fbd8a7b8e9a74810becc233f30fe9160 ownerCheck=False allowed=True
2026-06-23T20:50:24.9657824Z [ADMIN] character.skills.get actor=dev_admin characterId=fbd8a7b8e9a74810becc233f30fe9160 count=13 profileFirst=true
2026-06-23T20:50:25.0276358Z [ADMIN] dice.feed.common itemsRaw=36
2026-06-23T20:50:25.0490054Z [ADMIN] dice.feed.common itemsMapped=36
2026-06-23T20:50:25.0490054Z [ADMIN] dice.visibleFeed actor=dev_admin count=36
2026-06-23T20:50:30.9909288Z [ADMIN] dice.feed.common itemsRaw=36
2026-06-23T20:50:31.0108547Z [ADMIN] dice.feed.common itemsMapped=36
2026-06-23T20:50:31.0108547Z [ADMIN] dice.visibleFeed actor=dev_player count=36
2026-06-23T20:50:31.0701191Z [ADMIN] dice.test.getCurrent actor=dev_player userId=0584ae33047742a18f657d4ca9c86a01 found=False
2026-06-23T20:50:35.1346139Z [ADMIN] admin.accounts.pending actor=dev_admin count=0
2026-06-23T20:50:35.3258433Z [ADMIN] dice.feed.common itemsRaw=36
2026-06-23T20:50:35.3458426Z [ADMIN] dice.feed.common itemsMapped=36
2026-06-23T20:50:35.3458426Z [ADMIN] dice.visibleFeed actor=dev_admin count=36
2026-06-23T20:50:35.4807648Z [ADMIN] character.skills.get auth actor=dev_admin characterId=fbd8a7b8e9a74810becc233f30fe9160 ownerCheck=False allowed=True
2026-06-23T20:50:35.4870767Z [ADMIN] character.skills.get actor=dev_admin characterId=fbd8a7b8e9a74810becc233f30fe9160 count=13 profileFirst=true
2026-06-23T20:50:35.5495059Z [ADMIN] dice.feed.common itemsRaw=36
2026-06-23T20:50:35.5675089Z [ADMIN] dice.feed.common itemsMapped=36
2026-06-23T20:50:35.5685075Z [ADMIN] dice.visibleFeed actor=dev_admin count=36
2026-06-23T20:50:39.1161564Z [ADMIN] dice.feed.common itemsRaw=36
2026-06-23T20:50:39.1343172Z [ADMIN] dice.feed.common itemsMapped=36
2026-06-23T20:50:39.1343172Z [ADMIN] dice.visibleFeed actor=dev_player count=36
2026-06-23T20:50:39.1913924Z [ADMIN] dice.test.getCurrent actor=dev_player userId=0584ae33047742a18f657d4ca9c86a01 found=False
2026-06-23T20:50:45.6475791Z [ADMIN] admin.accounts.pending actor=dev_admin count=0
2026-06-23T20:50:45.8069645Z [ADMIN] dice.feed.common itemsRaw=36
2026-06-23T20:50:45.8272387Z [ADMIN] dice.feed.common itemsMapped=36
2026-06-23T20:50:45.8272387Z [ADMIN] dice.visibleFeed actor=dev_admin count=36
2026-06-23T20:50:45.9567267Z [ADMIN] character.skills.get auth actor=dev_admin characterId=fbd8a7b8e9a74810becc233f30fe9160 ownerCheck=False allowed=True
2026-06-23T20:50:45.9627274Z [ADMIN] character.skills.get actor=dev_admin characterId=fbd8a7b8e9a74810becc233f30fe9160 count=13 profileFirst=true
2026-06-23T20:50:46.0130841Z [ADMIN] dice.feed.common itemsRaw=36
2026-06-23T20:50:46.0316522Z [ADMIN] dice.feed.common itemsMapped=36
2026-06-23T20:50:46.0326520Z [ADMIN] dice.visibleFeed actor=dev_admin count=36
2026-06-23T20:50:47.2179408Z [ADMIN] dice.feed.common itemsRaw=36
2026-06-23T20:50:47.2368214Z [ADMIN] dice.feed.common itemsMapped=36
2026-06-23T20:50:47.2373513Z [ADMIN] dice.visibleFeed actor=dev_player count=36
2026-06-23T20:50:47.2896829Z [ADMIN] dice.test.getCurrent actor=dev_player userId=0584ae33047742a18f657d4ca9c86a01 found=False
2026-06-23T20:50:55.3305810Z [ADMIN] dice.feed.common itemsRaw=36
2026-06-23T20:50:55.3487175Z [ADMIN] dice.feed.common itemsMapped=36
2026-06-23T20:50:55.3487175Z [ADMIN] dice.visibleFeed actor=dev_player count=36
2026-06-23T20:50:55.4028182Z [ADMIN] dice.test.getCurrent actor=dev_player userId=0584ae33047742a18f657d4ca9c86a01 found=False
2026-06-23T20:50:56.1177377Z [ADMIN] admin.accounts.pending actor=dev_admin count=0
2026-06-23T20:50:56.5681675Z [ADMIN] dice.feed.common itemsRaw=36
2026-06-23T20:50:56.5866093Z [ADMIN] dice.feed.common itemsMapped=36
2026-06-23T20:50:56.5871481Z [ADMIN] dice.visibleFeed actor=dev_admin count=36
2026-06-23T20:50:56.7118361Z [ADMIN] character.skills.get auth actor=dev_admin characterId=fbd8a7b8e9a74810becc233f30fe9160 ownerCheck=False allowed=True
2026-06-23T20:50:56.7196014Z [ADMIN] character.skills.get actor=dev_admin characterId=fbd8a7b8e9a74810becc233f30fe9160 count=13 profileFirst=true
2026-06-23T20:50:56.7728621Z [ADMIN] dice.feed.common itemsRaw=36
2026-06-23T20:50:56.7908630Z [ADMIN] dice.feed.common itemsMapped=36
2026-06-23T20:50:56.7908630Z [ADMIN] dice.visibleFeed actor=dev_admin count=36
2026-06-23T20:51:03.4365686Z [ADMIN] dice.feed.common itemsRaw=36
2026-06-23T20:51:03.4545735Z [ADMIN] dice.feed.common itemsMapped=36
2026-06-23T20:51:03.4555732Z [ADMIN] dice.visibleFeed actor=dev_player count=36
2026-06-23T20:51:03.5125728Z [ADMIN] dice.test.getCurrent actor=dev_player userId=0584ae33047742a18f657d4ca9c86a01 found=False
2026-06-23T20:51:05.1945432Z [ADMIN] crafting.command.disabled command=crafting.player.recipe.list
2026-06-23T20:51:05.2520895Z [ADMIN] progression.available.skills actor=dev_player count=13
2026-06-23T20:51:05.2630896Z [ADMIN] character.skills.get auth actor=dev_player characterId=fbd8a7b8e9a74810becc233f30fe9160 ownerCheck=True allowed=True
2026-06-23T20:51:05.2680911Z [ADMIN] character.skills.get actor=dev_player characterId=fbd8a7b8e9a74810becc233f30fe9160 count=12 profileFirst=true
2026-06-23T20:51:05.2990917Z [ADMIN] dice.feed.common itemsRaw=36
2026-06-23T20:51:05.3170897Z [ADMIN] dice.feed.common itemsMapped=36
2026-06-23T20:51:05.3170897Z [ADMIN] dice.visibleFeed actor=dev_player count=36
2026-06-23T20:51:05.3720908Z [ADMIN] dice.test.getCurrent actor=dev_player userId=0584ae33047742a18f657d4ca9c86a01 found=False
2026-06-23T20:51:05.3900903Z [ADMIN] request.handler.failed requestId=3edcf7cd71b34fdcaaf794c11c661753 command=system.featureFlags.snapshot type=Unauthorized message=Insufficient role.
2026-06-23T20:51:05.3930914Z [ADMIN] request.handler.failed requestId=ce7cbdeae3f54f00be7c7cec8e947a19 command=system.featureFlags.snapshot type=Unauthorized message=Insufficient role.
2026-06-23T20:51:05.3990919Z [ADMIN] journal.player.event.list actor=dev_player campaignId=default count=44
2026-06-23T20:51:05.4110902Z [ADMIN] request.handler.failed requestId=eca6bac0b5b4472aaa2238f8827f690a command=system.featureFlags.snapshot type=Unauthorized message=Insufficient role.
2026-06-23T20:51:05.4140901Z [ADMIN] request.handler.failed requestId=e951635b7adc4e18bf5dddbbdbe0d374 command=system.featureFlags.snapshot type=Unauthorized message=Insufficient role.
2026-06-23T20:51:06.8676470Z [ADMIN] admin.accounts.pending actor=dev_admin count=0
2026-06-23T20:51:07.0246376Z [ADMIN] dice.feed.common itemsRaw=36
2026-06-23T20:51:07.0416368Z [ADMIN] dice.feed.common itemsMapped=36
2026-06-23T20:51:07.0426371Z [ADMIN] dice.visibleFeed actor=dev_admin count=36
2026-06-23T20:51:07.1654356Z [ADMIN] character.skills.get auth actor=dev_admin characterId=fbd8a7b8e9a74810becc233f30fe9160 ownerCheck=False allowed=True
2026-06-23T20:51:07.1704353Z [ADMIN] character.skills.get actor=dev_admin characterId=fbd8a7b8e9a74810becc233f30fe9160 count=13 profileFirst=true
2026-06-23T20:51:07.2214358Z [ADMIN] dice.feed.common itemsRaw=36
2026-06-23T20:51:07.2399922Z [ADMIN] dice.feed.common itemsMapped=36
2026-06-23T20:51:07.2399922Z [ADMIN] dice.visibleFeed actor=dev_admin count=36
2026-06-23T20:51:11.5487753Z [ADMIN] dice.feed.common itemsRaw=36
2026-06-23T20:51:11.5671439Z [ADMIN] dice.feed.common itemsMapped=36
2026-06-23T20:51:11.5671439Z [ADMIN] dice.visibleFeed actor=dev_player count=36
2026-06-23T20:51:11.6234129Z [ADMIN] dice.test.getCurrent actor=dev_player userId=0584ae33047742a18f657d4ca9c86a01 found=False
2026-06-23T20:51:17.3246086Z [ADMIN] admin.accounts.pending actor=dev_admin count=0
2026-06-23T20:51:17.4893396Z [ADMIN] dice.feed.common itemsRaw=36
2026-06-23T20:51:17.5073393Z [ADMIN] dice.feed.common itemsMapped=36
2026-06-23T20:51:17.5073393Z [ADMIN] dice.visibleFeed actor=dev_admin count=36
2026-06-23T20:51:17.6373403Z [ADMIN] character.skills.get auth actor=dev_admin characterId=fbd8a7b8e9a74810becc233f30fe9160 ownerCheck=False allowed=True
2026-06-23T20:51:17.6443403Z [ADMIN] character.skills.get actor=dev_admin characterId=fbd8a7b8e9a74810becc233f30fe9160 count=13 profileFirst=true
2026-06-23T20:51:17.6999823Z [ADMIN] dice.feed.common itemsRaw=36
2026-06-23T20:51:17.7204136Z [ADMIN] dice.feed.common itemsMapped=36
2026-06-23T20:51:17.7214121Z [ADMIN] dice.visibleFeed actor=dev_admin count=36
2026-06-23T20:51:19.6628020Z [ADMIN] dice.feed.common itemsRaw=36
2026-06-23T20:51:19.6809186Z [ADMIN] dice.feed.common itemsMapped=36
2026-06-23T20:51:19.6809186Z [ADMIN] dice.visibleFeed actor=dev_player count=36
2026-06-23T20:51:19.7338818Z [ADMIN] dice.test.getCurrent actor=dev_player userId=0584ae33047742a18f657d4ca9c86a01 found=False
2026-06-23T20:51:27.7756337Z [ADMIN] dice.feed.common itemsRaw=36
2026-06-23T20:51:27.7948633Z [ADMIN] dice.feed.common itemsMapped=36
2026-06-23T20:51:27.7954013Z [ADMIN] dice.visibleFeed actor=dev_player count=36
2026-06-23T20:51:27.8222164Z [ADMIN] admin.accounts.pending actor=dev_admin count=0
2026-06-23T20:51:27.8588716Z [ADMIN] dice.test.getCurrent actor=dev_player userId=0584ae33047742a18f657d4ca9c86a01 found=False
2026-06-23T20:51:27.9700910Z [ADMIN] dice.feed.common itemsRaw=36
2026-06-23T20:51:27.9896160Z [ADMIN] dice.feed.common itemsMapped=36
2026-06-23T20:51:27.9896160Z [ADMIN] dice.visibleFeed actor=dev_admin count=36
2026-06-23T20:51:28.1122057Z [ADMIN] character.skills.get auth actor=dev_admin characterId=fbd8a7b8e9a74810becc233f30fe9160 ownerCheck=False allowed=True
2026-06-23T20:51:28.1195466Z [ADMIN] character.skills.get actor=dev_admin characterId=fbd8a7b8e9a74810becc233f30fe9160 count=13 profileFirst=true
2026-06-23T20:51:28.1695590Z [ADMIN] dice.feed.common itemsRaw=36
2026-06-23T20:51:28.1885574Z [ADMIN] dice.feed.common itemsMapped=36
2026-06-23T20:51:28.1885574Z [ADMIN] dice.visibleFeed actor=dev_admin count=36
2026-06-23T20:51:35.8910879Z [ADMIN] dice.feed.common itemsRaw=36
2026-06-23T20:51:35.9098480Z [ADMIN] dice.feed.common itemsMapped=36
2026-06-23T20:51:35.9098480Z [ADMIN] dice.visibleFeed actor=dev_player count=36
2026-06-23T20:51:35.9656062Z [ADMIN] dice.test.getCurrent actor=dev_player userId=0584ae33047742a18f657d4ca9c86a01 found=False
2026-06-23T20:51:38.2771588Z [ADMIN] admin.accounts.pending actor=dev_admin count=0
2026-06-23T20:51:38.4354688Z [ADMIN] dice.feed.common itemsRaw=36
2026-06-23T20:51:38.4537472Z [ADMIN] dice.feed.common itemsMapped=36
2026-06-23T20:51:38.4537472Z [ADMIN] dice.visibleFeed actor=dev_admin count=36
2026-06-23T20:51:38.5856436Z [ADMIN] character.skills.get auth actor=dev_admin characterId=fbd8a7b8e9a74810becc233f30fe9160 ownerCheck=False allowed=True
2026-06-23T20:51:38.5916429Z [ADMIN] character.skills.get actor=dev_admin characterId=fbd8a7b8e9a74810becc233f30fe9160 count=13 profileFirst=true
2026-06-23T20:51:38.6483290Z [ADMIN] dice.feed.common itemsRaw=36
2026-06-23T20:51:38.6672953Z [ADMIN] dice.feed.common itemsMapped=36
2026-06-23T20:51:38.6672953Z [ADMIN] dice.visibleFeed actor=dev_admin count=36
2026-06-23T20:51:43.9999571Z [ADMIN] dice.feed.common itemsRaw=36
2026-06-23T20:51:44.0189563Z [ADMIN] dice.feed.common itemsMapped=36
2026-06-23T20:51:44.0189563Z [ADMIN] dice.visibleFeed actor=dev_player count=36
2026-06-23T20:51:44.0738212Z [ADMIN] dice.test.getCurrent actor=dev_player userId=0584ae33047742a18f657d4ca9c86a01 found=False
2026-06-23T20:51:48.7571535Z [ADMIN] admin.accounts.pending actor=dev_admin count=0
2026-06-23T20:51:48.9180147Z [ADMIN] dice.feed.common itemsRaw=36
2026-06-23T20:51:48.9358141Z [ADMIN] dice.feed.common itemsMapped=36
2026-06-23T20:51:48.9358141Z [ADMIN] dice.visibleFeed actor=dev_admin count=36
2026-06-23T20:51:49.0588161Z [ADMIN] character.skills.get auth actor=dev_admin characterId=fbd8a7b8e9a74810becc233f30fe9160 ownerCheck=False allowed=True
2026-06-23T20:51:49.0648153Z [ADMIN] character.skills.get actor=dev_admin characterId=fbd8a7b8e9a74810becc233f30fe9160 count=13 profileFirst=true
2026-06-23T20:51:49.1148154Z [ADMIN] dice.feed.common itemsRaw=36
2026-06-23T20:51:49.1328122Z [ADMIN] dice.feed.common itemsMapped=36
2026-06-23T20:51:49.1328122Z [ADMIN] dice.visibleFeed actor=dev_admin count=36
2026-06-23T20:51:52.1144893Z [ADMIN] dice.feed.common itemsRaw=36
2026-06-23T20:51:52.1348171Z [ADMIN] dice.feed.common itemsMapped=36
2026-06-23T20:51:52.1348171Z [ADMIN] dice.visibleFeed actor=dev_player count=36
2026-06-23T20:51:52.1922898Z [ADMIN] dice.test.getCurrent actor=dev_player userId=0584ae33047742a18f657d4ca9c86a01 found=False
2026-06-23T20:51:59.2096335Z [ADMIN] admin.accounts.pending actor=dev_admin count=0
2026-06-23T20:51:59.3637666Z [ADMIN] dice.feed.common itemsRaw=36
2026-06-23T20:51:59.3816141Z [ADMIN] dice.feed.common itemsMapped=36
2026-06-23T20:51:59.3816141Z [ADMIN] dice.visibleFeed actor=dev_admin count=36
2026-06-23T20:51:59.5081340Z [ADMIN] character.skills.get auth actor=dev_admin characterId=fbd8a7b8e9a74810becc233f30fe9160 ownerCheck=False allowed=True
2026-06-23T20:51:59.5131330Z [ADMIN] character.skills.get actor=dev_admin characterId=fbd8a7b8e9a74810becc233f30fe9160 count=13 profileFirst=true
2026-06-23T20:51:59.5660134Z [ADMIN] dice.feed.common itemsRaw=36
2026-06-23T20:51:59.5846887Z [ADMIN] dice.feed.common itemsMapped=36
2026-06-23T20:51:59.5846887Z [ADMIN] dice.visibleFeed actor=dev_admin count=36
2026-06-23T20:52:00.2175498Z [ADMIN] dice.feed.common itemsRaw=36
2026-06-23T20:52:00.2356894Z [ADMIN] dice.feed.common itemsMapped=36
2026-06-23T20:52:00.2356894Z [ADMIN] dice.visibleFeed actor=dev_player count=36
2026-06-23T20:52:00.2914212Z [ADMIN] dice.test.getCurrent actor=dev_player userId=0584ae33047742a18f657d4ca9c86a01 found=False
2026-06-23T20:52:08.3280283Z [ADMIN] dice.feed.common itemsRaw=36
2026-06-23T20:52:08.3460272Z [ADMIN] dice.feed.common itemsMapped=36
2026-06-23T20:52:08.3460272Z [ADMIN] dice.visibleFeed actor=dev_player count=36
2026-06-23T20:52:08.3996074Z [ADMIN] dice.test.getCurrent actor=dev_player userId=0584ae33047742a18f657d4ca9c86a01 found=False
2026-06-23T20:52:09.6635998Z [ADMIN] admin.accounts.pending actor=dev_admin count=0
2026-06-23T20:52:09.8126001Z [ADMIN] dice.feed.common itemsRaw=36
2026-06-23T20:52:09.8306518Z [ADMIN] dice.feed.common itemsMapped=36
2026-06-23T20:52:09.8306518Z [ADMIN] dice.visibleFeed actor=dev_admin count=36
2026-06-23T20:52:09.9648898Z [ADMIN] character.skills.get auth actor=dev_admin characterId=fbd8a7b8e9a74810becc233f30fe9160 ownerCheck=False allowed=True
2026-06-23T20:52:09.9698892Z [ADMIN] character.skills.get actor=dev_admin characterId=fbd8a7b8e9a74810becc233f30fe9160 count=13 profileFirst=true
2026-06-23T20:52:10.0268586Z [ADMIN] dice.feed.common itemsRaw=36
2026-06-23T20:52:10.0458586Z [ADMIN] dice.feed.common itemsMapped=36
2026-06-23T20:52:10.0458586Z [ADMIN] dice.visibleFeed actor=dev_admin count=36
2026-06-23T20:52:16.4411081Z [ADMIN] dice.feed.common itemsRaw=36
2026-06-23T20:52:16.4592788Z [ADMIN] dice.feed.common itemsMapped=36
2026-06-23T20:52:16.4592788Z [ADMIN] dice.visibleFeed actor=dev_player count=36
2026-06-23T20:52:16.5161105Z [ADMIN] dice.test.getCurrent actor=dev_player userId=0584ae33047742a18f657d4ca9c86a01 found=False
2026-06-23T20:52:20.1545473Z [ADMIN] admin.accounts.pending actor=dev_admin count=0
2026-06-23T20:52:20.3191452Z [ADMIN] dice.feed.common itemsRaw=36
2026-06-23T20:52:20.3358670Z [ADMIN] dice.feed.common itemsMapped=36
2026-06-23T20:52:20.3368688Z [ADMIN] dice.visibleFeed actor=dev_admin count=36
2026-06-23T20:52:20.4630931Z [ADMIN] character.skills.get auth actor=dev_admin characterId=fbd8a7b8e9a74810becc233f30fe9160 ownerCheck=False allowed=True
2026-06-23T20:52:20.4690920Z [ADMIN] character.skills.get actor=dev_admin characterId=fbd8a7b8e9a74810becc233f30fe9160 count=13 profileFirst=true
2026-06-23T20:52:20.5202272Z [ADMIN] dice.feed.common itemsRaw=36
2026-06-23T20:52:20.5378269Z [ADMIN] dice.feed.common itemsMapped=36
2026-06-23T20:52:20.5388276Z [ADMIN] dice.visibleFeed actor=dev_admin count=36
2026-06-23T20:52:24.5482557Z [ADMIN] dice.feed.common itemsRaw=36
2026-06-23T20:52:24.5675347Z [ADMIN] dice.feed.common itemsMapped=36
2026-06-23T20:52:24.5675347Z [ADMIN] dice.visibleFeed actor=dev_player count=36
2026-06-23T20:52:24.6236249Z [ADMIN] dice.test.getCurrent actor=dev_player userId=0584ae33047742a18f657d4ca9c86a01 found=False
2026-06-23T20:52:30.6156497Z [ADMIN] admin.accounts.pending actor=dev_admin count=0
2026-06-23T20:52:30.7769093Z [ADMIN] dice.feed.common itemsRaw=36
2026-06-23T20:52:30.7946994Z [ADMIN] dice.feed.common itemsMapped=36
2026-06-23T20:52:30.7952457Z [ADMIN] dice.visibleFeed actor=dev_admin count=36
2026-06-23T20:52:30.9200215Z [ADMIN] character.skills.get auth actor=dev_admin characterId=fbd8a7b8e9a74810becc233f30fe9160 ownerCheck=False allowed=True
2026-06-23T20:52:30.9258536Z [ADMIN] character.skills.get actor=dev_admin characterId=fbd8a7b8e9a74810becc233f30fe9160 count=13 profileFirst=true
2026-06-23T20:52:30.9769247Z [ADMIN] dice.feed.common itemsRaw=36
2026-06-23T20:52:30.9952836Z [ADMIN] dice.feed.common itemsMapped=36
2026-06-23T20:52:30.9958127Z [ADMIN] dice.visibleFeed actor=dev_admin count=36
2026-06-23T20:52:32.6541241Z [ADMIN] dice.feed.common itemsRaw=36
2026-06-23T20:52:32.6727178Z [ADMIN] dice.feed.common itemsMapped=36
2026-06-23T20:52:32.6727178Z [ADMIN] dice.visibleFeed actor=dev_player count=36
2026-06-23T20:52:32.7243965Z [ADMIN] dice.test.getCurrent actor=dev_player userId=0584ae33047742a18f657d4ca9c86a01 found=False
2026-06-23T20:52:40.7568034Z [ADMIN] dice.feed.common itemsRaw=36
2026-06-23T20:52:40.7738020Z [ADMIN] dice.feed.common itemsMapped=36
2026-06-23T20:52:40.7748019Z [ADMIN] dice.visibleFeed actor=dev_player count=36
2026-06-23T20:52:40.8291234Z [ADMIN] dice.test.getCurrent actor=dev_player userId=0584ae33047742a18f657d4ca9c86a01 found=False
2026-06-23T20:52:41.0899609Z [ADMIN] admin.accounts.pending actor=dev_admin count=0
2026-06-23T20:52:41.2409608Z [ADMIN] dice.feed.common itemsRaw=36
2026-06-23T20:52:41.2599858Z [ADMIN] dice.feed.common itemsMapped=36
2026-06-23T20:52:41.2605059Z [ADMIN] dice.visibleFeed actor=dev_admin count=36
2026-06-23T20:52:41.3860182Z [ADMIN] character.skills.get auth actor=dev_admin characterId=fbd8a7b8e9a74810becc233f30fe9160 ownerCheck=False allowed=True
2026-06-23T20:52:41.3940156Z [ADMIN] character.skills.get actor=dev_admin characterId=fbd8a7b8e9a74810becc233f30fe9160 count=13 profileFirst=true
2026-06-23T20:52:41.4450161Z [ADMIN] dice.feed.common itemsRaw=36
2026-06-23T20:52:41.4650164Z [ADMIN] dice.feed.common itemsMapped=36
2026-06-23T20:52:41.4650164Z [ADMIN] dice.visibleFeed actor=dev_admin count=36
2026-06-23T20:52:48.8607099Z [ADMIN] dice.feed.common itemsRaw=36
2026-06-23T20:52:48.8775047Z [ADMIN] dice.feed.common itemsMapped=36
2026-06-23T20:52:48.8785039Z [ADMIN] dice.visibleFeed actor=dev_player count=36
2026-06-23T20:52:48.9303280Z [ADMIN] dice.test.getCurrent actor=dev_player userId=0584ae33047742a18f657d4ca9c86a01 found=False
2026-06-23T20:52:51.5440036Z [ADMIN] admin.accounts.pending actor=dev_admin count=0
2026-06-23T20:52:51.7006821Z [ADMIN] dice.feed.common itemsRaw=36
2026-06-23T20:52:51.7188028Z [ADMIN] dice.feed.common itemsMapped=36
2026-06-23T20:52:51.7188028Z [ADMIN] dice.visibleFeed actor=dev_admin count=36
2026-06-23T20:52:51.8448396Z [ADMIN] character.skills.get auth actor=dev_admin characterId=fbd8a7b8e9a74810becc233f30fe9160 ownerCheck=False allowed=True
2026-06-23T20:52:51.8508395Z [ADMIN] character.skills.get actor=dev_admin characterId=fbd8a7b8e9a74810becc233f30fe9160 count=13 profileFirst=true
2026-06-23T20:52:51.9035900Z [ADMIN] dice.feed.common itemsRaw=36
2026-06-23T20:52:51.9216347Z [ADMIN] dice.feed.common itemsMapped=36
2026-06-23T20:52:51.9221661Z [ADMIN] dice.visibleFeed actor=dev_admin count=36
2026-06-23T20:52:56.9683298Z [ADMIN] dice.feed.common itemsRaw=36
2026-06-23T20:52:56.9863293Z [ADMIN] dice.feed.common itemsMapped=36
2026-06-23T20:52:56.9863293Z [ADMIN] dice.visibleFeed actor=dev_player count=36
2026-06-23T20:52:57.0528450Z [ADMIN] dice.test.getCurrent actor=dev_player userId=0584ae33047742a18f657d4ca9c86a01 found=False
2026-06-23T20:53:02.0130531Z [ADMIN] admin.accounts.pending actor=dev_admin count=0
2026-06-23T20:53:02.1685289Z [ADMIN] dice.feed.common itemsRaw=36
2026-06-23T20:53:02.1874725Z [ADMIN] dice.feed.common itemsMapped=36
2026-06-23T20:53:02.1874725Z [ADMIN] dice.visibleFeed actor=dev_admin count=36
2026-06-23T20:53:02.3239271Z [ADMIN] character.skills.get auth actor=dev_admin characterId=fbd8a7b8e9a74810becc233f30fe9160 ownerCheck=False allowed=True
2026-06-23T20:53:02.3330494Z [ADMIN] character.skills.get actor=dev_admin characterId=fbd8a7b8e9a74810becc233f30fe9160 count=13 profileFirst=true
2026-06-23T20:53:02.3967443Z [ADMIN] dice.feed.common itemsRaw=36
2026-06-23T20:53:02.4198754Z [ADMIN] dice.feed.common itemsMapped=36
2026-06-23T20:53:02.4198754Z [ADMIN] dice.visibleFeed actor=dev_admin count=36
2026-06-23T20:53:05.0938574Z [ADMIN] dice.feed.common itemsRaw=36
2026-06-23T20:53:05.1125409Z [ADMIN] dice.feed.common itemsMapped=36
2026-06-23T20:53:05.1125409Z [ADMIN] dice.visibleFeed actor=dev_player count=36
2026-06-23T20:53:05.1658236Z [ADMIN] dice.test.getCurrent actor=dev_player userId=0584ae33047742a18f657d4ca9c86a01 found=False
2026-06-23T20:53:12.5134087Z [ADMIN] admin.accounts.pending actor=dev_admin count=0
2026-06-23T20:53:12.6676845Z [ADMIN] dice.feed.common itemsRaw=36
2026-06-23T20:53:12.6854989Z [ADMIN] dice.feed.common itemsMapped=36
2026-06-23T20:53:12.6854989Z [ADMIN] dice.visibleFeed actor=dev_admin count=36
2026-06-23T20:53:12.8208499Z [ADMIN] character.skills.get auth actor=dev_admin characterId=fbd8a7b8e9a74810becc233f30fe9160 ownerCheck=False allowed=True
2026-06-23T20:53:12.8276608Z [ADMIN] character.skills.get actor=dev_admin characterId=fbd8a7b8e9a74810becc233f30fe9160 count=13 profileFirst=true
2026-06-23T20:53:12.8847803Z [ADMIN] dice.feed.common itemsRaw=36
2026-06-23T20:53:12.9034928Z [ADMIN] dice.feed.common itemsMapped=36
2026-06-23T20:53:12.9040765Z [ADMIN] dice.visibleFeed actor=dev_admin count=36
2026-06-23T20:53:13.2045084Z [ADMIN] dice.feed.common itemsRaw=36
2026-06-23T20:53:13.2237402Z [ADMIN] dice.feed.common itemsMapped=36
2026-06-23T20:53:13.2237402Z [ADMIN] dice.visibleFeed actor=dev_player count=36
2026-06-23T20:53:13.2836667Z [ADMIN] dice.test.getCurrent actor=dev_player userId=0584ae33047742a18f657d4ca9c86a01 found=False
2026-06-23T20:53:21.3150842Z [ADMIN] dice.feed.common itemsRaw=36
2026-06-23T20:53:21.3323920Z [ADMIN] dice.feed.common itemsMapped=36
2026-06-23T20:53:21.3333831Z [ADMIN] dice.visibleFeed actor=dev_player count=36
2026-06-23T20:53:21.3854468Z [ADMIN] dice.test.getCurrent actor=dev_player userId=0584ae33047742a18f657d4ca9c86a01 found=False
2026-06-23T20:53:22.9937640Z [ADMIN] admin.accounts.pending actor=dev_admin count=0
2026-06-23T20:53:23.1437170Z [ADMIN] dice.feed.common itemsRaw=36
2026-06-23T20:53:23.1612485Z [ADMIN] dice.feed.common itemsMapped=36
2026-06-23T20:53:23.1617738Z [ADMIN] dice.visibleFeed actor=dev_admin count=36
2026-06-23T20:53:23.2862151Z [ADMIN] character.skills.get auth actor=dev_admin characterId=fbd8a7b8e9a74810becc233f30fe9160 ownerCheck=False allowed=True
2026-06-23T20:53:23.2914330Z [ADMIN] character.skills.get actor=dev_admin characterId=fbd8a7b8e9a74810becc233f30fe9160 count=13 profileFirst=true
2026-06-23T20:53:23.3467204Z [ADMIN] dice.feed.common itemsRaw=36
2026-06-23T20:53:23.3640885Z [ADMIN] dice.feed.common itemsMapped=36
2026-06-23T20:53:23.3640885Z [ADMIN] dice.visibleFeed actor=dev_admin count=36
2026-06-23T20:53:29.4215876Z [ADMIN] dice.feed.common itemsRaw=36
2026-06-23T20:53:29.4395892Z [ADMIN] dice.feed.common itemsMapped=36
2026-06-23T20:53:29.4395892Z [ADMIN] dice.visibleFeed actor=dev_player count=36
2026-06-23T20:53:29.4941737Z [ADMIN] dice.test.getCurrent actor=dev_player userId=0584ae33047742a18f657d4ca9c86a01 found=False
2026-06-23T20:53:32.9918975Z [ADMIN] character.subattributes.admin.get actor=dev_admin characterId=fbd8a7b8e9a74810becc233f30fe9160 count=21
2026-06-23T20:53:33.0295108Z [ADMIN] character.inventory.get count=8
2026-06-23T20:53:33.0621765Z [ADMIN] character.holdings.get count=4 actor=dev_admin admin=True
2026-06-23T20:53:33.0871071Z [ADMIN] character.reputation.get count=10 actor=dev_admin admin=True
2026-06-23T20:53:33.1151833Z [ADMIN] character.companions.get count=4 actor=dev_admin admin=True
2026-06-23T20:53:33.1324571Z [ADMIN] character.skills.get auth actor=dev_admin characterId=fbd8a7b8e9a74810becc233f30fe9160 ownerCheck=False allowed=True
2026-06-23T20:53:33.1384723Z [ADMIN] character.skills.get actor=dev_admin characterId=fbd8a7b8e9a74810becc233f30fe9160 count=13 profileFirst=true
2026-06-23T20:53:33.9133971Z [ADMIN] admin.accounts.pending actor=dev_admin count=0
2026-06-23T20:53:34.0725384Z [ADMIN] dice.feed.common itemsRaw=36
2026-06-23T20:53:34.0895383Z [ADMIN] dice.feed.common itemsMapped=36
2026-06-23T20:53:34.0905378Z [ADMIN] dice.visibleFeed actor=dev_admin count=36
2026-06-23T20:53:34.2185173Z [ADMIN] character.skills.get auth actor=dev_admin characterId=fbd8a7b8e9a74810becc233f30fe9160 ownerCheck=False allowed=True
2026-06-23T20:53:34.2235166Z [ADMIN] character.skills.get actor=dev_admin characterId=fbd8a7b8e9a74810becc233f30fe9160 count=13 profileFirst=true
2026-06-23T20:53:34.2769287Z [ADMIN] dice.feed.common itemsRaw=36
2026-06-23T20:53:34.2946590Z [ADMIN] dice.feed.common itemsMapped=36
2026-06-23T20:53:34.2946590Z [ADMIN] dice.visibleFeed actor=dev_admin count=36
2026-06-23T20:53:35.9632267Z [ADMIN] lock.acquire actor=dev_admin entityType=character entityId=fbd8a7b8e9a74810becc233f30fe9160 result=refresh
2026-06-23T20:53:35.9632267Z [ADMIN] character.lock.acquire actor=dev_admin characterId=fbd8a7b8e9a74810becc233f30fe9160 result=Ok
2026-06-23T20:53:35.9792269Z [ADMIN] character.admin.save.stats actor=dev_admin characterId=fbd8a7b8e9a74810becc233f30fe9160 result=ok profileNative=true
2026-06-23T20:53:35.9912272Z [ADMIN] character.subattributes.admin.update actor=dev_admin characterId=fbd8a7b8e9a74810becc233f30fe9160 updated=21 revision=5
2026-06-23T20:53:36.0595479Z [ADMIN] character.subattributes.admin.get actor=dev_admin characterId=fbd8a7b8e9a74810becc233f30fe9160 count=21
2026-06-23T20:53:36.0959901Z [ADMIN] character.inventory.get count=8
2026-06-23T20:53:36.1284229Z [ADMIN] character.holdings.get count=4 actor=dev_admin admin=True
2026-06-23T20:53:36.1510501Z [ADMIN] character.reputation.get count=10 actor=dev_admin admin=True
2026-06-23T20:53:36.1816770Z [ADMIN] character.companions.get count=4 actor=dev_admin admin=True
2026-06-23T20:53:36.1995051Z [ADMIN] character.skills.get auth actor=dev_admin characterId=fbd8a7b8e9a74810becc233f30fe9160 ownerCheck=False allowed=True
2026-06-23T20:53:36.2055038Z [ADMIN] character.skills.get actor=dev_admin characterId=fbd8a7b8e9a74810becc233f30fe9160 count=13 profileFirst=true
2026-06-23T20:53:37.5335792Z [ADMIN] dice.feed.common itemsRaw=36
2026-06-23T20:53:37.5517817Z [ADMIN] dice.feed.common itemsMapped=36
2026-06-23T20:53:37.5517817Z [ADMIN] dice.visibleFeed actor=dev_player count=36
2026-06-23T20:53:37.6074290Z [ADMIN] dice.test.getCurrent actor=dev_player userId=0584ae33047742a18f657d4ca9c86a01 found=False
2026-06-23T20:53:41.3746012Z [ADMIN] crafting.command.disabled command=crafting.player.recipe.list
2026-06-23T20:53:41.4378171Z [ADMIN] progression.available.skills actor=dev_player count=13
2026-06-23T20:53:41.4428168Z [ADMIN] character.skills.get auth actor=dev_player characterId=fbd8a7b8e9a74810becc233f30fe9160 ownerCheck=True allowed=True
2026-06-23T20:53:41.4491396Z [ADMIN] character.skills.get actor=dev_player characterId=fbd8a7b8e9a74810becc233f30fe9160 count=12 profileFirst=true
2026-06-23T20:53:41.4811585Z [ADMIN] dice.feed.common itemsRaw=36
2026-06-23T20:53:41.4995695Z [ADMIN] dice.feed.common itemsMapped=36
2026-06-23T20:53:41.4995695Z [ADMIN] dice.visibleFeed actor=dev_player count=36
2026-06-23T20:53:41.5534096Z [ADMIN] dice.test.getCurrent actor=dev_player userId=0584ae33047742a18f657d4ca9c86a01 found=False
2026-06-23T20:53:41.5727006Z [ADMIN] request.handler.failed requestId=a2320e291580481886df670aad2eb838 command=system.featureFlags.snapshot type=Unauthorized message=Insufficient role.
2026-06-23T20:53:41.5747020Z [ADMIN] request.handler.failed requestId=da8a8d88c3094d48ac82ad27cdf196e9 command=system.featureFlags.snapshot type=Unauthorized message=Insufficient role.
2026-06-23T20:53:41.5807041Z [ADMIN] journal.player.event.list actor=dev_player campaignId=default count=44
2026-06-23T20:53:41.5927151Z [ADMIN] request.handler.failed requestId=895e0f7009e04c9d91f86a9883efb68f command=system.featureFlags.snapshot type=Unauthorized message=Insufficient role.
2026-06-23T20:53:41.5965871Z [ADMIN] request.handler.failed requestId=b3b2fb5806704c38a10a2f437be6518f command=system.featureFlags.snapshot type=Unauthorized message=Insufficient role.
2026-06-23T20:53:44.3875082Z [ADMIN] admin.accounts.pending actor=dev_admin count=0
2026-06-23T20:53:44.5459865Z [ADMIN] dice.feed.common itemsRaw=36
2026-06-23T20:53:44.5630541Z [ADMIN] dice.feed.common itemsMapped=36
2026-06-23T20:53:44.5630541Z [ADMIN] dice.visibleFeed actor=dev_admin count=36
2026-06-23T20:53:44.6878509Z [ADMIN] character.skills.get auth actor=dev_admin characterId=fbd8a7b8e9a74810becc233f30fe9160 ownerCheck=False allowed=True
2026-06-23T20:53:44.6938523Z [ADMIN] character.skills.get actor=dev_admin characterId=fbd8a7b8e9a74810becc233f30fe9160 count=13 profileFirst=true
2026-06-23T20:53:44.7465085Z [ADMIN] dice.feed.common itemsRaw=36
2026-06-23T20:53:44.7639669Z [ADMIN] dice.feed.common itemsMapped=36
2026-06-23T20:53:44.7646921Z [ADMIN] dice.visibleFeed actor=dev_admin count=36
2026-06-23T20:53:45.6418693Z [ADMIN] dice.feed.common itemsRaw=36
2026-06-23T20:53:45.6609628Z [ADMIN] dice.feed.common itemsMapped=36
2026-06-23T20:53:45.6609628Z [ADMIN] dice.visibleFeed actor=dev_player count=36
2026-06-23T20:53:45.7199649Z [ADMIN] dice.test.getCurrent actor=dev_player userId=0584ae33047742a18f657d4ca9c86a01 found=False
2026-06-23T20:53:53.7518665Z [ADMIN] dice.feed.common itemsRaw=36
2026-06-23T20:53:53.7698668Z [ADMIN] dice.feed.common itemsMapped=36
2026-06-23T20:53:53.7698668Z [ADMIN] dice.visibleFeed actor=dev_player count=36
2026-06-23T20:53:53.8274630Z [ADMIN] dice.test.getCurrent actor=dev_player userId=0584ae33047742a18f657d4ca9c86a01 found=False
2026-06-23T20:53:54.8385489Z [ADMIN] admin.accounts.pending actor=dev_admin count=0
2026-06-23T20:53:55.0035491Z [ADMIN] dice.feed.common itemsRaw=36
2026-06-23T20:53:55.0215497Z [ADMIN] dice.feed.common itemsMapped=36
2026-06-23T20:53:55.0215497Z [ADMIN] dice.visibleFeed actor=dev_admin count=36
2026-06-23T20:53:55.1515478Z [ADMIN] character.skills.get auth actor=dev_admin characterId=fbd8a7b8e9a74810becc233f30fe9160 ownerCheck=False allowed=True
2026-06-23T20:53:55.1575489Z [ADMIN] character.skills.get actor=dev_admin characterId=fbd8a7b8e9a74810becc233f30fe9160 count=13 profileFirst=true
2026-06-23T20:53:55.2106796Z [ADMIN] dice.feed.common itemsRaw=36
2026-06-23T20:53:55.2316799Z [ADMIN] dice.feed.common itemsMapped=36
2026-06-23T20:53:55.2316799Z [ADMIN] dice.visibleFeed actor=dev_admin count=36
2026-06-23T20:54:01.8596515Z [ADMIN] dice.feed.common itemsRaw=36
2026-06-23T20:54:01.8776565Z [ADMIN] dice.feed.common itemsMapped=36
2026-06-23T20:54:01.8776565Z [ADMIN] dice.visibleFeed actor=dev_player count=36
2026-06-23T20:54:01.9328590Z [ADMIN] dice.test.getCurrent actor=dev_player userId=0584ae33047742a18f657d4ca9c86a01 found=False
2026-06-23T20:55:41.9755226Z [ADMIN] admin.accounts.pending actor=dev_admin count=0
2026-06-23T20:55:42.2557777Z [ADMIN] dice.feed.common itemsRaw=36
2026-06-23T20:55:42.2727809Z [ADMIN] dice.feed.common itemsMapped=36
2026-06-23T20:55:42.2727809Z [ADMIN] dice.visibleFeed actor=dev_admin count=36
2026-06-23T20:55:42.3707778Z [ADMIN] dice.feed.common itemsRaw=36
2026-06-23T20:55:42.3887809Z [ADMIN] dice.feed.common itemsMapped=36
2026-06-23T20:55:42.3887809Z [ADMIN] dice.visibleFeed actor=dev_admin count=36
2026-06-23T20:55:49.3918082Z [ADMIN] crafting.command.disabled command=crafting.player.recipe.list
2026-06-23T20:55:49.5620217Z [ADMIN] progression.available.skills actor=dev_player count=13
2026-06-23T20:55:49.5700213Z [ADMIN] character.skills.get auth actor=dev_player characterId=fbd8a7b8e9a74810becc233f30fe9160 ownerCheck=True allowed=True
2026-06-23T20:55:49.5860233Z [ADMIN] character.skills.get actor=dev_player characterId=fbd8a7b8e9a74810becc233f30fe9160 count=12 profileFirst=true
2026-06-23T20:55:49.6260216Z [ADMIN] dice.feed.common itemsRaw=36
2026-06-23T20:55:49.6430232Z [ADMIN] dice.feed.common itemsMapped=36
2026-06-23T20:55:49.6430232Z [ADMIN] dice.visibleFeed actor=dev_player count=36
2026-06-23T20:55:49.7010231Z [ADMIN] dice.test.getCurrent actor=dev_player userId=0584ae33047742a18f657d4ca9c86a01 found=False
2026-06-23T20:55:49.7240225Z [ADMIN] request.handler.failed requestId=91554c78d6394de798ec9d138665d4ce command=system.featureFlags.snapshot type=Unauthorized message=Insufficient role.
2026-06-23T20:55:49.7276869Z [ADMIN] request.handler.failed requestId=d414579e2d48490cb778207a9674785e command=system.featureFlags.snapshot type=Unauthorized message=Insufficient role.
2026-06-23T20:55:49.7470267Z [ADMIN] journal.player.event.list actor=dev_player campaignId=default count=44
2026-06-23T20:55:49.7660231Z [ADMIN] request.handler.failed requestId=6b4cd8ee8c8b48e9b54ff593feffc13a command=system.featureFlags.snapshot type=Unauthorized message=Insufficient role.
2026-06-23T20:55:49.7690232Z [ADMIN] request.handler.failed requestId=3c62d641d5ab42a3bca93e4c7c59e471 command=system.featureFlags.snapshot type=Unauthorized message=Insufficient role.
2026-06-23T20:55:51.9621570Z [ADMIN] admin.accounts.pending actor=dev_admin count=0
2026-06-23T20:55:52.1098695Z [ADMIN] dice.feed.common itemsRaw=36
2026-06-23T20:55:52.1292575Z [ADMIN] dice.feed.common itemsMapped=36
2026-06-23T20:55:52.1297939Z [ADMIN] dice.visibleFeed actor=dev_admin count=36
2026-06-23T20:55:52.1931482Z [ADMIN] dice.feed.common itemsRaw=36
2026-06-23T20:55:52.2110825Z [ADMIN] dice.feed.common itemsMapped=36
2026-06-23T20:55:52.2120821Z [ADMIN] dice.visibleFeed actor=dev_admin count=36
2026-06-23T20:55:54.2138044Z [ADMIN] crafting.command.disabled command=crafting.player.recipe.list
2026-06-23T20:55:54.2778047Z [ADMIN] progression.available.skills actor=dev_player count=13
2026-06-23T20:55:54.2838054Z [ADMIN] character.skills.get auth actor=dev_player characterId=fbd8a7b8e9a74810becc233f30fe9160 ownerCheck=True allowed=True
2026-06-23T20:55:54.2898060Z [ADMIN] character.skills.get actor=dev_player characterId=fbd8a7b8e9a74810becc233f30fe9160 count=12 profileFirst=true
2026-06-23T20:55:54.3218040Z [ADMIN] dice.feed.common itemsRaw=36
2026-06-23T20:55:54.3398047Z [ADMIN] dice.feed.common itemsMapped=36
2026-06-23T20:55:54.3398047Z [ADMIN] dice.visibleFeed actor=dev_player count=36
2026-06-23T20:55:54.3988046Z [ADMIN] dice.test.getCurrent actor=dev_player userId=0584ae33047742a18f657d4ca9c86a01 found=False
2026-06-23T20:55:54.4168056Z [ADMIN] request.handler.failed requestId=3d5d923d1ccf4e6390232ff5ce38ab8a command=system.featureFlags.snapshot type=Unauthorized message=Insufficient role.
2026-06-23T20:55:54.4198050Z [ADMIN] request.handler.failed requestId=8b5f0af8b0304e4da98a7e6fd7e1f3a3 command=system.featureFlags.snapshot type=Unauthorized message=Insufficient role.
2026-06-23T20:55:54.4258062Z [ADMIN] journal.player.event.list actor=dev_player campaignId=default count=44
2026-06-23T20:55:54.4384491Z [ADMIN] request.handler.failed requestId=b31d3a660b224b5a9104d8e9042b143a command=system.featureFlags.snapshot type=Unauthorized message=Insufficient role.
2026-06-23T20:55:54.4404501Z [ADMIN] request.handler.failed requestId=e5c31cd1e8ba4c67a34609a6e0c03d9e command=system.featureFlags.snapshot type=Unauthorized message=Insufficient role.
2026-06-23T20:55:57.7996527Z [ADMIN] dice.feed.common itemsRaw=36
2026-06-23T20:55:57.8197645Z [ADMIN] dice.feed.common itemsMapped=36
2026-06-23T20:55:57.8197645Z [ADMIN] dice.visibleFeed actor=dev_player count=36
2026-06-23T20:55:57.8798769Z [ADMIN] dice.test.getCurrent actor=dev_player userId=0584ae33047742a18f657d4ca9c86a01 found=False
2026-06-23T20:56:02.2936791Z [ADMIN] admin.accounts.pending actor=dev_admin count=0
2026-06-23T20:56:02.4477990Z [ADMIN] dice.feed.common itemsRaw=36
2026-06-23T20:56:02.4646068Z [ADMIN] dice.feed.common itemsMapped=36
2026-06-23T20:56:02.4656073Z [ADMIN] dice.visibleFeed actor=dev_admin count=36
2026-06-23T20:56:02.5269975Z [ADMIN] dice.feed.common itemsRaw=36
2026-06-23T20:56:02.5435303Z [ADMIN] dice.feed.common itemsMapped=36
2026-06-23T20:56:02.5435303Z [ADMIN] dice.visibleFeed actor=dev_admin count=36
2026-06-23T20:56:05.9144182Z [ADMIN] dice.feed.common itemsRaw=36
2026-06-23T20:56:05.9324132Z [ADMIN] dice.feed.common itemsMapped=36
2026-06-23T20:56:05.9324132Z [ADMIN] dice.visibleFeed actor=dev_player count=36
2026-06-23T20:56:05.9835465Z [ADMIN] dice.test.getCurrent actor=dev_player userId=0584ae33047742a18f657d4ca9c86a01 found=False
2026-06-23T20:56:12.6156147Z [ADMIN] admin.accounts.pending actor=dev_admin count=0
2026-06-23T20:56:12.7767125Z [ADMIN] dice.feed.common itemsRaw=36
2026-06-23T20:56:12.7937114Z [ADMIN] dice.feed.common itemsMapped=36
2026-06-23T20:56:12.7937114Z [ADMIN] dice.visibleFeed actor=dev_admin count=36
2026-06-23T20:56:12.8598447Z [ADMIN] dice.feed.common itemsRaw=36
2026-06-23T20:56:12.8770559Z [ADMIN] dice.feed.common itemsMapped=36
2026-06-23T20:56:12.8780558Z [ADMIN] dice.visibleFeed actor=dev_admin count=36
2026-06-23T20:56:14.0219794Z [ADMIN] dice.feed.common itemsRaw=36
2026-06-23T20:56:14.0399787Z [ADMIN] dice.feed.common itemsMapped=36
2026-06-23T20:56:14.0399787Z [ADMIN] dice.visibleFeed actor=dev_player count=36
2026-06-23T20:56:14.0919777Z [ADMIN] dice.test.getCurrent actor=dev_player userId=0584ae33047742a18f657d4ca9c86a01 found=False
2026-06-23T20:56:18.7930834Z [ADMIN] character.admin.list actor=dev_admin count=5 includeArchived=False
2026-06-23T20:56:18.9139703Z [ADMIN] character.subattributes.admin.get actor=dev_admin characterId=fbd8a7b8e9a74810becc233f30fe9160 count=21
2026-06-23T20:56:18.9579689Z [ADMIN] character.inventory.get count=8
2026-06-23T20:56:18.9952993Z [ADMIN] character.holdings.get count=4 actor=dev_admin admin=True
2026-06-23T20:56:19.0222980Z [ADMIN] character.reputation.get count=10 actor=dev_admin admin=True
2026-06-23T20:56:19.0521284Z [ADMIN] character.companions.get count=4 actor=dev_admin admin=True
2026-06-23T20:56:19.0889380Z [ADMIN] character.skills.get auth actor=dev_admin characterId=fbd8a7b8e9a74810becc233f30fe9160 ownerCheck=False allowed=True
2026-06-23T20:56:19.0955425Z [ADMIN] character.skills.get actor=dev_admin characterId=fbd8a7b8e9a74810becc233f30fe9160 count=13 profileFirst=true
2026-06-23T20:56:20.2804603Z [ADMIN] dice.feed.common itemsRaw=36
2026-06-23T20:56:20.3014601Z [ADMIN] dice.feed.common itemsMapped=36
2026-06-23T20:56:20.3014601Z [ADMIN] dice.visibleFeed actor=dev_admin count=36
2026-06-23T20:56:21.3920107Z [ADMIN] gm.note.list actor=dev_admin campaignId=default count=0
2026-06-23T20:56:22.1283970Z [ADMIN] dice.feed.common itemsRaw=36
2026-06-23T20:56:22.1465946Z [ADMIN] dice.feed.common itemsMapped=36
2026-06-23T20:56:22.1475927Z [ADMIN] dice.visibleFeed actor=dev_player count=36
2026-06-23T20:56:22.2075929Z [ADMIN] dice.test.getCurrent actor=dev_player userId=0584ae33047742a18f657d4ca9c86a01 found=False
2026-06-23T20:56:23.2629642Z [ADMIN] admin.accounts.pending actor=dev_admin count=0
2026-06-23T20:56:23.4428056Z [ADMIN] dice.feed.common itemsRaw=36
2026-06-23T20:56:23.4608050Z [ADMIN] dice.feed.common itemsMapped=36
2026-06-23T20:56:23.4618022Z [ADMIN] dice.visibleFeed actor=dev_admin count=36
2026-06-23T20:56:23.6163152Z [ADMIN] character.skills.get auth actor=dev_admin characterId=fbd8a7b8e9a74810becc233f30fe9160 ownerCheck=False allowed=True
2026-06-23T20:56:23.6218717Z [ADMIN] character.skills.get actor=dev_admin characterId=fbd8a7b8e9a74810becc233f30fe9160 count=13 profileFirst=true
2026-06-23T20:56:23.6792152Z [ADMIN] dice.feed.common itemsRaw=36
2026-06-23T20:56:23.6974696Z [ADMIN] dice.feed.common itemsMapped=36
2026-06-23T20:56:23.6974696Z [ADMIN] dice.visibleFeed actor=dev_admin count=36
2026-06-23T20:56:30.2485717Z [ADMIN] dice.feed.common itemsRaw=36
2026-06-23T20:56:30.2658116Z [ADMIN] dice.feed.common itemsMapped=36
2026-06-23T20:56:30.2658116Z [ADMIN] dice.visibleFeed actor=dev_player count=36
2026-06-23T20:56:30.3194375Z [ADMIN] dice.test.getCurrent actor=dev_player userId=0584ae33047742a18f657d4ca9c86a01 found=False
2026-06-23T20:56:33.7767197Z [ADMIN] admin.accounts.pending actor=dev_admin count=0
2026-06-23T20:56:33.9466612Z [ADMIN] dice.feed.common itemsRaw=36
2026-06-23T20:56:33.9636596Z [ADMIN] dice.feed.common itemsMapped=36
2026-06-23T20:56:33.9636596Z [ADMIN] dice.visibleFeed actor=dev_admin count=36
2026-06-23T20:56:34.0917745Z [ADMIN] character.skills.get auth actor=dev_admin characterId=fbd8a7b8e9a74810becc233f30fe9160 ownerCheck=False allowed=True
2026-06-23T20:56:34.0967736Z [ADMIN] character.skills.get actor=dev_admin characterId=fbd8a7b8e9a74810becc233f30fe9160 count=13 profileFirst=true
2026-06-23T20:56:34.1608519Z [ADMIN] dice.feed.common itemsRaw=36
2026-06-23T20:56:34.1778507Z [ADMIN] dice.feed.common itemsMapped=36
2026-06-23T20:56:34.1788494Z [ADMIN] dice.visibleFeed actor=dev_admin count=36
2026-06-23T20:56:38.3691269Z [ADMIN] dice.feed.common itemsRaw=36
2026-06-23T20:56:38.3877427Z [ADMIN] dice.feed.common itemsMapped=36
2026-06-23T20:56:38.3877427Z [ADMIN] dice.visibleFeed actor=dev_player count=36
2026-06-23T20:56:38.4434093Z [ADMIN] dice.test.getCurrent actor=dev_player userId=0584ae33047742a18f657d4ca9c86a01 found=False
2026-06-27T14:26:11.6344571Z [ADMIN] admin.accounts.pending actor=dev_superadmin count=1
2026-06-27T14:26:11.9084475Z [ADMIN] dice.feed.common itemsRaw=57
2026-06-27T14:26:11.9334495Z [ADMIN] dice.feed.common itemsMapped=57
2026-06-27T14:26:11.9334495Z [ADMIN] dice.visibleFeed actor=dev_superadmin count=57
2026-06-27T14:26:12.0370224Z [ADMIN] dice.feed.common itemsRaw=57
2026-06-27T14:26:12.0604406Z [ADMIN] dice.feed.common itemsMapped=57
2026-06-27T14:26:12.0604406Z [ADMIN] dice.visibleFeed actor=dev_superadmin count=57
2026-06-27T14:26:21.6179415Z [ADMIN] admin.accounts.pending actor=dev_superadmin count=1
2026-06-27T14:26:21.7875106Z [ADMIN] dice.feed.common itemsRaw=57
2026-06-27T14:26:21.8110318Z [ADMIN] dice.feed.common itemsMapped=57
2026-06-27T14:26:21.8110318Z [ADMIN] dice.visibleFeed actor=dev_superadmin count=57
2026-06-27T14:26:21.8779345Z [ADMIN] dice.feed.common itemsRaw=57
2026-06-27T14:26:21.9015117Z [ADMIN] dice.feed.common itemsMapped=57
2026-06-27T14:26:21.9015117Z [ADMIN] dice.visibleFeed actor=dev_superadmin count=57
2026-06-27T14:26:32.0129939Z [ADMIN] admin.accounts.pending actor=dev_superadmin count=1
2026-06-27T14:26:32.1793942Z [ADMIN] dice.feed.common itemsRaw=57
2026-06-27T14:26:32.2029774Z [ADMIN] dice.feed.common itemsMapped=57
2026-06-27T14:26:32.2029774Z [ADMIN] dice.visibleFeed actor=dev_superadmin count=57
2026-06-27T14:26:32.2713933Z [ADMIN] dice.feed.common itemsRaw=57
2026-06-27T14:26:32.2959718Z [ADMIN] dice.feed.common itemsMapped=57
2026-06-27T14:26:32.2969712Z [ADMIN] dice.visibleFeed actor=dev_superadmin count=57
2026-06-27T14:26:34.4142775Z [ADMIN] auth.login.denied login=dev_player reason=invalid_credentials
2026-06-27T14:26:34.4142775Z [ADMIN] request.handler.failed requestId=6dd8430f2dea461a9a30fca24e8fd104 command=auth.login type=Unauthorized message=Invalid credentials.
2026-06-27T14:26:42.4024311Z [ADMIN] admin.accounts.pending actor=dev_superadmin count=1
2026-06-27T14:26:42.5740641Z [ADMIN] dice.feed.common itemsRaw=57
2026-06-27T14:26:42.5984375Z [ADMIN] dice.feed.common itemsMapped=57
2026-06-27T14:26:42.5984375Z [ADMIN] dice.visibleFeed actor=dev_superadmin count=57
2026-06-27T14:26:42.6674402Z [ADMIN] dice.feed.common itemsRaw=57
2026-06-27T14:26:42.6904494Z [ADMIN] dice.feed.common itemsMapped=57
2026-06-27T14:26:42.6904494Z [ADMIN] dice.visibleFeed actor=dev_superadmin count=57
2026-06-27T14:26:52.7889023Z [ADMIN] admin.accounts.pending actor=dev_superadmin count=1
2026-06-27T14:26:52.9593204Z [ADMIN] dice.feed.common itemsRaw=57
2026-06-27T14:26:52.9833195Z [ADMIN] dice.feed.common itemsMapped=57
2026-06-27T14:26:52.9833195Z [ADMIN] dice.visibleFeed actor=dev_superadmin count=57
2026-06-27T14:26:53.0528939Z [ADMIN] dice.feed.common itemsRaw=57
2026-06-27T14:26:53.0773134Z [ADMIN] dice.feed.common itemsMapped=57
2026-06-27T14:26:53.0773134Z [ADMIN] dice.visibleFeed actor=dev_superadmin count=57
2026-06-27T14:26:57.2891913Z [ADMIN] auth.login.denied login=dev_player reason=invalid_credentials
2026-06-27T14:26:57.2901909Z [ADMIN] request.handler.failed requestId=cea7261b1d76484d9123ad05b29fd984 command=auth.login type=Unauthorized message=Invalid credentials.
2026-06-27T14:27:03.1853158Z [ADMIN] admin.accounts.pending actor=dev_superadmin count=1
2026-06-27T14:27:03.3627808Z [ADMIN] dice.feed.common itemsRaw=57
2026-06-27T14:27:03.3883615Z [ADMIN] dice.feed.common itemsMapped=57
2026-06-27T14:27:03.3883615Z [ADMIN] dice.visibleFeed actor=dev_superadmin count=57
2026-06-27T14:27:03.4573336Z [ADMIN] dice.feed.common itemsRaw=57
2026-06-27T14:27:03.4811193Z [ADMIN] dice.feed.common itemsMapped=57
2026-06-27T14:27:03.4811193Z [ADMIN] dice.visibleFeed actor=dev_superadmin count=57
2026-06-27T14:27:08.8845219Z [ADMIN] auth.login.denied login=dev_player_alt reason=invalid_credentials
2026-06-27T14:27:08.8855221Z [ADMIN] request.handler.failed requestId=ffb815d33054414ba0f7d26299216508 command=auth.login type=Unauthorized message=Invalid credentials.
2026-06-27T14:27:13.5992506Z [ADMIN] admin.accounts.pending actor=dev_superadmin count=1
2026-06-27T14:27:13.7664528Z [ADMIN] dice.feed.common itemsRaw=57
2026-06-27T14:27:13.7908045Z [ADMIN] dice.feed.common itemsMapped=57
2026-06-27T14:27:13.7908045Z [ADMIN] dice.visibleFeed actor=dev_superadmin count=57
2026-06-27T14:27:13.8572378Z [ADMIN] dice.feed.common itemsRaw=57
2026-06-27T14:27:13.8812387Z [ADMIN] dice.feed.common itemsMapped=57
2026-06-27T14:27:13.8812387Z [ADMIN] dice.visibleFeed actor=dev_superadmin count=57
2026-06-27T14:27:14.2472279Z [ADMIN] auth.login.denied login=dev_player_alt reason=invalid_credentials
2026-06-27T14:27:14.2472279Z [ADMIN] request.handler.failed requestId=d552aff388de45cd8335be0a15f8c569 command=auth.login type=Unauthorized message=Invalid credentials.
2026-06-27T14:27:23.9942907Z [ADMIN] admin.accounts.pending actor=dev_superadmin count=1
2026-06-27T14:27:24.1704157Z [ADMIN] dice.feed.common itemsRaw=57
2026-06-27T14:27:24.1994031Z [ADMIN] dice.feed.common itemsMapped=57
2026-06-27T14:27:24.1994031Z [ADMIN] dice.visibleFeed actor=dev_superadmin count=57
2026-06-27T14:27:24.2714051Z [ADMIN] dice.feed.common itemsRaw=57
2026-06-27T14:27:24.2944066Z [ADMIN] dice.feed.common itemsMapped=57
2026-06-27T14:27:24.2944066Z [ADMIN] dice.visibleFeed actor=dev_superadmin count=57
2026-06-27T14:27:34.4133462Z [ADMIN] admin.accounts.pending actor=dev_superadmin count=1
2026-06-27T14:27:34.5831562Z [ADMIN] dice.feed.common itemsRaw=57
2026-06-27T14:27:34.6071854Z [ADMIN] dice.feed.common itemsMapped=57
2026-06-27T14:27:34.6071854Z [ADMIN] dice.visibleFeed actor=dev_superadmin count=57
2026-06-27T14:27:34.6771639Z [ADMIN] dice.feed.common itemsRaw=57
2026-06-27T14:27:34.7011633Z [ADMIN] dice.feed.common itemsMapped=57
2026-06-27T14:27:34.7011633Z [ADMIN] dice.visibleFeed actor=dev_superadmin count=57
2026-06-27T14:27:44.8057475Z [ADMIN] admin.accounts.pending actor=dev_superadmin count=1
2026-06-27T14:27:44.9776322Z [ADMIN] dice.feed.common itemsRaw=57
2026-06-27T14:27:45.0009911Z [ADMIN] dice.feed.common itemsMapped=57
2026-06-27T14:27:45.0019765Z [ADMIN] dice.visibleFeed actor=dev_superadmin count=57
2026-06-27T14:27:45.0656292Z [ADMIN] dice.feed.common itemsRaw=57
2026-06-27T14:27:45.0907618Z [ADMIN] dice.feed.common itemsMapped=57
2026-06-27T14:27:45.0907618Z [ADMIN] dice.visibleFeed actor=dev_superadmin count=57
2026-06-27T14:27:53.1508374Z [ADMIN] auth.login.denied login=dev_player reason=invalid_credentials
2026-06-27T14:27:53.1508374Z [ADMIN] request.handler.failed requestId=248afe62725e4a84b3bb275b52073481 command=auth.login type=Unauthorized message=Invalid credentials.
2026-06-27T14:27:55.1956458Z [ADMIN] admin.accounts.pending actor=dev_superadmin count=1
2026-06-27T14:27:55.3636703Z [ADMIN] dice.feed.common itemsRaw=57
2026-06-27T14:27:55.3893030Z [ADMIN] dice.feed.common itemsMapped=57
2026-06-27T14:27:55.3903039Z [ADMIN] dice.visibleFeed actor=dev_superadmin count=57
2026-06-27T14:27:55.4566992Z [ADMIN] dice.feed.common itemsRaw=57
2026-06-27T14:27:55.4807006Z [ADMIN] dice.feed.common itemsMapped=57
2026-06-27T14:27:55.4807006Z [ADMIN] dice.visibleFeed actor=dev_superadmin count=57
2026-06-27T14:28:05.5861441Z [ADMIN] admin.accounts.pending actor=dev_superadmin count=1
2026-06-27T14:28:05.7566791Z [ADMIN] dice.feed.common itemsRaw=57
2026-06-27T14:28:05.7796796Z [ADMIN] dice.feed.common itemsMapped=57
2026-06-27T14:28:05.7806804Z [ADMIN] dice.visibleFeed actor=dev_superadmin count=57
2026-06-27T14:28:05.8447265Z [ADMIN] dice.feed.common itemsRaw=57
2026-06-27T14:28:05.8685546Z [ADMIN] dice.feed.common itemsMapped=57
2026-06-27T14:28:05.8695534Z [ADMIN] dice.visibleFeed actor=dev_superadmin count=57
2026-06-27T14:28:15.9790268Z [ADMIN] admin.accounts.pending actor=dev_superadmin count=1
2026-06-27T14:28:16.1646007Z [ADMIN] dice.feed.common itemsRaw=57
2026-06-27T14:28:16.1886003Z [ADMIN] dice.feed.common itemsMapped=57
2026-06-27T14:28:16.1886003Z [ADMIN] dice.visibleFeed actor=dev_superadmin count=57
2026-06-27T14:28:16.2555998Z [ADMIN] dice.feed.common itemsRaw=57
2026-06-27T14:28:16.2790240Z [ADMIN] dice.feed.common itemsMapped=57
2026-06-27T14:28:16.2790240Z [ADMIN] dice.visibleFeed actor=dev_superadmin count=57
2026-06-27T14:28:22.9036735Z [ADMIN] admin.account.approve actor=dev_superadmin target=dev_calendar_admin_01452 result=ok
2026-06-27T14:28:22.9086757Z [ADMIN] admin.accounts.pending actor=dev_superadmin count=0
2026-06-27T14:28:26.3836004Z [ADMIN] admin.accounts.pending actor=dev_superadmin count=0
2026-06-27T14:28:26.5680597Z [ADMIN] dice.feed.common itemsRaw=57
2026-06-27T14:28:26.5930646Z [ADMIN] dice.feed.common itemsMapped=57
2026-06-27T14:28:26.5930646Z [ADMIN] dice.visibleFeed actor=dev_superadmin count=57
2026-06-27T14:28:26.6580546Z [ADMIN] dice.feed.common itemsRaw=57
2026-06-27T14:28:26.6817827Z [ADMIN] dice.feed.common itemsMapped=57
2026-06-27T14:28:26.6817827Z [ADMIN] dice.visibleFeed actor=dev_superadmin count=57
2026-06-27T14:28:36.7883568Z [ADMIN] admin.accounts.pending actor=dev_superadmin count=0
2026-06-27T14:28:36.9749408Z [ADMIN] dice.feed.common itemsRaw=57
2026-06-27T14:28:36.9975439Z [ADMIN] dice.feed.common itemsMapped=57
2026-06-27T14:28:36.9975439Z [ADMIN] dice.visibleFeed actor=dev_superadmin count=57
2026-06-27T14:28:37.0635169Z [ADMIN] dice.feed.common itemsRaw=57
2026-06-27T14:28:37.0875142Z [ADMIN] dice.feed.common itemsMapped=57
2026-06-27T14:28:37.0885143Z [ADMIN] dice.visibleFeed actor=dev_superadmin count=57
2026-06-27T14:28:47.2108403Z [ADMIN] admin.accounts.pending actor=dev_superadmin count=0
2026-06-27T14:28:47.4049820Z [ADMIN] dice.feed.common itemsRaw=57
2026-06-27T14:28:47.4285906Z [ADMIN] dice.feed.common itemsMapped=57
2026-06-27T14:28:47.4285906Z [ADMIN] dice.visibleFeed actor=dev_superadmin count=57
2026-06-27T14:28:47.4979772Z [ADMIN] dice.feed.common itemsRaw=57
2026-06-27T14:28:47.5223994Z [ADMIN] dice.feed.common itemsMapped=57
2026-06-27T14:28:47.5223994Z [ADMIN] dice.visibleFeed actor=dev_superadmin count=57
2026-06-27T14:28:57.6170705Z [ADMIN] admin.accounts.pending actor=dev_superadmin count=0
2026-06-27T14:28:57.7954500Z [ADMIN] dice.feed.common itemsRaw=57
2026-06-27T14:28:57.8188697Z [ADMIN] dice.feed.common itemsMapped=57
2026-06-27T14:28:57.8188697Z [ADMIN] dice.visibleFeed actor=dev_superadmin count=57
2026-06-27T14:28:57.8878615Z [ADMIN] dice.feed.common itemsRaw=57
2026-06-27T14:28:57.9114429Z [ADMIN] dice.feed.common itemsMapped=57
2026-06-27T14:28:57.9114429Z [ADMIN] dice.visibleFeed actor=dev_superadmin count=57
2026-06-27T14:29:08.0233396Z [ADMIN] admin.accounts.pending actor=dev_superadmin count=0
2026-06-27T14:29:08.1913291Z [ADMIN] dice.feed.common itemsRaw=57
2026-06-27T14:29:08.2149062Z [ADMIN] dice.feed.common itemsMapped=57
2026-06-27T14:29:08.2149062Z [ADMIN] dice.visibleFeed actor=dev_superadmin count=57
2026-06-27T14:29:08.2828957Z [ADMIN] dice.feed.common itemsRaw=57
2026-06-27T14:29:08.3063242Z [ADMIN] dice.feed.common itemsMapped=57
2026-06-27T14:29:08.3063242Z [ADMIN] dice.visibleFeed actor=dev_superadmin count=57
2026-06-27T14:29:18.4143840Z [ADMIN] admin.accounts.pending actor=dev_superadmin count=0
2026-06-27T14:29:18.5833973Z [ADMIN] dice.feed.common itemsRaw=57
2026-06-27T14:29:18.6063697Z [ADMIN] dice.feed.common itemsMapped=57
2026-06-27T14:29:18.6073702Z [ADMIN] dice.visibleFeed actor=dev_superadmin count=57
2026-06-27T14:29:18.6727891Z [ADMIN] dice.feed.common itemsRaw=57
2026-06-27T14:29:18.6963255Z [ADMIN] dice.feed.common itemsMapped=57
2026-06-27T14:29:18.6973256Z [ADMIN] dice.visibleFeed actor=dev_superadmin count=57
2026-06-27T14:29:28.8123878Z [ADMIN] admin.accounts.pending actor=dev_superadmin count=0
2026-06-27T14:29:28.9778448Z [ADMIN] dice.feed.common itemsRaw=57
2026-06-27T14:29:29.0008569Z [ADMIN] dice.feed.common itemsMapped=57
2026-06-27T14:29:29.0018410Z [ADMIN] dice.visibleFeed actor=dev_superadmin count=57
2026-06-27T14:29:29.0685884Z [ADMIN] dice.feed.common itemsRaw=57
2026-06-27T14:29:29.0928304Z [ADMIN] dice.feed.common itemsMapped=57
2026-06-27T14:29:29.0928304Z [ADMIN] dice.visibleFeed actor=dev_superadmin count=57
2026-06-27T14:29:36.2838785Z [ADMIN] feature_flags.override_set flag=Sessions.UseSessionQuickLinks value=True user=727879f43a0743adbc86ef83bff24471
2026-06-27T14:29:39.1963118Z [ADMIN] admin.accounts.pending actor=dev_superadmin count=0
2026-06-27T14:29:39.3724759Z [ADMIN] dice.feed.common itemsRaw=57
2026-06-27T14:29:39.3972976Z [ADMIN] dice.feed.common itemsMapped=57
2026-06-27T14:29:39.3982976Z [ADMIN] dice.visibleFeed actor=dev_superadmin count=57
2026-06-27T14:29:39.4647142Z [ADMIN] dice.feed.common itemsRaw=57
2026-06-27T14:29:39.4877292Z [ADMIN] dice.feed.common itemsMapped=57
2026-06-27T14:29:39.4887293Z [ADMIN] dice.visibleFeed actor=dev_superadmin count=57
2026-06-27T14:29:49.5952034Z [ADMIN] admin.accounts.pending actor=dev_superadmin count=0
2026-06-27T14:29:49.7547870Z [ADMIN] dice.feed.common itemsRaw=57
2026-06-27T14:29:49.7787822Z [ADMIN] dice.feed.common itemsMapped=57
2026-06-27T14:29:49.7787822Z [ADMIN] dice.visibleFeed actor=dev_superadmin count=57
2026-06-27T14:29:49.8524044Z [ADMIN] dice.feed.common itemsRaw=57
2026-06-27T14:29:49.8761849Z [ADMIN] dice.feed.common itemsMapped=57
2026-06-27T14:29:49.8761849Z [ADMIN] dice.visibleFeed actor=dev_superadmin count=57
2026-06-27T14:29:56.2807858Z [ADMIN] feature_flags.override_set flag=BackupRestore.UseCampaignScopedBackupExperimental value=True user=727879f43a0743adbc86ef83bff24471
2026-06-27T14:29:59.9767514Z [ADMIN] admin.accounts.pending actor=dev_superadmin count=0
2026-06-27T14:30:00.1546467Z [ADMIN] dice.feed.common itemsRaw=57
2026-06-27T14:30:00.1782233Z [ADMIN] dice.feed.common itemsMapped=57
2026-06-27T14:30:00.1782233Z [ADMIN] dice.visibleFeed actor=dev_superadmin count=57
2026-06-27T14:30:00.2442209Z [ADMIN] dice.feed.common itemsRaw=57
2026-06-27T14:30:00.2676398Z [ADMIN] dice.feed.common itemsMapped=57
2026-06-27T14:30:00.2676398Z [ADMIN] dice.visibleFeed actor=dev_superadmin count=57
2026-06-27T14:30:00.8021979Z [ADMIN] feature_flags.override_set flag=CharacterGroups.UseActiveGroupMvp value=True user=727879f43a0743adbc86ef83bff24471
2026-06-27T14:30:09.6137424Z [ADMIN] feature_flags.override_set flag=CharacterGroups.UseGroupSessionLink value=True user=727879f43a0743adbc86ef83bff24471
2026-06-27T14:30:10.4976880Z [ADMIN] admin.accounts.pending actor=dev_superadmin count=0
2026-06-27T14:30:10.6826812Z [ADMIN] dice.feed.common itemsRaw=57
2026-06-27T14:30:10.7061006Z [ADMIN] dice.feed.common itemsMapped=57
2026-06-27T14:30:10.7061006Z [ADMIN] dice.visibleFeed actor=dev_superadmin count=57
2026-06-27T14:30:10.7771021Z [ADMIN] dice.feed.common itemsRaw=57
2026-06-27T14:30:10.8011260Z [ADMIN] dice.feed.common itemsMapped=57
2026-06-27T14:30:10.8011260Z [ADMIN] dice.visibleFeed actor=dev_superadmin count=57
2026-06-27T14:30:20.8981529Z [ADMIN] admin.accounts.pending actor=dev_superadmin count=0
2026-06-27T14:30:21.0671612Z [ADMIN] dice.feed.common itemsRaw=57
2026-06-27T14:30:21.0905645Z [ADMIN] dice.feed.common itemsMapped=57
2026-06-27T14:30:21.0905645Z [ADMIN] dice.visibleFeed actor=dev_superadmin count=57
2026-06-27T14:30:21.1557266Z [ADMIN] dice.feed.common itemsRaw=57
2026-06-27T14:30:21.1801391Z [ADMIN] dice.feed.common itemsMapped=57
2026-06-27T14:30:21.1801391Z [ADMIN] dice.visibleFeed actor=dev_superadmin count=57
2026-06-27T14:30:26.5228689Z [ADMIN] feature_flags.override_cleared flag=CharacterGroups.UseGroupSessionLink user=727879f43a0743adbc86ef83bff24471
2026-06-27T14:30:31.2930535Z [ADMIN] admin.accounts.pending actor=dev_superadmin count=0
2026-06-27T14:30:31.4615539Z [ADMIN] dice.feed.common itemsRaw=57
2026-06-27T14:30:31.4856048Z [ADMIN] dice.feed.common itemsMapped=57
2026-06-27T14:30:31.4856048Z [ADMIN] dice.visibleFeed actor=dev_superadmin count=57
2026-06-27T14:30:31.5518111Z [ADMIN] dice.feed.common itemsRaw=57
2026-06-27T14:30:31.5750246Z [ADMIN] dice.feed.common itemsMapped=57
2026-06-27T14:30:31.5750246Z [ADMIN] dice.visibleFeed actor=dev_superadmin count=57
2026-06-27T14:30:31.6904007Z [ADMIN] feature_flags.override_set flag=CharacterGroups.UseGroupSessionLink value=True user=727879f43a0743adbc86ef83bff24471
2026-06-27T14:30:41.6800786Z [ADMIN] admin.accounts.pending actor=dev_superadmin count=0
2026-06-27T14:30:41.8600698Z [ADMIN] dice.feed.common itemsRaw=57
2026-06-27T14:30:41.8830929Z [ADMIN] dice.feed.common itemsMapped=57
2026-06-27T14:30:41.8830929Z [ADMIN] dice.visibleFeed actor=dev_superadmin count=57
2026-06-27T14:30:41.9494957Z [ADMIN] dice.feed.common itemsRaw=57
2026-06-27T14:30:41.9744913Z [ADMIN] dice.feed.common itemsMapped=57
2026-06-27T14:30:41.9744913Z [ADMIN] dice.visibleFeed actor=dev_superadmin count=57
2026-06-27T14:30:52.0715438Z [ADMIN] admin.accounts.pending actor=dev_superadmin count=0
2026-06-27T14:30:52.2305377Z [ADMIN] dice.feed.common itemsRaw=57
2026-06-27T14:30:52.2545349Z [ADMIN] dice.feed.common itemsMapped=57
2026-06-27T14:30:52.2545349Z [ADMIN] dice.visibleFeed actor=dev_superadmin count=57
2026-06-27T14:30:52.3214982Z [ADMIN] dice.feed.common itemsRaw=57
2026-06-27T14:30:52.3449521Z [ADMIN] dice.feed.common itemsMapped=57
2026-06-27T14:30:52.3449521Z [ADMIN] dice.visibleFeed actor=dev_superadmin count=57
2026-06-27T14:31:02.4450139Z [ADMIN] admin.accounts.pending actor=dev_superadmin count=0
2026-06-27T14:31:02.6174184Z [ADMIN] dice.feed.common itemsRaw=57
2026-06-27T14:31:02.6410173Z [ADMIN] dice.feed.common itemsMapped=57
2026-06-27T14:31:02.6410173Z [ADMIN] dice.visibleFeed actor=dev_superadmin count=57
2026-06-27T14:31:02.7124183Z [ADMIN] dice.feed.common itemsRaw=57
2026-06-27T14:31:02.7374199Z [ADMIN] dice.feed.common itemsMapped=57
2026-06-27T14:31:02.7374199Z [ADMIN] dice.visibleFeed actor=dev_superadmin count=57
2026-06-27T14:31:09.5750692Z [ADMIN] character.admin.list actor=dev_superadmin count=6 includeArchived=False
2026-06-27T14:31:09.6570568Z [ADMIN] character.subattributes.admin.get actor=dev_superadmin characterId=fbd8a7b8e9a74810becc233f30fe9160 count=21
2026-06-27T14:31:09.6790548Z [ADMIN] character.inventory.get count=0
2026-06-27T14:31:09.6886346Z [ADMIN] character.holdings.get count=0 actor=dev_superadmin admin=True
2026-06-27T14:31:09.6966366Z [ADMIN] character.reputation.get count=0 actor=dev_superadmin admin=True
2026-06-27T14:31:09.7056344Z [ADMIN] character.companions.get count=0 actor=dev_superadmin admin=True
2026-06-27T14:31:09.7317589Z [ADMIN] character.skills.get auth actor=dev_superadmin characterId=fbd8a7b8e9a74810becc233f30fe9160 ownerCheck=False allowed=True
2026-06-27T14:31:09.7582158Z [ADMIN] character.skills.get actor=dev_superadmin characterId=fbd8a7b8e9a74810becc233f30fe9160 count=13 profileFirst=true
2026-06-27T14:31:12.8534740Z [ADMIN] admin.accounts.pending actor=dev_superadmin count=0
2026-06-27T14:31:13.0344599Z [ADMIN] dice.feed.common itemsRaw=57
2026-06-27T14:31:13.0578806Z [ADMIN] dice.feed.common itemsMapped=57
2026-06-27T14:31:13.0588807Z [ADMIN] dice.visibleFeed actor=dev_superadmin count=57
2026-06-27T14:31:13.2648817Z [ADMIN] character.skills.get auth actor=dev_superadmin characterId=fbd8a7b8e9a74810becc233f30fe9160 ownerCheck=False allowed=True
2026-06-27T14:31:13.2698793Z [ADMIN] character.skills.get actor=dev_superadmin characterId=fbd8a7b8e9a74810becc233f30fe9160 count=13 profileFirst=true
2026-06-27T14:31:13.3244630Z [ADMIN] dice.feed.common itemsRaw=57
2026-06-27T14:31:13.3498685Z [ADMIN] dice.feed.common itemsMapped=57
2026-06-27T14:31:13.3498685Z [ADMIN] dice.visibleFeed actor=dev_superadmin count=57
2026-06-27T14:31:23.4609440Z [ADMIN] admin.accounts.pending actor=dev_superadmin count=0
2026-06-27T14:31:23.6439130Z [ADMIN] dice.feed.common itemsRaw=57
2026-06-27T14:31:23.6673340Z [ADMIN] dice.feed.common itemsMapped=57
2026-06-27T14:31:23.6683340Z [ADMIN] dice.visibleFeed actor=dev_superadmin count=57
2026-06-27T14:31:23.7353285Z [ADMIN] dice.feed.common itemsRaw=57
2026-06-27T14:31:23.7603329Z [ADMIN] dice.feed.common itemsMapped=57
2026-06-27T14:31:23.7613536Z [ADMIN] dice.visibleFeed actor=dev_superadmin count=57
2026-06-27T14:31:29.0967209Z [ADMIN] admin.account.resetPassword actor=dev_superadmin target=dev_player result=ok
2026-06-27T14:31:29.1007357Z [ADMIN] admin.accounts.pending actor=dev_superadmin count=0
2026-06-27T14:31:33.2604124Z [ADMIN] admin.account.resetPassword actor=dev_superadmin target=dev_player_alt result=ok
2026-06-27T14:31:33.2648373Z [ADMIN] admin.accounts.pending actor=dev_superadmin count=0
2026-06-27T14:31:33.8778032Z [ADMIN] admin.accounts.pending actor=dev_superadmin count=0
2026-06-27T14:31:34.0623737Z [ADMIN] dice.feed.common itemsRaw=57
2026-06-27T14:31:34.0853743Z [ADMIN] dice.feed.common itemsMapped=57
2026-06-27T14:31:34.0853743Z [ADMIN] dice.visibleFeed actor=dev_superadmin count=57
2026-06-27T14:31:34.1537905Z [ADMIN] dice.feed.common itemsRaw=57
2026-06-27T14:31:34.1769331Z [ADMIN] dice.feed.common itemsMapped=57
2026-06-27T14:31:34.1779320Z [ADMIN] dice.visibleFeed actor=dev_superadmin count=57
2026-06-27T14:31:44.2763942Z [ADMIN] admin.accounts.pending actor=dev_superadmin count=0
2026-06-27T14:31:44.4598363Z [ADMIN] dice.feed.common itemsRaw=57
2026-06-27T14:31:44.4848320Z [ADMIN] dice.feed.common itemsMapped=57
2026-06-27T14:31:44.4848320Z [ADMIN] dice.visibleFeed actor=dev_superadmin count=57
2026-06-27T14:31:44.5532553Z [ADMIN] dice.feed.common itemsRaw=57
2026-06-27T14:31:44.5768338Z [ADMIN] dice.feed.common itemsMapped=57
2026-06-27T14:31:44.5768338Z [ADMIN] dice.visibleFeed actor=dev_superadmin count=57
2026-06-27T14:31:54.6837301Z [ADMIN] admin.accounts.pending actor=dev_superadmin count=0
2026-06-27T14:31:54.8643004Z [ADMIN] dice.feed.common itemsRaw=57
2026-06-27T14:31:54.8867278Z [ADMIN] dice.feed.common itemsMapped=57
2026-06-27T14:31:54.8877282Z [ADMIN] dice.visibleFeed actor=dev_superadmin count=57
2026-06-27T14:31:54.9562959Z [ADMIN] dice.feed.common itemsRaw=57
2026-06-27T14:31:54.9803248Z [ADMIN] dice.feed.common itemsMapped=57
2026-06-27T14:31:54.9803248Z [ADMIN] dice.visibleFeed actor=dev_superadmin count=57
2026-06-27T14:31:57.2931848Z [ADMIN] crafting.command.disabled command=crafting.player.recipe.list
2026-06-27T14:31:57.3551712Z [ADMIN] progression.available.skills actor=dev_player count=13
2026-06-27T14:31:57.3601719Z [ADMIN] character.skills.get auth actor=dev_player characterId=fbd8a7b8e9a74810becc233f30fe9160 ownerCheck=True allowed=True
2026-06-27T14:31:57.3651839Z [ADMIN] character.skills.get actor=dev_player characterId=fbd8a7b8e9a74810becc233f30fe9160 count=12 profileFirst=true
2026-06-27T14:31:57.4085947Z [ADMIN] dice.feed.common itemsRaw=57
2026-06-27T14:31:57.4321830Z [ADMIN] dice.feed.common itemsMapped=57
2026-06-27T14:31:57.4321830Z [ADMIN] dice.visibleFeed actor=dev_player count=57
2026-06-27T14:31:57.4885855Z [ADMIN] dice.test.getCurrent actor=dev_player userId=0584ae33047742a18f657d4ca9c86a01 found=False
2026-06-27T14:31:57.5261850Z [ADMIN] request.handler.failed requestId=b314e5bd3c434c2aa125c16a7b3d0c05 command=system.featureFlags.snapshot type=Unauthorized message=Insufficient role.
2026-06-27T14:31:57.5291833Z [ADMIN] request.handler.failed requestId=061b7370d1c44e4bb909addac284a975 command=system.featureFlags.snapshot type=Unauthorized message=Insufficient role.
2026-06-27T14:31:57.5455813Z [ADMIN] journal.player.event.list actor=dev_player campaignId=default count=44
2026-06-27T14:31:57.5625815Z [ADMIN] request.handler.failed requestId=7edeedba98404a699f5bea778f8b900e command=system.featureFlags.snapshot type=Unauthorized message=Insufficient role.
2026-06-27T14:31:57.5641630Z [ADMIN] request.handler.failed requestId=971f8cbe275240fcbc5fc196bc3a6338 command=system.featureFlags.snapshot type=Unauthorized message=Insufficient role.
2026-06-27T14:31:57.6015816Z [ADMIN] schedule.real.player.next actor=dev_player campaignId=default hasNext=False
2026-06-27T14:31:57.6085811Z [ADMIN] schedule.real.player.list actor=dev_player campaignId=default count=0
2026-06-27T14:32:05.0917256Z [ADMIN] admin.accounts.pending actor=dev_superadmin count=0
2026-06-27T14:32:05.2847642Z [ADMIN] dice.feed.common itemsRaw=57
2026-06-27T14:32:05.3077700Z [ADMIN] dice.feed.common itemsMapped=57
2026-06-27T14:32:05.3077700Z [ADMIN] dice.visibleFeed actor=dev_superadmin count=57
2026-06-27T14:32:05.3741789Z [ADMIN] dice.feed.common itemsRaw=57
2026-06-27T14:32:05.3987541Z [ADMIN] dice.feed.common itemsMapped=57
2026-06-27T14:32:05.3987541Z [ADMIN] dice.visibleFeed actor=dev_superadmin count=57
2026-06-27T14:32:05.5891657Z [ADMIN] dice.feed.common itemsRaw=57
2026-06-27T14:32:05.6141655Z [ADMIN] dice.feed.common itemsMapped=57
2026-06-27T14:32:05.6141655Z [ADMIN] dice.visibleFeed actor=dev_player count=57
2026-06-27T14:32:05.6701619Z [ADMIN] dice.test.getCurrent actor=dev_player userId=0584ae33047742a18f657d4ca9c86a01 found=False
2026-06-27T14:32:11.9326163Z [ADMIN] character.admin.list actor=dev_superadmin count=6 includeArchived=False
2026-06-27T14:32:12.0265086Z [ADMIN] character.subattributes.admin.get actor=dev_superadmin characterId=fbd8a7b8e9a74810becc233f30fe9160 count=21
2026-06-27T14:32:12.0444104Z [ADMIN] character.inventory.get count=0
2026-06-27T14:32:12.0524100Z [ADMIN] character.holdings.get count=0 actor=dev_superadmin admin=True
2026-06-27T14:32:12.0604102Z [ADMIN] character.reputation.get count=0 actor=dev_superadmin admin=True
2026-06-27T14:32:12.0668321Z [ADMIN] character.companions.get count=0 actor=dev_superadmin admin=True
2026-06-27T14:32:12.0803652Z [ADMIN] character.skills.get auth actor=dev_superadmin characterId=fbd8a7b8e9a74810becc233f30fe9160 ownerCheck=False allowed=True
2026-06-27T14:32:12.0848337Z [ADMIN] character.skills.get actor=dev_superadmin characterId=fbd8a7b8e9a74810becc233f30fe9160 count=13 profileFirst=true
2026-06-27T14:32:13.7243253Z [ADMIN] dice.feed.common itemsRaw=57
2026-06-27T14:32:13.7477420Z [ADMIN] dice.feed.common itemsMapped=57
2026-06-27T14:32:13.7487421Z [ADMIN] dice.visibleFeed actor=dev_player count=57
2026-06-27T14:32:13.8027346Z [ADMIN] dice.test.getCurrent actor=dev_player userId=0584ae33047742a18f657d4ca9c86a01 found=False
2026-06-27T14:32:15.5096627Z [ADMIN] admin.accounts.pending actor=dev_superadmin count=0
2026-06-27T14:32:15.6972323Z [ADMIN] dice.feed.common itemsRaw=57
2026-06-27T14:32:15.7212395Z [ADMIN] dice.feed.common itemsMapped=57
2026-06-27T14:32:15.7212395Z [ADMIN] dice.visibleFeed actor=dev_superadmin count=57
2026-06-27T14:32:15.8352230Z [ADMIN] character.skills.get auth actor=dev_superadmin characterId=fbd8a7b8e9a74810becc233f30fe9160 ownerCheck=False allowed=True
2026-06-27T14:32:15.8408468Z [ADMIN] character.skills.get actor=dev_superadmin characterId=fbd8a7b8e9a74810becc233f30fe9160 count=13 profileFirst=true
2026-06-27T14:32:15.8902236Z [ADMIN] dice.feed.common itemsRaw=57
2026-06-27T14:32:15.9136327Z [ADMIN] dice.feed.common itemsMapped=57
2026-06-27T14:32:15.9136327Z [ADMIN] dice.visibleFeed actor=dev_superadmin count=57
2026-06-27T14:32:21.8469060Z [ADMIN] dice.feed.common itemsRaw=57
2026-06-27T14:32:21.8699229Z [ADMIN] dice.feed.common itemsMapped=57
2026-06-27T14:32:21.8699229Z [ADMIN] dice.visibleFeed actor=dev_player count=57
2026-06-27T14:32:21.9273234Z [ADMIN] dice.test.getCurrent actor=dev_player userId=0584ae33047742a18f657d4ca9c86a01 found=False
2026-06-27T14:32:26.0236880Z [ADMIN] admin.accounts.pending actor=dev_superadmin count=0
2026-06-27T14:32:26.1807077Z [ADMIN] dice.feed.common itemsRaw=57
2026-06-27T14:32:26.2036958Z [ADMIN] dice.feed.common itemsMapped=57
2026-06-27T14:32:26.2046955Z [ADMIN] dice.visibleFeed actor=dev_superadmin count=57
2026-06-27T14:32:26.3177080Z [ADMIN] character.skills.get auth actor=dev_superadmin characterId=fbd8a7b8e9a74810becc233f30fe9160 ownerCheck=False allowed=True
2026-06-27T14:32:26.3227093Z [ADMIN] character.skills.get actor=dev_superadmin characterId=fbd8a7b8e9a74810becc233f30fe9160 count=13 profileFirst=true
2026-06-27T14:32:26.3741000Z [ADMIN] dice.feed.common itemsRaw=57
2026-06-27T14:32:26.3980932Z [ADMIN] dice.feed.common itemsMapped=57
2026-06-27T14:32:26.3980932Z [ADMIN] dice.visibleFeed actor=dev_superadmin count=57
2026-06-27T14:32:29.9834828Z [ADMIN] dice.feed.common itemsRaw=57
2026-06-27T14:32:30.0069129Z [ADMIN] dice.feed.common itemsMapped=57
2026-06-27T14:32:30.0079130Z [ADMIN] dice.visibleFeed actor=dev_player count=57
2026-06-27T14:32:30.0629162Z [ADMIN] dice.test.getCurrent actor=dev_player userId=0584ae33047742a18f657d4ca9c86a01 found=False
2026-06-27T14:32:36.5087189Z [ADMIN] admin.accounts.pending actor=dev_superadmin count=0
2026-06-27T14:32:36.6735621Z [ADMIN] dice.feed.common itemsRaw=57
2026-06-27T14:32:36.6971474Z [ADMIN] dice.feed.common itemsMapped=57
2026-06-27T14:32:36.6971474Z [ADMIN] dice.visibleFeed actor=dev_superadmin count=57
2026-06-27T14:32:36.8105546Z [ADMIN] character.skills.get auth actor=dev_superadmin characterId=fbd8a7b8e9a74810becc233f30fe9160 ownerCheck=False allowed=True
2026-06-27T14:32:36.8155534Z [ADMIN] character.skills.get actor=dev_superadmin characterId=fbd8a7b8e9a74810becc233f30fe9160 count=13 profileFirst=true
2026-06-27T14:32:36.8661593Z [ADMIN] dice.feed.common itemsRaw=57
2026-06-27T14:32:36.8915558Z [ADMIN] dice.feed.common itemsMapped=57
2026-06-27T14:32:36.8915558Z [ADMIN] dice.visibleFeed actor=dev_superadmin count=57
2026-06-27T14:32:38.1176560Z [ADMIN] dice.feed.common itemsRaw=57
2026-06-27T14:32:38.1410916Z [ADMIN] dice.feed.common itemsMapped=57
2026-06-27T14:32:38.1410916Z [ADMIN] dice.visibleFeed actor=dev_player count=57
2026-06-27T14:32:38.1974805Z [ADMIN] dice.test.getCurrent actor=dev_player userId=0584ae33047742a18f657d4ca9c86a01 found=False
2026-06-27T14:32:46.2550678Z [ADMIN] dice.feed.common itemsRaw=57
2026-06-27T14:32:46.2776507Z [ADMIN] dice.feed.common itemsMapped=57
2026-06-27T14:32:46.2776507Z [ADMIN] dice.visibleFeed actor=dev_player count=57
2026-06-27T14:32:46.3326488Z [ADMIN] dice.test.getCurrent actor=dev_player userId=0584ae33047742a18f657d4ca9c86a01 found=False
2026-06-27T14:32:46.9930374Z [ADMIN] admin.accounts.pending actor=dev_superadmin count=0
2026-06-27T14:32:47.1570215Z [ADMIN] dice.feed.common itemsRaw=57
2026-06-27T14:32:47.1805992Z [ADMIN] dice.feed.common itemsMapped=57
2026-06-27T14:32:47.1805992Z [ADMIN] dice.visibleFeed actor=dev_superadmin count=57
2026-06-27T14:32:47.2955919Z [ADMIN] character.skills.get auth actor=dev_superadmin characterId=fbd8a7b8e9a74810becc233f30fe9160 ownerCheck=False allowed=True
2026-06-27T14:32:47.3005928Z [ADMIN] character.skills.get actor=dev_superadmin characterId=fbd8a7b8e9a74810becc233f30fe9160 count=13 profileFirst=true
2026-06-27T14:32:47.3515918Z [ADMIN] dice.feed.common itemsRaw=57
2026-06-27T14:32:47.3760179Z [ADMIN] dice.feed.common itemsMapped=57
2026-06-27T14:32:47.3760179Z [ADMIN] dice.visibleFeed actor=dev_superadmin count=57
2026-06-27T14:32:54.3802250Z [ADMIN] dice.feed.common itemsRaw=57
2026-06-27T14:32:54.4046444Z [ADMIN] dice.feed.common itemsMapped=57
2026-06-27T14:32:54.4046444Z [ADMIN] dice.visibleFeed actor=dev_player count=57
2026-06-27T14:32:54.4572221Z [ADMIN] dice.test.getCurrent actor=dev_player userId=0584ae33047742a18f657d4ca9c86a01 found=False
2026-06-27T14:32:57.4790713Z [ADMIN] admin.accounts.pending actor=dev_superadmin count=0
2026-06-27T14:32:57.6678172Z [ADMIN] dice.feed.common itemsRaw=57
2026-06-27T14:32:57.6914779Z [ADMIN] dice.feed.common itemsMapped=57
2026-06-27T14:32:57.6914779Z [ADMIN] dice.visibleFeed actor=dev_superadmin count=57
2026-06-27T14:32:57.8060487Z [ADMIN] character.skills.get auth actor=dev_superadmin characterId=fbd8a7b8e9a74810becc233f30fe9160 ownerCheck=False allowed=True
2026-06-27T14:32:57.8114721Z [ADMIN] character.skills.get actor=dev_superadmin characterId=fbd8a7b8e9a74810becc233f30fe9160 count=13 profileFirst=true
2026-06-27T14:32:57.8620658Z [ADMIN] dice.feed.common itemsRaw=57
2026-06-27T14:32:57.8870525Z [ADMIN] dice.feed.common itemsMapped=57
2026-06-27T14:32:57.8870525Z [ADMIN] dice.visibleFeed actor=dev_superadmin count=57
2026-06-27T14:33:02.5032445Z [ADMIN] dice.feed.common itemsRaw=57
2026-06-27T14:33:02.5282597Z [ADMIN] dice.feed.common itemsMapped=57
2026-06-27T14:33:02.5282597Z [ADMIN] dice.visibleFeed actor=dev_player count=57
2026-06-27T14:33:02.5822307Z [ADMIN] dice.test.getCurrent actor=dev_player userId=0584ae33047742a18f657d4ca9c86a01 found=False
2026-06-27T14:33:07.9949425Z [ADMIN] admin.accounts.pending actor=dev_superadmin count=0
2026-06-27T14:33:08.1515293Z [ADMIN] dice.feed.common itemsRaw=57
2026-06-27T14:33:08.1755211Z [ADMIN] dice.feed.common itemsMapped=57
2026-06-27T14:33:08.1765212Z [ADMIN] dice.visibleFeed actor=dev_superadmin count=57
2026-06-27T14:33:08.2915195Z [ADMIN] character.skills.get auth actor=dev_superadmin characterId=fbd8a7b8e9a74810becc233f30fe9160 ownerCheck=False allowed=True
2026-06-27T14:33:08.2965191Z [ADMIN] character.skills.get actor=dev_superadmin characterId=fbd8a7b8e9a74810becc233f30fe9160 count=13 profileFirst=true
2026-06-27T14:33:08.3485115Z [ADMIN] dice.feed.common itemsRaw=57
2026-06-27T14:33:08.3729410Z [ADMIN] dice.feed.common itemsMapped=57
2026-06-27T14:33:08.3729410Z [ADMIN] dice.visibleFeed actor=dev_superadmin count=57
2026-06-27T14:33:10.6283891Z [ADMIN] dice.feed.common itemsRaw=57
2026-06-27T14:33:10.6523922Z [ADMIN] dice.feed.common itemsMapped=57
2026-06-27T14:33:10.6523922Z [ADMIN] dice.visibleFeed actor=dev_player count=57
2026-06-27T14:33:10.7093815Z [ADMIN] dice.test.getCurrent actor=dev_player userId=0584ae33047742a18f657d4ca9c86a01 found=False
2026-06-27T14:33:18.4774015Z [ADMIN] admin.accounts.pending actor=dev_superadmin count=0
2026-06-27T14:33:18.6403972Z [ADMIN] dice.feed.common itemsRaw=57
2026-06-27T14:33:18.6659815Z [ADMIN] dice.feed.common itemsMapped=57
2026-06-27T14:33:18.6659815Z [ADMIN] dice.visibleFeed actor=dev_superadmin count=57
2026-06-27T14:33:18.7539708Z [ADMIN] dice.feed.common itemsRaw=57
2026-06-27T14:33:18.7793877Z [ADMIN] dice.feed.common itemsMapped=57
2026-06-27T14:33:18.7803873Z [ADMIN] dice.visibleFeed actor=dev_player count=57
2026-06-27T14:33:18.7823879Z [ADMIN] character.skills.get auth actor=dev_superadmin characterId=fbd8a7b8e9a74810becc233f30fe9160 ownerCheck=False allowed=True
2026-06-27T14:33:18.7879674Z [ADMIN] character.skills.get actor=dev_superadmin characterId=fbd8a7b8e9a74810becc233f30fe9160 count=13 profileFirst=true
2026-06-27T14:33:18.8359650Z [ADMIN] dice.test.getCurrent actor=dev_player userId=0584ae33047742a18f657d4ca9c86a01 found=False
2026-06-27T14:33:18.8439686Z [ADMIN] dice.feed.common itemsRaw=57
2026-06-27T14:33:18.8689695Z [ADMIN] dice.feed.common itemsMapped=57
2026-06-27T14:33:18.8699690Z [ADMIN] dice.visibleFeed actor=dev_superadmin count=57
2026-06-27T14:33:26.8795471Z [ADMIN] dice.feed.common itemsRaw=57
2026-06-27T14:33:26.9019855Z [ADMIN] dice.feed.common itemsMapped=57
2026-06-27T14:33:26.9031272Z [ADMIN] dice.visibleFeed actor=dev_player count=57
2026-06-27T14:33:26.9571313Z [ADMIN] dice.test.getCurrent actor=dev_player userId=0584ae33047742a18f657d4ca9c86a01 found=False
2026-06-27T14:33:28.9778619Z [ADMIN] admin.accounts.pending actor=dev_superadmin count=0
2026-06-27T14:33:29.1398930Z [ADMIN] dice.feed.common itemsRaw=57
2026-06-27T14:33:29.1644284Z [ADMIN] dice.feed.common itemsMapped=57
2026-06-27T14:33:29.1644284Z [ADMIN] dice.visibleFeed actor=dev_superadmin count=57
2026-06-27T14:33:29.2798636Z [ADMIN] character.skills.get auth actor=dev_superadmin characterId=fbd8a7b8e9a74810becc233f30fe9160 ownerCheck=False allowed=True
2026-06-27T14:33:29.2854255Z [ADMIN] character.skills.get actor=dev_superadmin characterId=fbd8a7b8e9a74810becc233f30fe9160 count=13 profileFirst=true
2026-06-27T14:33:29.3368459Z [ADMIN] dice.feed.common itemsRaw=57
2026-06-27T14:33:29.3598410Z [ADMIN] dice.feed.common itemsMapped=57
2026-06-27T14:33:29.3608587Z [ADMIN] dice.visibleFeed actor=dev_superadmin count=57
2026-06-27T14:33:35.0032643Z [ADMIN] dice.feed.common itemsRaw=57
2026-06-27T14:33:35.0271251Z [ADMIN] dice.feed.common itemsMapped=57
2026-06-27T14:33:35.0271251Z [ADMIN] dice.visibleFeed actor=dev_player count=57
2026-06-27T14:33:35.0835510Z [ADMIN] dice.test.getCurrent actor=dev_player userId=0584ae33047742a18f657d4ca9c86a01 found=False
2026-06-27T14:33:39.4658912Z [ADMIN] admin.accounts.pending actor=dev_superadmin count=0
2026-06-27T14:33:39.6263111Z [ADMIN] dice.feed.common itemsRaw=57
2026-06-27T14:33:39.6509182Z [ADMIN] dice.feed.common itemsMapped=57
2026-06-27T14:33:39.6509182Z [ADMIN] dice.visibleFeed actor=dev_superadmin count=57
2026-06-27T14:33:39.7663125Z [ADMIN] character.skills.get auth actor=dev_superadmin characterId=fbd8a7b8e9a74810becc233f30fe9160 ownerCheck=False allowed=True
2026-06-27T14:33:39.7723225Z [ADMIN] character.skills.get actor=dev_superadmin characterId=fbd8a7b8e9a74810becc233f30fe9160 count=13 profileFirst=true
2026-06-27T14:33:39.8233727Z [ADMIN] dice.feed.common itemsRaw=57
2026-06-27T14:33:39.8463040Z [ADMIN] dice.feed.common itemsMapped=57
2026-06-27T14:33:39.8463040Z [ADMIN] dice.visibleFeed actor=dev_superadmin count=57
2026-06-27T14:33:43.1307070Z [ADMIN] dice.feed.common itemsRaw=57
2026-06-27T14:33:43.1541291Z [ADMIN] dice.feed.common itemsMapped=57
2026-06-27T14:33:43.1541291Z [ADMIN] dice.visibleFeed actor=dev_player count=57
2026-06-27T14:33:43.2117188Z [ADMIN] dice.test.getCurrent actor=dev_player userId=0584ae33047742a18f657d4ca9c86a01 found=False
2026-06-27T14:33:49.9497811Z [ADMIN] admin.accounts.pending actor=dev_superadmin count=0
2026-06-27T14:33:50.1153453Z [ADMIN] dice.feed.common itemsRaw=57
2026-06-27T14:33:50.1387658Z [ADMIN] dice.feed.common itemsMapped=57
2026-06-27T14:33:50.1387658Z [ADMIN] dice.visibleFeed actor=dev_superadmin count=57
2026-06-27T14:33:50.2637645Z [ADMIN] character.skills.get auth actor=dev_superadmin characterId=fbd8a7b8e9a74810becc233f30fe9160 ownerCheck=False allowed=True
2026-06-27T14:33:50.2713161Z [ADMIN] character.skills.get actor=dev_superadmin characterId=fbd8a7b8e9a74810becc233f30fe9160 count=13 profileFirst=true
2026-06-27T14:33:50.3277642Z [ADMIN] dice.feed.common itemsRaw=57
2026-06-27T14:33:50.3527763Z [ADMIN] dice.feed.common itemsMapped=57
2026-06-27T14:33:50.3527763Z [ADMIN] dice.visibleFeed actor=dev_superadmin count=57
2026-06-27T14:33:51.2517272Z [ADMIN] dice.feed.common itemsRaw=57
2026-06-27T14:33:51.2772907Z [ADMIN] dice.feed.common itemsMapped=57
2026-06-27T14:33:51.2772907Z [ADMIN] dice.visibleFeed actor=dev_player count=57
2026-06-27T14:33:51.3317165Z [ADMIN] dice.test.getCurrent actor=dev_player userId=0584ae33047742a18f657d4ca9c86a01 found=False
2026-06-27T14:33:59.3798760Z [ADMIN] dice.feed.common itemsRaw=57
2026-06-27T14:33:59.4033138Z [ADMIN] dice.feed.common itemsMapped=57
2026-06-27T14:33:59.4033138Z [ADMIN] dice.visibleFeed actor=dev_player count=57
2026-06-27T14:33:59.4578640Z [ADMIN] dice.test.getCurrent actor=dev_player userId=0584ae33047742a18f657d4ca9c86a01 found=False
2026-06-27T14:34:00.4648133Z [ADMIN] admin.accounts.pending actor=dev_superadmin count=0
2026-06-27T14:34:00.6472285Z [ADMIN] dice.feed.common itemsRaw=57
2026-06-27T14:34:00.6717755Z [ADMIN] dice.feed.common itemsMapped=57
2026-06-27T14:34:00.6717755Z [ADMIN] dice.visibleFeed actor=dev_superadmin count=57
2026-06-27T14:34:00.7862238Z [ADMIN] character.skills.get auth actor=dev_superadmin characterId=fbd8a7b8e9a74810becc233f30fe9160 ownerCheck=False allowed=True
2026-06-27T14:34:00.7912454Z [ADMIN] character.skills.get actor=dev_superadmin characterId=fbd8a7b8e9a74810becc233f30fe9160 count=13 profileFirst=true
2026-06-27T14:34:00.8418057Z [ADMIN] dice.feed.common itemsRaw=57
2026-06-27T14:34:00.8647924Z [ADMIN] dice.feed.common itemsMapped=57
2026-06-27T14:34:00.8657921Z [ADMIN] dice.visibleFeed actor=dev_superadmin count=57
2026-06-27T14:34:07.5064877Z [ADMIN] dice.feed.common itemsRaw=57
2026-06-27T14:34:07.5298701Z [ADMIN] dice.feed.common itemsMapped=57
2026-06-27T14:34:07.5298701Z [ADMIN] dice.visibleFeed actor=dev_player count=57
2026-06-27T14:34:07.5844535Z [ADMIN] dice.test.getCurrent actor=dev_player userId=0584ae33047742a18f657d4ca9c86a01 found=False
2026-06-27T14:34:10.9632742Z [ADMIN] admin.accounts.pending actor=dev_superadmin count=0
2026-06-27T14:34:11.1286833Z [ADMIN] dice.feed.common itemsRaw=57
2026-06-27T14:34:11.1516902Z [ADMIN] dice.feed.common itemsMapped=57
2026-06-27T14:34:11.1526918Z [ADMIN] dice.visibleFeed actor=dev_superadmin count=57
2026-06-27T14:34:11.2702594Z [ADMIN] character.skills.get auth actor=dev_superadmin characterId=fbd8a7b8e9a74810becc233f30fe9160 ownerCheck=False allowed=True
2026-06-27T14:34:11.2742654Z [ADMIN] character.skills.get actor=dev_superadmin characterId=fbd8a7b8e9a74810becc233f30fe9160 count=13 profileFirst=true
2026-06-27T14:34:11.3252545Z [ADMIN] dice.feed.common itemsRaw=57
2026-06-27T14:34:11.3492602Z [ADMIN] dice.feed.common itemsMapped=57
2026-06-27T14:34:11.3492602Z [ADMIN] dice.visibleFeed actor=dev_superadmin count=57
2026-06-27T14:34:15.6434519Z [ADMIN] dice.feed.common itemsRaw=57
2026-06-27T14:34:15.6680315Z [ADMIN] dice.feed.common itemsMapped=57
2026-06-27T14:34:15.6680315Z [ADMIN] dice.visibleFeed actor=dev_player count=57
2026-06-27T14:34:15.7240317Z [ADMIN] dice.test.getCurrent actor=dev_player userId=0584ae33047742a18f657d4ca9c86a01 found=False
2026-06-27T14:34:21.4446972Z [ADMIN] admin.accounts.pending actor=dev_superadmin count=0
2026-06-27T14:34:21.6107469Z [ADMIN] dice.feed.common itemsRaw=57
2026-06-27T14:34:21.6337285Z [ADMIN] dice.feed.common itemsMapped=57
2026-06-27T14:34:21.6347286Z [ADMIN] dice.visibleFeed actor=dev_superadmin count=57
2026-06-27T14:34:21.7487172Z [ADMIN] character.skills.get auth actor=dev_superadmin characterId=fbd8a7b8e9a74810becc233f30fe9160 ownerCheck=False allowed=True
2026-06-27T14:34:21.7531377Z [ADMIN] character.skills.get actor=dev_superadmin characterId=fbd8a7b8e9a74810becc233f30fe9160 count=13 profileFirst=true
2026-06-27T14:34:21.8041328Z [ADMIN] dice.feed.common itemsRaw=57
2026-06-27T14:34:21.8282599Z [ADMIN] dice.feed.common itemsMapped=57
2026-06-27T14:34:21.8282599Z [ADMIN] dice.visibleFeed actor=dev_superadmin count=57
2026-06-27T14:34:23.7736150Z [ADMIN] dice.feed.common itemsRaw=57
2026-06-27T14:34:23.7980301Z [ADMIN] dice.feed.common itemsMapped=57
2026-06-27T14:34:23.7990300Z [ADMIN] dice.visibleFeed actor=dev_player count=57
2026-06-27T14:34:23.8500264Z [ADMIN] dice.test.getCurrent actor=dev_player userId=0584ae33047742a18f657d4ca9c86a01 found=False
2026-06-27T14:34:31.8976214Z [ADMIN] dice.feed.common itemsRaw=57
2026-06-27T14:34:31.9206133Z [ADMIN] dice.feed.common itemsMapped=57
2026-06-27T14:34:31.9216137Z [ADMIN] dice.visibleFeed actor=dev_player count=57
2026-06-27T14:34:31.9296151Z [ADMIN] admin.accounts.pending actor=dev_superadmin count=0
2026-06-27T14:34:31.9756087Z [ADMIN] dice.test.getCurrent actor=dev_player userId=0584ae33047742a18f657d4ca9c86a01 found=False
2026-06-27T14:34:32.1016042Z [ADMIN] dice.feed.common itemsRaw=57
2026-06-27T14:34:32.1256044Z [ADMIN] dice.feed.common itemsMapped=57
2026-06-27T14:34:32.1256044Z [ADMIN] dice.visibleFeed actor=dev_superadmin count=57
2026-06-27T14:34:32.2415976Z [ADMIN] character.skills.get auth actor=dev_superadmin characterId=fbd8a7b8e9a74810becc233f30fe9160 ownerCheck=False allowed=True
2026-06-27T14:34:32.2475972Z [ADMIN] character.skills.get actor=dev_superadmin characterId=fbd8a7b8e9a74810becc233f30fe9160 count=13 profileFirst=true
2026-06-27T14:34:32.2985928Z [ADMIN] dice.feed.common itemsRaw=57
2026-06-27T14:34:32.3231853Z [ADMIN] dice.feed.common itemsMapped=57
2026-06-27T14:34:32.3235954Z [ADMIN] dice.visibleFeed actor=dev_superadmin count=57
2026-06-27T14:34:40.0201975Z [ADMIN] dice.feed.common itemsRaw=57
2026-06-27T14:34:40.0447767Z [ADMIN] dice.feed.common itemsMapped=57
2026-06-27T14:34:40.0447767Z [ADMIN] dice.visibleFeed actor=dev_player count=57
2026-06-27T14:34:40.0991991Z [ADMIN] dice.test.getCurrent actor=dev_player userId=0584ae33047742a18f657d4ca9c86a01 found=False
2026-06-27T14:34:42.4308398Z [ADMIN] admin.accounts.pending actor=dev_superadmin count=0
2026-06-27T14:34:42.5990623Z [ADMIN] dice.feed.common itemsRaw=57
2026-06-27T14:34:42.6236332Z [ADMIN] dice.feed.common itemsMapped=57
2026-06-27T14:34:42.6240617Z [ADMIN] dice.visibleFeed actor=dev_superadmin count=57
2026-06-27T14:34:42.7406823Z [ADMIN] character.skills.get auth actor=dev_superadmin characterId=fbd8a7b8e9a74810becc233f30fe9160 ownerCheck=False allowed=True
2026-06-27T14:34:42.7460597Z [ADMIN] character.skills.get actor=dev_superadmin characterId=fbd8a7b8e9a74810becc233f30fe9160 count=13 profileFirst=true
2026-06-27T14:34:42.7974933Z [ADMIN] dice.feed.common itemsRaw=57
2026-06-27T14:34:42.8209265Z [ADMIN] dice.feed.common itemsMapped=57
2026-06-27T14:34:42.8219170Z [ADMIN] dice.visibleFeed actor=dev_superadmin count=57
2026-06-27T14:34:48.1447805Z [ADMIN] dice.feed.common itemsRaw=57
2026-06-27T14:34:48.1693570Z [ADMIN] dice.feed.common itemsMapped=57
2026-06-27T14:34:48.1693570Z [ADMIN] dice.visibleFeed actor=dev_player count=57
2026-06-27T14:34:48.2273540Z [ADMIN] dice.test.getCurrent actor=dev_player userId=0584ae33047742a18f657d4ca9c86a01 found=False
2026-06-27T14:34:52.9293461Z [ADMIN] admin.accounts.pending actor=dev_superadmin count=0
2026-06-27T14:34:53.0960990Z [ADMIN] dice.feed.common itemsRaw=57
2026-06-27T14:34:53.1215213Z [ADMIN] dice.feed.common itemsMapped=57
2026-06-27T14:34:53.1215213Z [ADMIN] dice.visibleFeed actor=dev_superadmin count=57
2026-06-27T14:34:53.2361553Z [ADMIN] character.skills.get auth actor=dev_superadmin characterId=fbd8a7b8e9a74810becc233f30fe9160 ownerCheck=False allowed=True
2026-06-27T14:34:53.2417021Z [ADMIN] character.skills.get actor=dev_superadmin characterId=fbd8a7b8e9a74810becc233f30fe9160 count=13 profileFirst=true
2026-06-27T14:34:53.2922191Z [ADMIN] dice.feed.common itemsRaw=57
2026-06-27T14:34:53.3158326Z [ADMIN] dice.feed.common itemsMapped=57
2026-06-27T14:34:53.3158326Z [ADMIN] dice.visibleFeed actor=dev_superadmin count=57
2026-06-27T14:34:56.2756116Z [ADMIN] dice.feed.common itemsRaw=57
2026-06-27T14:34:56.2993674Z [ADMIN] dice.feed.common itemsMapped=57
2026-06-27T14:34:56.2993674Z [ADMIN] dice.visibleFeed actor=dev_player count=57
2026-06-27T14:34:56.3553504Z [ADMIN] dice.test.getCurrent actor=dev_player userId=0584ae33047742a18f657d4ca9c86a01 found=False
2026-06-27T14:35:03.4249963Z [ADMIN] admin.accounts.pending actor=dev_superadmin count=0
2026-06-27T14:35:03.6115406Z [ADMIN] dice.feed.common itemsRaw=57
2026-06-27T14:35:03.6374165Z [ADMIN] dice.feed.common itemsMapped=57
2026-06-27T14:35:03.6374165Z [ADMIN] dice.visibleFeed actor=dev_superadmin count=57
2026-06-27T14:35:03.7535570Z [ADMIN] character.skills.get auth actor=dev_superadmin characterId=fbd8a7b8e9a74810becc233f30fe9160 ownerCheck=False allowed=True
2026-06-27T14:35:03.7585541Z [ADMIN] character.skills.get actor=dev_superadmin characterId=fbd8a7b8e9a74810becc233f30fe9160 count=13 profileFirst=true
2026-06-27T14:35:03.8108192Z [ADMIN] dice.feed.common itemsRaw=57
2026-06-27T14:35:03.8346496Z [ADMIN] dice.feed.common itemsMapped=57
2026-06-27T14:35:03.8346496Z [ADMIN] dice.visibleFeed actor=dev_superadmin count=57
2026-06-27T14:35:04.4105534Z [ADMIN] dice.feed.common itemsRaw=57
2026-06-27T14:35:04.4339443Z [ADMIN] dice.feed.common itemsMapped=57
2026-06-27T14:35:04.4339443Z [ADMIN] dice.visibleFeed actor=dev_player count=57
2026-06-27T14:35:04.4896248Z [ADMIN] dice.test.getCurrent actor=dev_player userId=0584ae33047742a18f657d4ca9c86a01 found=False
2026-06-27T14:35:12.5383383Z [ADMIN] dice.feed.common itemsRaw=57
2026-06-27T14:35:12.5625204Z [ADMIN] dice.feed.common itemsMapped=57
2026-06-27T14:35:12.5631096Z [ADMIN] dice.visibleFeed actor=dev_player count=57
2026-06-27T14:35:12.6175162Z [ADMIN] dice.test.getCurrent actor=dev_player userId=0584ae33047742a18f657d4ca9c86a01 found=False
2026-06-27T14:35:13.9453458Z [ADMIN] admin.accounts.pending actor=dev_superadmin count=0
2026-06-27T14:35:14.1134485Z [ADMIN] dice.feed.common itemsRaw=57
2026-06-27T14:35:14.1374459Z [ADMIN] dice.feed.common itemsMapped=57
2026-06-27T14:35:14.1384443Z [ADMIN] dice.visibleFeed actor=dev_superadmin count=57
2026-06-27T14:35:14.2546116Z [ADMIN] character.skills.get auth actor=dev_superadmin characterId=fbd8a7b8e9a74810becc233f30fe9160 ownerCheck=False allowed=True
2026-06-27T14:35:14.2586123Z [ADMIN] character.skills.get actor=dev_superadmin characterId=fbd8a7b8e9a74810becc233f30fe9160 count=13 profileFirst=true
2026-06-27T14:35:14.3126416Z [ADMIN] dice.feed.common itemsRaw=57
2026-06-27T14:35:14.3365937Z [ADMIN] dice.feed.common itemsMapped=57
2026-06-27T14:35:14.3365937Z [ADMIN] dice.visibleFeed actor=dev_superadmin count=57
2026-06-27T14:35:20.6610980Z [ADMIN] dice.feed.common itemsRaw=57
2026-06-27T14:35:20.6841122Z [ADMIN] dice.feed.common itemsMapped=57
2026-06-27T14:35:20.6841122Z [ADMIN] dice.visibleFeed actor=dev_player count=57
2026-06-27T14:35:20.7427525Z [ADMIN] dice.test.getCurrent actor=dev_player userId=0584ae33047742a18f657d4ca9c86a01 found=False
2026-06-27T14:35:24.4494946Z [ADMIN] admin.accounts.pending actor=dev_superadmin count=0
2026-06-27T14:35:24.6194257Z [ADMIN] dice.feed.common itemsRaw=57
2026-06-27T14:35:24.6428800Z [ADMIN] dice.feed.common itemsMapped=57
2026-06-27T14:35:24.6428800Z [ADMIN] dice.visibleFeed actor=dev_superadmin count=57
2026-06-27T14:35:24.7598894Z [ADMIN] character.skills.get auth actor=dev_superadmin characterId=fbd8a7b8e9a74810becc233f30fe9160 ownerCheck=False allowed=True
2026-06-27T14:35:24.7649032Z [ADMIN] character.skills.get actor=dev_superadmin characterId=fbd8a7b8e9a74810becc233f30fe9160 count=13 profileFirst=true
2026-06-27T14:35:24.8164712Z [ADMIN] dice.feed.common itemsRaw=57
2026-06-27T14:35:24.8406691Z [ADMIN] dice.feed.common itemsMapped=57
2026-06-27T14:35:24.8416602Z [ADMIN] dice.visibleFeed actor=dev_superadmin count=57
2026-06-27T14:35:28.7832742Z [ADMIN] dice.feed.common itemsRaw=57
2026-06-27T14:35:28.8072581Z [ADMIN] dice.feed.common itemsMapped=57
2026-06-27T14:35:28.8072581Z [ADMIN] dice.visibleFeed actor=dev_player count=57
2026-06-27T14:35:28.8615527Z [ADMIN] dice.test.getCurrent actor=dev_player userId=0584ae33047742a18f657d4ca9c86a01 found=False
2026-06-27T14:35:34.9489377Z [ADMIN] admin.accounts.pending actor=dev_superadmin count=0
2026-06-27T14:35:35.1106963Z [ADMIN] dice.feed.common itemsRaw=57
2026-06-27T14:35:35.1343807Z [ADMIN] dice.feed.common itemsMapped=57
2026-06-27T14:35:35.1353807Z [ADMIN] dice.visibleFeed actor=dev_superadmin count=57
2026-06-27T14:35:35.2523521Z [ADMIN] character.skills.get auth actor=dev_superadmin characterId=fbd8a7b8e9a74810becc233f30fe9160 ownerCheck=False allowed=True
2026-06-27T14:35:35.2573496Z [ADMIN] character.skills.get actor=dev_superadmin characterId=fbd8a7b8e9a74810becc233f30fe9160 count=13 profileFirst=true
2026-06-27T14:35:35.3089271Z [ADMIN] dice.feed.common itemsRaw=57
2026-06-27T14:35:35.3349182Z [ADMIN] dice.feed.common itemsMapped=57
2026-06-27T14:35:35.3349182Z [ADMIN] dice.visibleFeed actor=dev_superadmin count=57
2026-06-27T14:35:36.9113907Z [ADMIN] dice.feed.common itemsRaw=57
2026-06-27T14:35:36.9358412Z [ADMIN] dice.feed.common itemsMapped=57
2026-06-27T14:35:36.9358412Z [ADMIN] dice.visibleFeed actor=dev_player count=57
2026-06-27T14:35:36.9908491Z [ADMIN] dice.test.getCurrent actor=dev_player userId=0584ae33047742a18f657d4ca9c86a01 found=False
2026-06-27T14:35:45.0338444Z [ADMIN] dice.feed.common itemsRaw=57
2026-06-27T14:35:45.0574148Z [ADMIN] dice.feed.common itemsMapped=57
2026-06-27T14:35:45.0584150Z [ADMIN] dice.visibleFeed actor=dev_player count=57
2026-06-27T14:35:45.1130002Z [ADMIN] dice.test.getCurrent actor=dev_player userId=0584ae33047742a18f657d4ca9c86a01 found=False
2026-06-27T14:35:45.4473418Z [ADMIN] admin.accounts.pending actor=dev_superadmin count=0
2026-06-27T14:35:45.6148273Z [ADMIN] dice.feed.common itemsRaw=57
2026-06-27T14:35:45.6388149Z [ADMIN] dice.feed.common itemsMapped=57
2026-06-27T14:35:45.6388149Z [ADMIN] dice.visibleFeed actor=dev_superadmin count=57
2026-06-27T14:35:45.7528102Z [ADMIN] character.skills.get auth actor=dev_superadmin characterId=fbd8a7b8e9a74810becc233f30fe9160 ownerCheck=False allowed=True
2026-06-27T14:35:45.7573790Z [ADMIN] character.skills.get actor=dev_superadmin characterId=fbd8a7b8e9a74810becc233f30fe9160 count=13 profileFirst=true
2026-06-27T14:35:45.8078053Z [ADMIN] dice.feed.common itemsRaw=57
2026-06-27T14:35:45.8323769Z [ADMIN] dice.feed.common itemsMapped=57
2026-06-27T14:35:45.8323769Z [ADMIN] dice.visibleFeed actor=dev_superadmin count=57
2026-06-27T14:35:53.1594261Z [ADMIN] dice.feed.common itemsRaw=57
2026-06-27T14:35:53.1834219Z [ADMIN] dice.feed.common itemsMapped=57
2026-06-27T14:35:53.1844228Z [ADMIN] dice.visibleFeed actor=dev_player count=57
2026-06-27T14:35:53.2394220Z [ADMIN] dice.test.getCurrent actor=dev_player userId=0584ae33047742a18f657d4ca9c86a01 found=False
2026-06-27T14:35:55.9302767Z [ADMIN] admin.accounts.pending actor=dev_superadmin count=0
2026-06-27T14:35:56.0964967Z [ADMIN] dice.feed.common itemsRaw=57
2026-06-27T14:35:56.1204972Z [ADMIN] dice.feed.common itemsMapped=57
2026-06-27T14:35:56.1214959Z [ADMIN] dice.visibleFeed actor=dev_superadmin count=57
2026-06-27T14:35:56.2405243Z [ADMIN] character.skills.get auth actor=dev_superadmin characterId=fbd8a7b8e9a74810becc233f30fe9160 ownerCheck=False allowed=True
2026-06-27T14:35:56.2455234Z [ADMIN] character.skills.get actor=dev_superadmin characterId=fbd8a7b8e9a74810becc233f30fe9160 count=13 profileFirst=true
2026-06-27T14:35:56.2975242Z [ADMIN] dice.feed.common itemsRaw=57
2026-06-27T14:35:56.3228295Z [ADMIN] dice.feed.common itemsMapped=57
2026-06-27T14:35:56.3228295Z [ADMIN] dice.visibleFeed actor=dev_superadmin count=57
2026-06-27T14:36:01.2860629Z [ADMIN] dice.feed.common itemsRaw=57
2026-06-27T14:36:01.3108124Z [ADMIN] dice.feed.common itemsMapped=57
2026-06-27T14:36:01.3108124Z [ADMIN] dice.visibleFeed actor=dev_player count=57
2026-06-27T14:36:01.3648128Z [ADMIN] dice.test.getCurrent actor=dev_player userId=0584ae33047742a18f657d4ca9c86a01 found=False
2026-06-27T14:36:06.4297369Z [ADMIN] admin.accounts.pending actor=dev_superadmin count=0
2026-06-27T14:36:06.6128383Z [ADMIN] dice.feed.common itemsRaw=57
2026-06-27T14:36:06.6357389Z [ADMIN] dice.feed.common itemsMapped=57
2026-06-27T14:36:06.6357389Z [ADMIN] dice.visibleFeed actor=dev_superadmin count=57
2026-06-27T14:36:06.7527094Z [ADMIN] character.skills.get auth actor=dev_superadmin characterId=fbd8a7b8e9a74810becc233f30fe9160 ownerCheck=False allowed=True
2026-06-27T14:36:06.7574225Z [ADMIN] character.skills.get actor=dev_superadmin characterId=fbd8a7b8e9a74810becc233f30fe9160 count=13 profileFirst=true
2026-06-27T14:36:06.8074219Z [ADMIN] dice.feed.common itemsRaw=57
2026-06-27T14:36:06.8314223Z [ADMIN] dice.feed.common itemsMapped=57
2026-06-27T14:36:06.8314223Z [ADMIN] dice.visibleFeed actor=dev_superadmin count=57
2026-06-27T14:36:09.4114207Z [ADMIN] dice.feed.common itemsRaw=57
2026-06-27T14:36:09.4349644Z [ADMIN] dice.feed.common itemsMapped=57
2026-06-27T14:36:09.4349644Z [ADMIN] dice.visibleFeed actor=dev_player count=57
2026-06-27T14:36:09.4896980Z [ADMIN] dice.test.getCurrent actor=dev_player userId=0584ae33047742a18f657d4ca9c86a01 found=False
2026-06-27T14:36:16.6592098Z [ADMIN] lock.acquire actor=dev_superadmin entityType=character entityId=fbd8a7b8e9a74810becc233f30fe9160 result=reactivated
2026-06-27T14:36:16.6602093Z [ADMIN] character.lock.acquire actor=dev_superadmin characterId=fbd8a7b8e9a74810becc233f30fe9160 result=Ok
2026-06-27T14:36:16.6942171Z [ADMIN] character.admin.save.money actor=dev_superadmin characterId=fbd8a7b8e9a74810becc233f30fe9160 result=ok profileNative=true
2026-06-27T14:36:16.7227535Z [ADMIN] character.subattributes.admin.get actor=dev_superadmin characterId=fbd8a7b8e9a74810becc233f30fe9160 count=21
2026-06-27T14:36:16.7417528Z [ADMIN] character.inventory.get count=0
2026-06-27T14:36:16.7497542Z [ADMIN] character.holdings.get count=0 actor=dev_superadmin admin=True
2026-06-27T14:36:16.7577537Z [ADMIN] character.reputation.get count=0 actor=dev_superadmin admin=True
2026-06-27T14:36:16.7642689Z [ADMIN] character.companions.get count=0 actor=dev_superadmin admin=True
2026-06-27T14:36:16.7772679Z [ADMIN] character.skills.get auth actor=dev_superadmin characterId=fbd8a7b8e9a74810becc233f30fe9160 ownerCheck=False allowed=True
2026-06-27T14:36:16.7822678Z [ADMIN] character.skills.get actor=dev_superadmin characterId=fbd8a7b8e9a74810becc233f30fe9160 count=13 profileFirst=true
2026-06-27T14:36:16.9494170Z [ADMIN] admin.accounts.pending actor=dev_superadmin count=0
2026-06-27T14:36:17.1216204Z [ADMIN] dice.feed.common itemsRaw=57
2026-06-27T14:36:17.1456293Z [ADMIN] dice.feed.common itemsMapped=57
2026-06-27T14:36:17.1456293Z [ADMIN] dice.visibleFeed actor=dev_superadmin count=57
2026-06-27T14:36:17.2616294Z [ADMIN] character.skills.get auth actor=dev_superadmin characterId=fbd8a7b8e9a74810becc233f30fe9160 ownerCheck=False allowed=True
2026-06-27T14:36:17.2666304Z [ADMIN] character.skills.get actor=dev_superadmin characterId=fbd8a7b8e9a74810becc233f30fe9160 count=13 profileFirst=true
2026-06-27T14:36:17.3156296Z [ADMIN] dice.feed.common itemsRaw=57
2026-06-27T14:36:17.3416291Z [ADMIN] dice.feed.common itemsMapped=57
2026-06-27T14:36:17.3416291Z [ADMIN] dice.visibleFeed actor=dev_superadmin count=57
2026-06-27T14:36:17.5406295Z [ADMIN] dice.feed.common itemsRaw=57
2026-06-27T14:36:17.5656468Z [ADMIN] dice.feed.common itemsMapped=57
2026-06-27T14:36:17.5656468Z [ADMIN] dice.visibleFeed actor=dev_player count=57
2026-06-27T14:36:17.6206945Z [ADMIN] dice.test.getCurrent actor=dev_player userId=0584ae33047742a18f657d4ca9c86a01 found=False
2026-06-27T14:36:25.2071649Z [ADMIN] lock.acquire actor=dev_superadmin entityType=character entityId=fbd8a7b8e9a74810becc233f30fe9160 result=refresh
2026-06-27T14:36:25.2082336Z [ADMIN] character.lock.acquire actor=dev_superadmin characterId=fbd8a7b8e9a74810becc233f30fe9160 result=Ok
2026-06-27T14:36:25.2206681Z [ADMIN] character.admin.save.money actor=dev_superadmin characterId=fbd8a7b8e9a74810becc233f30fe9160 result=ok profileNative=true
2026-06-27T14:36:25.2455941Z [ADMIN] character.subattributes.admin.get actor=dev_superadmin characterId=fbd8a7b8e9a74810becc233f30fe9160 count=21
2026-06-27T14:36:25.2685945Z [ADMIN] character.inventory.get count=0
2026-06-27T14:36:25.2765940Z [ADMIN] character.holdings.get count=0 actor=dev_superadmin admin=True
2026-06-27T14:36:25.2835941Z [ADMIN] character.reputation.get count=0 actor=dev_superadmin admin=True
2026-06-27T14:36:25.2905944Z [ADMIN] character.companions.get count=0 actor=dev_superadmin admin=True
2026-06-27T14:36:25.3035939Z [ADMIN] character.skills.get auth actor=dev_superadmin characterId=fbd8a7b8e9a74810becc233f30fe9160 ownerCheck=False allowed=True
2026-06-27T14:36:25.3085945Z [ADMIN] character.skills.get actor=dev_superadmin characterId=fbd8a7b8e9a74810becc233f30fe9160 count=13 profileFirst=true
2026-06-27T14:36:25.6773250Z [ADMIN] dice.feed.common itemsRaw=57
2026-06-27T14:36:25.7008011Z [ADMIN] dice.feed.common itemsMapped=57
2026-06-27T14:36:25.7017892Z [ADMIN] dice.visibleFeed actor=dev_player count=57
2026-06-27T14:36:25.7607431Z [ADMIN] dice.test.getCurrent actor=dev_player userId=0584ae33047742a18f657d4ca9c86a01 found=False
2026-06-27T14:36:27.4446525Z [ADMIN] admin.accounts.pending actor=dev_superadmin count=0
2026-06-27T14:36:27.6212589Z [ADMIN] dice.feed.common itemsRaw=57
2026-06-27T14:36:27.6462367Z [ADMIN] dice.feed.common itemsMapped=57
2026-06-27T14:36:27.6462367Z [ADMIN] dice.visibleFeed actor=dev_superadmin count=57
2026-06-27T14:36:27.7623573Z [ADMIN] character.skills.get auth actor=dev_superadmin characterId=fbd8a7b8e9a74810becc233f30fe9160 ownerCheck=False allowed=True
2026-06-27T14:36:27.7673570Z [ADMIN] character.skills.get actor=dev_superadmin characterId=fbd8a7b8e9a74810becc233f30fe9160 count=13 profileFirst=true
2026-06-27T14:36:27.8176481Z [ADMIN] dice.feed.common itemsRaw=57
2026-06-27T14:36:27.8416486Z [ADMIN] dice.feed.common itemsMapped=57
2026-06-27T14:36:27.8416486Z [ADMIN] dice.visibleFeed actor=dev_superadmin count=57
2026-06-27T14:36:30.3446093Z [ADMIN] lock.acquire actor=dev_superadmin entityType=character entityId=fbd8a7b8e9a74810becc233f30fe9160 result=refresh
2026-06-27T14:36:30.3446093Z [ADMIN] character.lock.acquire actor=dev_superadmin characterId=fbd8a7b8e9a74810becc233f30fe9160 result=Ok
2026-06-27T14:36:30.3570847Z [ADMIN] character.admin.save.money actor=dev_superadmin characterId=fbd8a7b8e9a74810becc233f30fe9160 result=ok profileNative=true
2026-06-27T14:36:30.3819605Z [ADMIN] character.subattributes.admin.get actor=dev_superadmin characterId=fbd8a7b8e9a74810becc233f30fe9160 count=21
2026-06-27T14:36:30.4009605Z [ADMIN] character.inventory.get count=0
2026-06-27T14:36:30.4079612Z [ADMIN] character.holdings.get count=0 actor=dev_superadmin admin=True
2026-06-27T14:36:30.4149616Z [ADMIN] character.reputation.get count=0 actor=dev_superadmin admin=True
2026-06-27T14:36:30.4219606Z [ADMIN] character.companions.get count=0 actor=dev_superadmin admin=True
2026-06-27T14:36:30.4359613Z [ADMIN] character.skills.get auth actor=dev_superadmin characterId=fbd8a7b8e9a74810becc233f30fe9160 ownerCheck=False allowed=True
2026-06-27T14:36:30.4409605Z [ADMIN] character.skills.get actor=dev_superadmin characterId=fbd8a7b8e9a74810becc233f30fe9160 count=13 profileFirst=true
2026-06-27T14:36:33.8204430Z [ADMIN] dice.feed.common itemsRaw=57
2026-06-27T14:36:33.8444857Z [ADMIN] dice.feed.common itemsMapped=57
2026-06-27T14:36:33.8444857Z [ADMIN] dice.visibleFeed actor=dev_player count=57
2026-06-27T14:36:33.9005487Z [ADMIN] dice.test.getCurrent actor=dev_player userId=0584ae33047742a18f657d4ca9c86a01 found=False
2026-06-27T14:36:37.9491110Z [ADMIN] admin.accounts.pending actor=dev_superadmin count=0
2026-06-27T14:36:38.1206827Z [ADMIN] dice.feed.common itemsRaw=57
2026-06-27T14:36:38.1446905Z [ADMIN] dice.feed.common itemsMapped=57
2026-06-27T14:36:38.1446905Z [ADMIN] dice.visibleFeed actor=dev_superadmin count=57
2026-06-27T14:36:38.2616151Z [ADMIN] character.skills.get auth actor=dev_superadmin characterId=fbd8a7b8e9a74810becc233f30fe9160 ownerCheck=False allowed=True
2026-06-27T14:36:38.2666143Z [ADMIN] character.skills.get actor=dev_superadmin characterId=fbd8a7b8e9a74810becc233f30fe9160 count=13 profileFirst=true
2026-06-27T14:36:38.3176139Z [ADMIN] dice.feed.common itemsRaw=57
2026-06-27T14:36:38.3416152Z [ADMIN] dice.feed.common itemsMapped=57
2026-06-27T14:36:38.3426580Z [ADMIN] dice.visibleFeed actor=dev_superadmin count=57
2026-06-27T14:36:41.9627277Z [ADMIN] dice.feed.common itemsRaw=57
2026-06-27T14:36:41.9873623Z [ADMIN] dice.feed.common itemsMapped=57
2026-06-27T14:36:41.9873623Z [ADMIN] dice.visibleFeed actor=dev_player count=57
2026-06-27T14:36:42.0404423Z [ADMIN] dice.test.getCurrent actor=dev_player userId=0584ae33047742a18f657d4ca9c86a01 found=False
2026-06-27T14:36:48.4486844Z [ADMIN] admin.accounts.pending actor=dev_superadmin count=0
2026-06-27T14:36:48.6165600Z [ADMIN] dice.feed.common itemsRaw=57
2026-06-27T14:36:48.6405623Z [ADMIN] dice.feed.common itemsMapped=57
2026-06-27T14:36:48.6415613Z [ADMIN] dice.visibleFeed actor=dev_superadmin count=57
2026-06-27T14:36:48.7573996Z [ADMIN] character.skills.get auth actor=dev_superadmin characterId=fbd8a7b8e9a74810becc233f30fe9160 ownerCheck=False allowed=True
2026-06-27T14:36:48.7625387Z [ADMIN] character.skills.get actor=dev_superadmin characterId=fbd8a7b8e9a74810becc233f30fe9160 count=13 profileFirst=true
2026-06-27T14:36:48.8133985Z [ADMIN] dice.feed.common itemsRaw=57
2026-06-27T14:36:48.8364143Z [ADMIN] dice.feed.common itemsMapped=57
2026-06-27T14:36:48.8373998Z [ADMIN] dice.visibleFeed actor=dev_superadmin count=57
2026-06-27T14:36:50.0990657Z [ADMIN] dice.feed.common itemsRaw=57
2026-06-27T14:36:50.1235951Z [ADMIN] dice.feed.common itemsMapped=57
2026-06-27T14:36:50.1235951Z [ADMIN] dice.visibleFeed actor=dev_player count=57
2026-06-27T14:36:50.1783266Z [ADMIN] dice.test.getCurrent actor=dev_player userId=0584ae33047742a18f657d4ca9c86a01 found=False
2026-06-27T14:36:58.2246152Z [ADMIN] dice.feed.common itemsRaw=57
2026-06-27T14:36:58.2496245Z [ADMIN] dice.feed.common itemsMapped=57
2026-06-27T14:36:58.2496245Z [ADMIN] dice.visibleFeed actor=dev_player count=57
2026-06-27T14:36:58.3043559Z [ADMIN] dice.test.getCurrent actor=dev_player userId=0584ae33047742a18f657d4ca9c86a01 found=False
2026-06-27T14:36:58.9755962Z [ADMIN] admin.accounts.pending actor=dev_superadmin count=0
2026-06-27T14:36:59.1410169Z [ADMIN] dice.feed.common itemsRaw=57
2026-06-27T14:36:59.1650174Z [ADMIN] dice.feed.common itemsMapped=57
2026-06-27T14:36:59.1650174Z [ADMIN] dice.visibleFeed actor=dev_superadmin count=57
2026-06-27T14:36:59.3035536Z [ADMIN] character.skills.get auth actor=dev_superadmin characterId=fbd8a7b8e9a74810becc233f30fe9160 ownerCheck=False allowed=True
2026-06-27T14:36:59.3085531Z [ADMIN] character.skills.get actor=dev_superadmin characterId=fbd8a7b8e9a74810becc233f30fe9160 count=13 profileFirst=true
2026-06-27T14:36:59.3585515Z [ADMIN] dice.feed.common itemsRaw=57
2026-06-27T14:36:59.3825523Z [ADMIN] dice.feed.common itemsMapped=57
2026-06-27T14:36:59.3825523Z [ADMIN] dice.visibleFeed actor=dev_superadmin count=57
2026-06-27T14:37:06.3493004Z [ADMIN] dice.feed.common itemsRaw=57
2026-06-27T14:37:06.3743002Z [ADMIN] dice.feed.common itemsMapped=57
2026-06-27T14:37:06.3743002Z [ADMIN] dice.visibleFeed actor=dev_player count=57
2026-06-27T14:37:06.4326280Z [ADMIN] dice.test.getCurrent actor=dev_player userId=0584ae33047742a18f657d4ca9c86a01 found=False
2026-06-27T14:37:09.4975928Z [ADMIN] admin.accounts.pending actor=dev_superadmin count=0
2026-06-27T14:37:09.6643202Z [ADMIN] dice.feed.common itemsRaw=57
2026-06-27T14:37:09.6894738Z [ADMIN] dice.feed.common itemsMapped=57
2026-06-27T14:37:09.6904729Z [ADMIN] dice.visibleFeed actor=dev_superadmin count=57
2026-06-27T14:37:09.8054675Z [ADMIN] character.skills.get auth actor=dev_superadmin characterId=fbd8a7b8e9a74810becc233f30fe9160 ownerCheck=False allowed=True
2026-06-27T14:37:09.8104684Z [ADMIN] character.skills.get actor=dev_superadmin characterId=fbd8a7b8e9a74810becc233f30fe9160 count=13 profileFirst=true
2026-06-27T14:37:09.8604664Z [ADMIN] dice.feed.common itemsRaw=57
2026-06-27T14:37:09.8845836Z [ADMIN] dice.feed.common itemsMapped=57
2026-06-27T14:37:09.8845836Z [ADMIN] dice.visibleFeed actor=dev_superadmin count=57
2026-06-27T14:37:14.4933366Z [ADMIN] dice.feed.common itemsRaw=57
2026-06-27T14:37:14.5177658Z [ADMIN] dice.feed.common itemsMapped=57
2026-06-27T14:37:14.5187691Z [ADMIN] dice.visibleFeed actor=dev_player count=57
2026-06-27T14:37:14.5751941Z [ADMIN] dice.test.getCurrent actor=dev_player userId=0584ae33047742a18f657d4ca9c86a01 found=False
2026-06-27T14:37:19.9985291Z [ADMIN] admin.accounts.pending actor=dev_superadmin count=0
2026-06-27T14:37:20.1624890Z [ADMIN] dice.feed.common itemsRaw=57
2026-06-27T14:37:20.1869423Z [ADMIN] dice.feed.common itemsMapped=57
2026-06-27T14:37:20.1879442Z [ADMIN] dice.visibleFeed actor=dev_superadmin count=57
2026-06-27T14:37:20.3029207Z [ADMIN] character.skills.get auth actor=dev_superadmin characterId=fbd8a7b8e9a74810becc233f30fe9160 ownerCheck=False allowed=True
2026-06-27T14:37:20.3084435Z [ADMIN] character.skills.get actor=dev_superadmin characterId=fbd8a7b8e9a74810becc233f30fe9160 count=13 profileFirst=true
2026-06-27T14:37:20.3574537Z [ADMIN] dice.feed.common itemsRaw=57
2026-06-27T14:37:20.3814532Z [ADMIN] dice.feed.common itemsMapped=57
2026-06-27T14:37:20.3824535Z [ADMIN] dice.visibleFeed actor=dev_superadmin count=57
2026-06-27T14:37:22.6293431Z [ADMIN] dice.feed.common itemsRaw=57
2026-06-27T14:37:22.6524640Z [ADMIN] dice.feed.common itemsMapped=57
2026-06-27T14:37:22.6530053Z [ADMIN] dice.visibleFeed actor=dev_player count=57
2026-06-27T14:37:22.7075894Z [ADMIN] dice.test.getCurrent actor=dev_player userId=0584ae33047742a18f657d4ca9c86a01 found=False
2026-06-27T14:37:30.4979834Z [ADMIN] admin.accounts.pending actor=dev_superadmin count=0
2026-06-27T14:37:30.6633936Z [ADMIN] dice.feed.common itemsRaw=57
2026-06-27T14:37:30.6873932Z [ADMIN] dice.feed.common itemsMapped=57
2026-06-27T14:37:30.6873932Z [ADMIN] dice.visibleFeed actor=dev_superadmin count=57
2026-06-27T14:37:30.7544080Z [ADMIN] dice.feed.common itemsRaw=57
2026-06-27T14:37:30.7834096Z [ADMIN] dice.feed.common itemsMapped=57
2026-06-27T14:37:30.7834096Z [ADMIN] dice.visibleFeed actor=dev_player count=57
2026-06-27T14:37:30.8214085Z [ADMIN] character.skills.get auth actor=dev_superadmin characterId=fbd8a7b8e9a74810becc233f30fe9160 ownerCheck=False allowed=True
2026-06-27T14:37:30.8264086Z [ADMIN] character.skills.get actor=dev_superadmin characterId=fbd8a7b8e9a74810becc233f30fe9160 count=13 profileFirst=true
2026-06-27T14:37:30.8474093Z [ADMIN] dice.test.getCurrent actor=dev_player userId=0584ae33047742a18f657d4ca9c86a01 found=False
2026-06-27T14:37:30.8869237Z [ADMIN] dice.feed.common itemsRaw=57
2026-06-27T14:37:30.9119244Z [ADMIN] dice.feed.common itemsMapped=57
2026-06-27T14:37:30.9119244Z [ADMIN] dice.visibleFeed actor=dev_superadmin count=57
2026-06-27T14:37:38.8975339Z [ADMIN] dice.feed.common itemsRaw=57
2026-06-27T14:37:38.9205329Z [ADMIN] dice.feed.common itemsMapped=57
2026-06-27T14:37:38.9205329Z [ADMIN] dice.visibleFeed actor=dev_player count=57
2026-06-27T14:37:38.9829712Z [ADMIN] dice.test.getCurrent actor=dev_player userId=0584ae33047742a18f657d4ca9c86a01 found=False
2026-06-27T14:37:41.0233944Z [ADMIN] admin.accounts.pending actor=dev_superadmin count=0
2026-06-27T14:37:41.1898544Z [ADMIN] dice.feed.common itemsRaw=57
2026-06-27T14:37:41.2148490Z [ADMIN] dice.feed.common itemsMapped=57
2026-06-27T14:37:41.2148490Z [ADMIN] dice.visibleFeed actor=dev_superadmin count=57
2026-06-27T14:37:41.3296285Z [ADMIN] character.skills.get auth actor=dev_superadmin characterId=fbd8a7b8e9a74810becc233f30fe9160 ownerCheck=False allowed=True
2026-06-27T14:37:41.3356272Z [ADMIN] character.skills.get actor=dev_superadmin characterId=fbd8a7b8e9a74810becc233f30fe9160 count=13 profileFirst=true
2026-06-27T14:37:41.3857941Z [ADMIN] dice.feed.common itemsRaw=57
2026-06-27T14:37:41.4107949Z [ADMIN] dice.feed.common itemsMapped=57
2026-06-27T14:37:41.4107949Z [ADMIN] dice.visibleFeed actor=dev_superadmin count=57
2026-06-27T14:37:47.0477505Z [ADMIN] dice.feed.common itemsRaw=57
2026-06-27T14:37:47.0715517Z [ADMIN] dice.feed.common itemsMapped=57
2026-06-27T14:37:47.0715517Z [ADMIN] dice.visibleFeed actor=dev_player count=57
2026-06-27T14:37:47.1246550Z [ADMIN] dice.test.getCurrent actor=dev_player userId=0584ae33047742a18f657d4ca9c86a01 found=False
2026-06-27T14:37:51.5088968Z [ADMIN] admin.accounts.pending actor=dev_superadmin count=0
2026-06-27T14:37:51.6725951Z [ADMIN] dice.feed.common itemsRaw=57
2026-06-27T14:37:51.6976150Z [ADMIN] dice.feed.common itemsMapped=57
2026-06-27T14:37:51.6976150Z [ADMIN] dice.visibleFeed actor=dev_superadmin count=57
2026-06-27T14:37:51.8135510Z [ADMIN] character.skills.get auth actor=dev_superadmin characterId=fbd8a7b8e9a74810becc233f30fe9160 ownerCheck=False allowed=True
2026-06-27T14:37:51.8185492Z [ADMIN] character.skills.get actor=dev_superadmin characterId=fbd8a7b8e9a74810becc233f30fe9160 count=13 profileFirst=true
2026-06-27T14:37:51.8705508Z [ADMIN] dice.feed.common itemsRaw=57
2026-06-27T14:37:51.8955507Z [ADMIN] dice.feed.common itemsMapped=57
2026-06-27T14:37:51.8955507Z [ADMIN] dice.visibleFeed actor=dev_superadmin count=57
2026-06-27T14:37:55.1768629Z [ADMIN] dice.feed.common itemsRaw=57
2026-06-27T14:37:55.2024309Z [ADMIN] dice.feed.common itemsMapped=57
2026-06-27T14:37:55.2024309Z [ADMIN] dice.visibleFeed actor=dev_player count=57
2026-06-27T14:37:55.2558103Z [ADMIN] dice.test.getCurrent actor=dev_player userId=0584ae33047742a18f657d4ca9c86a01 found=False
2026-06-27T14:38:01.9973063Z [ADMIN] admin.accounts.pending actor=dev_superadmin count=0
2026-06-27T14:38:02.1643556Z [ADMIN] dice.feed.common itemsRaw=57
2026-06-27T14:38:02.1877710Z [ADMIN] dice.feed.common itemsMapped=57
2026-06-27T14:38:02.1887698Z [ADMIN] dice.visibleFeed actor=dev_superadmin count=57
2026-06-27T14:38:02.3037539Z [ADMIN] character.skills.get auth actor=dev_superadmin characterId=fbd8a7b8e9a74810becc233f30fe9160 ownerCheck=False allowed=True
2026-06-27T14:38:02.3083430Z [ADMIN] character.skills.get actor=dev_superadmin characterId=fbd8a7b8e9a74810becc233f30fe9160 count=13 profileFirst=true
2026-06-27T14:38:02.3583431Z [ADMIN] dice.feed.common itemsRaw=57
2026-06-27T14:38:02.3833429Z [ADMIN] dice.feed.common itemsMapped=57
2026-06-27T14:38:02.3833429Z [ADMIN] dice.visibleFeed actor=dev_superadmin count=57
2026-06-27T14:38:03.3045456Z [ADMIN] dice.feed.common itemsRaw=57
2026-06-27T14:38:03.3297075Z [ADMIN] dice.feed.common itemsMapped=57
2026-06-27T14:38:03.3297075Z [ADMIN] dice.visibleFeed actor=dev_player count=57
2026-06-27T14:38:03.3827080Z [ADMIN] dice.test.getCurrent actor=dev_player userId=0584ae33047742a18f657d4ca9c86a01 found=False
2026-06-27T14:38:11.4268731Z [ADMIN] dice.feed.common itemsRaw=57
2026-06-27T14:38:11.4511363Z [ADMIN] dice.feed.common itemsMapped=57
2026-06-27T14:38:11.4521145Z [ADMIN] dice.visibleFeed actor=dev_player count=57
2026-06-27T14:38:11.5068529Z [ADMIN] dice.test.getCurrent actor=dev_player userId=0584ae33047742a18f657d4ca9c86a01 found=False
2026-06-27T14:38:12.4943430Z [ADMIN] admin.accounts.pending actor=dev_superadmin count=0
2026-06-27T14:38:12.6787346Z [ADMIN] dice.feed.common itemsRaw=57
2026-06-27T14:38:12.7032263Z [ADMIN] dice.feed.common itemsMapped=57
2026-06-27T14:38:12.7032263Z [ADMIN] dice.visibleFeed actor=dev_superadmin count=57
2026-06-27T14:38:12.8232049Z [ADMIN] character.skills.get auth actor=dev_superadmin characterId=fbd8a7b8e9a74810becc233f30fe9160 ownerCheck=False allowed=True
2026-06-27T14:38:12.8279037Z [ADMIN] character.skills.get actor=dev_superadmin characterId=fbd8a7b8e9a74810becc233f30fe9160 count=13 profileFirst=true
2026-06-27T14:38:12.8779025Z [ADMIN] dice.feed.common itemsRaw=57
2026-06-27T14:38:12.9029021Z [ADMIN] dice.feed.common itemsMapped=57
2026-06-27T14:38:12.9029021Z [ADMIN] dice.visibleFeed actor=dev_superadmin count=57
2026-06-27T14:38:19.5588712Z [ADMIN] dice.feed.common itemsRaw=57
2026-06-27T14:38:19.5844054Z [ADMIN] dice.feed.common itemsMapped=57
2026-06-27T14:38:19.5844054Z [ADMIN] dice.visibleFeed actor=dev_player count=57
2026-06-27T14:38:19.6448666Z [ADMIN] dice.test.getCurrent actor=dev_player userId=0584ae33047742a18f657d4ca9c86a01 found=False
2026-06-27T14:38:23.0096944Z [ADMIN] admin.accounts.pending actor=dev_superadmin count=0
2026-06-27T14:38:23.1815316Z [ADMIN] dice.feed.common itemsRaw=57
2026-06-27T14:38:23.2046815Z [ADMIN] dice.feed.common itemsMapped=57
2026-06-27T14:38:23.2046815Z [ADMIN] dice.visibleFeed actor=dev_superadmin count=57
2026-06-27T14:38:23.3192567Z [ADMIN] character.skills.get auth actor=dev_superadmin characterId=fbd8a7b8e9a74810becc233f30fe9160 ownerCheck=False allowed=True
2026-06-27T14:38:23.3252560Z [ADMIN] character.skills.get actor=dev_superadmin characterId=fbd8a7b8e9a74810becc233f30fe9160 count=13 profileFirst=true
2026-06-27T14:38:23.3742561Z [ADMIN] dice.feed.common itemsRaw=57
2026-06-27T14:38:23.3982561Z [ADMIN] dice.feed.common itemsMapped=57
2026-06-27T14:38:23.3982561Z [ADMIN] dice.visibleFeed actor=dev_superadmin count=57
2026-06-27T14:38:27.6925667Z [ADMIN] dice.feed.common itemsRaw=57
2026-06-27T14:38:27.7160279Z [ADMIN] dice.feed.common itemsMapped=57
2026-06-27T14:38:27.7160279Z [ADMIN] dice.visibleFeed actor=dev_player count=57
2026-06-27T14:38:27.7694533Z [ADMIN] dice.test.getCurrent actor=dev_player userId=0584ae33047742a18f657d4ca9c86a01 found=False
2026-06-27T14:38:33.5247292Z [ADMIN] admin.accounts.pending actor=dev_superadmin count=0
2026-06-27T14:38:33.6905571Z [ADMIN] dice.feed.common itemsRaw=57
2026-06-27T14:38:33.7160277Z [ADMIN] dice.feed.common itemsMapped=57
2026-06-27T14:38:33.7160277Z [ADMIN] dice.visibleFeed actor=dev_superadmin count=57
2026-06-27T14:38:33.8314092Z [ADMIN] character.skills.get auth actor=dev_superadmin characterId=fbd8a7b8e9a74810becc233f30fe9160 ownerCheck=False allowed=True
2026-06-27T14:38:33.8364082Z [ADMIN] character.skills.get actor=dev_superadmin characterId=fbd8a7b8e9a74810becc233f30fe9160 count=13 profileFirst=true
2026-06-27T14:38:33.8864077Z [ADMIN] dice.feed.common itemsRaw=57
2026-06-27T14:38:33.9114076Z [ADMIN] dice.feed.common itemsMapped=57
2026-06-27T14:38:33.9114076Z [ADMIN] dice.visibleFeed actor=dev_superadmin count=57
2026-06-27T14:38:35.8280591Z [ADMIN] dice.feed.common itemsRaw=57
2026-06-27T14:38:35.8516280Z [ADMIN] dice.feed.common itemsMapped=57
2026-06-27T14:38:35.8516280Z [ADMIN] dice.visibleFeed actor=dev_player count=57
2026-06-27T14:38:35.9073240Z [ADMIN] dice.test.getCurrent actor=dev_player userId=0584ae33047742a18f657d4ca9c86a01 found=False
2026-06-27T14:38:43.9585116Z [ADMIN] dice.feed.common itemsRaw=57
2026-06-27T14:38:43.9831864Z [ADMIN] dice.feed.common itemsMapped=57
2026-06-27T14:38:43.9838841Z [ADMIN] dice.visibleFeed actor=dev_player count=57
2026-06-27T14:38:44.0154305Z [ADMIN] admin.accounts.pending actor=dev_superadmin count=0
2026-06-27T14:38:44.0365022Z [ADMIN] dice.test.getCurrent actor=dev_player userId=0584ae33047742a18f657d4ca9c86a01 found=False
2026-06-27T14:38:44.1825875Z [ADMIN] dice.feed.common itemsRaw=57
2026-06-27T14:38:44.2076099Z [ADMIN] dice.feed.common itemsMapped=57
2026-06-27T14:38:44.2076099Z [ADMIN] dice.visibleFeed actor=dev_superadmin count=57
2026-06-27T14:38:44.3233570Z [ADMIN] character.skills.get auth actor=dev_superadmin characterId=fbd8a7b8e9a74810becc233f30fe9160 ownerCheck=False allowed=True
2026-06-27T14:38:44.3283560Z [ADMIN] character.skills.get actor=dev_superadmin characterId=fbd8a7b8e9a74810becc233f30fe9160 count=13 profileFirst=true
2026-06-27T14:38:44.3778674Z [ADMIN] dice.feed.common itemsRaw=57
2026-06-27T14:38:44.4018694Z [ADMIN] dice.feed.common itemsMapped=57
2026-06-27T14:38:44.4018694Z [ADMIN] dice.visibleFeed actor=dev_superadmin count=57
2026-06-27T14:38:45.5741170Z [ADMIN] lock.acquire actor=dev_superadmin entityType=character entityId=fbd8a7b8e9a74810becc233f30fe9160 result=refresh
2026-06-27T14:38:45.5741170Z [ADMIN] character.lock.acquire actor=dev_superadmin characterId=fbd8a7b8e9a74810becc233f30fe9160 result=Ok
2026-06-27T14:38:45.5955333Z [ADMIN] character.admin.save.stats actor=dev_superadmin characterId=fbd8a7b8e9a74810becc233f30fe9160 result=ok profileNative=true
2026-06-27T14:38:45.6165338Z [ADMIN] character.subattributes.admin.update actor=dev_superadmin characterId=fbd8a7b8e9a74810becc233f30fe9160 updated=21 revision=6
2026-06-27T14:38:45.6507148Z [ADMIN] character.subattributes.admin.get actor=dev_superadmin characterId=fbd8a7b8e9a74810becc233f30fe9160 count=21
2026-06-27T14:38:45.6697144Z [ADMIN] character.inventory.get count=0
2026-06-27T14:38:45.6777146Z [ADMIN] character.holdings.get count=0 actor=dev_superadmin admin=True
2026-06-27T14:38:45.6847149Z [ADMIN] character.reputation.get count=0 actor=dev_superadmin admin=True
2026-06-27T14:38:45.6917147Z [ADMIN] character.companions.get count=0 actor=dev_superadmin admin=True
2026-06-27T14:38:45.7057156Z [ADMIN] character.skills.get auth actor=dev_superadmin characterId=fbd8a7b8e9a74810becc233f30fe9160 ownerCheck=False allowed=True
2026-06-27T14:38:45.7107153Z [ADMIN] character.skills.get actor=dev_superadmin characterId=fbd8a7b8e9a74810becc233f30fe9160 count=13 profileFirst=true
2026-06-27T14:38:52.0874473Z [ADMIN] dice.feed.common itemsRaw=57
2026-06-27T14:38:52.1114862Z [ADMIN] dice.feed.common itemsMapped=57
2026-06-27T14:38:52.1114862Z [ADMIN] dice.visibleFeed actor=dev_player count=57
2026-06-27T14:38:52.1694973Z [ADMIN] dice.test.getCurrent actor=dev_player userId=0584ae33047742a18f657d4ca9c86a01 found=False
2026-06-27T14:38:54.5117213Z [ADMIN] admin.accounts.pending actor=dev_superadmin count=0
2026-06-27T14:38:54.6876673Z [ADMIN] dice.feed.common itemsRaw=57
2026-06-27T14:38:54.7123277Z [ADMIN] dice.feed.common itemsMapped=57
2026-06-27T14:38:54.7123277Z [ADMIN] dice.visibleFeed actor=dev_superadmin count=57
2026-06-27T14:38:54.8296319Z [ADMIN] character.skills.get auth actor=dev_superadmin characterId=fbd8a7b8e9a74810becc233f30fe9160 ownerCheck=False allowed=True
2026-06-27T14:38:54.8346321Z [ADMIN] character.skills.get actor=dev_superadmin characterId=fbd8a7b8e9a74810becc233f30fe9160 count=13 profileFirst=true
2026-06-27T14:38:54.8846368Z [ADMIN] dice.feed.common itemsRaw=57
2026-06-27T14:38:54.9093352Z [ADMIN] dice.feed.common itemsMapped=57
2026-06-27T14:38:54.9093352Z [ADMIN] dice.visibleFeed actor=dev_superadmin count=57
2026-06-27T14:38:55.2715857Z [ADMIN] crafting.command.disabled command=crafting.player.recipe.list
2026-06-27T14:38:55.3235932Z [ADMIN] progression.available.skills actor=dev_player count=13
2026-06-27T14:38:55.3275939Z [ADMIN] character.skills.get auth actor=dev_player characterId=fbd8a7b8e9a74810becc233f30fe9160 ownerCheck=True allowed=True
2026-06-27T14:38:55.3330216Z [ADMIN] character.skills.get actor=dev_player characterId=fbd8a7b8e9a74810becc233f30fe9160 count=12 profileFirst=true
2026-06-27T14:38:55.3675931Z [ADMIN] dice.feed.common itemsRaw=57
2026-06-27T14:38:55.3905922Z [ADMIN] dice.feed.common itemsMapped=57
2026-06-27T14:38:55.3905922Z [ADMIN] dice.visibleFeed actor=dev_player count=57
2026-06-27T14:38:55.4455931Z [ADMIN] dice.test.getCurrent actor=dev_player userId=0584ae33047742a18f657d4ca9c86a01 found=False
2026-06-27T14:38:55.4785934Z [ADMIN] request.handler.failed requestId=09f5fcc1171840b98f77bd98b76bcdd4 command=system.featureFlags.snapshot type=Unauthorized message=Insufficient role.
2026-06-27T14:38:55.4805940Z [ADMIN] request.handler.failed requestId=5d524bce65ac4b55b0cbdd2c3ed8d228 command=system.featureFlags.snapshot type=Unauthorized message=Insufficient role.
2026-06-27T14:38:55.4855935Z [ADMIN] journal.player.event.list actor=dev_player campaignId=default count=44
2026-06-27T14:38:55.4975945Z [ADMIN] request.handler.failed requestId=6b53203c45df45039ea9bd8db8e32b79 command=system.featureFlags.snapshot type=Unauthorized message=Insufficient role.
2026-06-27T14:38:55.4995933Z [ADMIN] request.handler.failed requestId=6b53203c45df45039ea9bd8db8e32b79 command=system.featureFlags.snapshot type=Unauthorized message=Insufficient role.
2026-06-27T14:38:55.5105941Z [ADMIN] schedule.real.player.next actor=dev_player campaignId=default hasNext=False
2026-06-27T14:38:55.5175943Z [ADMIN] schedule.real.player.list actor=dev_player campaignId=default count=0
2026-06-27T14:39:00.2243618Z [ADMIN] dice.feed.common itemsRaw=57
2026-06-27T14:39:00.2483382Z [ADMIN] dice.feed.common itemsMapped=57
2026-06-27T14:39:00.2483382Z [ADMIN] dice.visibleFeed actor=dev_player count=57
2026-06-27T14:39:00.3043895Z [ADMIN] dice.test.getCurrent actor=dev_player userId=0584ae33047742a18f657d4ca9c86a01 found=False
2026-06-27T14:39:05.0093579Z [ADMIN] admin.accounts.pending actor=dev_superadmin count=0
2026-06-27T14:39:05.1775762Z [ADMIN] dice.feed.common itemsRaw=57
2026-06-27T14:39:05.2025065Z [ADMIN] dice.feed.common itemsMapped=57
2026-06-27T14:39:05.2025065Z [ADMIN] dice.visibleFeed actor=dev_superadmin count=57
2026-06-27T14:39:05.3213746Z [ADMIN] character.skills.get auth actor=dev_superadmin characterId=fbd8a7b8e9a74810becc233f30fe9160 ownerCheck=False allowed=True
2026-06-27T14:39:05.3273737Z [ADMIN] character.skills.get actor=dev_superadmin characterId=fbd8a7b8e9a74810becc233f30fe9160 count=13 profileFirst=true
2026-06-27T14:39:05.3783725Z [ADMIN] dice.feed.common itemsRaw=57
2026-06-27T14:39:05.4024939Z [ADMIN] dice.feed.common itemsMapped=57
2026-06-27T14:39:05.4033750Z [ADMIN] dice.visibleFeed actor=dev_superadmin count=57
2026-06-27T14:39:07.9329874Z [ADMIN] crafting.command.disabled command=crafting.player.recipe.list
2026-06-27T14:39:07.9844671Z [ADMIN] progression.available.skills actor=dev_player count=13
2026-06-27T14:39:07.9894659Z [ADMIN] character.skills.get auth actor=dev_player characterId=fbd8a7b8e9a74810becc233f30fe9160 ownerCheck=True allowed=True
2026-06-27T14:39:07.9944661Z [ADMIN] character.skills.get actor=dev_player characterId=fbd8a7b8e9a74810becc233f30fe9160 count=12 profileFirst=true
2026-06-27T14:39:08.0284662Z [ADMIN] dice.feed.common itemsRaw=57
2026-06-27T14:39:08.0514658Z [ADMIN] dice.feed.common itemsMapped=57
2026-06-27T14:39:08.0514658Z [ADMIN] dice.visibleFeed actor=dev_player count=57
2026-06-27T14:39:08.1074665Z [ADMIN] dice.test.getCurrent actor=dev_player userId=0584ae33047742a18f657d4ca9c86a01 found=False
2026-06-27T14:39:08.1394662Z [ADMIN] request.handler.failed requestId=e6cc552decae4de59d9be15157bc1061 command=system.featureFlags.snapshot type=Unauthorized message=Insufficient role.
2026-06-27T14:39:08.1424657Z [ADMIN] request.handler.failed requestId=36fdd7dba1be4ff4aa2f050f5aa7b18a command=system.featureFlags.snapshot type=Unauthorized message=Insufficient role.
2026-06-27T14:39:08.1474667Z [ADMIN] journal.player.event.list actor=dev_player campaignId=default count=44
2026-06-27T14:39:08.1584671Z [ADMIN] request.handler.failed requestId=6b60b90b7bf641e6ad7ecacc9c022cce command=system.featureFlags.snapshot type=Unauthorized message=Insufficient role.
2026-06-27T14:39:08.1604671Z [ADMIN] request.handler.failed requestId=2e885324b6814a14932669ed47873ac8 command=system.featureFlags.snapshot type=Unauthorized message=Insufficient role.
2026-06-27T14:39:08.1704660Z [ADMIN] schedule.real.player.next actor=dev_player campaignId=default hasNext=False
2026-06-27T14:39:08.1744670Z [ADMIN] schedule.real.player.list actor=dev_player campaignId=default count=0
2026-06-27T14:39:08.3476889Z [ADMIN] dice.feed.common itemsRaw=57
2026-06-27T14:39:08.3727422Z [ADMIN] dice.feed.common itemsMapped=57
2026-06-27T14:39:08.3727422Z [ADMIN] dice.visibleFeed actor=dev_player count=57
2026-06-27T14:39:08.4337424Z [ADMIN] dice.test.getCurrent actor=dev_player userId=0584ae33047742a18f657d4ca9c86a01 found=False
2026-06-27T14:39:15.5089828Z [ADMIN] admin.accounts.pending actor=dev_superadmin count=0
2026-06-27T14:39:15.6914019Z [ADMIN] dice.feed.common itemsRaw=57
2026-06-27T14:39:15.7155083Z [ADMIN] dice.feed.common itemsMapped=57
2026-06-27T14:39:15.7155083Z [ADMIN] dice.visibleFeed actor=dev_superadmin count=57
2026-06-27T14:39:15.8306076Z [ADMIN] character.skills.get auth actor=dev_superadmin characterId=fbd8a7b8e9a74810becc233f30fe9160 ownerCheck=False allowed=True
2026-06-27T14:39:15.8366076Z [ADMIN] character.skills.get actor=dev_superadmin characterId=fbd8a7b8e9a74810becc233f30fe9160 count=13 profileFirst=true
2026-06-27T14:39:15.8859104Z [ADMIN] dice.feed.common itemsRaw=57
2026-06-27T14:39:15.9099098Z [ADMIN] dice.feed.common itemsMapped=57
2026-06-27T14:39:15.9099098Z [ADMIN] dice.visibleFeed actor=dev_superadmin count=57
2026-06-27T14:39:16.4874780Z [ADMIN] dice.feed.common itemsRaw=57
2026-06-27T14:39:16.5114878Z [ADMIN] dice.feed.common itemsMapped=57
2026-06-27T14:39:16.5114878Z [ADMIN] dice.visibleFeed actor=dev_player count=57
2026-06-27T14:39:16.5649314Z [ADMIN] dice.test.getCurrent actor=dev_player userId=0584ae33047742a18f657d4ca9c86a01 found=False
2026-06-27T14:39:20.9504014Z [ADMIN] character.set.active actor=dev_player userId=0584ae33047742a18f657d4ca9c86a01 characterId=06881939bac04bc9954f8f7d55829982 result=ok
2026-06-27T14:39:20.9784000Z [ADMIN] crafting.command.disabled command=crafting.player.recipe.list
2026-06-27T14:39:21.0444011Z [ADMIN] crafting.command.disabled command=crafting.player.recipe.list
2026-06-27T14:39:24.6152191Z [ADMIN] dice.feed.common itemsRaw=57
2026-06-27T14:39:24.6385144Z [ADMIN] dice.feed.common itemsMapped=57
2026-06-27T14:39:24.6385144Z [ADMIN] dice.visibleFeed actor=dev_player count=57
2026-06-27T14:39:24.6895228Z [ADMIN] dice.test.getCurrent actor=dev_player userId=0584ae33047742a18f657d4ca9c86a01 found=False
2026-06-27T14:39:26.0150191Z [ADMIN] admin.accounts.pending actor=dev_superadmin count=0
2026-06-27T14:39:26.1800138Z [ADMIN] dice.feed.common itemsRaw=57
2026-06-27T14:39:26.2030153Z [ADMIN] dice.feed.common itemsMapped=57
2026-06-27T14:39:26.2030153Z [ADMIN] dice.visibleFeed actor=dev_superadmin count=57
2026-06-27T14:39:26.3170765Z [ADMIN] character.skills.get auth actor=dev_superadmin characterId=fbd8a7b8e9a74810becc233f30fe9160 ownerCheck=False allowed=True
2026-06-27T14:39:26.3226109Z [ADMIN] character.skills.get actor=dev_superadmin characterId=fbd8a7b8e9a74810becc233f30fe9160 count=13 profileFirst=true
2026-06-27T14:39:26.3710516Z [ADMIN] dice.feed.common itemsRaw=57
2026-06-27T14:39:26.3960088Z [ADMIN] dice.feed.common itemsMapped=57
2026-06-27T14:39:26.3960088Z [ADMIN] dice.visibleFeed actor=dev_superadmin count=57
2026-06-27T14:39:32.7527038Z [ADMIN] dice.feed.common itemsRaw=57
2026-06-27T14:39:32.7770944Z [ADMIN] dice.feed.common itemsMapped=57
2026-06-27T14:39:32.7770944Z [ADMIN] dice.visibleFeed actor=dev_player count=57
2026-06-27T14:39:32.8296765Z [ADMIN] dice.test.getCurrent actor=dev_player userId=0584ae33047742a18f657d4ca9c86a01 found=False
2026-06-27T14:39:36.5089026Z [ADMIN] admin.accounts.pending actor=dev_superadmin count=0
2026-06-27T14:39:36.6734707Z [ADMIN] dice.feed.common itemsRaw=57
2026-06-27T14:39:36.6979096Z [ADMIN] dice.feed.common itemsMapped=57
2026-06-27T14:39:36.6979096Z [ADMIN] dice.visibleFeed actor=dev_superadmin count=57
2026-06-27T14:39:36.8114645Z [ADMIN] character.skills.get auth actor=dev_superadmin characterId=fbd8a7b8e9a74810becc233f30fe9160 ownerCheck=False allowed=True
2026-06-27T14:39:36.8164643Z [ADMIN] character.skills.get actor=dev_superadmin characterId=fbd8a7b8e9a74810becc233f30fe9160 count=13 profileFirst=true
2026-06-27T14:39:36.8658835Z [ADMIN] dice.feed.common itemsRaw=57
2026-06-27T14:39:36.8904622Z [ADMIN] dice.feed.common itemsMapped=57
2026-06-27T14:39:36.8904622Z [ADMIN] dice.visibleFeed actor=dev_superadmin count=57
2026-06-27T14:39:40.8876751Z [ADMIN] dice.feed.common itemsRaw=57
2026-06-27T14:39:40.9122608Z [ADMIN] dice.feed.common itemsMapped=57
2026-06-27T14:39:40.9122608Z [ADMIN] dice.visibleFeed actor=dev_player count=57
2026-06-27T14:39:40.9702509Z [ADMIN] dice.test.getCurrent actor=dev_player userId=0584ae33047742a18f657d4ca9c86a01 found=False
2026-06-27T14:39:44.9740526Z [ADMIN] character.set.active actor=dev_player userId=0584ae33047742a18f657d4ca9c86a01 characterId=fbd8a7b8e9a74810becc233f30fe9160 result=ok
2026-06-27T14:39:44.9834662Z [ADMIN] crafting.command.disabled command=crafting.player.recipe.list
2026-06-27T14:39:45.0344644Z [ADMIN] crafting.command.disabled command=crafting.player.recipe.list
2026-06-27T14:39:46.9933677Z [ADMIN] admin.accounts.pending actor=dev_superadmin count=0
2026-06-27T14:39:47.1583515Z [ADMIN] dice.feed.common itemsRaw=57
2026-06-27T14:39:47.1820025Z [ADMIN] dice.feed.common itemsMapped=57
2026-06-27T14:39:47.1820025Z [ADMIN] dice.visibleFeed actor=dev_superadmin count=57
2026-06-27T14:39:47.2983519Z [ADMIN] character.skills.get auth actor=dev_superadmin characterId=fbd8a7b8e9a74810becc233f30fe9160 ownerCheck=False allowed=True
2026-06-27T14:39:47.3033370Z [ADMIN] character.skills.get actor=dev_superadmin characterId=fbd8a7b8e9a74810becc233f30fe9160 count=13 profileFirst=true
2026-06-27T14:39:47.3529367Z [ADMIN] dice.feed.common itemsRaw=57
2026-06-27T14:39:47.3783436Z [ADMIN] dice.feed.common itemsMapped=57
2026-06-27T14:39:47.3783436Z [ADMIN] dice.visibleFeed actor=dev_superadmin count=57
2026-06-27T14:39:49.0198914Z [ADMIN] dice.feed.common itemsRaw=57
2026-06-27T14:39:49.0458381Z [ADMIN] dice.feed.common itemsMapped=57
2026-06-27T14:39:49.0458381Z [ADMIN] dice.visibleFeed actor=dev_player count=57
2026-06-27T14:39:49.0982620Z [ADMIN] dice.test.getCurrent actor=dev_player userId=0584ae33047742a18f657d4ca9c86a01 found=False
2026-06-27T14:39:57.1514412Z [ADMIN] dice.feed.common itemsRaw=57
2026-06-27T14:39:57.1758377Z [ADMIN] dice.feed.common itemsMapped=57
2026-06-27T14:39:57.1758377Z [ADMIN] dice.visibleFeed actor=dev_player count=57
2026-06-27T14:39:57.2303761Z [ADMIN] dice.test.getCurrent actor=dev_player userId=0584ae33047742a18f657d4ca9c86a01 found=False
2026-06-27T14:39:57.4758181Z [ADMIN] admin.accounts.pending actor=dev_superadmin count=0
2026-06-27T14:39:57.6348235Z [ADMIN] dice.feed.common itemsRaw=57
2026-06-27T14:39:57.6588253Z [ADMIN] dice.feed.common itemsMapped=57
2026-06-27T14:39:57.6588253Z [ADMIN] dice.visibleFeed actor=dev_superadmin count=57
2026-06-27T14:39:57.7754070Z [ADMIN] character.skills.get auth actor=dev_superadmin characterId=fbd8a7b8e9a74810becc233f30fe9160 ownerCheck=False allowed=True
2026-06-27T14:39:57.7805641Z [ADMIN] character.skills.get actor=dev_superadmin characterId=fbd8a7b8e9a74810becc233f30fe9160 count=13 profileFirst=true
2026-06-27T14:39:57.8304123Z [ADMIN] dice.feed.common itemsRaw=57
2026-06-27T14:39:57.8548018Z [ADMIN] dice.feed.common itemsMapped=57
2026-06-27T14:39:57.8548018Z [ADMIN] dice.visibleFeed actor=dev_superadmin count=57
2026-06-27T14:40:05.2835365Z [ADMIN] dice.feed.common itemsRaw=57
2026-06-27T14:40:05.3072519Z [ADMIN] dice.feed.common itemsMapped=57
2026-06-27T14:40:05.3082518Z [ADMIN] dice.visibleFeed actor=dev_player count=57
2026-06-27T14:40:05.3600078Z [ADMIN] dice.test.getCurrent actor=dev_player userId=0584ae33047742a18f657d4ca9c86a01 found=False
2026-06-27T14:40:06.6199267Z [ADMIN] character.subattributes.admin.get actor=dev_superadmin characterId=06881939bac04bc9954f8f7d55829982 count=21
2026-06-27T14:40:06.6475148Z [ADMIN] character.inventory.get count=0
2026-06-27T14:40:06.6639245Z [ADMIN] character.holdings.get count=0 actor=dev_superadmin admin=True
2026-06-27T14:40:06.6793469Z [ADMIN] character.reputation.get count=0 actor=dev_superadmin admin=True
2026-06-27T14:40:06.6949239Z [ADMIN] character.companions.get count=0 actor=dev_superadmin admin=True
2026-06-27T14:40:06.7114110Z [ADMIN] character.skills.get auth actor=dev_superadmin characterId=06881939bac04bc9954f8f7d55829982 ownerCheck=False allowed=True
2026-06-27T14:40:06.7249317Z [ADMIN] character.skills.get actor=dev_superadmin characterId=06881939bac04bc9954f8f7d55829982 count=13 profileFirst=true
2026-06-27T14:40:07.8638643Z [ADMIN] character.subattributes.admin.get actor=dev_superadmin characterId=fbd8a7b8e9a74810becc233f30fe9160 count=21
2026-06-27T14:40:07.8838620Z [ADMIN] character.inventory.get count=0
2026-06-27T14:40:07.8911163Z [ADMIN] character.holdings.get count=0 actor=dev_superadmin admin=True
2026-06-27T14:40:07.8983157Z [ADMIN] character.reputation.get count=0 actor=dev_superadmin admin=True
2026-06-27T14:40:07.9053162Z [ADMIN] character.companions.get count=0 actor=dev_superadmin admin=True
2026-06-27T14:40:07.9183176Z [ADMIN] character.skills.get auth actor=dev_superadmin characterId=fbd8a7b8e9a74810becc233f30fe9160 ownerCheck=False allowed=True
2026-06-27T14:40:07.9232883Z [ADMIN] character.skills.get actor=dev_superadmin characterId=fbd8a7b8e9a74810becc233f30fe9160 count=13 profileFirst=true
2026-06-27T14:40:08.1328576Z [ADMIN] admin.accounts.pending actor=dev_superadmin count=0
2026-06-27T14:40:08.3039798Z [ADMIN] dice.feed.common itemsRaw=57
2026-06-27T14:40:08.3281219Z [ADMIN] dice.feed.common itemsMapped=57
2026-06-27T14:40:08.3281219Z [ADMIN] dice.visibleFeed actor=dev_superadmin count=57
2026-06-27T14:40:08.4408613Z [ADMIN] character.skills.get auth actor=dev_superadmin characterId=fbd8a7b8e9a74810becc233f30fe9160 ownerCheck=False allowed=True
2026-06-27T14:40:08.4468536Z [ADMIN] character.skills.get actor=dev_superadmin characterId=fbd8a7b8e9a74810becc233f30fe9160 count=13 profileFirst=true
2026-06-27T14:40:08.4958406Z [ADMIN] dice.feed.common itemsRaw=57
2026-06-27T14:40:08.5192678Z [ADMIN] dice.feed.common itemsMapped=57
2026-06-27T14:40:08.5192678Z [ADMIN] dice.visibleFeed actor=dev_superadmin count=57
2026-06-27T14:40:13.4095786Z [ADMIN] dice.feed.common itemsRaw=57
2026-06-27T14:40:13.4335792Z [ADMIN] dice.feed.common itemsMapped=57
2026-06-27T14:40:13.4335792Z [ADMIN] dice.visibleFeed actor=dev_player count=57
2026-06-27T14:40:13.4865742Z [ADMIN] dice.test.getCurrent actor=dev_player userId=0584ae33047742a18f657d4ca9c86a01 found=False
2026-06-27T14:40:18.6173037Z [ADMIN] admin.accounts.pending actor=dev_superadmin count=0
2026-06-27T14:40:18.7832997Z [ADMIN] dice.feed.common itemsRaw=57
2026-06-27T14:40:18.8077197Z [ADMIN] dice.feed.common itemsMapped=57
2026-06-27T14:40:18.8087198Z [ADMIN] dice.visibleFeed actor=dev_superadmin count=57
2026-06-27T14:40:18.9257201Z [ADMIN] character.skills.get auth actor=dev_superadmin characterId=fbd8a7b8e9a74810becc233f30fe9160 ownerCheck=False allowed=True
2026-06-27T14:40:18.9303424Z [ADMIN] character.skills.get actor=dev_superadmin characterId=fbd8a7b8e9a74810becc233f30fe9160 count=13 profileFirst=true
2026-06-27T14:40:18.9943899Z [ADMIN] dice.feed.common itemsRaw=57
2026-06-27T14:40:19.0177111Z [ADMIN] dice.feed.common itemsMapped=57
2026-06-27T14:40:19.0187087Z [ADMIN] dice.visibleFeed actor=dev_superadmin count=57
2026-06-27T14:40:21.5365825Z [ADMIN] dice.feed.common itemsRaw=57
2026-06-27T14:40:21.5617109Z [ADMIN] dice.feed.common itemsMapped=57
2026-06-27T14:40:21.5617109Z [ADMIN] dice.visibleFeed actor=dev_player count=57
2026-06-27T14:40:21.6217569Z [ADMIN] dice.test.getCurrent actor=dev_player userId=0584ae33047742a18f657d4ca9c86a01 found=False
2026-06-27T14:40:29.1171836Z [ADMIN] admin.accounts.pending actor=dev_superadmin count=0
2026-06-27T14:40:29.2767585Z [ADMIN] dice.feed.common itemsRaw=57
2026-06-27T14:40:29.3004645Z [ADMIN] dice.feed.common itemsMapped=57
2026-06-27T14:40:29.3004645Z [ADMIN] dice.visibleFeed actor=dev_superadmin count=57
2026-06-27T14:40:29.4207789Z [ADMIN] character.skills.get auth actor=dev_superadmin characterId=fbd8a7b8e9a74810becc233f30fe9160 ownerCheck=False allowed=True
2026-06-27T14:40:29.4267747Z [ADMIN] character.skills.get actor=dev_superadmin characterId=fbd8a7b8e9a74810becc233f30fe9160 count=13 profileFirst=true
2026-06-27T14:40:29.4777667Z [ADMIN] dice.feed.common itemsRaw=57
2026-06-27T14:40:29.5014220Z [ADMIN] dice.feed.common itemsMapped=57
2026-06-27T14:40:29.5014220Z [ADMIN] dice.visibleFeed actor=dev_superadmin count=57
2026-06-27T14:40:29.6731721Z [ADMIN] dice.feed.common itemsRaw=57
2026-06-27T14:40:29.6971600Z [ADMIN] dice.feed.common itemsMapped=57
2026-06-27T14:40:29.6971600Z [ADMIN] dice.visibleFeed actor=dev_player count=57
2026-06-27T14:40:29.7517502Z [ADMIN] dice.test.getCurrent actor=dev_player userId=0584ae33047742a18f657d4ca9c86a01 found=False
2026-06-27T14:40:37.8107422Z [ADMIN] dice.feed.common itemsRaw=57
2026-06-27T14:40:37.8343187Z [ADMIN] dice.feed.common itemsMapped=57
2026-06-27T14:40:37.8343187Z [ADMIN] dice.visibleFeed actor=dev_player count=57
2026-06-27T14:40:37.8883348Z [ADMIN] dice.test.getCurrent actor=dev_player userId=0584ae33047742a18f657d4ca9c86a01 found=False
2026-06-27T14:40:39.6056556Z [ADMIN] admin.accounts.pending actor=dev_superadmin count=0
2026-06-27T14:40:39.7706394Z [ADMIN] dice.feed.common itemsRaw=57
2026-06-27T14:40:39.7952198Z [ADMIN] dice.feed.common itemsMapped=57
2026-06-27T14:40:39.7952198Z [ADMIN] dice.visibleFeed actor=dev_superadmin count=57
2026-06-27T14:40:39.9092143Z [ADMIN] character.skills.get auth actor=dev_superadmin characterId=fbd8a7b8e9a74810becc233f30fe9160 ownerCheck=False allowed=True
2026-06-27T14:40:39.9148319Z [ADMIN] character.skills.get actor=dev_superadmin characterId=fbd8a7b8e9a74810becc233f30fe9160 count=13 profileFirst=true
2026-06-27T14:40:39.9646901Z [ADMIN] dice.feed.common itemsRaw=57
2026-06-27T14:40:39.9882093Z [ADMIN] dice.feed.common itemsMapped=57
2026-06-27T14:40:39.9892075Z [ADMIN] dice.visibleFeed actor=dev_superadmin count=57
2026-06-27T14:40:45.9565656Z [ADMIN] dice.feed.common itemsRaw=57
2026-06-27T14:40:45.9805377Z [ADMIN] dice.feed.common itemsMapped=57
2026-06-27T14:40:45.9815241Z [ADMIN] dice.visibleFeed actor=dev_player count=57
2026-06-27T14:40:46.0389146Z [ADMIN] dice.test.getCurrent actor=dev_player userId=0584ae33047742a18f657d4ca9c86a01 found=False
2026-06-27T14:40:50.1020195Z [ADMIN] admin.accounts.pending actor=dev_superadmin count=0
2026-06-27T14:40:50.2717858Z [ADMIN] dice.feed.common itemsRaw=57
2026-06-27T14:40:50.2954310Z [ADMIN] dice.feed.common itemsMapped=57
2026-06-27T14:40:50.2954310Z [ADMIN] dice.visibleFeed actor=dev_superadmin count=57
2026-06-27T14:40:50.4113799Z [ADMIN] character.skills.get auth actor=dev_superadmin characterId=fbd8a7b8e9a74810becc233f30fe9160 ownerCheck=False allowed=True
2026-06-27T14:40:50.4156731Z [ADMIN] character.skills.get actor=dev_superadmin characterId=fbd8a7b8e9a74810becc233f30fe9160 count=13 profileFirst=true
2026-06-27T14:40:50.4660874Z [ADMIN] dice.feed.common itemsRaw=57
2026-06-27T14:40:50.4912930Z [ADMIN] dice.feed.common itemsMapped=57
2026-06-27T14:40:50.4912930Z [ADMIN] dice.visibleFeed actor=dev_superadmin count=57
2026-06-27T14:40:54.0819108Z [ADMIN] dice.feed.common itemsRaw=57
2026-06-27T14:40:54.1054794Z [ADMIN] dice.feed.common itemsMapped=57
2026-06-27T14:40:54.1064795Z [ADMIN] dice.visibleFeed actor=dev_player count=57
2026-06-27T14:40:54.1584817Z [ADMIN] dice.test.getCurrent actor=dev_player userId=0584ae33047742a18f657d4ca9c86a01 found=False
2026-06-27T14:41:00.6025654Z [ADMIN] admin.accounts.pending actor=dev_superadmin count=0
2026-06-27T14:41:00.7651337Z [ADMIN] dice.feed.common itemsRaw=57
2026-06-27T14:41:00.7895549Z [ADMIN] dice.feed.common itemsMapped=57
2026-06-27T14:41:00.7895549Z [ADMIN] dice.visibleFeed actor=dev_superadmin count=57
2026-06-27T14:41:00.9035552Z [ADMIN] character.skills.get auth actor=dev_superadmin characterId=fbd8a7b8e9a74810becc233f30fe9160 ownerCheck=False allowed=True
2026-06-27T14:41:00.9085556Z [ADMIN] character.skills.get actor=dev_superadmin characterId=fbd8a7b8e9a74810becc233f30fe9160 count=13 profileFirst=true
2026-06-27T14:41:00.9581251Z [ADMIN] dice.feed.common itemsRaw=57
2026-06-27T14:41:00.9826698Z [ADMIN] dice.feed.common itemsMapped=57
2026-06-27T14:41:00.9826698Z [ADMIN] dice.visibleFeed actor=dev_superadmin count=57
2026-06-27T14:41:02.2134822Z [ADMIN] dice.feed.common itemsRaw=57
2026-06-27T14:41:02.2380701Z [ADMIN] dice.feed.common itemsMapped=57
2026-06-27T14:41:02.2380701Z [ADMIN] dice.visibleFeed actor=dev_player count=57
2026-06-27T14:41:02.2905388Z [ADMIN] dice.test.getCurrent actor=dev_player userId=0584ae33047742a18f657d4ca9c86a01 found=False
2026-06-27T14:41:10.3470794Z [ADMIN] dice.feed.common itemsRaw=57
2026-06-27T14:41:10.3719783Z [ADMIN] dice.feed.common itemsMapped=57
2026-06-27T14:41:10.3719783Z [ADMIN] dice.visibleFeed actor=dev_player count=57
2026-06-27T14:41:10.4270581Z [ADMIN] dice.test.getCurrent actor=dev_player userId=0584ae33047742a18f657d4ca9c86a01 found=False
2026-06-27T14:41:11.0850211Z [ADMIN] admin.accounts.pending actor=dev_superadmin count=0
2026-06-27T14:41:11.2480201Z [ADMIN] dice.feed.common itemsRaw=57
2026-06-27T14:41:11.2726165Z [ADMIN] dice.feed.common itemsMapped=57
2026-06-27T14:41:11.2726165Z [ADMIN] dice.visibleFeed actor=dev_superadmin count=57
2026-06-27T14:41:11.3880089Z [ADMIN] character.skills.get auth actor=dev_superadmin characterId=fbd8a7b8e9a74810becc233f30fe9160 ownerCheck=False allowed=True
2026-06-27T14:41:11.3921186Z [ADMIN] character.skills.get actor=dev_superadmin characterId=fbd8a7b8e9a74810becc233f30fe9160 count=13 profileFirst=true
2026-06-27T14:41:11.4416157Z [ADMIN] dice.feed.common itemsRaw=57
2026-06-27T14:41:11.4660184Z [ADMIN] dice.feed.common itemsMapped=57
2026-06-27T14:41:11.4660184Z [ADMIN] dice.visibleFeed actor=dev_superadmin count=57
2026-06-27T14:41:18.4726635Z [ADMIN] dice.feed.common itemsRaw=57
2026-06-27T14:41:18.4976404Z [ADMIN] dice.feed.common itemsMapped=57
2026-06-27T14:41:18.4976404Z [ADMIN] dice.visibleFeed actor=dev_player count=57
2026-06-27T14:41:18.5509279Z [ADMIN] dice.test.getCurrent actor=dev_player userId=0584ae33047742a18f657d4ca9c86a01 found=False
2026-06-27T14:41:21.5694828Z [ADMIN] admin.accounts.pending actor=dev_superadmin count=0
2026-06-27T14:41:21.7334826Z [ADMIN] dice.feed.common itemsRaw=57
2026-06-27T14:41:21.7574818Z [ADMIN] dice.feed.common itemsMapped=57
2026-06-27T14:41:21.7574818Z [ADMIN] dice.visibleFeed actor=dev_superadmin count=57
2026-06-27T14:41:21.8704692Z [ADMIN] character.skills.get auth actor=dev_superadmin characterId=fbd8a7b8e9a74810becc233f30fe9160 ownerCheck=False allowed=True
2026-06-27T14:41:21.8750459Z [ADMIN] character.skills.get actor=dev_superadmin characterId=fbd8a7b8e9a74810becc233f30fe9160 count=13 profileFirst=true
2026-06-27T14:41:21.9230449Z [ADMIN] dice.feed.common itemsRaw=57
2026-06-27T14:41:21.9474621Z [ADMIN] dice.feed.common itemsMapped=57
2026-06-27T14:41:21.9474621Z [ADMIN] dice.visibleFeed actor=dev_superadmin count=57
2026-06-27T14:41:26.5990790Z [ADMIN] dice.feed.common itemsRaw=57
2026-06-27T14:41:26.6218696Z [ADMIN] dice.feed.common itemsMapped=57
2026-06-27T14:41:26.6218696Z [ADMIN] dice.visibleFeed actor=dev_player count=57
2026-06-27T14:41:26.6760409Z [ADMIN] dice.test.getCurrent actor=dev_player userId=0584ae33047742a18f657d4ca9c86a01 found=False
2026-06-27T14:41:32.0549412Z [ADMIN] admin.accounts.pending actor=dev_superadmin count=0
2026-06-27T14:41:32.2385155Z [ADMIN] dice.feed.common itemsRaw=57
2026-06-27T14:41:32.2629425Z [ADMIN] dice.feed.common itemsMapped=57
2026-06-27T14:41:32.2639425Z [ADMIN] dice.visibleFeed actor=dev_superadmin count=57
2026-06-27T14:41:32.3775032Z [ADMIN] character.skills.get auth actor=dev_superadmin characterId=fbd8a7b8e9a74810becc233f30fe9160 ownerCheck=False allowed=True
2026-06-27T14:41:32.3825033Z [ADMIN] character.skills.get actor=dev_superadmin characterId=fbd8a7b8e9a74810becc233f30fe9160 count=13 profileFirst=true
2026-06-27T14:41:32.4322016Z [ADMIN] dice.feed.common itemsRaw=57
2026-06-27T14:41:32.4555000Z [ADMIN] dice.feed.common itemsMapped=57
2026-06-27T14:41:32.4555000Z [ADMIN] dice.visibleFeed actor=dev_superadmin count=57
2026-06-27T14:41:34.7224666Z [ADMIN] dice.feed.common itemsRaw=57
2026-06-27T14:41:34.7443824Z [ADMIN] dice.feed.common itemsMapped=57
2026-06-27T14:41:34.7453825Z [ADMIN] dice.visibleFeed actor=dev_player count=57
2026-06-27T14:41:34.8044880Z [ADMIN] dice.test.getCurrent actor=dev_player userId=0584ae33047742a18f657d4ca9c86a01 found=False
2026-06-27T14:41:42.5583995Z [ADMIN] admin.accounts.pending actor=dev_superadmin count=0
2026-06-27T14:41:42.7242203Z [ADMIN] dice.feed.common itemsRaw=57
2026-06-27T14:41:42.7483921Z [ADMIN] dice.feed.common itemsMapped=57
2026-06-27T14:41:42.7483921Z [ADMIN] dice.visibleFeed actor=dev_superadmin count=57
2026-06-27T14:41:42.8475554Z [ADMIN] dice.feed.common itemsRaw=57
2026-06-27T14:41:42.8630940Z [ADMIN] character.skills.get auth actor=dev_superadmin characterId=fbd8a7b8e9a74810becc233f30fe9160 ownerCheck=False allowed=True
2026-06-27T14:41:42.8680951Z [ADMIN] character.skills.get actor=dev_superadmin characterId=fbd8a7b8e9a74810becc233f30fe9160 count=13 profileFirst=true
2026-06-27T14:41:42.8733768Z [ADMIN] dice.feed.common itemsMapped=57
2026-06-27T14:41:42.8733768Z [ADMIN] dice.visibleFeed actor=dev_player count=57
2026-06-27T14:41:42.9203855Z [ADMIN] dice.feed.common itemsRaw=57
2026-06-27T14:41:42.9273857Z [ADMIN] dice.test.getCurrent actor=dev_player userId=0584ae33047742a18f657d4ca9c86a01 found=False
2026-06-27T14:41:42.9453851Z [ADMIN] dice.feed.common itemsMapped=57
2026-06-27T14:41:42.9453851Z [ADMIN] dice.visibleFeed actor=dev_superadmin count=57
2026-06-27T14:41:50.9755444Z [ADMIN] dice.feed.common itemsRaw=57
2026-06-27T14:41:50.9989953Z [ADMIN] dice.feed.common itemsMapped=57
2026-06-27T14:41:50.9989953Z [ADMIN] dice.visibleFeed actor=dev_player count=57
2026-06-27T14:41:51.0529905Z [ADMIN] dice.test.getCurrent actor=dev_player userId=0584ae33047742a18f657d4ca9c86a01 found=False
2026-06-27T14:41:53.0393812Z [ADMIN] admin.accounts.pending actor=dev_superadmin count=0
2026-06-27T14:41:53.2038991Z [ADMIN] dice.feed.common itemsRaw=57
2026-06-27T14:41:53.2284281Z [ADMIN] dice.feed.common itemsMapped=57
2026-06-27T14:41:53.2284281Z [ADMIN] dice.visibleFeed actor=dev_superadmin count=57
2026-06-27T14:41:53.3428468Z [ADMIN] character.skills.get auth actor=dev_superadmin characterId=fbd8a7b8e9a74810becc233f30fe9160 ownerCheck=False allowed=True
2026-06-27T14:41:53.3478447Z [ADMIN] character.skills.get actor=dev_superadmin characterId=fbd8a7b8e9a74810becc233f30fe9160 count=13 profileFirst=true
2026-06-27T14:41:53.3974383Z [ADMIN] dice.feed.common itemsRaw=57
2026-06-27T14:41:53.4204380Z [ADMIN] dice.feed.common itemsMapped=57
2026-06-27T14:41:53.4204380Z [ADMIN] dice.visibleFeed actor=dev_superadmin count=57
2026-06-27T14:41:59.0991352Z [ADMIN] dice.feed.common itemsRaw=57
2026-06-27T14:41:59.1225437Z [ADMIN] dice.feed.common itemsMapped=57
2026-06-27T14:41:59.1225437Z [ADMIN] dice.visibleFeed actor=dev_player count=57
2026-06-27T14:41:59.1765566Z [ADMIN] dice.test.getCurrent actor=dev_player userId=0584ae33047742a18f657d4ca9c86a01 found=False
2026-06-27T14:42:03.5234450Z [ADMIN] admin.accounts.pending actor=dev_superadmin count=0
2026-06-27T14:42:03.6912825Z [ADMIN] dice.feed.common itemsRaw=57
2026-06-27T14:42:03.7154285Z [ADMIN] dice.feed.common itemsMapped=57
2026-06-27T14:42:03.7164295Z [ADMIN] dice.visibleFeed actor=dev_superadmin count=57
2026-06-27T14:42:03.8400034Z [ADMIN] character.skills.get auth actor=dev_superadmin characterId=fbd8a7b8e9a74810becc233f30fe9160 ownerCheck=False allowed=True
2026-06-27T14:42:03.8460039Z [ADMIN] character.skills.get actor=dev_superadmin characterId=fbd8a7b8e9a74810becc233f30fe9160 count=13 profileFirst=true
2026-06-27T14:42:03.8969992Z [ADMIN] dice.feed.common itemsRaw=57
2026-06-27T14:42:03.9221208Z [ADMIN] dice.feed.common itemsMapped=57
2026-06-27T14:42:03.9224483Z [ADMIN] dice.visibleFeed actor=dev_superadmin count=57
2026-06-27T14:42:07.2231372Z [ADMIN] dice.feed.common itemsRaw=57
2026-06-27T14:42:07.2471257Z [ADMIN] dice.feed.common itemsMapped=57
2026-06-27T14:42:07.2471257Z [ADMIN] dice.visibleFeed actor=dev_player count=57
2026-06-27T14:42:07.3016886Z [ADMIN] dice.test.getCurrent actor=dev_player userId=0584ae33047742a18f657d4ca9c86a01 found=False
2026-06-27T14:42:14.0233571Z [ADMIN] admin.accounts.pending actor=dev_superadmin count=0
2026-06-27T14:42:14.1867682Z [ADMIN] dice.feed.common itemsRaw=57
2026-06-27T14:42:14.2107184Z [ADMIN] dice.feed.common itemsMapped=57
2026-06-27T14:42:14.2107184Z [ADMIN] dice.visibleFeed actor=dev_superadmin count=57
2026-06-27T14:42:14.3273415Z [ADMIN] character.skills.get auth actor=dev_superadmin characterId=fbd8a7b8e9a74810becc233f30fe9160 ownerCheck=False allowed=True
2026-06-27T14:42:14.3323414Z [ADMIN] character.skills.get actor=dev_superadmin characterId=fbd8a7b8e9a74810becc233f30fe9160 count=13 profileFirst=true
2026-06-27T14:42:14.3817778Z [ADMIN] dice.feed.common itemsRaw=57
2026-06-27T14:42:14.4053353Z [ADMIN] dice.feed.common itemsMapped=57
2026-06-27T14:42:14.4053353Z [ADMIN] dice.visibleFeed actor=dev_superadmin count=57
2026-06-27T14:42:15.3487078Z [ADMIN] dice.feed.common itemsRaw=57
2026-06-27T14:42:15.3732904Z [ADMIN] dice.feed.common itemsMapped=57
2026-06-27T14:42:15.3742898Z [ADMIN] dice.visibleFeed actor=dev_player count=57
2026-06-27T14:42:15.4314501Z [ADMIN] dice.test.getCurrent actor=dev_player userId=0584ae33047742a18f657d4ca9c86a01 found=False
2026-06-27T14:42:23.4914075Z [ADMIN] dice.feed.common itemsRaw=57
2026-06-27T14:42:23.5152854Z [ADMIN] dice.feed.common itemsMapped=57
2026-06-27T14:42:23.5152854Z [ADMIN] dice.visibleFeed actor=dev_player count=57
2026-06-27T14:42:23.5698748Z [ADMIN] dice.test.getCurrent actor=dev_player userId=0584ae33047742a18f657d4ca9c86a01 found=False
2026-06-27T14:42:24.5082326Z [ADMIN] admin.accounts.pending actor=dev_superadmin count=0
2026-06-27T14:42:24.6722374Z [ADMIN] dice.feed.common itemsRaw=57
2026-06-27T14:42:24.6962352Z [ADMIN] dice.feed.common itemsMapped=57
2026-06-27T14:42:24.6962352Z [ADMIN] dice.visibleFeed actor=dev_superadmin count=57
2026-06-27T14:42:24.8119410Z [ADMIN] character.skills.get auth actor=dev_superadmin characterId=fbd8a7b8e9a74810becc233f30fe9160 ownerCheck=False allowed=True
2026-06-27T14:42:24.8169407Z [ADMIN] character.skills.get actor=dev_superadmin characterId=fbd8a7b8e9a74810becc233f30fe9160 count=13 profileFirst=true
2026-06-27T14:42:24.8653543Z [ADMIN] dice.feed.common itemsRaw=57
2026-06-27T14:42:24.8898168Z [ADMIN] dice.feed.common itemsMapped=57
2026-06-27T14:42:24.8908319Z [ADMIN] dice.visibleFeed actor=dev_superadmin count=57
2026-06-27T14:42:31.6144486Z [ADMIN] dice.feed.common itemsRaw=57
2026-06-27T14:42:31.6388770Z [ADMIN] dice.feed.common itemsMapped=57
2026-06-27T14:42:31.6388770Z [ADMIN] dice.visibleFeed actor=dev_player count=57
2026-06-27T14:42:31.6918757Z [ADMIN] dice.test.getCurrent actor=dev_player userId=0584ae33047742a18f657d4ca9c86a01 found=False
2026-06-27T14:42:34.9946995Z [ADMIN] admin.accounts.pending actor=dev_superadmin count=0
2026-06-27T14:42:35.1626729Z [ADMIN] dice.feed.common itemsRaw=57
2026-06-27T14:42:35.1866868Z [ADMIN] dice.feed.common itemsMapped=57
2026-06-27T14:42:35.1866868Z [ADMIN] dice.visibleFeed actor=dev_superadmin count=57
2026-06-27T14:42:35.3072669Z [ADMIN] character.skills.get auth actor=dev_superadmin characterId=fbd8a7b8e9a74810becc233f30fe9160 ownerCheck=False allowed=True
2026-06-27T14:42:35.3122675Z [ADMIN] character.skills.get actor=dev_superadmin characterId=fbd8a7b8e9a74810becc233f30fe9160 count=13 profileFirst=true
2026-06-27T14:42:35.3627956Z [ADMIN] dice.feed.common itemsRaw=57
2026-06-27T14:42:35.3876839Z [ADMIN] dice.feed.common itemsMapped=57
2026-06-27T14:42:35.3876839Z [ADMIN] dice.visibleFeed actor=dev_superadmin count=57
2026-06-27T14:42:39.7380342Z [ADMIN] dice.feed.common itemsRaw=57
2026-06-27T14:42:39.7630326Z [ADMIN] dice.feed.common itemsMapped=57
2026-06-27T14:42:39.7630326Z [ADMIN] dice.visibleFeed actor=dev_player count=57
2026-06-27T14:42:39.8180277Z [ADMIN] dice.test.getCurrent actor=dev_player userId=0584ae33047742a18f657d4ca9c86a01 found=False
2026-06-27T14:42:45.4937005Z [ADMIN] admin.accounts.pending actor=dev_superadmin count=0
2026-06-27T14:42:45.6781516Z [ADMIN] dice.feed.common itemsRaw=57
2026-06-27T14:42:45.7031492Z [ADMIN] dice.feed.common itemsMapped=57
2026-06-27T14:42:45.7031492Z [ADMIN] dice.visibleFeed actor=dev_superadmin count=57
2026-06-27T14:42:45.8191415Z [ADMIN] character.skills.get auth actor=dev_superadmin characterId=fbd8a7b8e9a74810becc233f30fe9160 ownerCheck=False allowed=True
2026-06-27T14:42:45.8241495Z [ADMIN] character.skills.get actor=dev_superadmin characterId=fbd8a7b8e9a74810becc233f30fe9160 count=13 profileFirst=true
2026-06-27T14:42:45.8737179Z [ADMIN] dice.feed.common itemsRaw=57
2026-06-27T14:42:45.8981364Z [ADMIN] dice.feed.common itemsMapped=57
2026-06-27T14:42:45.8981364Z [ADMIN] dice.visibleFeed actor=dev_superadmin count=57
2026-06-27T14:42:47.8776326Z [ADMIN] dice.feed.common itemsRaw=57
2026-06-27T14:42:47.9016076Z [ADMIN] dice.feed.common itemsMapped=57
2026-06-27T14:42:47.9016076Z [ADMIN] dice.visibleFeed actor=dev_player count=57
2026-06-27T14:42:47.9560254Z [ADMIN] dice.test.getCurrent actor=dev_player userId=0584ae33047742a18f657d4ca9c86a01 found=False
2026-06-27T14:42:56.0077113Z [ADMIN] admin.accounts.pending actor=dev_superadmin count=0
2026-06-27T14:42:56.0127096Z [ADMIN] dice.feed.common itemsRaw=57
2026-06-27T14:42:56.0381904Z [ADMIN] dice.feed.common itemsMapped=57
2026-06-27T14:42:56.0381904Z [ADMIN] dice.visibleFeed actor=dev_player count=57
2026-06-27T14:42:56.0977327Z [ADMIN] dice.test.getCurrent actor=dev_player userId=0584ae33047742a18f657d4ca9c86a01 found=False
2026-06-27T14:42:56.2027969Z [ADMIN] dice.feed.common itemsRaw=57
2026-06-27T14:42:56.2277960Z [ADMIN] dice.feed.common itemsMapped=57
2026-06-27T14:42:56.2277960Z [ADMIN] dice.visibleFeed actor=dev_superadmin count=57
2026-06-27T14:42:56.3541775Z [ADMIN] character.skills.get auth actor=dev_superadmin characterId=fbd8a7b8e9a74810becc233f30fe9160 ownerCheck=False allowed=True
2026-06-27T14:42:56.3591780Z [ADMIN] character.skills.get actor=dev_superadmin characterId=fbd8a7b8e9a74810becc233f30fe9160 count=13 profileFirst=true
2026-06-27T14:42:56.4107604Z [ADMIN] dice.feed.common itemsRaw=57
2026-06-27T14:42:56.4356419Z [ADMIN] dice.feed.common itemsMapped=57
2026-06-27T14:42:56.4356419Z [ADMIN] dice.visibleFeed actor=dev_superadmin count=57
2026-06-27T14:43:04.1603695Z [ADMIN] dice.feed.common itemsRaw=57
2026-06-27T14:43:04.1847731Z [ADMIN] dice.feed.common itemsMapped=57
2026-06-27T14:43:04.1847731Z [ADMIN] dice.visibleFeed actor=dev_player count=57
2026-06-27T14:43:04.2401857Z [ADMIN] dice.test.getCurrent actor=dev_player userId=0584ae33047742a18f657d4ca9c86a01 found=False
2026-06-27T14:43:06.5432280Z [ADMIN] admin.accounts.pending actor=dev_superadmin count=0
2026-06-27T14:43:06.7170584Z [ADMIN] dice.feed.common itemsRaw=57
2026-06-27T14:43:06.7420729Z [ADMIN] dice.feed.common itemsMapped=57
2026-06-27T14:43:06.7420729Z [ADMIN] dice.visibleFeed actor=dev_superadmin count=57
2026-06-27T14:43:06.8584502Z [ADMIN] character.skills.get auth actor=dev_superadmin characterId=fbd8a7b8e9a74810becc233f30fe9160 ownerCheck=False allowed=True
2026-06-27T14:43:06.8630538Z [ADMIN] character.skills.get actor=dev_superadmin characterId=fbd8a7b8e9a74810becc233f30fe9160 count=13 profileFirst=true
2026-06-27T14:43:06.9136489Z [ADMIN] dice.feed.common itemsRaw=57
2026-06-27T14:43:06.9376281Z [ADMIN] dice.feed.common itemsMapped=57
2026-06-27T14:43:06.9376281Z [ADMIN] dice.visibleFeed actor=dev_superadmin count=57
2026-06-27T14:43:12.2929373Z [ADMIN] dice.feed.common itemsRaw=57
2026-06-27T14:43:12.3167804Z [ADMIN] dice.feed.common itemsMapped=57
2026-06-27T14:43:12.3177804Z [ADMIN] dice.visibleFeed actor=dev_player count=57
2026-06-27T14:43:12.3720719Z [ADMIN] dice.test.getCurrent actor=dev_player userId=0584ae33047742a18f657d4ca9c86a01 found=False
2026-06-27T14:43:17.0865331Z [ADMIN] admin.accounts.pending actor=dev_superadmin count=0
2026-06-27T14:43:17.2743430Z [ADMIN] dice.feed.common itemsRaw=57
2026-06-27T14:43:17.2990966Z [ADMIN] dice.feed.common itemsMapped=57
2026-06-27T14:43:17.2990966Z [ADMIN] dice.visibleFeed actor=dev_superadmin count=57
2026-06-27T14:43:17.4190949Z [ADMIN] character.skills.get auth actor=dev_superadmin characterId=fbd8a7b8e9a74810becc233f30fe9160 ownerCheck=False allowed=True
2026-06-27T14:43:17.4241170Z [ADMIN] character.skills.get actor=dev_superadmin characterId=fbd8a7b8e9a74810becc233f30fe9160 count=13 profileFirst=true
2026-06-27T14:43:17.4795062Z [ADMIN] dice.feed.common itemsRaw=57
2026-06-27T14:43:17.5041216Z [ADMIN] dice.feed.common itemsMapped=57
2026-06-27T14:43:17.5041216Z [ADMIN] dice.visibleFeed actor=dev_superadmin count=57
2026-06-27T14:43:20.4283599Z [ADMIN] dice.feed.common itemsRaw=57
2026-06-27T14:43:20.4523542Z [ADMIN] dice.feed.common itemsMapped=57
2026-06-27T14:43:20.4523542Z [ADMIN] dice.visibleFeed actor=dev_player count=57
2026-06-27T14:43:20.5059255Z [ADMIN] dice.test.getCurrent actor=dev_player userId=0584ae33047742a18f657d4ca9c86a01 found=False
2026-06-27T14:43:27.6170513Z [ADMIN] admin.accounts.pending actor=dev_superadmin count=0
2026-06-27T14:43:27.7816433Z [ADMIN] dice.feed.common itemsRaw=57
2026-06-27T14:43:27.8045491Z [ADMIN] dice.feed.common itemsMapped=57
2026-06-27T14:43:27.8055490Z [ADMIN] dice.visibleFeed actor=dev_superadmin count=57
2026-06-27T14:43:27.9215125Z [ADMIN] character.skills.get auth actor=dev_superadmin characterId=fbd8a7b8e9a74810becc233f30fe9160 ownerCheck=False allowed=True
2026-06-27T14:43:27.9265126Z [ADMIN] character.skills.get actor=dev_superadmin characterId=fbd8a7b8e9a74810becc233f30fe9160 count=13 profileFirst=true
2026-06-27T14:43:27.9755447Z [ADMIN] dice.feed.common itemsRaw=57
2026-06-27T14:43:27.9999655Z [ADMIN] dice.feed.common itemsMapped=57
2026-06-27T14:43:27.9999655Z [ADMIN] dice.visibleFeed actor=dev_superadmin count=57
2026-06-27T14:43:28.5605119Z [ADMIN] dice.feed.common itemsRaw=57
2026-06-27T14:43:28.5845113Z [ADMIN] dice.feed.common itemsMapped=57
2026-06-27T14:43:28.5845113Z [ADMIN] dice.visibleFeed actor=dev_player count=57
2026-06-27T14:43:28.6465141Z [ADMIN] dice.test.getCurrent actor=dev_player userId=0584ae33047742a18f657d4ca9c86a01 found=False
2026-06-27T14:43:36.6915125Z [ADMIN] dice.feed.common itemsRaw=57
2026-06-27T14:43:36.7155197Z [ADMIN] dice.feed.common itemsMapped=57
2026-06-27T14:43:36.7165195Z [ADMIN] dice.visibleFeed actor=dev_player count=57
2026-06-27T14:43:36.7695282Z [ADMIN] dice.test.getCurrent actor=dev_player userId=0584ae33047742a18f657d4ca9c86a01 found=False
2026-06-27T14:43:38.1134380Z [ADMIN] admin.accounts.pending actor=dev_superadmin count=0
2026-06-27T14:43:38.2794689Z [ADMIN] dice.feed.common itemsRaw=57
2026-06-27T14:43:38.3044443Z [ADMIN] dice.feed.common itemsMapped=57
2026-06-27T14:43:38.3044443Z [ADMIN] dice.visibleFeed actor=dev_superadmin count=57
2026-06-27T14:43:38.4230472Z [ADMIN] character.skills.get auth actor=dev_superadmin characterId=fbd8a7b8e9a74810becc233f30fe9160 ownerCheck=False allowed=True
2026-06-27T14:43:38.4284295Z [ADMIN] character.skills.get actor=dev_superadmin characterId=fbd8a7b8e9a74810becc233f30fe9160 count=13 profileFirst=true
2026-06-27T14:43:38.4830164Z [ADMIN] dice.feed.common itemsRaw=57
2026-06-27T14:43:38.5054239Z [ADMIN] dice.feed.common itemsMapped=57
2026-06-27T14:43:38.5064234Z [ADMIN] dice.visibleFeed actor=dev_superadmin count=57
2026-06-27T14:43:44.8156938Z [ADMIN] dice.feed.common itemsRaw=57
2026-06-27T14:43:44.8401046Z [ADMIN] dice.feed.common itemsMapped=57
2026-06-27T14:43:44.8401046Z [ADMIN] dice.visibleFeed actor=dev_player count=57
2026-06-27T14:43:44.8946794Z [ADMIN] dice.test.getCurrent actor=dev_player userId=0584ae33047742a18f657d4ca9c86a01 found=False
2026-06-27T14:43:48.6024825Z [ADMIN] admin.accounts.pending actor=dev_superadmin count=0
2026-06-27T14:43:48.7854705Z [ADMIN] dice.feed.common itemsRaw=57
2026-06-27T14:43:48.8078906Z [ADMIN] dice.feed.common itemsMapped=57
2026-06-27T14:43:48.8078906Z [ADMIN] dice.visibleFeed actor=dev_superadmin count=57
2026-06-27T14:43:48.9248843Z [ADMIN] character.skills.get auth actor=dev_superadmin characterId=fbd8a7b8e9a74810becc233f30fe9160 ownerCheck=False allowed=True
2026-06-27T14:43:48.9298827Z [ADMIN] character.skills.get actor=dev_superadmin characterId=fbd8a7b8e9a74810becc233f30fe9160 count=13 profileFirst=true
2026-06-27T14:43:48.9804606Z [ADMIN] dice.feed.common itemsRaw=57
2026-06-27T14:43:49.0058806Z [ADMIN] dice.feed.common itemsMapped=57
2026-06-27T14:43:49.0058806Z [ADMIN] dice.visibleFeed actor=dev_superadmin count=57
2026-06-27T14:43:52.9408586Z [ADMIN] dice.feed.common itemsRaw=57
2026-06-27T14:43:52.9652566Z [ADMIN] dice.feed.common itemsMapped=57
2026-06-27T14:43:52.9652566Z [ADMIN] dice.visibleFeed actor=dev_player count=57
2026-06-27T14:43:53.0186736Z [ADMIN] dice.test.getCurrent actor=dev_player userId=0584ae33047742a18f657d4ca9c86a01 found=False
2026-06-27T14:43:59.1178698Z [ADMIN] admin.accounts.pending actor=dev_superadmin count=0
2026-06-27T14:43:59.2843513Z [ADMIN] dice.feed.common itemsRaw=57
2026-06-27T14:43:59.3069386Z [ADMIN] dice.feed.common itemsMapped=57
2026-06-27T14:43:59.3079385Z [ADMIN] dice.visibleFeed actor=dev_superadmin count=57
2026-06-27T14:43:59.4223422Z [ADMIN] character.skills.get auth actor=dev_superadmin characterId=fbd8a7b8e9a74810becc233f30fe9160 ownerCheck=False allowed=True
2026-06-27T14:43:59.4269216Z [ADMIN] character.skills.get actor=dev_superadmin characterId=fbd8a7b8e9a74810becc233f30fe9160 count=13 profileFirst=true
2026-06-27T14:43:59.4783486Z [ADMIN] dice.feed.common itemsRaw=57
2026-06-27T14:43:59.5019275Z [ADMIN] dice.feed.common itemsMapped=57
2026-06-27T14:43:59.5029270Z [ADMIN] dice.visibleFeed actor=dev_superadmin count=57
2026-06-27T14:44:01.0668364Z [ADMIN] dice.feed.common itemsRaw=57
2026-06-27T14:44:01.0912734Z [ADMIN] dice.feed.common itemsMapped=57
2026-06-27T14:44:01.0912734Z [ADMIN] dice.visibleFeed actor=dev_player count=57
2026-06-27T14:44:01.1442617Z [ADMIN] dice.test.getCurrent actor=dev_player userId=0584ae33047742a18f657d4ca9c86a01 found=False
2026-06-27T14:44:09.1914459Z [ADMIN] dice.feed.common itemsRaw=57
2026-06-27T14:44:09.2158473Z [ADMIN] dice.feed.common itemsMapped=57
2026-06-27T14:44:09.2158473Z [ADMIN] dice.visibleFeed actor=dev_player count=57
2026-06-27T14:44:09.2778432Z [ADMIN] dice.test.getCurrent actor=dev_player userId=0584ae33047742a18f657d4ca9c86a01 found=False
2026-06-27T14:44:09.6138244Z [ADMIN] admin.accounts.pending actor=dev_superadmin count=0
2026-06-27T14:44:09.7933967Z [ADMIN] dice.feed.common itemsRaw=57
2026-06-27T14:44:09.8173890Z [ADMIN] dice.feed.common itemsMapped=57
2026-06-27T14:44:09.8183888Z [ADMIN] dice.visibleFeed actor=dev_superadmin count=57
2026-06-27T14:44:09.9383847Z [ADMIN] character.skills.get auth actor=dev_superadmin characterId=fbd8a7b8e9a74810becc233f30fe9160 ownerCheck=False allowed=True
2026-06-27T14:44:09.9433822Z [ADMIN] character.skills.get actor=dev_superadmin characterId=fbd8a7b8e9a74810becc233f30fe9160 count=13 profileFirst=true
2026-06-27T14:44:09.9933818Z [ADMIN] dice.feed.common itemsRaw=57
2026-06-27T14:44:10.0183517Z [ADMIN] dice.feed.common itemsMapped=57
2026-06-27T14:44:10.0183517Z [ADMIN] dice.visibleFeed actor=dev_superadmin count=57
2026-06-27T14:44:17.3342185Z [ADMIN] dice.feed.common itemsRaw=57
2026-06-27T14:44:17.3590052Z [ADMIN] dice.feed.common itemsMapped=57
2026-06-27T14:44:17.3590052Z [ADMIN] dice.visibleFeed actor=dev_player count=57
2026-06-27T14:44:17.4124263Z [ADMIN] dice.test.getCurrent actor=dev_player userId=0584ae33047742a18f657d4ca9c86a01 found=False
2026-06-27T14:44:20.1164702Z [ADMIN] admin.accounts.pending actor=dev_superadmin count=0
2026-06-27T14:44:20.2838888Z [ADMIN] dice.feed.common itemsRaw=57
2026-06-27T14:44:20.3067483Z [ADMIN] dice.feed.common itemsMapped=57
2026-06-27T14:44:20.3077468Z [ADMIN] dice.visibleFeed actor=dev_superadmin count=57
2026-06-27T14:44:20.4214574Z [ADMIN] character.skills.get auth actor=dev_superadmin characterId=fbd8a7b8e9a74810becc233f30fe9160 ownerCheck=False allowed=True
2026-06-27T14:44:20.4264576Z [ADMIN] character.skills.get actor=dev_superadmin characterId=fbd8a7b8e9a74810becc233f30fe9160 count=13 profileFirst=true
2026-06-27T14:44:20.4759149Z [ADMIN] dice.feed.common itemsRaw=57
2026-06-27T14:44:20.5015614Z [ADMIN] dice.feed.common itemsMapped=57
2026-06-27T14:44:20.5015614Z [ADMIN] dice.visibleFeed actor=dev_superadmin count=57
2026-06-27T14:44:25.4578761Z [ADMIN] dice.feed.common itemsRaw=57
2026-06-27T14:44:25.4830192Z [ADMIN] dice.feed.common itemsMapped=57
2026-06-27T14:44:25.4830192Z [ADMIN] dice.visibleFeed actor=dev_player count=57
2026-06-27T14:44:25.5379954Z [ADMIN] dice.test.getCurrent actor=dev_player userId=0584ae33047742a18f657d4ca9c86a01 found=False
2026-06-27T14:44:30.6022446Z [ADMIN] admin.accounts.pending actor=dev_superadmin count=0
2026-06-27T14:44:30.7722450Z [ADMIN] dice.feed.common itemsRaw=57
2026-06-27T14:44:30.7972465Z [ADMIN] dice.feed.common itemsMapped=57
2026-06-27T14:44:30.7972465Z [ADMIN] dice.visibleFeed actor=dev_superadmin count=57
2026-06-27T14:44:30.9182455Z [ADMIN] character.skills.get auth actor=dev_superadmin characterId=fbd8a7b8e9a74810becc233f30fe9160 ownerCheck=False allowed=True
2026-06-27T14:44:30.9232445Z [ADMIN] character.skills.get actor=dev_superadmin characterId=fbd8a7b8e9a74810becc233f30fe9160 count=13 profileFirst=true
2026-06-27T14:44:30.9737197Z [ADMIN] dice.feed.common itemsRaw=57
2026-06-27T14:44:30.9982449Z [ADMIN] dice.feed.common itemsMapped=57
2026-06-27T14:44:30.9982449Z [ADMIN] dice.visibleFeed actor=dev_superadmin count=57
2026-06-27T14:44:33.5826106Z [ADMIN] dice.feed.common itemsRaw=57
2026-06-27T14:44:33.6066103Z [ADMIN] dice.feed.common itemsMapped=57
2026-06-27T14:44:33.6066103Z [ADMIN] dice.visibleFeed actor=dev_player count=57
2026-06-27T14:44:33.6636129Z [ADMIN] dice.test.getCurrent actor=dev_player userId=0584ae33047742a18f657d4ca9c86a01 found=False
2026-06-27T14:44:41.1117806Z [ADMIN] admin.accounts.pending actor=dev_superadmin count=0
2026-06-27T14:44:41.2856999Z [ADMIN] dice.feed.common itemsRaw=57
2026-06-27T14:44:41.3107002Z [ADMIN] dice.feed.common itemsMapped=57
2026-06-27T14:44:41.3107002Z [ADMIN] dice.visibleFeed actor=dev_superadmin count=57
2026-06-27T14:44:41.4277448Z [ADMIN] character.skills.get auth actor=dev_superadmin characterId=fbd8a7b8e9a74810becc233f30fe9160 ownerCheck=False allowed=True
2026-06-27T14:44:41.4327445Z [ADMIN] character.skills.get actor=dev_superadmin characterId=fbd8a7b8e9a74810becc233f30fe9160 count=13 profileFirst=true
2026-06-27T14:44:41.4831793Z [ADMIN] dice.feed.common itemsRaw=57
2026-06-27T14:44:41.5080447Z [ADMIN] dice.feed.common itemsMapped=57
2026-06-27T14:44:41.5080447Z [ADMIN] dice.visibleFeed actor=dev_superadmin count=57
2026-06-27T14:44:41.7096467Z [ADMIN] dice.feed.common itemsRaw=57
2026-06-27T14:44:41.7336068Z [ADMIN] dice.feed.common itemsMapped=57
2026-06-27T14:44:41.7336068Z [ADMIN] dice.visibleFeed actor=dev_player count=57
2026-06-27T14:44:41.7880003Z [ADMIN] dice.test.getCurrent actor=dev_player userId=0584ae33047742a18f657d4ca9c86a01 found=False
2026-06-27T14:44:49.8385700Z [ADMIN] dice.feed.common itemsRaw=57
2026-06-27T14:44:49.8625694Z [ADMIN] dice.feed.common itemsMapped=57
2026-06-27T14:44:49.8625694Z [ADMIN] dice.visibleFeed actor=dev_player count=57
2026-06-27T14:44:49.9165701Z [ADMIN] dice.test.getCurrent actor=dev_player userId=0584ae33047742a18f657d4ca9c86a01 found=False
2026-06-27T14:44:51.6176517Z [ADMIN] admin.accounts.pending actor=dev_superadmin count=0
2026-06-27T14:44:51.7926512Z [ADMIN] dice.feed.common itemsRaw=57
2026-06-27T14:44:51.8186522Z [ADMIN] dice.feed.common itemsMapped=57
2026-06-27T14:44:51.8186522Z [ADMIN] dice.visibleFeed actor=dev_superadmin count=57
2026-06-27T14:44:51.9386556Z [ADMIN] character.skills.get auth actor=dev_superadmin characterId=fbd8a7b8e9a74810becc233f30fe9160 ownerCheck=False allowed=True
2026-06-27T14:44:51.9436531Z [ADMIN] character.skills.get actor=dev_superadmin characterId=fbd8a7b8e9a74810becc233f30fe9160 count=13 profileFirst=true
2026-06-27T14:44:51.9948070Z [ADMIN] dice.feed.common itemsRaw=57
2026-06-27T14:44:52.0193610Z [ADMIN] dice.feed.common itemsMapped=57
2026-06-27T14:44:52.0193610Z [ADMIN] dice.visibleFeed actor=dev_superadmin count=57
2026-06-27T14:44:57.9734457Z [ADMIN] dice.feed.common itemsRaw=57
2026-06-27T14:44:57.9974457Z [ADMIN] dice.feed.common itemsMapped=57
2026-06-27T14:44:57.9984455Z [ADMIN] dice.visibleFeed actor=dev_player count=57
2026-06-27T14:44:58.0549757Z [ADMIN] dice.test.getCurrent actor=dev_player userId=0584ae33047742a18f657d4ca9c86a01 found=False
2026-06-27T14:45:02.1197282Z [ADMIN] admin.accounts.pending actor=dev_superadmin count=0
2026-06-27T14:45:02.3025138Z [ADMIN] dice.feed.common itemsRaw=57
2026-06-27T14:45:02.3276876Z [ADMIN] dice.feed.common itemsMapped=57
2026-06-27T14:45:02.3276876Z [ADMIN] dice.visibleFeed actor=dev_superadmin count=57
2026-06-27T14:45:02.4416826Z [ADMIN] character.skills.get auth actor=dev_superadmin characterId=fbd8a7b8e9a74810becc233f30fe9160 ownerCheck=False allowed=True
2026-06-27T14:45:02.4481025Z [ADMIN] character.skills.get actor=dev_superadmin characterId=fbd8a7b8e9a74810becc233f30fe9160 count=13 profileFirst=true
2026-06-27T14:45:02.4976763Z [ADMIN] dice.feed.common itemsRaw=57
2026-06-27T14:45:02.5211222Z [ADMIN] dice.feed.common itemsMapped=57
2026-06-27T14:45:02.5221135Z [ADMIN] dice.visibleFeed actor=dev_superadmin count=57
2026-06-27T14:45:06.1149264Z [ADMIN] dice.feed.common itemsRaw=57
2026-06-27T14:45:06.1394978Z [ADMIN] dice.feed.common itemsMapped=57
2026-06-27T14:45:06.1394978Z [ADMIN] dice.visibleFeed actor=dev_player count=57
2026-06-27T14:45:06.1928951Z [ADMIN] dice.test.getCurrent actor=dev_player userId=0584ae33047742a18f657d4ca9c86a01 found=False
2026-06-27T14:45:12.6175778Z [ADMIN] admin.accounts.pending actor=dev_superadmin count=0
2026-06-27T14:45:12.7901694Z [ADMIN] dice.feed.common itemsRaw=57
2026-06-27T14:45:12.8137371Z [ADMIN] dice.feed.common itemsMapped=57
2026-06-27T14:45:12.8137371Z [ADMIN] dice.visibleFeed actor=dev_superadmin count=57
2026-06-27T14:45:12.9291607Z [ADMIN] character.skills.get auth actor=dev_superadmin characterId=fbd8a7b8e9a74810becc233f30fe9160 ownerCheck=False allowed=True
2026-06-27T14:45:12.9341437Z [ADMIN] character.skills.get actor=dev_superadmin characterId=fbd8a7b8e9a74810becc233f30fe9160 count=13 profileFirst=true
2026-06-27T14:45:12.9831595Z [ADMIN] dice.feed.common itemsRaw=57
2026-06-27T14:45:13.0081367Z [ADMIN] dice.feed.common itemsMapped=57
2026-06-27T14:45:13.0081367Z [ADMIN] dice.visibleFeed actor=dev_superadmin count=57
2026-06-27T14:45:14.2366263Z [ADMIN] dice.feed.common itemsRaw=57
2026-06-27T14:45:14.2614683Z [ADMIN] dice.feed.common itemsMapped=57
2026-06-27T14:45:14.2614683Z [ADMIN] dice.visibleFeed actor=dev_player count=57
2026-06-27T14:45:14.3150738Z [ADMIN] dice.test.getCurrent actor=dev_player userId=0584ae33047742a18f657d4ca9c86a01 found=False
2026-06-27T14:45:22.3650827Z [ADMIN] dice.feed.common itemsRaw=57
2026-06-27T14:45:22.3880732Z [ADMIN] dice.feed.common itemsMapped=57
2026-06-27T14:45:22.3880732Z [ADMIN] dice.visibleFeed actor=dev_player count=57
2026-06-27T14:45:22.4450910Z [ADMIN] dice.test.getCurrent actor=dev_player userId=0584ae33047742a18f657d4ca9c86a01 found=False
2026-06-27T14:45:23.1174717Z [ADMIN] admin.accounts.pending actor=dev_superadmin count=0
2026-06-27T14:45:23.2786047Z [ADMIN] dice.feed.common itemsRaw=57
2026-06-27T14:45:23.3030227Z [ADMIN] dice.feed.common itemsMapped=57
2026-06-27T14:45:23.3030227Z [ADMIN] dice.visibleFeed actor=dev_superadmin count=57
2026-06-27T14:45:23.4180224Z [ADMIN] character.skills.get auth actor=dev_superadmin characterId=fbd8a7b8e9a74810becc233f30fe9160 ownerCheck=False allowed=True
2026-06-27T14:45:23.4240194Z [ADMIN] character.skills.get actor=dev_superadmin characterId=fbd8a7b8e9a74810becc233f30fe9160 count=13 profileFirst=true
2026-06-27T14:45:23.4730254Z [ADMIN] dice.feed.common itemsRaw=57
2026-06-27T14:45:23.4970212Z [ADMIN] dice.feed.common itemsMapped=57
2026-06-27T14:45:23.4970212Z [ADMIN] dice.visibleFeed actor=dev_superadmin count=57
2026-06-27T14:45:30.4886625Z [ADMIN] dice.feed.common itemsRaw=57
2026-06-27T14:45:30.5126543Z [ADMIN] dice.feed.common itemsMapped=57
2026-06-27T14:45:30.5126543Z [ADMIN] dice.visibleFeed actor=dev_player count=57
2026-06-27T14:45:30.5672225Z [ADMIN] dice.test.getCurrent actor=dev_player userId=0584ae33047742a18f657d4ca9c86a01 found=False
2026-06-27T14:45:33.6027338Z [ADMIN] admin.accounts.pending actor=dev_superadmin count=0
2026-06-27T14:45:33.7660752Z [ADMIN] dice.feed.common itemsRaw=57
2026-06-27T14:45:33.7890695Z [ADMIN] dice.feed.common itemsMapped=57
2026-06-27T14:45:33.7890695Z [ADMIN] dice.visibleFeed actor=dev_superadmin count=57
2026-06-27T14:45:33.9044824Z [ADMIN] character.skills.get auth actor=dev_superadmin characterId=fbd8a7b8e9a74810becc233f30fe9160 ownerCheck=False allowed=True
2026-06-27T14:45:33.9094822Z [ADMIN] character.skills.get actor=dev_superadmin characterId=fbd8a7b8e9a74810becc233f30fe9160 count=13 profileFirst=true
2026-06-27T14:45:33.9585041Z [ADMIN] dice.feed.common itemsRaw=57
2026-06-27T14:45:33.9824815Z [ADMIN] dice.feed.common itemsMapped=57
2026-06-27T14:45:33.9834814Z [ADMIN] dice.visibleFeed actor=dev_superadmin count=57
2026-06-27T14:45:38.6124470Z [ADMIN] dice.feed.common itemsRaw=57
2026-06-27T14:45:38.6364474Z [ADMIN] dice.feed.common itemsMapped=57
2026-06-27T14:45:38.6364474Z [ADMIN] dice.visibleFeed actor=dev_player count=57
2026-06-27T14:45:38.6905331Z [ADMIN] dice.test.getCurrent actor=dev_player userId=0584ae33047742a18f657d4ca9c86a01 found=False
2026-06-27T14:45:44.0854778Z [ADMIN] admin.accounts.pending actor=dev_superadmin count=0
2026-06-27T14:45:44.2475353Z [ADMIN] dice.feed.common itemsRaw=57
2026-06-27T14:45:44.2715018Z [ADMIN] dice.feed.common itemsMapped=57
2026-06-27T14:45:44.2715018Z [ADMIN] dice.visibleFeed actor=dev_superadmin count=57
2026-06-27T14:45:44.3855141Z [ADMIN] character.skills.get auth actor=dev_superadmin characterId=fbd8a7b8e9a74810becc233f30fe9160 ownerCheck=False allowed=True
2026-06-27T14:45:44.3905350Z [ADMIN] character.skills.get actor=dev_superadmin characterId=fbd8a7b8e9a74810becc233f30fe9160 count=13 profileFirst=true
2026-06-27T14:45:44.4401040Z [ADMIN] dice.feed.common itemsRaw=57
2026-06-27T14:45:44.4649340Z [ADMIN] dice.feed.common itemsMapped=57
2026-06-27T14:45:44.4649340Z [ADMIN] dice.visibleFeed actor=dev_superadmin count=57
2026-06-27T14:45:46.7373984Z [ADMIN] dice.feed.common itemsRaw=57
2026-06-27T14:45:46.7607000Z [ADMIN] dice.feed.common itemsMapped=57
2026-06-27T14:45:46.7616931Z [ADMIN] dice.visibleFeed actor=dev_player count=57
2026-06-27T14:45:46.8158140Z [ADMIN] dice.test.getCurrent actor=dev_player userId=0584ae33047742a18f657d4ca9c86a01 found=False
2026-06-27T14:45:54.5704220Z [ADMIN] admin.accounts.pending actor=dev_superadmin count=0
2026-06-27T14:45:54.7319978Z [ADMIN] dice.feed.common itemsRaw=57
2026-06-27T14:45:54.7559894Z [ADMIN] dice.feed.common itemsMapped=57
2026-06-27T14:45:54.7569904Z [ADMIN] dice.visibleFeed actor=dev_superadmin count=57
2026-06-27T14:45:54.8714049Z [ADMIN] character.skills.get auth actor=dev_superadmin characterId=fbd8a7b8e9a74810becc233f30fe9160 ownerCheck=False allowed=True
2026-06-27T14:45:54.8749822Z [ADMIN] dice.feed.common itemsRaw=57
2026-06-27T14:45:54.8779813Z [ADMIN] character.skills.get actor=dev_superadmin characterId=fbd8a7b8e9a74810becc233f30fe9160 count=13 profileFirst=true
2026-06-27T14:45:54.9014038Z [ADMIN] dice.feed.common itemsMapped=57
2026-06-27T14:45:54.9014038Z [ADMIN] dice.visibleFeed actor=dev_player count=57
2026-06-27T14:45:54.9319788Z [ADMIN] dice.feed.common itemsRaw=57
2026-06-27T14:45:54.9563975Z [ADMIN] dice.test.getCurrent actor=dev_player userId=0584ae33047742a18f657d4ca9c86a01 found=False
2026-06-27T14:45:54.9573962Z [ADMIN] dice.feed.common itemsMapped=57
2026-06-27T14:45:54.9573962Z [ADMIN] dice.visibleFeed actor=dev_superadmin count=57
2026-06-27T14:46:03.0039808Z [ADMIN] dice.feed.common itemsRaw=57
2026-06-27T14:46:03.0288607Z [ADMIN] dice.feed.common itemsMapped=57
2026-06-27T14:46:03.0288607Z [ADMIN] dice.visibleFeed actor=dev_player count=57
2026-06-27T14:46:03.0885521Z [ADMIN] dice.test.getCurrent actor=dev_player userId=0584ae33047742a18f657d4ca9c86a01 found=False
2026-06-27T14:46:05.0552108Z [ADMIN] admin.accounts.pending actor=dev_superadmin count=0
2026-06-27T14:46:05.2614421Z [ADMIN] dice.feed.common itemsRaw=57
2026-06-27T14:46:05.2854453Z [ADMIN] dice.feed.common itemsMapped=57
2026-06-27T14:46:05.2854453Z [ADMIN] dice.visibleFeed actor=dev_superadmin count=57
2026-06-27T14:46:05.3998573Z [ADMIN] character.skills.get auth actor=dev_superadmin characterId=fbd8a7b8e9a74810becc233f30fe9160 ownerCheck=False allowed=True
2026-06-27T14:46:05.4044557Z [ADMIN] character.skills.get actor=dev_superadmin characterId=fbd8a7b8e9a74810becc233f30fe9160 count=13 profileFirst=true
2026-06-27T14:46:05.4548897Z [ADMIN] dice.feed.common itemsRaw=57
2026-06-27T14:46:05.4794688Z [ADMIN] dice.feed.common itemsMapped=57
2026-06-27T14:46:05.4794688Z [ADMIN] dice.visibleFeed actor=dev_superadmin count=57
2026-06-27T14:46:11.1457023Z [ADMIN] dice.feed.common itemsRaw=57
2026-06-27T14:46:11.1686801Z [ADMIN] dice.feed.common itemsMapped=57
2026-06-27T14:46:11.1686801Z [ADMIN] dice.visibleFeed actor=dev_player count=57
2026-06-27T14:46:11.2235675Z [ADMIN] dice.test.getCurrent actor=dev_player userId=0584ae33047742a18f657d4ca9c86a01 found=False
2026-06-27T14:46:15.5849170Z [ADMIN] admin.accounts.pending actor=dev_superadmin count=0
2026-06-27T14:46:15.7493827Z [ADMIN] dice.feed.common itemsRaw=57
2026-06-27T14:46:15.7743296Z [ADMIN] dice.feed.common itemsMapped=57
2026-06-27T14:46:15.7743296Z [ADMIN] dice.visibleFeed actor=dev_superadmin count=57
2026-06-27T14:46:15.8888944Z [ADMIN] character.skills.get auth actor=dev_superadmin characterId=fbd8a7b8e9a74810becc233f30fe9160 ownerCheck=False allowed=True
2026-06-27T14:46:15.8939068Z [ADMIN] character.skills.get actor=dev_superadmin characterId=fbd8a7b8e9a74810becc233f30fe9160 count=13 profileFirst=true
2026-06-27T14:46:15.9438945Z [ADMIN] dice.feed.common itemsRaw=57
2026-06-27T14:46:15.9668992Z [ADMIN] dice.feed.common itemsMapped=57
2026-06-27T14:46:15.9668992Z [ADMIN] dice.visibleFeed actor=dev_superadmin count=57
2026-06-27T14:46:19.2717431Z [ADMIN] dice.feed.common itemsRaw=57
2026-06-27T14:46:19.2953654Z [ADMIN] dice.feed.common itemsMapped=57
2026-06-27T14:46:19.2953654Z [ADMIN] dice.visibleFeed actor=dev_player count=57
2026-06-27T14:46:19.3497169Z [ADMIN] dice.test.getCurrent actor=dev_player userId=0584ae33047742a18f657d4ca9c86a01 found=False
2026-06-27T14:46:26.0703647Z [ADMIN] admin.accounts.pending actor=dev_superadmin count=0
2026-06-27T14:46:26.2327949Z [ADMIN] dice.feed.common itemsRaw=57
2026-06-27T14:46:26.2572583Z [ADMIN] dice.feed.common itemsMapped=57
2026-06-27T14:46:26.2582560Z [ADMIN] dice.visibleFeed actor=dev_superadmin count=57
2026-06-27T14:46:26.3727912Z [ADMIN] character.skills.get auth actor=dev_superadmin characterId=fbd8a7b8e9a74810becc233f30fe9160 ownerCheck=False allowed=True
2026-06-27T14:46:26.3777928Z [ADMIN] character.skills.get actor=dev_superadmin characterId=fbd8a7b8e9a74810becc233f30fe9160 count=13 profileFirst=true
2026-06-27T14:46:26.4277734Z [ADMIN] dice.feed.common itemsRaw=57
2026-06-27T14:46:26.4513830Z [ADMIN] dice.feed.common itemsMapped=57
2026-06-27T14:46:26.4513830Z [ADMIN] dice.visibleFeed actor=dev_superadmin count=57
2026-06-27T14:46:27.3983028Z [ADMIN] dice.feed.common itemsRaw=57
2026-06-27T14:46:27.4221126Z [ADMIN] dice.feed.common itemsMapped=57
2026-06-27T14:46:27.4221126Z [ADMIN] dice.visibleFeed actor=dev_player count=57
2026-06-27T14:46:27.4767307Z [ADMIN] dice.test.getCurrent actor=dev_player userId=0584ae33047742a18f657d4ca9c86a01 found=False
2026-06-28T19:07:20.2806177Z [ADMIN] feature_flags.override_set flag=GMNotes.UseGMNotesMvp value=True user=5b7bf422afc5417fb7d0a4f0db04524c
2026-06-28T19:07:20.5853999Z [ADMIN] feature_flags.override_set flag=GMNotes.UseGMQuickNotes value=True user=5b7bf422afc5417fb7d0a4f0db04524c
2026-06-28T19:07:20.8595278Z [ADMIN] feature_flags.override_set flag=GMNotes.UseGMNoteFolders value=True user=5b7bf422afc5417fb7d0a4f0db04524c
2026-06-28T19:07:21.1347784Z [ADMIN] feature_flags.override_set flag=GMNotes.UseGMNoteEntityLinks value=True user=5b7bf422afc5417fb7d0a4f0db04524c
2026-06-28T19:07:21.4017848Z [ADMIN] feature_flags.override_set flag=GMNotes.UseGMNoteSearch value=True user=5b7bf422afc5417fb7d0a4f0db04524c
2026-06-28T19:07:21.6673680Z [ADMIN] feature_flags.override_set flag=GMNotes.UseGMNoteSharedVisibility value=True user=5b7bf422afc5417fb7d0a4f0db04524c
2026-06-28T19:07:21.9322710Z [ADMIN] feature_flags.override_set flag=GMNotes.UseGMNoteAudit value=True user=5b7bf422afc5417fb7d0a4f0db04524c
2026-06-28T19:07:22.1963238Z [ADMIN] feature_flags.override_set flag=EventJournal.UseEventJournalMvp value=True user=5b7bf422afc5417fb7d0a4f0db04524c
2026-06-28T19:07:22.4633207Z [ADMIN] feature_flags.override_set flag=EventJournal.UseEventJournalAutomaticIngestion value=True user=5b7bf422afc5417fb7d0a4f0db04524c
2026-06-28T19:07:22.7301261Z [ADMIN] feature_flags.override_set flag=EventJournal.UseEventJournalManualEntries value=True user=5b7bf422afc5417fb7d0a4f0db04524c
2026-06-28T19:07:23.0016986Z [ADMIN] feature_flags.override_set flag=EventJournal.UseEventJournalPlayerView value=True user=5b7bf422afc5417fb7d0a4f0db04524c
2026-06-28T19:07:23.2717936Z [ADMIN] feature_flags.override_set flag=EventJournal.UseEventJournalFilters value=True user=5b7bf422afc5417fb7d0a4f0db04524c
2026-06-28T19:07:23.5339764Z [ADMIN] feature_flags.override_set flag=EventJournal.UseEventJournalCorrections value=True user=5b7bf422afc5417fb7d0a4f0db04524c
2026-06-28T19:07:23.8002377Z [ADMIN] feature_flags.override_set flag=EventJournal.UseEventJournalRequestIntegration value=True user=5b7bf422afc5417fb7d0a4f0db04524c
2026-06-28T19:07:24.0642301Z [ADMIN] feature_flags.override_set flag=PlayerRequests.UsePlayerRequestsMvp value=True user=5b7bf422afc5417fb7d0a4f0db04524c
2026-06-28T19:07:24.3302342Z [ADMIN] feature_flags.override_set flag=PlayerRequests.UsePlayerRequestComments value=True user=5b7bf422afc5417fb7d0a4f0db04524c
2026-06-28T19:07:24.5961953Z [ADMIN] feature_flags.override_set flag=PlayerRequests.UsePlayerRequestAdminReview value=True user=5b7bf422afc5417fb7d0a4f0db04524c
2026-06-28T19:07:24.8628239Z [ADMIN] feature_flags.override_set flag=PlayerRequests.UsePlayerRequestPlayerView value=True user=5b7bf422afc5417fb7d0a4f0db04524c
2026-06-28T19:07:25.1291683Z [ADMIN] feature_flags.override_set flag=PlayerRequests.UsePlayerRequestCharacterLink value=True user=5b7bf422afc5417fb7d0a4f0db04524c
2026-06-28T19:07:25.3941736Z [ADMIN] feature_flags.override_set flag=PlayerRequests.UsePlayerRequestProposalPayload value=True user=5b7bf422afc5417fb7d0a4f0db04524c
2026-06-28T19:07:26.2443888Z [ADMIN] dice.feed.common itemsRaw=71
2026-06-28T19:07:26.2771078Z [ADMIN] dice.feed.common itemsMapped=71
2026-06-28T19:07:26.2771078Z [ADMIN] dice.visibleFeed actor=dev_player count=71
2026-06-28T19:07:26.4820968Z [ADMIN] request.handler.failed requestId=fe50d6218fb042f09b8c44c9f7021d59 command=gmNotes.admin.list type=Unauthorized message=Insufficient role.
2026-06-28T19:07:26.4859955Z [ADMIN] request.handler.failed requestId=4e338af7407b433fa38f46e591c52fe3 command=gmNotes.admin.create type=Unauthorized message=Insufficient role.
2026-06-28T19:07:26.4896712Z [ADMIN] request.handler.failed requestId=6a91af886a7245e5b67f37b846a34dc3 command=gmNotes.admin.update type=Unauthorized message=Insufficient role.
2026-06-28T19:07:26.4928101Z [ADMIN] request.handler.failed requestId=8344b4c920aa4056bdb63cf4dddef098 command=gmNotes.admin.archive type=Unauthorized message=Insufficient role.
2026-06-28T19:07:26.4959781Z [ADMIN] request.handler.failed requestId=2eb06b73a8b945c98c608ec4eb15b49a command=eventJournal.admin.create type=Unauthorized message=Insufficient role.
2026-06-28T19:07:26.4984902Z [ADMIN] request.handler.failed requestId=7256915cb6c640a983a9461704a8db91 command=eventJournal.admin.update type=Unauthorized message=Insufficient role.
2026-06-28T19:07:26.5014891Z [ADMIN] request.handler.failed requestId=bb0efb096db44f2fa693956e52973c5d command=eventJournal.admin.archive type=Unauthorized message=Insufficient role.
2026-06-28T19:07:26.5180741Z [ADMIN] gm.note.create actor=dev_admin campaignId=default noteId=5b8412a77b824d1bb817e285f862b202 quick=False
2026-06-28T19:07:26.5614158Z [ADMIN] gm.note.list actor=dev_admin campaignId=default count=41
2026-06-28T19:07:26.5960900Z [ADMIN] journal.event.manual.created entryId=bfb3a5fa93cb454fbc8ecb218d5b0306 campaignId=default sequence=81 category=session
2026-06-28T19:07:26.6270967Z [ADMIN] journal.player.event.list actor=dev_player campaignId=default count=53
2026-06-28T19:07:26.6447987Z [ADMIN] journal.event.manual.created entryId=ae4bdbecfa4444bbae7f61ebc84e98f2 campaignId=default sequence=82 category=session
2026-06-28T19:07:26.6595147Z [ADMIN] journal.player.event.list actor=dev_player campaignId=default count=53
2026-06-28T19:07:26.6776390Z [ADMIN] journal.player.event.list actor=dev_player campaignId=default count=52
2026-06-28T19:07:26.7357453Z [ADMIN] journal.event.request_created_submitted entryId=6dd8cdd6fa2649b590e22bd08d10d6d6 campaignId=default sequence=83 category=request
2026-06-28T19:07:26.7357453Z [ADMIN] player.request.journal.appended requestId=5babe7ae71f24c4b826dac32ebf9c83b requestNumber=1461 sourceEventType=request_created_submitted entryId=6dd8cdd6fa2649b590e22bd08d10d6d6
2026-06-28T19:07:26.7362660Z [ADMIN] player.request.create.done actor=dev_player requestId=5babe7ae71f24c4b826dac32ebf9c83b type=general status=submitted
2026-06-28T19:07:26.7680850Z [ADMIN] journal.event.request_approve entryId=591ca9d4b8dc4cc1b894d3529f01b9e2 campaignId=default sequence=84 category=request
2026-06-28T19:07:26.7680850Z [ADMIN] player.request.journal.appended requestId=5babe7ae71f24c4b826dac32ebf9c83b requestNumber=1461 sourceEventType=request_approve entryId=591ca9d4b8dc4cc1b894d3529f01b9e2
2026-06-28T19:07:26.7690843Z [ADMIN] player.request.approve.done actor=dev_admin requestId=5babe7ae71f24c4b826dac32ebf9c83b status=approved
2026-06-28T19:07:26.7816441Z [ADMIN] journal.player.event.list actor=dev_player campaignId=default count=32
2026-06-28T19:21:27.3324191Z [ADMIN] feature_flags.override_set flag=GMNotes.UseGMNotesMvp value=True user=5b7bf422afc5417fb7d0a4f0db04524c
2026-06-28T19:21:27.6369629Z [ADMIN] feature_flags.override_set flag=GMNotes.UseGMQuickNotes value=True user=5b7bf422afc5417fb7d0a4f0db04524c
2026-06-28T19:21:27.9180270Z [ADMIN] feature_flags.override_set flag=GMNotes.UseGMNoteFolders value=True user=5b7bf422afc5417fb7d0a4f0db04524c
2026-06-28T19:21:28.1992497Z [ADMIN] feature_flags.override_set flag=GMNotes.UseGMNoteEntityLinks value=True user=5b7bf422afc5417fb7d0a4f0db04524c
2026-06-28T19:21:28.4711723Z [ADMIN] feature_flags.override_set flag=GMNotes.UseGMNoteSearch value=True user=5b7bf422afc5417fb7d0a4f0db04524c
2026-06-28T19:21:28.7429717Z [ADMIN] feature_flags.override_set flag=GMNotes.UseGMNoteSharedVisibility value=True user=5b7bf422afc5417fb7d0a4f0db04524c
2026-06-28T19:21:29.0113353Z [ADMIN] feature_flags.override_set flag=GMNotes.UseGMNoteAudit value=True user=5b7bf422afc5417fb7d0a4f0db04524c
2026-06-28T19:21:29.2792239Z [ADMIN] feature_flags.override_set flag=EventJournal.UseEventJournalMvp value=True user=5b7bf422afc5417fb7d0a4f0db04524c
2026-06-28T19:21:29.5473008Z [ADMIN] feature_flags.override_set flag=EventJournal.UseEventJournalAutomaticIngestion value=True user=5b7bf422afc5417fb7d0a4f0db04524c
2026-06-28T19:21:29.8178078Z [ADMIN] feature_flags.override_set flag=EventJournal.UseEventJournalManualEntries value=True user=5b7bf422afc5417fb7d0a4f0db04524c
2026-06-28T19:21:30.0868669Z [ADMIN] feature_flags.override_set flag=EventJournal.UseEventJournalPlayerView value=True user=5b7bf422afc5417fb7d0a4f0db04524c
2026-06-28T19:21:30.3748166Z [ADMIN] feature_flags.override_set flag=EventJournal.UseEventJournalFilters value=True user=5b7bf422afc5417fb7d0a4f0db04524c
2026-06-28T19:21:30.6436641Z [ADMIN] feature_flags.override_set flag=EventJournal.UseEventJournalCorrections value=True user=5b7bf422afc5417fb7d0a4f0db04524c
2026-06-28T19:21:30.9116455Z [ADMIN] feature_flags.override_set flag=EventJournal.UseEventJournalRequestIntegration value=True user=5b7bf422afc5417fb7d0a4f0db04524c
2026-06-28T19:21:31.1831597Z [ADMIN] feature_flags.override_set flag=PlayerRequests.UsePlayerRequestsMvp value=True user=5b7bf422afc5417fb7d0a4f0db04524c
2026-06-28T19:21:31.4516129Z [ADMIN] feature_flags.override_set flag=PlayerRequests.UsePlayerRequestComments value=True user=5b7bf422afc5417fb7d0a4f0db04524c
2026-06-28T19:21:31.7231647Z [ADMIN] feature_flags.override_set flag=PlayerRequests.UsePlayerRequestAdminReview value=True user=5b7bf422afc5417fb7d0a4f0db04524c
2026-06-28T19:21:31.9941654Z [ADMIN] feature_flags.override_set flag=PlayerRequests.UsePlayerRequestPlayerView value=True user=5b7bf422afc5417fb7d0a4f0db04524c
2026-06-28T19:21:32.2615714Z [ADMIN] feature_flags.override_set flag=PlayerRequests.UsePlayerRequestCharacterLink value=True user=5b7bf422afc5417fb7d0a4f0db04524c
2026-06-28T19:21:32.5295929Z [ADMIN] feature_flags.override_set flag=PlayerRequests.UsePlayerRequestProposalPayload value=True user=5b7bf422afc5417fb7d0a4f0db04524c
2026-06-28T19:21:33.3799847Z [ADMIN] dice.feed.common itemsRaw=71
2026-06-28T19:21:33.4140931Z [ADMIN] dice.feed.common itemsMapped=71
2026-06-28T19:21:33.4140931Z [ADMIN] dice.visibleFeed actor=dev_player count=71
2026-06-28T19:21:33.6200623Z [ADMIN] request.handler.failed requestId=b0181b7559ff4ebeae25faea01edea14 command=gmNotes.admin.list type=Unauthorized message=Insufficient role.
2026-06-28T19:21:33.6240594Z [ADMIN] request.handler.failed requestId=863193faba5e48f18379567b79f6b632 command=gmNotes.admin.create type=Unauthorized message=Insufficient role.
2026-06-28T19:21:33.6270852Z [ADMIN] request.handler.failed requestId=85af99f24e28466cb5a2fc5db8124246 command=gmNotes.admin.update type=Unauthorized message=Insufficient role.
2026-06-28T19:21:33.6300622Z [ADMIN] request.handler.failed requestId=44bdf0e8bd9541c7b3fda106e0079964 command=gmNotes.admin.archive type=Unauthorized message=Insufficient role.
2026-06-28T19:21:33.6330591Z [ADMIN] request.handler.failed requestId=55302399865641baa8c752e858e2604b command=eventJournal.admin.create type=Unauthorized message=Insufficient role.
2026-06-28T19:21:33.6363223Z [ADMIN] request.handler.failed requestId=895b69e415e948adb8c46fa74be7020a command=eventJournal.admin.update type=Unauthorized message=Insufficient role.
2026-06-28T19:21:33.6393219Z [ADMIN] request.handler.failed requestId=55a7f335c452468da01cd166d6972a7e command=eventJournal.admin.archive type=Unauthorized message=Insufficient role.
2026-06-28T19:21:33.6541092Z [ADMIN] gm.note.create actor=dev_admin campaignId=default noteId=1cb9cea113a44301bb6d681e16658d04 quick=False
2026-06-28T19:21:33.6985023Z [ADMIN] gm.note.list actor=dev_admin campaignId=default count=42
2026-06-28T19:21:33.7330766Z [ADMIN] journal.event.manual.created entryId=70444f91f24f4135bd7d96a1174d57fb campaignId=default sequence=93 category=session
2026-06-28T19:21:33.7640709Z [ADMIN] journal.player.event.list actor=dev_player campaignId=default count=63
2026-06-28T19:21:33.7826757Z [ADMIN] journal.event.manual.created entryId=17cf41527eca4dbfad63b0a13e1c6547 campaignId=default sequence=94 category=session
2026-06-28T19:21:33.7975003Z [ADMIN] journal.player.event.list actor=dev_player campaignId=default count=63
2026-06-28T19:21:33.8185959Z [ADMIN] journal.player.event.list actor=dev_player campaignId=default count=62
2026-06-28T19:21:33.8785244Z [ADMIN] journal.event.request_created_submitted entryId=5c47cfae6f2c4325999cacef88ecb4ca campaignId=default sequence=95 category=request
2026-06-28T19:21:33.8790475Z [ADMIN] player.request.journal.appended requestId=8076fc08d5cc435c8c335996181e5257 requestNumber=1467 sourceEventType=request_created_submitted entryId=5c47cfae6f2c4325999cacef88ecb4ca
2026-06-28T19:21:33.8790475Z [ADMIN] player.request.create.done actor=dev_player requestId=8076fc08d5cc435c8c335996181e5257 type=general status=submitted
2026-06-28T19:21:33.9130381Z [ADMIN] journal.event.request_approve entryId=297ff2b127e340fc95241b8139324ba0 campaignId=default sequence=96 category=request
2026-06-28T19:21:33.9130381Z [ADMIN] player.request.journal.appended requestId=8076fc08d5cc435c8c335996181e5257 requestNumber=1467 sourceEventType=request_approve entryId=297ff2b127e340fc95241b8139324ba0
2026-06-28T19:21:33.9130381Z [ADMIN] player.request.approve.done actor=dev_admin requestId=8076fc08d5cc435c8c335996181e5257 status=approved
2026-06-28T19:21:33.9304895Z [ADMIN] journal.player.event.list actor=dev_player campaignId=default count=34
2026-06-28T19:34:38.3562217Z [ADMIN] feature_flags.override_set flag=GMNotes.UseGMNotesMvp value=True user=5b7bf422afc5417fb7d0a4f0db04524c
2026-06-28T19:34:38.6582797Z [ADMIN] feature_flags.override_set flag=GMNotes.UseGMQuickNotes value=True user=5b7bf422afc5417fb7d0a4f0db04524c
2026-06-28T19:34:38.9458584Z [ADMIN] feature_flags.override_set flag=GMNotes.UseGMNoteFolders value=True user=5b7bf422afc5417fb7d0a4f0db04524c
2026-06-28T19:34:39.2312170Z [ADMIN] feature_flags.override_set flag=GMNotes.UseGMNoteEntityLinks value=True user=5b7bf422afc5417fb7d0a4f0db04524c
2026-06-28T19:34:39.5072821Z [ADMIN] feature_flags.override_set flag=GMNotes.UseGMNoteSearch value=True user=5b7bf422afc5417fb7d0a4f0db04524c
2026-06-28T19:34:39.7858360Z [ADMIN] feature_flags.override_set flag=GMNotes.UseGMNoteSharedVisibility value=True user=5b7bf422afc5417fb7d0a4f0db04524c
2026-06-28T19:34:40.0604987Z [ADMIN] feature_flags.override_set flag=GMNotes.UseGMNoteAudit value=True user=5b7bf422afc5417fb7d0a4f0db04524c
2026-06-28T19:34:40.3354737Z [ADMIN] feature_flags.override_set flag=EventJournal.UseEventJournalMvp value=True user=5b7bf422afc5417fb7d0a4f0db04524c
2026-06-28T19:34:40.6072169Z [ADMIN] feature_flags.override_set flag=EventJournal.UseEventJournalAutomaticIngestion value=True user=5b7bf422afc5417fb7d0a4f0db04524c
2026-06-28T19:34:40.8903157Z [ADMIN] feature_flags.override_set flag=EventJournal.UseEventJournalManualEntries value=True user=5b7bf422afc5417fb7d0a4f0db04524c
2026-06-28T19:34:41.1661402Z [ADMIN] feature_flags.override_set flag=EventJournal.UseEventJournalPlayerView value=True user=5b7bf422afc5417fb7d0a4f0db04524c
2026-06-28T19:34:41.4499655Z [ADMIN] feature_flags.override_set flag=EventJournal.UseEventJournalFilters value=True user=5b7bf422afc5417fb7d0a4f0db04524c
2026-06-28T19:34:41.7298702Z [ADMIN] feature_flags.override_set flag=EventJournal.UseEventJournalCorrections value=True user=5b7bf422afc5417fb7d0a4f0db04524c
2026-06-28T19:34:42.0112613Z [ADMIN] feature_flags.override_set flag=EventJournal.UseEventJournalRequestIntegration value=True user=5b7bf422afc5417fb7d0a4f0db04524c
2026-06-28T19:34:42.2875519Z [ADMIN] feature_flags.override_set flag=PlayerRequests.UsePlayerRequestsMvp value=True user=5b7bf422afc5417fb7d0a4f0db04524c
2026-06-28T19:34:42.5640236Z [ADMIN] feature_flags.override_set flag=PlayerRequests.UsePlayerRequestComments value=True user=5b7bf422afc5417fb7d0a4f0db04524c
2026-06-28T19:34:42.8355915Z [ADMIN] feature_flags.override_set flag=PlayerRequests.UsePlayerRequestAdminReview value=True user=5b7bf422afc5417fb7d0a4f0db04524c
2026-06-28T19:34:43.1075199Z [ADMIN] feature_flags.override_set flag=PlayerRequests.UsePlayerRequestPlayerView value=True user=5b7bf422afc5417fb7d0a4f0db04524c
2026-06-28T19:34:43.3778153Z [ADMIN] feature_flags.override_set flag=PlayerRequests.UsePlayerRequestCharacterLink value=True user=5b7bf422afc5417fb7d0a4f0db04524c
2026-06-28T19:34:43.6502281Z [ADMIN] feature_flags.override_set flag=PlayerRequests.UsePlayerRequestProposalPayload value=True user=5b7bf422afc5417fb7d0a4f0db04524c
2026-06-28T19:34:44.5103577Z [ADMIN] dice.feed.common itemsRaw=71
2026-06-28T19:34:44.5446590Z [ADMIN] dice.feed.common itemsMapped=71
2026-06-28T19:34:44.5452283Z [ADMIN] dice.visibleFeed actor=dev_player count=71
2026-06-28T19:34:44.7530004Z [ADMIN] request.handler.failed requestId=395d64c34f30461d9a54bec7d8dd1ff8 command=gmNotes.admin.list type=Unauthorized message=Insufficient role.
2026-06-28T19:34:44.7574181Z [ADMIN] request.handler.failed requestId=1cfd3a6163b14a89984518351916334f command=gmNotes.admin.create type=Unauthorized message=Insufficient role.
2026-06-28T19:34:44.7600009Z [ADMIN] request.handler.failed requestId=8ebed7aa9f704f6ba7b13ea510f6afe4 command=gmNotes.admin.update type=Unauthorized message=Insufficient role.
2026-06-28T19:34:44.7630032Z [ADMIN] request.handler.failed requestId=77c2dbd9b88344f48c4247d28fe303f4 command=gmNotes.admin.archive type=Unauthorized message=Insufficient role.
2026-06-28T19:34:44.7665625Z [ADMIN] request.handler.failed requestId=a6533c6ec0814ff3b7e8a39340e9dc27 command=eventJournal.admin.create type=Unauthorized message=Insufficient role.
2026-06-28T19:34:44.7697679Z [ADMIN] request.handler.failed requestId=fe5489f913c94c7eae7874d3002bbb0a command=eventJournal.admin.update type=Unauthorized message=Insufficient role.
2026-06-28T19:34:44.7724543Z [ADMIN] request.handler.failed requestId=1fb2087a30bb4376b48bdeda83dd31a2 command=eventJournal.admin.archive type=Unauthorized message=Insufficient role.
2026-06-28T19:34:44.7874189Z [ADMIN] gm.note.create actor=dev_admin campaignId=default noteId=13756e6b5043475299df93122b345104 quick=False
2026-06-28T19:34:44.8344239Z [ADMIN] gm.note.list actor=dev_admin campaignId=default count=43
2026-06-28T19:34:44.8702927Z [ADMIN] journal.event.manual.created entryId=e5cc08a28bdc483497eb290f179b9812 campaignId=default sequence=97 category=session
2026-06-28T19:34:44.9009526Z [ADMIN] journal.player.event.list actor=dev_player campaignId=default count=65
2026-06-28T19:34:44.9209380Z [ADMIN] journal.event.manual.created entryId=f2eed0397ae14a739fc4f82a2d17b335 campaignId=default sequence=98 category=session
2026-06-28T19:34:44.9368218Z [ADMIN] journal.player.event.list actor=dev_player campaignId=default count=65
2026-06-28T19:34:44.9574504Z [ADMIN] journal.player.event.list actor=dev_player campaignId=default count=64
2026-06-28T19:34:45.0229932Z [ADMIN] journal.event.request_created_submitted entryId=4a1b638113474165b0db58697d2cf054 campaignId=default sequence=99 category=request
2026-06-28T19:34:45.0229932Z [ADMIN] player.request.journal.appended requestId=c84c5cabce3e425ba9b70006fedf371e requestNumber=1468 sourceEventType=request_created_submitted entryId=4a1b638113474165b0db58697d2cf054
2026-06-28T19:34:45.0239931Z [ADMIN] player.request.create.done actor=dev_player requestId=c84c5cabce3e425ba9b70006fedf371e type=general status=submitted
2026-06-28T19:34:45.0579553Z [ADMIN] journal.event.request_approve entryId=61ced4d9ebbd40f898719d783e11bfc4 campaignId=default sequence=100 category=request
2026-06-28T19:34:45.0579553Z [ADMIN] player.request.journal.appended requestId=c84c5cabce3e425ba9b70006fedf371e requestNumber=1468 sourceEventType=request_approve entryId=61ced4d9ebbd40f898719d783e11bfc4
2026-06-28T19:34:45.0589561Z [ADMIN] player.request.approve.done actor=dev_admin requestId=c84c5cabce3e425ba9b70006fedf371e status=approved
2026-06-28T19:34:45.0784124Z [ADMIN] journal.player.event.list actor=dev_player campaignId=default count=36
2026-06-28T19:47:47.7325075Z [ADMIN] feature_flags.override_set flag=GMNotes.UseGMNotesMvp value=True user=5b7bf422afc5417fb7d0a4f0db04524c
2026-06-28T19:47:48.0341403Z [ADMIN] feature_flags.override_set flag=GMNotes.UseGMQuickNotes value=True user=5b7bf422afc5417fb7d0a4f0db04524c
2026-06-28T19:47:48.3138409Z [ADMIN] feature_flags.override_set flag=GMNotes.UseGMNoteFolders value=True user=5b7bf422afc5417fb7d0a4f0db04524c
2026-06-28T19:47:48.5949649Z [ADMIN] feature_flags.override_set flag=GMNotes.UseGMNoteEntityLinks value=True user=5b7bf422afc5417fb7d0a4f0db04524c
2026-06-28T19:47:48.8634061Z [ADMIN] feature_flags.override_set flag=GMNotes.UseGMNoteSearch value=True user=5b7bf422afc5417fb7d0a4f0db04524c
2026-06-28T19:47:49.1351236Z [ADMIN] feature_flags.override_set flag=GMNotes.UseGMNoteSharedVisibility value=True user=5b7bf422afc5417fb7d0a4f0db04524c
2026-06-28T19:47:49.4041458Z [ADMIN] feature_flags.override_set flag=GMNotes.UseGMNoteAudit value=True user=5b7bf422afc5417fb7d0a4f0db04524c
2026-06-28T19:47:49.6723406Z [ADMIN] feature_flags.override_set flag=EventJournal.UseEventJournalMvp value=True user=5b7bf422afc5417fb7d0a4f0db04524c
2026-06-28T19:47:49.9387549Z [ADMIN] feature_flags.override_set flag=EventJournal.UseEventJournalAutomaticIngestion value=True user=5b7bf422afc5417fb7d0a4f0db04524c
2026-06-28T19:47:50.2123247Z [ADMIN] feature_flags.override_set flag=EventJournal.UseEventJournalManualEntries value=True user=5b7bf422afc5417fb7d0a4f0db04524c
2026-06-28T19:47:50.4915732Z [ADMIN] feature_flags.override_set flag=EventJournal.UseEventJournalPlayerView value=True user=5b7bf422afc5417fb7d0a4f0db04524c
2026-06-28T19:47:50.7707284Z [ADMIN] feature_flags.override_set flag=EventJournal.UseEventJournalFilters value=True user=5b7bf422afc5417fb7d0a4f0db04524c
2026-06-28T19:47:51.0463645Z [ADMIN] feature_flags.override_set flag=EventJournal.UseEventJournalCorrections value=True user=5b7bf422afc5417fb7d0a4f0db04524c
2026-06-28T19:47:51.3206847Z [ADMIN] feature_flags.override_set flag=EventJournal.UseEventJournalRequestIntegration value=True user=5b7bf422afc5417fb7d0a4f0db04524c
2026-06-28T19:47:51.5977358Z [ADMIN] feature_flags.override_set flag=PlayerRequests.UsePlayerRequestsMvp value=True user=5b7bf422afc5417fb7d0a4f0db04524c
2026-06-28T19:47:51.8661855Z [ADMIN] feature_flags.override_set flag=PlayerRequests.UsePlayerRequestComments value=True user=5b7bf422afc5417fb7d0a4f0db04524c
2026-06-28T19:47:52.1331165Z [ADMIN] feature_flags.override_set flag=PlayerRequests.UsePlayerRequestAdminReview value=True user=5b7bf422afc5417fb7d0a4f0db04524c
2026-06-28T19:47:52.4016299Z [ADMIN] feature_flags.override_set flag=PlayerRequests.UsePlayerRequestPlayerView value=True user=5b7bf422afc5417fb7d0a4f0db04524c
2026-06-28T19:47:52.6678113Z [ADMIN] feature_flags.override_set flag=PlayerRequests.UsePlayerRequestCharacterLink value=True user=5b7bf422afc5417fb7d0a4f0db04524c
2026-06-28T19:47:52.9346003Z [ADMIN] feature_flags.override_set flag=PlayerRequests.UsePlayerRequestProposalPayload value=True user=5b7bf422afc5417fb7d0a4f0db04524c
2026-06-28T19:47:53.7915595Z [ADMIN] dice.feed.common itemsRaw=71
2026-06-28T19:47:53.8254664Z [ADMIN] dice.feed.common itemsMapped=71
2026-06-28T19:47:53.8264437Z [ADMIN] dice.visibleFeed actor=dev_player count=71
2026-06-28T19:47:54.0311261Z [ADMIN] request.handler.failed requestId=f54a7768590349cf83bd6b6b83ed05b8 command=gmNotes.admin.list type=Unauthorized message=Insufficient role.
2026-06-28T19:47:54.0351250Z [ADMIN] request.handler.failed requestId=64861bfed6b24896a303130e17531e6c command=gmNotes.admin.create type=Unauthorized message=Insufficient role.
2026-06-28T19:47:54.0385447Z [ADMIN] request.handler.failed requestId=d10b9b894786452db37a340ade549b6e command=gmNotes.admin.update type=Unauthorized message=Insufficient role.
2026-06-28T19:47:54.0415443Z [ADMIN] request.handler.failed requestId=0f63cfa62b8a4205891a68b3f26a45ef command=gmNotes.admin.archive type=Unauthorized message=Insufficient role.
2026-06-28T19:47:54.0445448Z [ADMIN] request.handler.failed requestId=5bd541b286964fe8a4533b93084cccd5 command=eventJournal.admin.create type=Unauthorized message=Insufficient role.
2026-06-28T19:47:54.0478203Z [ADMIN] request.handler.failed requestId=07c2eef2756e4a84bf81e9e4fae517a7 command=eventJournal.admin.update type=Unauthorized message=Insufficient role.
2026-06-28T19:47:54.0504604Z [ADMIN] request.handler.failed requestId=cb3307e156ec42868fbe0e7f7982f2e2 command=eventJournal.admin.archive type=Unauthorized message=Insufficient role.
2026-06-28T19:47:54.0643154Z [ADMIN] gm.note.create actor=dev_admin campaignId=default noteId=c6e3e1f7112e4626b10f0cf02daeac88 quick=False
2026-06-28T19:47:54.1071489Z [ADMIN] gm.note.list actor=dev_admin campaignId=default count=44
2026-06-28T19:47:54.1422995Z [ADMIN] journal.event.manual.created entryId=ea52264843804c8ea4b8a53bc890962c campaignId=default sequence=101 category=session
2026-06-28T19:47:54.1709503Z [ADMIN] journal.player.event.list actor=dev_player campaignId=default count=67
2026-06-28T19:47:54.1929488Z [ADMIN] journal.event.manual.created entryId=7e36540761f54a74af2cbf0b65f3b03b campaignId=default sequence=102 category=session
2026-06-28T19:47:54.2069496Z [ADMIN] journal.player.event.list actor=dev_player campaignId=default count=67
2026-06-28T19:47:54.2287224Z [ADMIN] journal.player.event.list actor=dev_player campaignId=default count=66
2026-06-28T19:47:54.2933222Z [ADMIN] journal.event.request_created_submitted entryId=934d3cae4d154adc9c5449b998b048f8 campaignId=default sequence=103 category=request
2026-06-28T19:47:54.2933222Z [ADMIN] player.request.journal.appended requestId=f04148fbc493496785c1cc0386a53ef7 requestNumber=1469 sourceEventType=request_created_submitted entryId=934d3cae4d154adc9c5449b998b048f8
2026-06-28T19:47:54.2933222Z [ADMIN] player.request.create.done actor=dev_player requestId=f04148fbc493496785c1cc0386a53ef7 type=general status=submitted
2026-06-28T19:47:54.3313676Z [ADMIN] journal.event.request_approve entryId=7ea7466e02804d069e64fd186ff53f4d campaignId=default sequence=104 category=request
2026-06-28T19:47:54.3313676Z [ADMIN] player.request.journal.appended requestId=f04148fbc493496785c1cc0386a53ef7 requestNumber=1469 sourceEventType=request_approve entryId=7ea7466e02804d069e64fd186ff53f4d
2026-06-28T19:47:54.3313676Z [ADMIN] player.request.approve.done actor=dev_admin requestId=f04148fbc493496785c1cc0386a53ef7 status=approved
2026-06-28T19:47:54.3503663Z [ADMIN] journal.player.event.list actor=dev_player campaignId=default count=38
2026-06-28T19:48:48.9529901Z [ADMIN] feature_flags.override_set flag=GMNotes.UseGMNotesMvp value=True user=5b7bf422afc5417fb7d0a4f0db04524c
2026-06-28T19:48:49.2532400Z [ADMIN] feature_flags.override_set flag=GMNotes.UseGMQuickNotes value=True user=5b7bf422afc5417fb7d0a4f0db04524c
2026-06-28T19:48:49.5392541Z [ADMIN] feature_flags.override_set flag=GMNotes.UseGMNoteFolders value=True user=5b7bf422afc5417fb7d0a4f0db04524c
2026-06-28T19:48:49.8220437Z [ADMIN] feature_flags.override_set flag=GMNotes.UseGMNoteEntityLinks value=True user=5b7bf422afc5417fb7d0a4f0db04524c
2026-06-28T19:48:50.0959349Z [ADMIN] feature_flags.override_set flag=GMNotes.UseGMNoteSearch value=True user=5b7bf422afc5417fb7d0a4f0db04524c
2026-06-28T19:48:50.3678107Z [ADMIN] feature_flags.override_set flag=GMNotes.UseGMNoteSharedVisibility value=True user=5b7bf422afc5417fb7d0a4f0db04524c
2026-06-28T19:48:50.6401951Z [ADMIN] feature_flags.override_set flag=GMNotes.UseGMNoteAudit value=True user=5b7bf422afc5417fb7d0a4f0db04524c
2026-06-28T19:48:50.9138772Z [ADMIN] feature_flags.override_set flag=EventJournal.UseEventJournalMvp value=True user=5b7bf422afc5417fb7d0a4f0db04524c
2026-06-28T19:48:51.1895903Z [ADMIN] feature_flags.override_set flag=EventJournal.UseEventJournalAutomaticIngestion value=True user=5b7bf422afc5417fb7d0a4f0db04524c
2026-06-28T19:48:51.4701227Z [ADMIN] feature_flags.override_set flag=EventJournal.UseEventJournalManualEntries value=True user=5b7bf422afc5417fb7d0a4f0db04524c
2026-06-28T19:48:51.7479227Z [ADMIN] feature_flags.override_set flag=EventJournal.UseEventJournalPlayerView value=True user=5b7bf422afc5417fb7d0a4f0db04524c
2026-06-28T19:48:52.0417273Z [ADMIN] feature_flags.override_set flag=EventJournal.UseEventJournalFilters value=True user=5b7bf422afc5417fb7d0a4f0db04524c
2026-06-28T19:48:52.3190609Z [ADMIN] feature_flags.override_set flag=EventJournal.UseEventJournalCorrections value=True user=5b7bf422afc5417fb7d0a4f0db04524c
2026-06-28T19:48:52.6000412Z [ADMIN] feature_flags.override_set flag=EventJournal.UseEventJournalRequestIntegration value=True user=5b7bf422afc5417fb7d0a4f0db04524c
2026-06-28T19:48:52.8748541Z [ADMIN] feature_flags.override_set flag=PlayerRequests.UsePlayerRequestsMvp value=True user=5b7bf422afc5417fb7d0a4f0db04524c
2026-06-28T19:48:53.1482819Z [ADMIN] feature_flags.override_set flag=PlayerRequests.UsePlayerRequestComments value=True user=5b7bf422afc5417fb7d0a4f0db04524c
2026-06-28T19:48:53.4202305Z [ADMIN] feature_flags.override_set flag=PlayerRequests.UsePlayerRequestAdminReview value=True user=5b7bf422afc5417fb7d0a4f0db04524c
2026-06-28T19:48:53.6920871Z [ADMIN] feature_flags.override_set flag=PlayerRequests.UsePlayerRequestPlayerView value=True user=5b7bf422afc5417fb7d0a4f0db04524c
2026-06-28T19:48:53.9783919Z [ADMIN] feature_flags.override_set flag=PlayerRequests.UsePlayerRequestCharacterLink value=True user=5b7bf422afc5417fb7d0a4f0db04524c
2026-06-28T19:48:54.2557453Z [ADMIN] feature_flags.override_set flag=PlayerRequests.UsePlayerRequestProposalPayload value=True user=5b7bf422afc5417fb7d0a4f0db04524c
2026-06-28T19:48:55.1149805Z [ADMIN] dice.feed.common itemsRaw=71
2026-06-28T19:48:55.1489821Z [ADMIN] dice.feed.common itemsMapped=71
2026-06-28T19:48:55.1489821Z [ADMIN] dice.visibleFeed actor=dev_player count=71
2026-06-28T19:48:55.3569664Z [ADMIN] request.handler.failed requestId=5c3401590270487ba181854550c8e1cf command=gmNotes.admin.list type=Unauthorized message=Insufficient role.
2026-06-28T19:48:55.3609691Z [ADMIN] request.handler.failed requestId=06c14a11c7444a12afb4f61e6beb87d5 command=gmNotes.admin.create type=Unauthorized message=Insufficient role.
2026-06-28T19:48:55.3639677Z [ADMIN] request.handler.failed requestId=bbc0599788544ecd95e7aebcb5e38041 command=gmNotes.admin.update type=Unauthorized message=Insufficient role.
2026-06-28T19:48:55.3669683Z [ADMIN] request.handler.failed requestId=becf911e019141f39a1edcbe243d3026 command=gmNotes.admin.archive type=Unauthorized message=Insufficient role.
2026-06-28T19:48:55.3693807Z [ADMIN] request.handler.failed requestId=d3e80105f0e94d8d97ddee7cafaf6bbf command=eventJournal.admin.create type=Unauthorized message=Insufficient role.
2026-06-28T19:48:55.3723828Z [ADMIN] request.handler.failed requestId=539626ce7858406aad63e5802b5634a1 command=eventJournal.admin.update type=Unauthorized message=Insufficient role.
2026-06-28T19:48:55.3753797Z [ADMIN] request.handler.failed requestId=4601bfa0a48044d2b8fb604270b649c5 command=eventJournal.admin.archive type=Unauthorized message=Insufficient role.
2026-06-28T19:48:55.3918035Z [ADMIN] gm.note.create actor=dev_admin campaignId=default noteId=6b07936f42bc488fbcb2259f86296b4c quick=False
2026-06-28T19:48:55.4363700Z [ADMIN] gm.note.list actor=dev_admin campaignId=default count=45
2026-06-28T19:48:55.4743663Z [ADMIN] journal.event.manual.created entryId=5c1cb6fc81a448728134951af013bc6f campaignId=default sequence=105 category=session
2026-06-28T19:48:55.5022663Z [ADMIN] journal.player.event.list actor=dev_player campaignId=default count=69
2026-06-28T19:48:55.5213747Z [ADMIN] journal.event.manual.created entryId=c7c4c14a69f04ab1bcbbc7de58409743 campaignId=default sequence=106 category=session
2026-06-28T19:48:55.5361560Z [ADMIN] journal.player.event.list actor=dev_player campaignId=default count=69
2026-06-28T19:48:55.5573661Z [ADMIN] journal.player.event.list actor=dev_player campaignId=default count=68
2026-06-28T19:48:55.6193573Z [ADMIN] journal.event.request_created_submitted entryId=4aea5bbeacd64643b9e7e8a3f43121fc campaignId=default sequence=107 category=request
2026-06-28T19:48:55.6193573Z [ADMIN] player.request.journal.appended requestId=14cccbd1516241cda015573ecf7ed8b3 requestNumber=1470 sourceEventType=request_created_submitted entryId=4aea5bbeacd64643b9e7e8a3f43121fc
2026-06-28T19:48:55.6193573Z [ADMIN] player.request.create.done actor=dev_player requestId=14cccbd1516241cda015573ecf7ed8b3 type=general status=submitted
2026-06-28T19:48:55.6540668Z [ADMIN] journal.event.request_approve entryId=88b478f32e93421c9f3659384fc4b2d9 campaignId=default sequence=108 category=request
2026-06-28T19:48:55.6540668Z [ADMIN] player.request.journal.appended requestId=14cccbd1516241cda015573ecf7ed8b3 requestNumber=1470 sourceEventType=request_approve entryId=88b478f32e93421c9f3659384fc4b2d9
2026-06-28T19:48:55.6540668Z [ADMIN] player.request.approve.done actor=dev_admin requestId=14cccbd1516241cda015573ecf7ed8b3 status=approved
2026-06-28T19:48:55.6720666Z [ADMIN] journal.player.event.list actor=dev_player campaignId=default count=40
2026-06-28T21:05:09.9838177Z [ADMIN] feature_flags.override_set flag=GMNotes.UseGMNotesMvp value=True user=5b7bf422afc5417fb7d0a4f0db04524c
2026-06-28T21:05:10.2781727Z [ADMIN] feature_flags.override_set flag=GMNotes.UseGMQuickNotes value=True user=5b7bf422afc5417fb7d0a4f0db04524c
2026-06-28T21:05:10.5564802Z [ADMIN] feature_flags.override_set flag=GMNotes.UseGMNoteFolders value=True user=5b7bf422afc5417fb7d0a4f0db04524c
2026-06-28T21:05:10.8308339Z [ADMIN] feature_flags.override_set flag=GMNotes.UseGMNoteEntityLinks value=True user=5b7bf422afc5417fb7d0a4f0db04524c
2026-06-28T21:05:11.0893889Z [ADMIN] feature_flags.override_set flag=GMNotes.UseGMNoteSearch value=True user=5b7bf422afc5417fb7d0a4f0db04524c
2026-06-28T21:05:11.3471893Z [ADMIN] feature_flags.override_set flag=GMNotes.UseGMNoteSharedVisibility value=True user=5b7bf422afc5417fb7d0a4f0db04524c
2026-06-28T21:05:11.6035750Z [ADMIN] feature_flags.override_set flag=GMNotes.UseGMNoteAudit value=True user=5b7bf422afc5417fb7d0a4f0db04524c
2026-06-28T21:05:11.8565330Z [ADMIN] feature_flags.override_set flag=EventJournal.UseEventJournalMvp value=True user=5b7bf422afc5417fb7d0a4f0db04524c
2026-06-28T21:05:12.1122131Z [ADMIN] feature_flags.override_set flag=EventJournal.UseEventJournalAutomaticIngestion value=True user=5b7bf422afc5417fb7d0a4f0db04524c
2026-06-28T21:05:12.3666262Z [ADMIN] feature_flags.override_set flag=EventJournal.UseEventJournalManualEntries value=True user=5b7bf422afc5417fb7d0a4f0db04524c
2026-06-28T21:05:12.6396659Z [ADMIN] feature_flags.override_set flag=EventJournal.UseEventJournalPlayerView value=True user=5b7bf422afc5417fb7d0a4f0db04524c
2026-06-28T21:05:12.8963868Z [ADMIN] feature_flags.override_set flag=EventJournal.UseEventJournalFilters value=True user=5b7bf422afc5417fb7d0a4f0db04524c
2026-06-28T21:05:13.1504489Z [ADMIN] feature_flags.override_set flag=EventJournal.UseEventJournalCorrections value=True user=5b7bf422afc5417fb7d0a4f0db04524c
2026-06-28T21:05:13.4054539Z [ADMIN] feature_flags.override_set flag=EventJournal.UseEventJournalRequestIntegration value=True user=5b7bf422afc5417fb7d0a4f0db04524c
2026-06-28T21:05:13.6573075Z [ADMIN] feature_flags.override_set flag=PlayerRequests.UsePlayerRequestsMvp value=True user=5b7bf422afc5417fb7d0a4f0db04524c
2026-06-28T21:05:13.9111279Z [ADMIN] feature_flags.override_set flag=PlayerRequests.UsePlayerRequestComments value=True user=5b7bf422afc5417fb7d0a4f0db04524c
2026-06-28T21:05:14.1615212Z [ADMIN] feature_flags.override_set flag=PlayerRequests.UsePlayerRequestAdminReview value=True user=5b7bf422afc5417fb7d0a4f0db04524c
2026-06-28T21:05:14.4142456Z [ADMIN] feature_flags.override_set flag=PlayerRequests.UsePlayerRequestPlayerView value=True user=5b7bf422afc5417fb7d0a4f0db04524c
2026-06-28T21:05:14.6696619Z [ADMIN] feature_flags.override_set flag=PlayerRequests.UsePlayerRequestCharacterLink value=True user=5b7bf422afc5417fb7d0a4f0db04524c
2026-06-28T21:05:14.9222740Z [ADMIN] feature_flags.override_set flag=PlayerRequests.UsePlayerRequestProposalPayload value=True user=5b7bf422afc5417fb7d0a4f0db04524c
2026-06-28T21:05:15.7575731Z [ADMIN] dice.feed.common itemsRaw=71
2026-06-28T21:05:15.7895749Z [ADMIN] dice.feed.common itemsMapped=71
2026-06-28T21:05:15.7905739Z [ADMIN] dice.visibleFeed actor=dev_player count=71
2026-06-28T21:05:16.0351094Z [ADMIN] request.handler.failed requestId=d7c75bee7f1c4b26a2d5884008f64d13 command=gmNotes.admin.list type=Unauthorized message=Insufficient role.
2026-06-28T21:05:16.0381095Z [ADMIN] request.handler.failed requestId=b137ff9c80764c809ac4a20e29712f74 command=gmNotes.admin.create type=Unauthorized message=Insufficient role.
2026-06-28T21:05:16.0423855Z [ADMIN] request.handler.failed requestId=cce5fccbfb78482abf8d68c1179039dd command=gmNotes.admin.update type=Unauthorized message=Insufficient role.
2026-06-28T21:05:16.0455497Z [ADMIN] request.handler.failed requestId=24fbb3f48a3f4f4fad7b06ccc1558623 command=gmNotes.admin.archive type=Unauthorized message=Insufficient role.
2026-06-28T21:05:16.0481541Z [ADMIN] request.handler.failed requestId=efdb9132f0854e2aa3c4c3d981329408 command=eventJournal.admin.create type=Unauthorized message=Insufficient role.
2026-06-28T21:05:16.0518242Z [ADMIN] request.handler.failed requestId=18cf170d6aea42cdb0eea3a202f502ee command=eventJournal.admin.update type=Unauthorized message=Insufficient role.
2026-06-28T21:05:16.0548242Z [ADMIN] request.handler.failed requestId=9579efca75244b3e892ee51aa223088d command=eventJournal.admin.archive type=Unauthorized message=Insufficient role.
2026-06-28T21:05:16.0738252Z [ADMIN] gm.note.create actor=dev_admin campaignId=default noteId=21f52cc934c24b2aa38433759f305642 quick=False
2026-06-28T21:05:16.1178249Z [ADMIN] gm.note.list actor=dev_admin campaignId=default count=46
2026-06-28T21:05:16.1558250Z [ADMIN] journal.event.manual.created entryId=a11507a61dd14b79a923ee1e8cf3fca0 campaignId=default sequence=117 category=session
2026-06-28T21:05:16.1848250Z [ADMIN] journal.player.event.list actor=dev_player campaignId=default count=79
2026-06-28T21:05:16.2073529Z [ADMIN] journal.event.manual.created entryId=50ba4ffb0c884babac532315ae73253e campaignId=default sequence=118 category=session
2026-06-28T21:05:16.2223524Z [ADMIN] journal.player.event.list actor=dev_player campaignId=default count=79
2026-06-28T21:05:16.2423534Z [ADMIN] journal.player.event.list actor=dev_player campaignId=default count=78
2026-06-28T21:05:16.3043538Z [ADMIN] journal.event.request_created_submitted entryId=ddb5918418724c8f8ee6cd6a23a8b20a campaignId=default sequence=119 category=request
2026-06-28T21:05:16.3043538Z [ADMIN] player.request.journal.appended requestId=663bac50810c4d0f83e46dc0e2337c6d requestNumber=1476 sourceEventType=request_created_submitted entryId=ddb5918418724c8f8ee6cd6a23a8b20a
2026-06-28T21:05:16.3043538Z [ADMIN] player.request.create.done actor=dev_player requestId=663bac50810c4d0f83e46dc0e2337c6d type=general status=submitted
2026-06-28T21:05:16.3393536Z [ADMIN] journal.event.request_approve entryId=3bef2448efad4d038c3bb7b553da27da campaignId=default sequence=120 category=request
2026-06-28T21:05:16.3393536Z [ADMIN] player.request.journal.appended requestId=663bac50810c4d0f83e46dc0e2337c6d requestNumber=1476 sourceEventType=request_approve entryId=3bef2448efad4d038c3bb7b553da27da
2026-06-28T21:05:16.3403532Z [ADMIN] player.request.approve.done actor=dev_admin requestId=663bac50810c4d0f83e46dc0e2337c6d status=approved
2026-06-28T21:05:16.3593526Z [ADMIN] journal.player.event.list actor=dev_player campaignId=default count=42
2026-06-28T21:21:45.9904599Z [ADMIN] feature_flags.override_set flag=GMNotes.UseGMNotesMvp value=True user=5b7bf422afc5417fb7d0a4f0db04524c
2026-06-28T21:21:46.2935204Z [ADMIN] feature_flags.override_set flag=GMNotes.UseGMQuickNotes value=True user=5b7bf422afc5417fb7d0a4f0db04524c
2026-06-28T21:21:46.5649200Z [ADMIN] feature_flags.override_set flag=GMNotes.UseGMNoteFolders value=True user=5b7bf422afc5417fb7d0a4f0db04524c
2026-06-28T21:21:46.8412121Z [ADMIN] feature_flags.override_set flag=GMNotes.UseGMNoteEntityLinks value=True user=5b7bf422afc5417fb7d0a4f0db04524c
2026-06-28T21:21:47.1035721Z [ADMIN] feature_flags.override_set flag=GMNotes.UseGMNoteSearch value=True user=5b7bf422afc5417fb7d0a4f0db04524c
2026-06-28T21:21:47.3724305Z [ADMIN] feature_flags.override_set flag=GMNotes.UseGMNoteSharedVisibility value=True user=5b7bf422afc5417fb7d0a4f0db04524c
2026-06-28T21:21:47.6458671Z [ADMIN] feature_flags.override_set flag=GMNotes.UseGMNoteAudit value=True user=5b7bf422afc5417fb7d0a4f0db04524c
2026-06-28T21:21:47.9083060Z [ADMIN] feature_flags.override_set flag=EventJournal.UseEventJournalMvp value=True user=5b7bf422afc5417fb7d0a4f0db04524c
2026-06-28T21:21:48.1767116Z [ADMIN] feature_flags.override_set flag=EventJournal.UseEventJournalAutomaticIngestion value=True user=5b7bf422afc5417fb7d0a4f0db04524c
2026-06-28T21:21:48.4518159Z [ADMIN] feature_flags.override_set flag=EventJournal.UseEventJournalManualEntries value=True user=5b7bf422afc5417fb7d0a4f0db04524c
2026-06-28T21:21:48.7338610Z [ADMIN] feature_flags.override_set flag=EventJournal.UseEventJournalPlayerView value=True user=5b7bf422afc5417fb7d0a4f0db04524c
2026-06-28T21:21:49.0027940Z [ADMIN] feature_flags.override_set flag=EventJournal.UseEventJournalFilters value=True user=5b7bf422afc5417fb7d0a4f0db04524c
2026-06-28T21:21:49.2643561Z [ADMIN] feature_flags.override_set flag=EventJournal.UseEventJournalCorrections value=True user=5b7bf422afc5417fb7d0a4f0db04524c
2026-06-28T21:21:49.5282649Z [ADMIN] feature_flags.override_set flag=EventJournal.UseEventJournalRequestIntegration value=True user=5b7bf422afc5417fb7d0a4f0db04524c
2026-06-28T21:21:49.7948883Z [ADMIN] feature_flags.override_set flag=PlayerRequests.UsePlayerRequestsMvp value=True user=5b7bf422afc5417fb7d0a4f0db04524c
2026-06-28T21:21:50.0642531Z [ADMIN] feature_flags.override_set flag=PlayerRequests.UsePlayerRequestComments value=True user=5b7bf422afc5417fb7d0a4f0db04524c
2026-06-28T21:21:50.3233143Z [ADMIN] feature_flags.override_set flag=PlayerRequests.UsePlayerRequestAdminReview value=True user=5b7bf422afc5417fb7d0a4f0db04524c
2026-06-28T21:21:50.5817151Z [ADMIN] feature_flags.override_set flag=PlayerRequests.UsePlayerRequestPlayerView value=True user=5b7bf422afc5417fb7d0a4f0db04524c
2026-06-28T21:21:50.8407011Z [ADMIN] feature_flags.override_set flag=PlayerRequests.UsePlayerRequestCharacterLink value=True user=5b7bf422afc5417fb7d0a4f0db04524c
2026-06-28T21:21:51.0976946Z [ADMIN] feature_flags.override_set flag=PlayerRequests.UsePlayerRequestProposalPayload value=True user=5b7bf422afc5417fb7d0a4f0db04524c
2026-06-28T21:21:51.9179768Z [ADMIN] dice.feed.common itemsRaw=71
2026-06-28T21:21:51.9526360Z [ADMIN] dice.feed.common itemsMapped=71
2026-06-28T21:21:51.9526360Z [ADMIN] dice.visibleFeed actor=dev_player count=71
2026-06-28T21:21:52.1916273Z [ADMIN] request.handler.failed requestId=5a7ce7c04a13454a97fa6f32bebcd79d command=gmNotes.admin.list type=Unauthorized message=Insufficient role.
2026-06-28T21:21:52.1946269Z [ADMIN] request.handler.failed requestId=7cf9506ff50f43c68970151616e3d2d9 command=gmNotes.admin.create type=Unauthorized message=Insufficient role.
2026-06-28T21:21:52.1986268Z [ADMIN] request.handler.failed requestId=0e59c424128c4325abc619c4b352ae9c command=gmNotes.admin.update type=Unauthorized message=Insufficient role.
2026-06-28T21:21:52.2022102Z [ADMIN] request.handler.failed requestId=c2424bdaa26b4caeb29d1be429e80be0 command=gmNotes.admin.archive type=Unauthorized message=Insufficient role.
2026-06-28T21:21:52.2042088Z [ADMIN] request.handler.failed requestId=e4685dc95eaf4372b4b85c9251b0a6d9 command=eventJournal.admin.create type=Unauthorized message=Insufficient role.
2026-06-28T21:21:52.2085562Z [ADMIN] request.handler.failed requestId=28115bd90d3d4ec6b5275445184945be command=eventJournal.admin.update type=Unauthorized message=Insufficient role.
2026-06-28T21:21:52.2111872Z [ADMIN] request.handler.failed requestId=fad5ebcc8d174d2e8ebc7a2eaf90abc2 command=eventJournal.admin.archive type=Unauthorized message=Insufficient role.
2026-06-28T21:21:52.2286191Z [ADMIN] gm.note.create actor=dev_admin campaignId=default noteId=3bc549a904d94ad592eeb84c1804e66a quick=False
2026-06-28T21:21:52.2727289Z [ADMIN] gm.note.list actor=dev_admin campaignId=default count=47
2026-06-28T21:21:52.3093035Z [ADMIN] journal.event.manual.created entryId=8d4a670752274fa4932072ed1b240d4f campaignId=default sequence=121 category=session
2026-06-28T21:21:52.3382008Z [ADMIN] journal.player.event.list actor=dev_player campaignId=default count=81
2026-06-28T21:21:52.3602043Z [ADMIN] journal.event.manual.created entryId=92117e99e65b415f84865c42eb14fe10 campaignId=default sequence=122 category=session
2026-06-28T21:21:52.3747265Z [ADMIN] journal.player.event.list actor=dev_player campaignId=default count=81
2026-06-28T21:21:52.3946166Z [ADMIN] journal.player.event.list actor=dev_player campaignId=default count=80
2026-06-28T21:21:52.4576200Z [ADMIN] journal.event.request_created_submitted entryId=a465ea76ec5744e6bb4772379cf9cffe campaignId=default sequence=123 category=request
2026-06-28T21:21:52.4586412Z [ADMIN] player.request.journal.appended requestId=5a0e992ecfea4b50b0ed74c0dd7db863 requestNumber=1477 sourceEventType=request_created_submitted entryId=a465ea76ec5744e6bb4772379cf9cffe
2026-06-28T21:21:52.4586412Z [ADMIN] player.request.create.done actor=dev_player requestId=5a0e992ecfea4b50b0ed74c0dd7db863 type=general status=submitted
2026-06-28T21:21:52.4941878Z [ADMIN] journal.event.request_approve entryId=35e9aac2e59c4036ab42a60b2d024eae campaignId=default sequence=124 category=request
2026-06-28T21:21:52.4941878Z [ADMIN] player.request.journal.appended requestId=5a0e992ecfea4b50b0ed74c0dd7db863 requestNumber=1477 sourceEventType=request_approve entryId=35e9aac2e59c4036ab42a60b2d024eae
2026-06-28T21:21:52.4951860Z [ADMIN] player.request.approve.done actor=dev_admin requestId=5a0e992ecfea4b50b0ed74c0dd7db863 status=approved
2026-06-28T21:21:52.5141955Z [ADMIN] journal.player.event.list actor=dev_player campaignId=default count=44
2026-06-28T21:32:50.1166518Z [ADMIN] feature_flags.override_set flag=GMNotes.UseGMNotesMvp value=True user=5b7bf422afc5417fb7d0a4f0db04524c
2026-06-28T21:32:50.4025316Z [ADMIN] feature_flags.override_set flag=GMNotes.UseGMQuickNotes value=True user=5b7bf422afc5417fb7d0a4f0db04524c
2026-06-28T21:32:50.6762683Z [ADMIN] feature_flags.override_set flag=GMNotes.UseGMNoteFolders value=True user=5b7bf422afc5417fb7d0a4f0db04524c
2026-06-28T21:32:50.9570910Z [ADMIN] feature_flags.override_set flag=GMNotes.UseGMNoteEntityLinks value=True user=5b7bf422afc5417fb7d0a4f0db04524c
2026-06-28T21:32:51.2224465Z [ADMIN] feature_flags.override_set flag=GMNotes.UseGMNoteSearch value=True user=5b7bf422afc5417fb7d0a4f0db04524c
2026-06-28T21:32:51.4793515Z [ADMIN] feature_flags.override_set flag=GMNotes.UseGMNoteSharedVisibility value=True user=5b7bf422afc5417fb7d0a4f0db04524c
2026-06-28T21:32:51.7413063Z [ADMIN] feature_flags.override_set flag=GMNotes.UseGMNoteAudit value=True user=5b7bf422afc5417fb7d0a4f0db04524c
2026-06-28T21:32:52.0068502Z [ADMIN] feature_flags.override_set flag=EventJournal.UseEventJournalMvp value=True user=5b7bf422afc5417fb7d0a4f0db04524c
2026-06-28T21:32:52.2866833Z [ADMIN] feature_flags.override_set flag=EventJournal.UseEventJournalAutomaticIngestion value=True user=5b7bf422afc5417fb7d0a4f0db04524c
2026-06-28T21:32:52.5579524Z [ADMIN] feature_flags.override_set flag=EventJournal.UseEventJournalManualEntries value=True user=5b7bf422afc5417fb7d0a4f0db04524c
2026-06-28T21:32:52.8304174Z [ADMIN] feature_flags.override_set flag=EventJournal.UseEventJournalPlayerView value=True user=5b7bf422afc5417fb7d0a4f0db04524c
2026-06-28T21:32:53.0919193Z [ADMIN] feature_flags.override_set flag=EventJournal.UseEventJournalFilters value=True user=5b7bf422afc5417fb7d0a4f0db04524c
2026-06-28T21:32:53.3498553Z [ADMIN] feature_flags.override_set flag=EventJournal.UseEventJournalCorrections value=True user=5b7bf422afc5417fb7d0a4f0db04524c
2026-06-28T21:32:53.6192125Z [ADMIN] feature_flags.override_set flag=EventJournal.UseEventJournalRequestIntegration value=True user=5b7bf422afc5417fb7d0a4f0db04524c
2026-06-28T21:32:53.8889383Z [ADMIN] feature_flags.override_set flag=PlayerRequests.UsePlayerRequestsMvp value=True user=5b7bf422afc5417fb7d0a4f0db04524c
2026-06-28T21:32:54.1638244Z [ADMIN] feature_flags.override_set flag=PlayerRequests.UsePlayerRequestComments value=True user=5b7bf422afc5417fb7d0a4f0db04524c
2026-06-28T21:32:54.4339658Z [ADMIN] feature_flags.override_set flag=PlayerRequests.UsePlayerRequestAdminReview value=True user=5b7bf422afc5417fb7d0a4f0db04524c
2026-06-28T21:32:54.6949648Z [ADMIN] feature_flags.override_set flag=PlayerRequests.UsePlayerRequestPlayerView value=True user=5b7bf422afc5417fb7d0a4f0db04524c
2026-06-28T21:32:54.9616472Z [ADMIN] feature_flags.override_set flag=PlayerRequests.UsePlayerRequestCharacterLink value=True user=5b7bf422afc5417fb7d0a4f0db04524c
2026-06-28T21:32:55.2345766Z [ADMIN] feature_flags.override_set flag=PlayerRequests.UsePlayerRequestProposalPayload value=True user=5b7bf422afc5417fb7d0a4f0db04524c
2026-06-28T21:32:56.0695678Z [ADMIN] dice.feed.common itemsRaw=71
2026-06-28T21:32:56.1055682Z [ADMIN] dice.feed.common itemsMapped=71
2026-06-28T21:32:56.1055682Z [ADMIN] dice.visibleFeed actor=dev_player count=71
2026-06-28T21:32:56.3599305Z [ADMIN] request.handler.failed requestId=0fa68ecf0b73413592e037ceafb95fa1 command=gmNotes.admin.list type=Unauthorized message=Insufficient role.
2026-06-28T21:32:56.3639311Z [ADMIN] request.handler.failed requestId=c4f88026c5524e8284db153595b1fca4 command=gmNotes.admin.create type=Unauthorized message=Insufficient role.
2026-06-28T21:32:56.3679283Z [ADMIN] request.handler.failed requestId=4f1b8d7ac9224f20be80859e7d485187 command=gmNotes.admin.update type=Unauthorized message=Insufficient role.
2026-06-28T21:32:56.3709292Z [ADMIN] request.handler.failed requestId=34565e799ebb425ba674edbfb3389e8b command=gmNotes.admin.archive type=Unauthorized message=Insufficient role.
2026-06-28T21:32:56.3739292Z [ADMIN] request.handler.failed requestId=6ffe2ae1a4554919af88fe65f57daa54 command=eventJournal.admin.create type=Unauthorized message=Insufficient role.
2026-06-28T21:32:56.3769307Z [ADMIN] request.handler.failed requestId=52f432b5940545ccbb8181b2f6aa16b4 command=eventJournal.admin.update type=Unauthorized message=Insufficient role.
2026-06-28T21:32:56.3799287Z [ADMIN] request.handler.failed requestId=d0eafbf51f504fb299ffb3cd13db83cb command=eventJournal.admin.archive type=Unauthorized message=Insufficient role.
2026-06-28T21:32:56.3984546Z [ADMIN] gm.note.create actor=dev_admin campaignId=default noteId=4c912ce8a5f14cf297dc9529354994ea quick=False
2026-06-28T21:32:56.4437943Z [ADMIN] gm.note.list actor=dev_admin campaignId=default count=48
2026-06-28T21:32:56.4833947Z [ADMIN] journal.event.manual.created entryId=730c4d6dd2304e0096e701590d978f0d campaignId=default sequence=125 category=session
2026-06-28T21:32:56.5153332Z [ADMIN] journal.player.event.list actor=dev_player campaignId=default count=83
2026-06-28T21:32:56.5395336Z [ADMIN] journal.event.manual.created entryId=3519463428de4da9808cef9d1c74550a campaignId=default sequence=126 category=session
2026-06-28T21:32:56.5552854Z [ADMIN] journal.player.event.list actor=dev_player campaignId=default count=83
2026-06-28T21:32:56.5747894Z [ADMIN] journal.player.event.list actor=dev_player campaignId=default count=82
2026-06-28T21:32:56.6385599Z [ADMIN] journal.event.request_created_submitted entryId=a522d31d01934ab5832b4a4029c171e7 campaignId=default sequence=127 category=request
2026-06-28T21:32:56.6385599Z [ADMIN] player.request.journal.appended requestId=bff39d146a5d4b5782efb133fda67f90 requestNumber=1478 sourceEventType=request_created_submitted entryId=a522d31d01934ab5832b4a4029c171e7
2026-06-28T21:32:56.6385599Z [ADMIN] player.request.create.done actor=dev_player requestId=bff39d146a5d4b5782efb133fda67f90 type=general status=submitted
2026-06-28T21:32:56.6755586Z [ADMIN] journal.event.request_approve entryId=f3754d77e12a4befa5c63538c7153868 campaignId=default sequence=128 category=request
2026-06-28T21:32:56.6755586Z [ADMIN] player.request.journal.appended requestId=bff39d146a5d4b5782efb133fda67f90 requestNumber=1478 sourceEventType=request_approve entryId=f3754d77e12a4befa5c63538c7153868
2026-06-28T21:32:56.6755586Z [ADMIN] player.request.approve.done actor=dev_admin requestId=bff39d146a5d4b5782efb133fda67f90 status=approved
2026-06-28T21:32:56.6955588Z [ADMIN] journal.player.event.list actor=dev_player campaignId=default count=46
2026-06-29T03:19:08.6428810Z [ADMIN] feature_flags.override_set flag=GMNotes.UseGMNotesMvp value=True user=5b7bf422afc5417fb7d0a4f0db04524c
2026-06-29T03:19:08.9319513Z [ADMIN] feature_flags.override_set flag=GMNotes.UseGMQuickNotes value=True user=5b7bf422afc5417fb7d0a4f0db04524c
2026-06-29T03:19:09.1928992Z [ADMIN] feature_flags.override_set flag=GMNotes.UseGMNoteFolders value=True user=5b7bf422afc5417fb7d0a4f0db04524c
2026-06-29T03:19:09.4617772Z [ADMIN] feature_flags.override_set flag=GMNotes.UseGMNoteEntityLinks value=True user=5b7bf422afc5417fb7d0a4f0db04524c
2026-06-29T03:19:09.7155249Z [ADMIN] feature_flags.override_set flag=GMNotes.UseGMNoteSearch value=True user=5b7bf422afc5417fb7d0a4f0db04524c
2026-06-29T03:19:09.9690707Z [ADMIN] feature_flags.override_set flag=GMNotes.UseGMNoteSharedVisibility value=True user=5b7bf422afc5417fb7d0a4f0db04524c
2026-06-29T03:19:10.2229224Z [ADMIN] feature_flags.override_set flag=GMNotes.UseGMNoteAudit value=True user=5b7bf422afc5417fb7d0a4f0db04524c
2026-06-29T03:19:10.4879231Z [ADMIN] feature_flags.override_set flag=EventJournal.UseEventJournalMvp value=True user=5b7bf422afc5417fb7d0a4f0db04524c
2026-06-29T03:19:10.7383927Z [ADMIN] feature_flags.override_set flag=EventJournal.UseEventJournalAutomaticIngestion value=True user=5b7bf422afc5417fb7d0a4f0db04524c
2026-06-29T03:19:10.9860509Z [ADMIN] feature_flags.override_set flag=EventJournal.UseEventJournalManualEntries value=True user=5b7bf422afc5417fb7d0a4f0db04524c
2026-06-29T03:19:11.2378938Z [ADMIN] feature_flags.override_set flag=EventJournal.UseEventJournalPlayerView value=True user=5b7bf422afc5417fb7d0a4f0db04524c
2026-06-29T03:19:11.4881557Z [ADMIN] feature_flags.override_set flag=EventJournal.UseEventJournalFilters value=True user=5b7bf422afc5417fb7d0a4f0db04524c
2026-06-29T03:19:11.7372337Z [ADMIN] feature_flags.override_set flag=EventJournal.UseEventJournalCorrections value=True user=5b7bf422afc5417fb7d0a4f0db04524c
2026-06-29T03:19:11.9861749Z [ADMIN] feature_flags.override_set flag=EventJournal.UseEventJournalRequestIntegration value=True user=5b7bf422afc5417fb7d0a4f0db04524c
2026-06-29T03:19:12.2342655Z [ADMIN] feature_flags.override_set flag=PlayerRequests.UsePlayerRequestsMvp value=True user=5b7bf422afc5417fb7d0a4f0db04524c
2026-06-29T03:19:12.4848756Z [ADMIN] feature_flags.override_set flag=PlayerRequests.UsePlayerRequestComments value=True user=5b7bf422afc5417fb7d0a4f0db04524c
2026-06-29T03:19:12.7374525Z [ADMIN] feature_flags.override_set flag=PlayerRequests.UsePlayerRequestAdminReview value=True user=5b7bf422afc5417fb7d0a4f0db04524c
2026-06-29T03:19:12.9902858Z [ADMIN] feature_flags.override_set flag=PlayerRequests.UsePlayerRequestPlayerView value=True user=5b7bf422afc5417fb7d0a4f0db04524c
2026-06-29T03:19:13.2497334Z [ADMIN] feature_flags.override_set flag=PlayerRequests.UsePlayerRequestCharacterLink value=True user=5b7bf422afc5417fb7d0a4f0db04524c
2026-06-29T03:19:13.4959001Z [ADMIN] feature_flags.override_set flag=PlayerRequests.UsePlayerRequestProposalPayload value=True user=5b7bf422afc5417fb7d0a4f0db04524c
2026-06-29T03:19:14.2775794Z [ADMIN] dice.feed.common itemsRaw=83
2026-06-29T03:19:14.3140930Z [ADMIN] dice.feed.common itemsMapped=83
2026-06-29T03:19:14.3140930Z [ADMIN] dice.visibleFeed actor=dev_player count=83
2026-06-29T03:19:14.5522612Z [ADMIN] request.handler.failed requestId=f0a2fbdb43a84e7ab5d8da2ef6dae0f1 command=gmNotes.admin.list type=Unauthorized message=Insufficient role.
2026-06-29T03:19:14.5562629Z [ADMIN] request.handler.failed requestId=70e7d604419448ba80f4dada19e3c18f command=gmNotes.admin.create type=Unauthorized message=Insufficient role.
2026-06-29T03:19:14.5592614Z [ADMIN] request.handler.failed requestId=39b257c55981406597f45e6322083045 command=gmNotes.admin.update type=Unauthorized message=Insufficient role.
2026-06-29T03:19:14.5652614Z [ADMIN] request.handler.failed requestId=1063d8dca37141b485397c79e0472adb command=gmNotes.admin.archive type=Unauthorized message=Insufficient role.
2026-06-29T03:19:14.5682615Z [ADMIN] request.handler.failed requestId=e818e7bc109c48e28e5cb3c1a94d7c91 command=eventJournal.admin.create type=Unauthorized message=Insufficient role.
2026-06-29T03:19:14.5712620Z [ADMIN] request.handler.failed requestId=cc70e34eefa0454e9f38c33bc99c29e4 command=eventJournal.admin.update type=Unauthorized message=Insufficient role.
2026-06-29T03:19:14.5742615Z [ADMIN] request.handler.failed requestId=abcc98e795d64e6ea484cc5d6560614d command=eventJournal.admin.archive type=Unauthorized message=Insufficient role.
2026-06-29T03:19:14.5882614Z [ADMIN] gm.note.create actor=dev_admin campaignId=default noteId=4fa831e12890437980f4f19dadf991f6 quick=False
2026-06-29T03:19:14.6302614Z [ADMIN] gm.note.list actor=dev_admin campaignId=default count=49
2026-06-29T03:19:14.6682614Z [ADMIN] journal.event.manual.created entryId=54057d2d99b0498582680583623acaf6 campaignId=default sequence=153 category=session
2026-06-29T03:19:14.6998932Z [ADMIN] journal.player.event.list actor=dev_player campaignId=default count=109
2026-06-29T03:19:14.7229302Z [ADMIN] journal.event.manual.created entryId=e66e3ab77f2246c1949cfbf68b8d7550 campaignId=default sequence=154 category=session
2026-06-29T03:19:14.7379302Z [ADMIN] journal.player.event.list actor=dev_player campaignId=default count=109
2026-06-29T03:19:14.7611504Z [ADMIN] journal.player.event.list actor=dev_player campaignId=default count=108
2026-06-29T03:19:14.8239261Z [ADMIN] journal.event.request_created_submitted entryId=28ba1f13b60d4ad887a4a9c327899385 campaignId=default sequence=155 category=request
2026-06-29T03:19:14.8239261Z [ADMIN] player.request.journal.appended requestId=5d87b5e273064e0199efcfba18b3e2b2 requestNumber=1492 sourceEventType=request_created_submitted entryId=28ba1f13b60d4ad887a4a9c327899385
2026-06-29T03:19:14.8249262Z [ADMIN] player.request.create.done actor=dev_player requestId=5d87b5e273064e0199efcfba18b3e2b2 type=general status=submitted
2026-06-29T03:19:14.8619262Z [ADMIN] journal.event.request_approve entryId=6065921f5ae74ac78deaa2c344986e44 campaignId=default sequence=156 category=request
2026-06-29T03:19:14.8619262Z [ADMIN] player.request.journal.appended requestId=5d87b5e273064e0199efcfba18b3e2b2 requestNumber=1492 sourceEventType=request_approve entryId=6065921f5ae74ac78deaa2c344986e44
2026-06-29T03:19:14.8619262Z [ADMIN] player.request.approve.done actor=dev_admin requestId=5d87b5e273064e0199efcfba18b3e2b2 status=approved
2026-06-29T03:19:14.8889283Z [ADMIN] journal.player.event.list actor=dev_player campaignId=default count=48
2026-06-29T03:46:44.6006890Z [ADMIN] feature_flags.override_set flag=GMNotes.UseGMNotesMvp value=True user=5b7bf422afc5417fb7d0a4f0db04524c
2026-06-29T03:46:44.8854944Z [ADMIN] feature_flags.override_set flag=GMNotes.UseGMQuickNotes value=True user=5b7bf422afc5417fb7d0a4f0db04524c
2026-06-29T03:46:45.1514963Z [ADMIN] feature_flags.override_set flag=GMNotes.UseGMNoteFolders value=True user=5b7bf422afc5417fb7d0a4f0db04524c
2026-06-29T03:46:45.4174923Z [ADMIN] feature_flags.override_set flag=GMNotes.UseGMNoteEntityLinks value=True user=5b7bf422afc5417fb7d0a4f0db04524c
2026-06-29T03:46:45.6736235Z [ADMIN] feature_flags.override_set flag=GMNotes.UseGMNoteSearch value=True user=5b7bf422afc5417fb7d0a4f0db04524c
2026-06-29T03:46:45.9267324Z [ADMIN] feature_flags.override_set flag=GMNotes.UseGMNoteSharedVisibility value=True user=5b7bf422afc5417fb7d0a4f0db04524c
2026-06-29T03:46:46.1809089Z [ADMIN] feature_flags.override_set flag=GMNotes.UseGMNoteAudit value=True user=5b7bf422afc5417fb7d0a4f0db04524c
2026-06-29T03:46:46.4479076Z [ADMIN] feature_flags.override_set flag=EventJournal.UseEventJournalMvp value=True user=5b7bf422afc5417fb7d0a4f0db04524c
2026-06-29T03:46:46.6995228Z [ADMIN] feature_flags.override_set flag=EventJournal.UseEventJournalAutomaticIngestion value=True user=5b7bf422afc5417fb7d0a4f0db04524c
2026-06-29T03:46:46.9509217Z [ADMIN] feature_flags.override_set flag=EventJournal.UseEventJournalManualEntries value=True user=5b7bf422afc5417fb7d0a4f0db04524c
2026-06-29T03:46:47.2147096Z [ADMIN] feature_flags.override_set flag=EventJournal.UseEventJournalPlayerView value=True user=5b7bf422afc5417fb7d0a4f0db04524c
2026-06-29T03:46:47.4731067Z [ADMIN] feature_flags.override_set flag=EventJournal.UseEventJournalFilters value=True user=5b7bf422afc5417fb7d0a4f0db04524c
2026-06-29T03:46:47.7275243Z [ADMIN] feature_flags.override_set flag=EventJournal.UseEventJournalCorrections value=True user=5b7bf422afc5417fb7d0a4f0db04524c
2026-06-29T03:46:47.9838552Z [ADMIN] feature_flags.override_set flag=EventJournal.UseEventJournalRequestIntegration value=True user=5b7bf422afc5417fb7d0a4f0db04524c
2026-06-29T03:46:48.2431512Z [ADMIN] feature_flags.override_set flag=PlayerRequests.UsePlayerRequestsMvp value=True user=5b7bf422afc5417fb7d0a4f0db04524c
2026-06-29T03:46:48.5002163Z [ADMIN] feature_flags.override_set flag=PlayerRequests.UsePlayerRequestComments value=True user=5b7bf422afc5417fb7d0a4f0db04524c
2026-06-29T03:46:48.7517506Z [ADMIN] feature_flags.override_set flag=PlayerRequests.UsePlayerRequestAdminReview value=True user=5b7bf422afc5417fb7d0a4f0db04524c
2026-06-29T03:46:49.0170947Z [ADMIN] feature_flags.override_set flag=PlayerRequests.UsePlayerRequestPlayerView value=True user=5b7bf422afc5417fb7d0a4f0db04524c
2026-06-29T03:46:49.2711443Z [ADMIN] feature_flags.override_set flag=PlayerRequests.UsePlayerRequestCharacterLink value=True user=5b7bf422afc5417fb7d0a4f0db04524c
2026-06-29T03:46:49.5289564Z [ADMIN] feature_flags.override_set flag=PlayerRequests.UsePlayerRequestProposalPayload value=True user=5b7bf422afc5417fb7d0a4f0db04524c
2026-06-29T03:46:50.3267859Z [ADMIN] dice.feed.common itemsRaw=83
2026-06-29T03:46:50.3650490Z [ADMIN] dice.feed.common itemsMapped=83
2026-06-29T03:46:50.3650490Z [ADMIN] dice.visibleFeed actor=dev_player count=83
2026-06-29T03:46:50.6085990Z [ADMIN] request.handler.failed requestId=63e1237b371547fcaab63f8a4309dcc2 command=gmNotes.admin.list type=Unauthorized message=Insufficient role.
2026-06-29T03:46:50.6125979Z [ADMIN] request.handler.failed requestId=e6adfb5fedc845dfa957f5534b248be3 command=gmNotes.admin.create type=Unauthorized message=Insufficient role.
2026-06-29T03:46:50.6155988Z [ADMIN] request.handler.failed requestId=9b03f4c6ad3e46ab8a4fc009ac26fce8 command=gmNotes.admin.update type=Unauthorized message=Insufficient role.
2026-06-29T03:46:50.6225983Z [ADMIN] request.handler.failed requestId=0fb92599873d4e5f926a04c2d8093cb9 command=gmNotes.admin.archive type=Unauthorized message=Insufficient role.
2026-06-29T03:46:50.6245990Z [ADMIN] request.handler.failed requestId=3cfcc1efb903484cabb57c84173330be command=eventJournal.admin.create type=Unauthorized message=Insufficient role.
2026-06-29T03:46:50.6275984Z [ADMIN] request.handler.failed requestId=e94fc52def5143bb865ace1f5fb3cccb command=eventJournal.admin.update type=Unauthorized message=Insufficient role.
2026-06-29T03:46:50.6305983Z [ADMIN] request.handler.failed requestId=9fa3b378279b43ea8b02409032d98223 command=eventJournal.admin.archive type=Unauthorized message=Insufficient role.
2026-06-29T03:46:50.6445990Z [ADMIN] gm.note.create actor=dev_admin campaignId=default noteId=c73e2f9dd23344ea941e5c85eb80aa55 quick=False
2026-06-29T03:46:50.6885986Z [ADMIN] gm.note.list actor=dev_admin campaignId=default count=50
2026-06-29T03:46:50.7265979Z [ADMIN] journal.event.manual.created entryId=2275fe1b000c42a4889a2facd47c54b3 campaignId=default sequence=157 category=session
2026-06-29T03:46:50.7565979Z [ADMIN] journal.player.event.list actor=dev_player campaignId=default count=111
2026-06-29T03:46:50.7795980Z [ADMIN] journal.event.manual.created entryId=2027c410dc4a4dc8bd7d0ee1580e530f campaignId=default sequence=158 category=session
2026-06-29T03:46:50.7955972Z [ADMIN] journal.player.event.list actor=dev_player campaignId=default count=111
2026-06-29T03:46:50.8195974Z [ADMIN] journal.player.event.list actor=dev_player campaignId=default count=110
2026-06-29T03:46:50.8845990Z [ADMIN] journal.event.request_created_submitted entryId=008bfcd5b7dd4c35b0e4f86d9a5d2f83 campaignId=default sequence=159 category=request
2026-06-29T03:46:50.8845990Z [ADMIN] player.request.journal.appended requestId=cd1d67ebddc94595acb760189c4a08a0 requestNumber=1493 sourceEventType=request_created_submitted entryId=008bfcd5b7dd4c35b0e4f86d9a5d2f83
2026-06-29T03:46:50.8855988Z [ADMIN] player.request.create.done actor=dev_player requestId=cd1d67ebddc94595acb760189c4a08a0 type=general status=submitted
2026-06-29T03:46:50.9205984Z [ADMIN] journal.event.request_approve entryId=3dc608af37d6492a8406e2810939185f campaignId=default sequence=160 category=request
2026-06-29T03:46:50.9215979Z [ADMIN] player.request.journal.appended requestId=cd1d67ebddc94595acb760189c4a08a0 requestNumber=1493 sourceEventType=request_approve entryId=3dc608af37d6492a8406e2810939185f
2026-06-29T03:46:50.9215979Z [ADMIN] player.request.approve.done actor=dev_admin requestId=cd1d67ebddc94595acb760189c4a08a0 status=approved
2026-06-29T03:46:50.9475988Z [ADMIN] journal.player.event.list actor=dev_player campaignId=default count=50
2026-06-29T04:07:08.2675013Z [ADMIN] feature_flags.override_set flag=GMNotes.UseGMNotesMvp value=True user=5b7bf422afc5417fb7d0a4f0db04524c
2026-06-29T04:07:08.5596830Z [ADMIN] feature_flags.override_set flag=GMNotes.UseGMQuickNotes value=True user=5b7bf422afc5417fb7d0a4f0db04524c
2026-06-29T04:07:08.8283690Z [ADMIN] feature_flags.override_set flag=GMNotes.UseGMNoteFolders value=True user=5b7bf422afc5417fb7d0a4f0db04524c
2026-06-29T04:07:09.0978832Z [ADMIN] feature_flags.override_set flag=GMNotes.UseGMNoteEntityLinks value=True user=5b7bf422afc5417fb7d0a4f0db04524c
2026-06-29T04:07:09.3606710Z [ADMIN] feature_flags.override_set flag=GMNotes.UseGMNoteSearch value=True user=5b7bf422afc5417fb7d0a4f0db04524c
2026-06-29T04:07:09.6241456Z [ADMIN] feature_flags.override_set flag=GMNotes.UseGMNoteSharedVisibility value=True user=5b7bf422afc5417fb7d0a4f0db04524c
2026-06-29T04:07:09.9100792Z [ADMIN] feature_flags.override_set flag=GMNotes.UseGMNoteAudit value=True user=5b7bf422afc5417fb7d0a4f0db04524c
2026-06-29T04:07:10.1717046Z [ADMIN] feature_flags.override_set flag=EventJournal.UseEventJournalMvp value=True user=5b7bf422afc5417fb7d0a4f0db04524c
2026-06-29T04:07:10.4271838Z [ADMIN] feature_flags.override_set flag=EventJournal.UseEventJournalAutomaticIngestion value=True user=5b7bf422afc5417fb7d0a4f0db04524c
2026-06-29T04:07:10.6769954Z [ADMIN] feature_flags.override_set flag=EventJournal.UseEventJournalManualEntries value=True user=5b7bf422afc5417fb7d0a4f0db04524c
2026-06-29T04:07:10.9285317Z [ADMIN] feature_flags.override_set flag=EventJournal.UseEventJournalPlayerView value=True user=5b7bf422afc5417fb7d0a4f0db04524c
2026-06-29T04:07:11.1911309Z [ADMIN] feature_flags.override_set flag=EventJournal.UseEventJournalFilters value=True user=5b7bf422afc5417fb7d0a4f0db04524c
2026-06-29T04:07:11.4466791Z [ADMIN] feature_flags.override_set flag=EventJournal.UseEventJournalCorrections value=True user=5b7bf422afc5417fb7d0a4f0db04524c
2026-06-29T04:07:11.7015081Z [ADMIN] feature_flags.override_set flag=EventJournal.UseEventJournalRequestIntegration value=True user=5b7bf422afc5417fb7d0a4f0db04524c
2026-06-29T04:07:11.9551618Z [ADMIN] feature_flags.override_set flag=PlayerRequests.UsePlayerRequestsMvp value=True user=5b7bf422afc5417fb7d0a4f0db04524c
2026-06-29T04:07:12.2051849Z [ADMIN] feature_flags.override_set flag=PlayerRequests.UsePlayerRequestComments value=True user=5b7bf422afc5417fb7d0a4f0db04524c
2026-06-29T04:07:12.4581999Z [ADMIN] feature_flags.override_set flag=PlayerRequests.UsePlayerRequestAdminReview value=True user=5b7bf422afc5417fb7d0a4f0db04524c
2026-06-29T04:07:12.7112462Z [ADMIN] feature_flags.override_set flag=PlayerRequests.UsePlayerRequestPlayerView value=True user=5b7bf422afc5417fb7d0a4f0db04524c
2026-06-29T04:07:12.9637921Z [ADMIN] feature_flags.override_set flag=PlayerRequests.UsePlayerRequestCharacterLink value=True user=5b7bf422afc5417fb7d0a4f0db04524c
2026-06-29T04:07:13.2138172Z [ADMIN] feature_flags.override_set flag=PlayerRequests.UsePlayerRequestProposalPayload value=True user=5b7bf422afc5417fb7d0a4f0db04524c
2026-06-29T04:07:14.0078905Z [ADMIN] dice.feed.common itemsRaw=87
2026-06-29T04:07:14.0468905Z [ADMIN] dice.feed.common itemsMapped=87
2026-06-29T04:07:14.0468905Z [ADMIN] dice.visibleFeed actor=dev_player count=87
2026-06-29T04:07:14.2924554Z [ADMIN] request.handler.failed requestId=0f250376ec9c4ed791838d9010354103 command=gmNotes.admin.list type=Unauthorized message=Insufficient role.
2026-06-29T04:07:14.2994562Z [ADMIN] request.handler.failed requestId=5611e838e3e94c558fc72dff8a8016a6 command=gmNotes.admin.create type=Unauthorized message=Insufficient role.
2026-06-29T04:07:14.3034567Z [ADMIN] request.handler.failed requestId=ef28ac979c8340cbb5a352d5cb0515c7 command=gmNotes.admin.update type=Unauthorized message=Insufficient role.
2026-06-29T04:07:14.3064561Z [ADMIN] request.handler.failed requestId=84127794fa734cb78983f642b3ead5ce command=gmNotes.admin.archive type=Unauthorized message=Insufficient role.
2026-06-29T04:07:14.3094575Z [ADMIN] request.handler.failed requestId=ca95758feec34b089ce0921e6457cb87 command=eventJournal.admin.create type=Unauthorized message=Insufficient role.
2026-06-29T04:07:14.3124569Z [ADMIN] request.handler.failed requestId=41cde41b4ee746f5849c2d8c255f342b command=eventJournal.admin.update type=Unauthorized message=Insufficient role.
2026-06-29T04:07:14.3154582Z [ADMIN] request.handler.failed requestId=edff7bf0f64640eeb1e94e82b790fb00 command=eventJournal.admin.archive type=Unauthorized message=Insufficient role.
2026-06-29T04:07:14.3294562Z [ADMIN] gm.note.create actor=dev_admin campaignId=default noteId=47b232111e1b4170abdb07a61255813c quick=False
2026-06-29T04:07:14.3724556Z [ADMIN] gm.note.list actor=dev_admin campaignId=default count=51
2026-06-29T04:07:14.4124562Z [ADMIN] journal.event.manual.created entryId=ab4d8f76f2d3403e914ae25c7d97dbc0 campaignId=default sequence=169 category=session
2026-06-29T04:07:14.4434562Z [ADMIN] journal.player.event.list actor=dev_player campaignId=default count=121
2026-06-29T04:07:14.4684556Z [ADMIN] journal.event.manual.created entryId=d157580ca838408191902a88e439f2b7 campaignId=default sequence=170 category=session
2026-06-29T04:07:14.4844568Z [ADMIN] journal.player.event.list actor=dev_player campaignId=default count=121
2026-06-29T04:07:14.5104577Z [ADMIN] journal.player.event.list actor=dev_player campaignId=default count=120
2026-06-29T04:07:14.5754558Z [ADMIN] journal.event.request_created_submitted entryId=e3f681595c45478399b31b417a1438cb campaignId=default sequence=171 category=request
2026-06-29T04:07:14.5754558Z [ADMIN] player.request.journal.appended requestId=19b8df503dea4280ad6f892fb87354fd requestNumber=1499 sourceEventType=request_created_submitted entryId=e3f681595c45478399b31b417a1438cb
2026-06-29T04:07:14.5754558Z [ADMIN] player.request.create.done actor=dev_player requestId=19b8df503dea4280ad6f892fb87354fd type=general status=submitted
2026-06-29T04:07:14.6124570Z [ADMIN] journal.event.request_approve entryId=3e4715bba92b4abcbb06df07655a513b campaignId=default sequence=172 category=request
2026-06-29T04:07:14.6124570Z [ADMIN] player.request.journal.appended requestId=19b8df503dea4280ad6f892fb87354fd requestNumber=1499 sourceEventType=request_approve entryId=3e4715bba92b4abcbb06df07655a513b
2026-06-29T04:07:14.6124570Z [ADMIN] player.request.approve.done actor=dev_admin requestId=19b8df503dea4280ad6f892fb87354fd status=approved
2026-06-29T04:07:14.6424572Z [ADMIN] journal.player.event.list actor=dev_player campaignId=default count=52
2026-06-29T06:00:09.6378805Z [ADMIN] feature_flags.override_set flag=Development.UseDevelopmentHexagonMvp value=True user=5b7bf422afc5417fb7d0a4f0db04524c
2026-06-29T06:00:09.9394106Z [ADMIN] feature_flags.override_set flag=Development.UseDevelopmentProfileV1 value=True user=5b7bf422afc5417fb7d0a4f0db04524c
2026-06-29T06:00:10.2553061Z [ADMIN] feature_flags.override_set flag=Development.UseDevelopmentNodeDefinitions value=True user=5b7bf422afc5417fb7d0a4f0db04524c
2026-06-29T06:00:10.5533645Z [ADMIN] feature_flags.override_set flag=Development.UseMainDevelopmentHexagon value=True user=5b7bf422afc5417fb7d0a4f0db04524c
2026-06-29T06:00:10.8436939Z [ADMIN] feature_flags.override_set flag=Development.UseMultiDevelopmentHexagons value=True user=5b7bf422afc5417fb7d0a4f0db04524c
2026-06-29T06:00:11.1302934Z [ADMIN] feature_flags.override_set flag=Development.UseMagicDevelopmentHexagon value=True user=5b7bf422afc5417fb7d0a4f0db04524c
2026-06-29T06:00:11.4206954Z [ADMIN] feature_flags.override_set flag=Development.UseDevelopmentDirections value=True user=5b7bf422afc5417fb7d0a4f0db04524c
2026-06-29T06:00:11.7305812Z [ADMIN] feature_flags.override_set flag=Development.UseDevelopmentNodePurchase value=True user=5b7bf422afc5417fb7d0a4f0db04524c
2026-06-29T06:00:12.0233047Z [ADMIN] feature_flags.override_set flag=Development.UseExperienceCoins value=True user=5b7bf422afc5417fb7d0a4f0db04524c
2026-06-29T06:00:12.3074778Z [ADMIN] feature_flags.override_set flag=Development.UseDevelopmentRequirements value=True user=5b7bf422afc5417fb7d0a4f0db04524c
2026-06-29T06:00:12.5955755Z [ADMIN] feature_flags.override_set flag=Development.UseDevelopmentRewards value=True user=5b7bf422afc5417fb7d0a4f0db04524c
2026-06-29T06:00:12.9019891Z [ADMIN] feature_flags.override_set flag=Development.UseDevelopmentPlayerView value=True user=5b7bf422afc5417fb7d0a4f0db04524c
2026-06-29T06:00:13.1876753Z [ADMIN] feature_flags.override_set flag=Development.UseDevelopmentAdminView value=True user=5b7bf422afc5417fb7d0a4f0db04524c
2026-06-29T06:00:13.4785178Z [ADMIN] feature_flags.override_set flag=Development.UseDevelopmentRequestIntegration value=True user=5b7bf422afc5417fb7d0a4f0db04524c
2026-06-29T06:07:28.7824332Z [ADMIN] admin.accounts.pending actor=dev_admin count=0
2026-06-29T06:07:29.0269812Z [ADMIN] dice.feed.common itemsRaw=87
2026-06-29T06:07:29.0639810Z [ADMIN] dice.feed.common itemsMapped=87
2026-06-29T06:07:29.0649809Z [ADMIN] dice.visibleFeed actor=dev_admin count=87
2026-06-29T06:07:29.1826251Z [ADMIN] dice.feed.common itemsRaw=87
2026-06-29T06:07:29.2205841Z [ADMIN] dice.feed.common itemsMapped=87
2026-06-29T06:07:29.2211171Z [ADMIN] dice.visibleFeed actor=dev_admin count=87
2026-06-29T06:07:38.7711603Z [ADMIN] admin.accounts.pending actor=dev_admin count=0
2026-06-29T06:07:38.9499150Z [ADMIN] dice.feed.common itemsRaw=87
2026-06-29T06:07:38.9862673Z [ADMIN] dice.feed.common itemsMapped=87
2026-06-29T06:07:38.9862673Z [ADMIN] dice.visibleFeed actor=dev_admin count=87
2026-06-29T06:07:39.0682145Z [ADMIN] dice.feed.common itemsRaw=87
2026-06-29T06:07:39.1050641Z [ADMIN] dice.feed.common itemsMapped=87
2026-06-29T06:07:39.1050641Z [ADMIN] dice.visibleFeed actor=dev_admin count=87
2026-06-29T06:07:49.2531236Z [ADMIN] admin.accounts.pending actor=dev_admin count=0
2026-06-29T06:07:49.4220141Z [ADMIN] dice.feed.common itemsRaw=87
2026-06-29T06:07:49.4586007Z [ADMIN] dice.feed.common itemsMapped=87
2026-06-29T06:07:49.4586007Z [ADMIN] dice.visibleFeed actor=dev_admin count=87
2026-06-29T06:07:49.5453809Z [ADMIN] dice.feed.common itemsRaw=87
2026-06-29T06:07:49.5816227Z [ADMIN] dice.feed.common itemsMapped=87
2026-06-29T06:07:49.5816227Z [ADMIN] dice.visibleFeed actor=dev_admin count=87
2026-06-29T06:07:59.7082580Z [ADMIN] admin.accounts.pending actor=dev_admin count=0
2026-06-29T06:07:59.8821026Z [ADMIN] dice.feed.common itemsRaw=87
2026-06-29T06:07:59.9209924Z [ADMIN] dice.feed.common itemsMapped=87
2026-06-29T06:07:59.9209924Z [ADMIN] dice.visibleFeed actor=dev_admin count=87
2026-06-29T06:08:00.0125122Z [ADMIN] dice.feed.common itemsRaw=87
2026-06-29T06:08:00.0509360Z [ADMIN] dice.feed.common itemsMapped=87
2026-06-29T06:08:00.0509360Z [ADMIN] dice.visibleFeed actor=dev_admin count=87
2026-06-29T06:08:10.1923711Z [ADMIN] admin.accounts.pending actor=dev_admin count=0
2026-06-29T06:08:10.3672517Z [ADMIN] dice.feed.common itemsRaw=87
2026-06-29T06:08:10.4065933Z [ADMIN] dice.feed.common itemsMapped=87
2026-06-29T06:08:10.4075936Z [ADMIN] dice.visibleFeed actor=dev_admin count=87
2026-06-29T06:08:10.4882010Z [ADMIN] dice.feed.common itemsRaw=87
2026-06-29T06:08:10.5258088Z [ADMIN] dice.feed.common itemsMapped=87
2026-06-29T06:08:10.5258088Z [ADMIN] dice.visibleFeed actor=dev_admin count=87
2026-06-29T06:08:20.6604703Z [ADMIN] admin.accounts.pending actor=dev_admin count=0
2026-06-29T06:08:20.8347876Z [ADMIN] dice.feed.common itemsRaw=87
2026-06-29T06:08:20.8707873Z [ADMIN] dice.feed.common itemsMapped=87
2026-06-29T06:08:20.8707873Z [ADMIN] dice.visibleFeed actor=dev_admin count=87
2026-06-29T06:08:20.9540591Z [ADMIN] dice.feed.common itemsRaw=87
2026-06-29T06:08:20.9906039Z [ADMIN] dice.feed.common itemsMapped=87
2026-06-29T06:08:20.9906039Z [ADMIN] dice.visibleFeed actor=dev_admin count=87
2026-06-29T06:08:31.1133896Z [ADMIN] admin.accounts.pending actor=dev_admin count=0
2026-06-29T06:08:31.2907778Z [ADMIN] dice.feed.common itemsRaw=87
2026-06-29T06:08:31.3273544Z [ADMIN] dice.feed.common itemsMapped=87
2026-06-29T06:08:31.3273544Z [ADMIN] dice.visibleFeed actor=dev_admin count=87
2026-06-29T06:08:31.4153555Z [ADMIN] dice.feed.common itemsRaw=87
2026-06-29T06:08:31.4509257Z [ADMIN] dice.feed.common itemsMapped=87
2026-06-29T06:08:31.4519261Z [ADMIN] dice.visibleFeed actor=dev_admin count=87
2026-06-29T06:08:41.5827470Z [ADMIN] admin.accounts.pending actor=dev_admin count=0
2026-06-29T06:08:41.7657976Z [ADMIN] dice.feed.common itemsRaw=87
2026-06-29T06:08:41.8003290Z [ADMIN] dice.feed.common itemsMapped=87
2026-06-29T06:08:41.8013290Z [ADMIN] dice.visibleFeed actor=dev_admin count=87
2026-06-29T06:08:41.8818381Z [ADMIN] dice.feed.common itemsRaw=87
2026-06-29T06:08:41.9177974Z [ADMIN] dice.feed.common itemsMapped=87
2026-06-29T06:08:41.9187971Z [ADMIN] dice.visibleFeed actor=dev_admin count=87
2026-06-29T06:08:52.0528817Z [ADMIN] admin.accounts.pending actor=dev_admin count=0
2026-06-29T06:08:52.2266349Z [ADMIN] dice.feed.common itemsRaw=87
2026-06-29T06:08:52.2636435Z [ADMIN] dice.feed.common itemsMapped=87
2026-06-29T06:08:52.2636435Z [ADMIN] dice.visibleFeed actor=dev_admin count=87
2026-06-29T06:08:52.3435835Z [ADMIN] dice.feed.common itemsRaw=87
2026-06-29T06:08:52.3806573Z [ADMIN] dice.feed.common itemsMapped=87
2026-06-29T06:08:52.3806573Z [ADMIN] dice.visibleFeed actor=dev_admin count=87
2026-06-29T06:09:02.5048176Z [ADMIN] admin.accounts.pending actor=dev_admin count=0
2026-06-29T06:09:02.6861526Z [ADMIN] dice.feed.common itemsRaw=87
2026-06-29T06:09:02.7252129Z [ADMIN] dice.feed.common itemsMapped=87
2026-06-29T06:09:02.7257288Z [ADMIN] dice.visibleFeed actor=dev_admin count=87
2026-06-29T06:09:02.8131753Z [ADMIN] dice.feed.common itemsRaw=87
2026-06-29T06:09:02.8525795Z [ADMIN] dice.feed.common itemsMapped=87
2026-06-29T06:09:02.8531054Z [ADMIN] dice.visibleFeed actor=dev_admin count=87
2026-06-29T06:09:12.9885877Z [ADMIN] admin.accounts.pending actor=dev_admin count=0
2026-06-29T06:09:13.1606203Z [ADMIN] dice.feed.common itemsRaw=87
2026-06-29T06:09:13.1974790Z [ADMIN] dice.feed.common itemsMapped=87
2026-06-29T06:09:13.1984787Z [ADMIN] dice.visibleFeed actor=dev_admin count=87
2026-06-29T06:09:13.2782317Z [ADMIN] dice.feed.common itemsRaw=87
2026-06-29T06:09:13.3152316Z [ADMIN] dice.feed.common itemsMapped=87
2026-06-29T06:09:13.3152316Z [ADMIN] dice.visibleFeed actor=dev_admin count=87
2026-06-29T06:12:09.6152276Z [ADMIN] admin.accounts.pending actor=dev_admin count=0
2026-06-29T06:12:09.7997834Z [ADMIN] dice.feed.common itemsRaw=87
2026-06-29T06:12:09.8372346Z [ADMIN] dice.feed.common itemsMapped=87
2026-06-29T06:12:09.8372346Z [ADMIN] dice.visibleFeed actor=dev_admin count=87
2026-06-29T06:12:09.9367665Z [ADMIN] dice.feed.common itemsRaw=87
2026-06-29T06:12:09.9737667Z [ADMIN] dice.feed.common itemsMapped=87
2026-06-29T06:12:09.9737667Z [ADMIN] dice.visibleFeed actor=dev_admin count=87
2026-06-29T06:12:17.1550632Z [ADMIN] development.hexagon.layout.save actor=dev_admin hexagonId=main_development_hexagon changed=1
2026-06-29T06:12:19.6278293Z [ADMIN] admin.accounts.pending actor=dev_admin count=0
2026-06-29T06:12:19.7998293Z [ADMIN] dice.feed.common itemsRaw=87
2026-06-29T06:12:19.8372775Z [ADMIN] dice.feed.common itemsMapped=87
2026-06-29T06:12:19.8372775Z [ADMIN] dice.visibleFeed actor=dev_admin count=87
2026-06-29T06:12:19.9183243Z [ADMIN] dice.feed.common itemsRaw=87
2026-06-29T06:12:19.9549244Z [ADMIN] dice.feed.common itemsMapped=87
2026-06-29T06:12:19.9549244Z [ADMIN] dice.visibleFeed actor=dev_admin count=87
2026-06-29T06:12:30.0831781Z [ADMIN] admin.accounts.pending actor=dev_admin count=0
2026-06-29T06:12:30.2545404Z [ADMIN] dice.feed.common itemsRaw=87
2026-06-29T06:12:30.2895769Z [ADMIN] dice.feed.common itemsMapped=87
2026-06-29T06:12:30.2895769Z [ADMIN] dice.visibleFeed actor=dev_admin count=87
2026-06-29T06:12:30.3788853Z [ADMIN] dice.feed.common itemsRaw=87
2026-06-29T06:12:30.4146842Z [ADMIN] dice.feed.common itemsMapped=87
2026-06-29T06:12:30.4156841Z [ADMIN] dice.visibleFeed actor=dev_admin count=87
2026-06-29T06:12:40.5360450Z [ADMIN] admin.accounts.pending actor=dev_admin count=0
2026-06-29T06:12:40.7080333Z [ADMIN] dice.feed.common itemsRaw=87
2026-06-29T06:12:40.7446210Z [ADMIN] dice.feed.common itemsMapped=87
2026-06-29T06:12:40.7456203Z [ADMIN] dice.visibleFeed actor=dev_admin count=87
2026-06-29T06:12:40.8315062Z [ADMIN] dice.feed.common itemsRaw=87
2026-06-29T06:12:40.8675051Z [ADMIN] dice.feed.common itemsMapped=87
2026-06-29T06:12:40.8685056Z [ADMIN] dice.visibleFeed actor=dev_admin count=87
2026-06-29T06:12:51.0045036Z [ADMIN] admin.accounts.pending actor=dev_admin count=0
2026-06-29T06:12:51.1820299Z [ADMIN] dice.feed.common itemsRaw=87
2026-06-29T06:12:51.2200290Z [ADMIN] dice.feed.common itemsMapped=87
2026-06-29T06:12:51.2200290Z [ADMIN] dice.visibleFeed actor=dev_admin count=87
2026-06-29T06:12:51.3082294Z [ADMIN] dice.feed.common itemsRaw=87
2026-06-29T06:12:51.3463611Z [ADMIN] dice.feed.common itemsMapped=87
2026-06-29T06:12:51.3473609Z [ADMIN] dice.visibleFeed actor=dev_admin count=87
2026-06-29T06:13:01.4893002Z [ADMIN] admin.accounts.pending actor=dev_admin count=0
2026-06-29T06:13:01.6627455Z [ADMIN] dice.feed.common itemsRaw=87
2026-06-29T06:13:01.7013385Z [ADMIN] dice.feed.common itemsMapped=87
2026-06-29T06:13:01.7013385Z [ADMIN] dice.visibleFeed actor=dev_admin count=87
2026-06-29T06:13:01.7902910Z [ADMIN] dice.feed.common itemsRaw=87
2026-06-29T06:13:01.8282912Z [ADMIN] dice.feed.common itemsMapped=87
2026-06-29T06:13:01.8282912Z [ADMIN] dice.visibleFeed actor=dev_admin count=87
2026-06-29T06:13:11.9571435Z [ADMIN] admin.accounts.pending actor=dev_admin count=0
2026-06-29T06:13:12.1246746Z [ADMIN] dice.feed.common itemsRaw=87
2026-06-29T06:13:12.1616748Z [ADMIN] dice.feed.common itemsMapped=87
2026-06-29T06:13:12.1616748Z [ADMIN] dice.visibleFeed actor=dev_admin count=87
2026-06-29T06:13:12.2536785Z [ADMIN] dice.feed.common itemsRaw=87
2026-06-29T06:13:12.2961556Z [ADMIN] dice.feed.common itemsMapped=87
2026-06-29T06:13:12.2961556Z [ADMIN] dice.visibleFeed actor=dev_admin count=87
2026-06-29T06:13:22.4423991Z [ADMIN] admin.accounts.pending actor=dev_admin count=0
2026-06-29T06:13:22.6242560Z [ADMIN] dice.feed.common itemsRaw=87
2026-06-29T06:13:22.6609385Z [ADMIN] dice.feed.common itemsMapped=87
2026-06-29T06:13:22.6609385Z [ADMIN] dice.visibleFeed actor=dev_admin count=87
2026-06-29T06:13:22.7429735Z [ADMIN] dice.feed.common itemsRaw=87
2026-06-29T06:13:22.7799420Z [ADMIN] dice.feed.common itemsMapped=87
2026-06-29T06:13:22.7799420Z [ADMIN] dice.visibleFeed actor=dev_admin count=87
2026-06-29T06:13:32.9109167Z [ADMIN] admin.accounts.pending actor=dev_admin count=0
2026-06-29T06:13:33.0867856Z [ADMIN] dice.feed.common itemsRaw=87
2026-06-29T06:13:33.1239063Z [ADMIN] dice.feed.common itemsMapped=87
2026-06-29T06:13:33.1239063Z [ADMIN] dice.visibleFeed actor=dev_admin count=87
2026-06-29T06:13:33.2125762Z [ADMIN] dice.feed.common itemsRaw=87
2026-06-29T06:13:33.2528045Z [ADMIN] dice.feed.common itemsMapped=87
2026-06-29T06:13:33.2528045Z [ADMIN] dice.visibleFeed actor=dev_admin count=87
2026-06-29T06:13:47.3805128Z [ADMIN] admin.accounts.pending actor=dev_admin count=0
2026-06-29T06:13:47.5681825Z [ADMIN] dice.feed.common itemsRaw=87
2026-06-29T06:13:47.6051836Z [ADMIN] dice.feed.common itemsMapped=87
2026-06-29T06:13:47.6051836Z [ADMIN] dice.visibleFeed actor=dev_admin count=87
2026-06-29T06:13:47.7031832Z [ADMIN] dice.feed.common itemsRaw=87
2026-06-29T06:13:47.7407164Z [ADMIN] dice.feed.common itemsMapped=87
2026-06-29T06:13:47.7407164Z [ADMIN] dice.visibleFeed actor=dev_admin count=87
2026-06-29T06:13:57.3807708Z [ADMIN] admin.accounts.pending actor=dev_admin count=0
2026-06-29T06:13:57.5503532Z [ADMIN] dice.feed.common itemsRaw=87
2026-06-29T06:13:57.5873539Z [ADMIN] dice.feed.common itemsMapped=87
2026-06-29T06:13:57.5873539Z [ADMIN] dice.visibleFeed actor=dev_admin count=87
2026-06-29T06:13:57.6710422Z [ADMIN] dice.feed.common itemsRaw=87
2026-06-29T06:13:57.7065768Z [ADMIN] dice.feed.common itemsMapped=87
2026-06-29T06:13:57.7065768Z [ADMIN] dice.visibleFeed actor=dev_admin count=87
2026-06-29T06:14:07.8323104Z [ADMIN] admin.accounts.pending actor=dev_admin count=0
2026-06-29T06:14:08.0063201Z [ADMIN] dice.feed.common itemsRaw=87
2026-06-29T06:14:08.0443192Z [ADMIN] dice.feed.common itemsMapped=87
2026-06-29T06:14:08.0443192Z [ADMIN] dice.visibleFeed actor=dev_admin count=87
2026-06-29T06:14:08.1263200Z [ADMIN] dice.feed.common itemsRaw=87
2026-06-29T06:14:08.1648077Z [ADMIN] dice.feed.common itemsMapped=87
2026-06-29T06:14:08.1648077Z [ADMIN] dice.visibleFeed actor=dev_admin count=87
2026-06-29T06:14:18.3024237Z [ADMIN] admin.accounts.pending actor=dev_admin count=0
2026-06-29T06:14:18.4935046Z [ADMIN] dice.feed.common itemsRaw=87
2026-06-29T06:14:18.5344426Z [ADMIN] dice.feed.common itemsMapped=87
2026-06-29T06:14:18.5344426Z [ADMIN] dice.visibleFeed actor=dev_admin count=87
2026-06-29T06:14:18.6197532Z [ADMIN] dice.feed.common itemsRaw=87
2026-06-29T06:14:18.6594470Z [ADMIN] dice.feed.common itemsMapped=87
2026-06-29T06:14:18.6604440Z [ADMIN] dice.visibleFeed actor=dev_admin count=87
2026-06-29T06:14:28.8009230Z [ADMIN] admin.accounts.pending actor=dev_admin count=0
2026-06-29T06:14:45.9644149Z [ADMIN] admin.accounts.pending actor=dev_admin count=0
2026-06-29T06:14:46.1463988Z [ADMIN] dice.feed.common itemsRaw=87
2026-06-29T06:14:46.1853101Z [ADMIN] dice.feed.common itemsMapped=87
2026-06-29T06:14:46.1853101Z [ADMIN] dice.visibleFeed actor=dev_admin count=87
2026-06-29T06:14:46.2853934Z [ADMIN] dice.feed.common itemsRaw=87
2026-06-29T06:14:46.3219137Z [ADMIN] dice.feed.common itemsMapped=87
2026-06-29T06:14:46.3219137Z [ADMIN] dice.visibleFeed actor=dev_admin count=87
2026-06-29T06:14:53.4805362Z [ADMIN] development.hexagon.layout.save actor=dev_admin hexagonId=main_development_hexagon changed=1
2026-06-29T06:14:55.9575522Z [ADMIN] admin.accounts.pending actor=dev_admin count=0
2026-06-29T06:14:56.1433773Z [ADMIN] dice.feed.common itemsRaw=87
2026-06-29T06:14:56.1856845Z [ADMIN] dice.feed.common itemsMapped=87
2026-06-29T06:14:56.1856845Z [ADMIN] dice.visibleFeed actor=dev_admin count=87
2026-06-29T06:14:56.2715746Z [ADMIN] dice.feed.common itemsRaw=87
2026-06-29T06:14:56.3114524Z [ADMIN] dice.feed.common itemsMapped=87
2026-06-29T06:14:56.3114524Z [ADMIN] dice.visibleFeed actor=dev_admin count=87
2026-06-29T06:15:06.4416005Z [ADMIN] admin.accounts.pending actor=dev_admin count=0
2026-06-29T06:15:06.6169719Z [ADMIN] dice.feed.common itemsRaw=87
2026-06-29T06:15:06.6529727Z [ADMIN] dice.feed.common itemsMapped=87
2026-06-29T06:15:06.6529727Z [ADMIN] dice.visibleFeed actor=dev_admin count=87
2026-06-29T06:15:06.7370724Z [ADMIN] dice.feed.common itemsRaw=87
2026-06-29T06:15:06.7750728Z [ADMIN] dice.feed.common itemsMapped=87
2026-06-29T06:15:06.7750728Z [ADMIN] dice.visibleFeed actor=dev_admin count=87
2026-06-29T06:15:16.9105000Z [ADMIN] admin.accounts.pending actor=dev_admin count=0
2026-06-29T06:15:17.0890444Z [ADMIN] dice.feed.common itemsRaw=87
2026-06-29T06:15:17.1280438Z [ADMIN] dice.feed.common itemsMapped=87
2026-06-29T06:15:17.1280438Z [ADMIN] dice.visibleFeed actor=dev_admin count=87
2026-06-29T06:15:17.2180441Z [ADMIN] dice.feed.common itemsRaw=87
2026-06-29T06:15:17.2560441Z [ADMIN] dice.feed.common itemsMapped=87
2026-06-29T06:15:17.2560441Z [ADMIN] dice.visibleFeed actor=dev_admin count=87
2026-06-29T06:15:27.3793923Z [ADMIN] admin.accounts.pending actor=dev_admin count=0
2026-06-29T06:15:27.5731926Z [ADMIN] dice.feed.common itemsRaw=87
2026-06-29T06:15:27.6127240Z [ADMIN] dice.feed.common itemsMapped=87
2026-06-29T06:15:27.6127240Z [ADMIN] dice.visibleFeed actor=dev_admin count=87
2026-06-29T06:15:27.7093496Z [ADMIN] dice.feed.common itemsRaw=87
2026-06-29T06:15:27.7481081Z [ADMIN] dice.feed.common itemsMapped=87
2026-06-29T06:15:27.7481081Z [ADMIN] dice.visibleFeed actor=dev_admin count=87
2026-06-29T06:15:37.8794636Z [ADMIN] admin.accounts.pending actor=dev_admin count=0
2026-06-29T06:15:38.0535226Z [ADMIN] dice.feed.common itemsRaw=87
2026-06-29T06:15:38.0925230Z [ADMIN] dice.feed.common itemsMapped=87
2026-06-29T06:15:38.0925230Z [ADMIN] dice.visibleFeed actor=dev_admin count=87
2026-06-29T06:15:38.1775222Z [ADMIN] dice.feed.common itemsRaw=87
2026-06-29T06:15:38.2145223Z [ADMIN] dice.feed.common itemsMapped=87
2026-06-29T06:15:38.2145223Z [ADMIN] dice.visibleFeed actor=dev_admin count=87
2026-06-29T06:15:48.3636931Z [ADMIN] admin.accounts.pending actor=dev_admin count=0
2026-06-29T06:15:48.5362402Z [ADMIN] dice.feed.common itemsRaw=87
2026-06-29T06:15:48.5752451Z [ADMIN] dice.feed.common itemsMapped=87
2026-06-29T06:15:48.5757513Z [ADMIN] dice.visibleFeed actor=dev_admin count=87
2026-06-29T06:15:48.6664020Z [ADMIN] dice.feed.common itemsRaw=87
2026-06-29T06:15:48.7051187Z [ADMIN] dice.feed.common itemsMapped=87
2026-06-29T06:15:48.7051187Z [ADMIN] dice.visibleFeed actor=dev_admin count=87
2026-06-29T06:15:58.8320286Z [ADMIN] admin.accounts.pending actor=dev_admin count=0
2026-06-29T06:15:59.0142157Z [ADMIN] dice.feed.common itemsRaw=87
2026-06-29T06:15:59.0532140Z [ADMIN] dice.feed.common itemsMapped=87
2026-06-29T06:15:59.0532140Z [ADMIN] dice.visibleFeed actor=dev_admin count=87
2026-06-29T06:15:59.1373225Z [ADMIN] dice.feed.common itemsRaw=87
2026-06-29T06:15:59.1747667Z [ADMIN] dice.feed.common itemsMapped=87
2026-06-29T06:15:59.1747667Z [ADMIN] dice.visibleFeed actor=dev_admin count=87
2026-06-29T06:16:12.1015107Z [ADMIN] admin.accounts.pending actor=dev_admin count=0
2026-06-29T06:16:12.2861216Z [ADMIN] dice.feed.common itemsRaw=87
2026-06-29T06:16:12.3231208Z [ADMIN] dice.feed.common itemsMapped=87
2026-06-29T06:16:12.3231208Z [ADMIN] dice.visibleFeed actor=dev_admin count=87
2026-06-29T06:16:12.4241210Z [ADMIN] dice.feed.common itemsRaw=87
2026-06-29T06:16:12.4621209Z [ADMIN] dice.feed.common itemsMapped=87
2026-06-29T06:16:12.4621209Z [ADMIN] dice.visibleFeed actor=dev_admin count=87
2026-06-29T06:16:19.5246707Z [ADMIN] development.hexagon.layout.save actor=dev_admin hexagonId=main_development_hexagon changed=1
2026-06-29T06:16:22.1015737Z [ADMIN] admin.accounts.pending actor=dev_admin count=0
2026-06-29T06:16:22.2801947Z [ADMIN] dice.feed.common itemsRaw=87
2026-06-29T06:16:22.3181948Z [ADMIN] dice.feed.common itemsMapped=87
2026-06-29T06:16:22.3181948Z [ADMIN] dice.visibleFeed actor=dev_admin count=87
2026-06-29T06:16:22.4020292Z [ADMIN] dice.feed.common itemsRaw=87
2026-06-29T06:16:22.4410173Z [ADMIN] dice.feed.common itemsMapped=87
2026-06-29T06:16:22.4410173Z [ADMIN] dice.visibleFeed actor=dev_admin count=87
2026-06-29T06:16:24.6116962Z [ADMIN] crafting.command.disabled command=crafting.player.recipe.list
2026-06-29T06:16:24.7012767Z [ADMIN] progression.available.skills actor=dev_player count=13
2026-06-29T06:16:24.7092763Z [ADMIN] character.skills.get auth actor=dev_player characterId=fbd8a7b8e9a74810becc233f30fe9160 ownerCheck=True allowed=True
2026-06-29T06:16:24.7242766Z [ADMIN] character.skills.get actor=dev_player characterId=fbd8a7b8e9a74810becc233f30fe9160 count=12 profileFirst=true
2026-06-29T06:16:24.7728382Z [ADMIN] dice.feed.common itemsRaw=87
2026-06-29T06:16:24.8108323Z [ADMIN] dice.feed.common itemsMapped=87
2026-06-29T06:16:24.8108323Z [ADMIN] dice.visibleFeed actor=dev_player count=87
2026-06-29T06:16:24.8721496Z [ADMIN] dice.test.getCurrent actor=dev_player userId=0584ae33047742a18f657d4ca9c86a01 found=False
2026-06-29T06:16:24.9091514Z [ADMIN] request.handler.failed requestId=462e5ac352464a3887099ab1df23951a command=system.featureFlags.snapshot type=Unauthorized message=Insufficient role.
2026-06-29T06:16:24.9121507Z [ADMIN] request.handler.failed requestId=825e94f75a87490db904b42ec8222bc0 command=system.featureFlags.snapshot type=Unauthorized message=Insufficient role.
2026-06-29T06:16:24.9318626Z [ADMIN] journal.player.event.list actor=dev_player campaignId=default count=122
2026-06-29T06:16:24.9558625Z [ADMIN] request.handler.failed requestId=11a3b726ab494efb8cfb0857a0534d4b command=system.featureFlags.snapshot type=Unauthorized message=Insufficient role.
2026-06-29T06:16:24.9578635Z [ADMIN] request.handler.failed requestId=d5556fe9b7914d1c887fab33cc599c5c command=system.featureFlags.snapshot type=Unauthorized message=Insufficient role.
2026-06-29T06:16:24.9894529Z [ADMIN] schedule.real.player.next actor=dev_player campaignId=default hasNext=False
2026-06-29T06:16:24.9964509Z [ADMIN] schedule.real.player.list actor=dev_player campaignId=default count=0
2026-06-29T06:16:32.5779247Z [ADMIN] admin.accounts.pending actor=dev_admin count=0
2026-06-29T06:16:32.7664987Z [ADMIN] dice.feed.common itemsRaw=87
2026-06-29T06:16:32.8037801Z [ADMIN] dice.feed.common itemsMapped=87
2026-06-29T06:16:32.8037801Z [ADMIN] dice.visibleFeed actor=dev_admin count=87
2026-06-29T06:16:32.8929014Z [ADMIN] dice.feed.common itemsRaw=87
2026-06-29T06:16:32.9298889Z [ADMIN] dice.feed.common itemsMapped=87
2026-06-29T06:16:32.9308883Z [ADMIN] dice.visibleFeed actor=dev_admin count=87
2026-06-29T06:16:32.9760399Z [ADMIN] dice.feed.common itemsRaw=87
2026-06-29T06:16:33.0160394Z [ADMIN] dice.feed.common itemsMapped=87
2026-06-29T06:16:33.0160394Z [ADMIN] dice.visibleFeed actor=dev_player count=87
2026-06-29T06:16:33.0725840Z [ADMIN] dice.test.getCurrent actor=dev_player userId=0584ae33047742a18f657d4ca9c86a01 found=False
2026-06-29T06:16:41.1418234Z [ADMIN] dice.feed.common itemsRaw=87
2026-06-29T06:16:41.1782338Z [ADMIN] dice.feed.common itemsMapped=87
2026-06-29T06:16:41.1782338Z [ADMIN] dice.visibleFeed actor=dev_player count=87
2026-06-29T06:16:41.2339381Z [ADMIN] dice.test.getCurrent actor=dev_player userId=0584ae33047742a18f657d4ca9c86a01 found=False
2026-06-29T06:16:43.0670091Z [ADMIN] admin.accounts.pending actor=dev_admin count=0
2026-06-29T06:16:43.2414713Z [ADMIN] dice.feed.common itemsRaw=87
2026-06-29T06:16:43.2787571Z [ADMIN] dice.feed.common itemsMapped=87
2026-06-29T06:16:43.2787571Z [ADMIN] dice.visibleFeed actor=dev_admin count=87
2026-06-29T06:16:43.3588772Z [ADMIN] dice.feed.common itemsRaw=87
2026-06-29T06:16:43.3963778Z [ADMIN] dice.feed.common itemsMapped=87
2026-06-29T06:16:43.3963778Z [ADMIN] dice.visibleFeed actor=dev_admin count=87
2026-06-29T06:16:49.2869722Z [ADMIN] dice.feed.common itemsRaw=87
2026-06-29T06:16:49.3239746Z [ADMIN] dice.feed.common itemsMapped=87
2026-06-29T06:16:49.3239746Z [ADMIN] dice.visibleFeed actor=dev_player count=87
2026-06-29T06:16:49.3809743Z [ADMIN] dice.test.getCurrent actor=dev_player userId=0584ae33047742a18f657d4ca9c86a01 found=False
2026-06-29T06:16:53.5270356Z [ADMIN] admin.accounts.pending actor=dev_admin count=0
2026-06-29T06:16:53.7227695Z [ADMIN] dice.feed.common itemsRaw=87
2026-06-29T06:16:53.7627687Z [ADMIN] dice.feed.common itemsMapped=87
2026-06-29T06:16:53.7627687Z [ADMIN] dice.visibleFeed actor=dev_admin count=87
2026-06-29T06:16:53.8497691Z [ADMIN] dice.feed.common itemsRaw=87
2026-06-29T06:16:53.8887706Z [ADMIN] dice.feed.common itemsMapped=87
2026-06-29T06:16:53.8887706Z [ADMIN] dice.visibleFeed actor=dev_admin count=87
2026-06-29T06:16:57.4284615Z [ADMIN] dice.feed.common itemsRaw=87
2026-06-29T06:16:57.4644152Z [ADMIN] dice.feed.common itemsMapped=87
2026-06-29T06:16:57.4644152Z [ADMIN] dice.visibleFeed actor=dev_player count=87
2026-06-29T06:16:57.5215539Z [ADMIN] dice.test.getCurrent actor=dev_player userId=0584ae33047742a18f657d4ca9c86a01 found=False
2026-06-29T06:17:04.0622900Z [ADMIN] admin.accounts.pending actor=dev_admin count=0
2026-06-29T06:17:04.2395743Z [ADMIN] dice.feed.common itemsRaw=87
2026-06-29T06:17:04.2772928Z [ADMIN] dice.feed.common itemsMapped=87
2026-06-29T06:17:04.2778112Z [ADMIN] dice.visibleFeed actor=dev_admin count=87
2026-06-29T06:17:04.3591384Z [ADMIN] dice.feed.common itemsRaw=87
2026-06-29T06:17:04.3951388Z [ADMIN] dice.feed.common itemsMapped=87
2026-06-29T06:17:04.3951388Z [ADMIN] dice.visibleFeed actor=dev_admin count=87
2026-06-29T06:17:05.5690283Z [ADMIN] dice.feed.common itemsRaw=87
2026-06-29T06:17:05.6050281Z [ADMIN] dice.feed.common itemsMapped=87
2026-06-29T06:17:05.6060281Z [ADMIN] dice.visibleFeed actor=dev_player count=87
2026-06-29T06:17:05.6600280Z [ADMIN] dice.test.getCurrent actor=dev_player userId=0584ae33047742a18f657d4ca9c86a01 found=False
2026-06-29T06:17:13.7114250Z [ADMIN] dice.feed.common itemsRaw=87
2026-06-29T06:17:13.7510818Z [ADMIN] dice.feed.common itemsMapped=87
2026-06-29T06:17:13.7510818Z [ADMIN] dice.visibleFeed actor=dev_player count=87
2026-06-29T06:17:13.8140826Z [ADMIN] dice.test.getCurrent actor=dev_player userId=0584ae33047742a18f657d4ca9c86a01 found=False
2026-06-29T06:17:14.5200704Z [ADMIN] admin.accounts.pending actor=dev_admin count=0
2026-06-29T06:17:14.6965629Z [ADMIN] dice.feed.common itemsRaw=87
2026-06-29T06:17:14.7331531Z [ADMIN] dice.feed.common itemsMapped=87
2026-06-29T06:17:14.7341542Z [ADMIN] dice.visibleFeed actor=dev_admin count=87
2026-06-29T06:17:14.8187419Z [ADMIN] dice.feed.common itemsRaw=87
2026-06-29T06:17:14.8569252Z [ADMIN] dice.feed.common itemsMapped=87
2026-06-29T06:17:14.8569252Z [ADMIN] dice.visibleFeed actor=dev_admin count=87
2026-06-29T06:17:21.8657170Z [ADMIN] dice.feed.common itemsRaw=87
2026-06-29T06:17:21.9027158Z [ADMIN] dice.feed.common itemsMapped=87
2026-06-29T06:17:21.9027158Z [ADMIN] dice.visibleFeed actor=dev_player count=87
2026-06-29T06:17:21.9577158Z [ADMIN] dice.test.getCurrent actor=dev_player userId=0584ae33047742a18f657d4ca9c86a01 found=False
2026-06-29T06:17:24.9899358Z [ADMIN] admin.accounts.pending actor=dev_admin count=0
2026-06-29T06:17:25.1921287Z [ADMIN] dice.feed.common itemsRaw=87
2026-06-29T06:17:25.2312417Z [ADMIN] dice.feed.common itemsMapped=87
2026-06-29T06:17:25.2322398Z [ADMIN] dice.visibleFeed actor=dev_admin count=87
2026-06-29T06:17:25.3173100Z [ADMIN] dice.feed.common itemsRaw=87
2026-06-29T06:17:25.3572583Z [ADMIN] dice.feed.common itemsMapped=87
2026-06-29T06:17:25.3572583Z [ADMIN] dice.visibleFeed actor=dev_admin count=87
2026-06-29T06:17:30.0238925Z [ADMIN] dice.feed.common itemsRaw=87
2026-06-29T06:17:30.0624254Z [ADMIN] dice.feed.common itemsMapped=87
2026-06-29T06:17:30.0624254Z [ADMIN] dice.visibleFeed actor=dev_player count=87
2026-06-29T06:17:30.1214257Z [ADMIN] dice.test.getCurrent actor=dev_player userId=0584ae33047742a18f657d4ca9c86a01 found=False
2026-06-29T06:17:35.4889394Z [ADMIN] admin.accounts.pending actor=dev_admin count=0
2026-06-29T06:17:35.6842692Z [ADMIN] dice.feed.common itemsRaw=87
2026-06-29T06:17:35.7225185Z [ADMIN] dice.feed.common itemsMapped=87
2026-06-29T06:17:35.7225185Z [ADMIN] dice.visibleFeed actor=dev_admin count=87
2026-06-29T06:17:35.8087456Z [ADMIN] dice.feed.common itemsRaw=87
2026-06-29T06:17:35.8468064Z [ADMIN] dice.feed.common itemsMapped=87
2026-06-29T06:17:35.8468064Z [ADMIN] dice.visibleFeed actor=dev_admin count=87
2026-06-29T06:17:38.1777344Z [ADMIN] dice.feed.common itemsRaw=87
2026-06-29T06:17:38.2173043Z [ADMIN] dice.feed.common itemsMapped=87
2026-06-29T06:17:38.2173043Z [ADMIN] dice.visibleFeed actor=dev_player count=87
2026-06-29T06:17:38.2817317Z [ADMIN] dice.test.getCurrent actor=dev_player userId=0584ae33047742a18f657d4ca9c86a01 found=False
2026-06-29T06:17:45.9754369Z [ADMIN] admin.accounts.pending actor=dev_admin count=0
2026-06-29T06:17:46.1782858Z [ADMIN] dice.feed.common itemsRaw=87
2026-06-29T06:17:46.2246462Z [ADMIN] dice.feed.common itemsMapped=87
2026-06-29T06:17:46.2246462Z [ADMIN] dice.visibleFeed actor=dev_admin count=87
2026-06-29T06:17:46.3410620Z [ADMIN] dice.feed.common itemsRaw=87
2026-06-29T06:17:46.3426486Z [ADMIN] dice.feed.common itemsRaw=87
2026-06-29T06:17:46.3839653Z [ADMIN] dice.feed.common itemsMapped=87
2026-06-29T06:17:46.3839653Z [ADMIN] dice.visibleFeed actor=dev_admin count=87
2026-06-29T06:17:46.3859658Z [ADMIN] dice.feed.common itemsMapped=87
2026-06-29T06:17:46.3859658Z [ADMIN] dice.visibleFeed actor=dev_player count=87
2026-06-29T06:17:46.4531510Z [ADMIN] dice.test.getCurrent actor=dev_player userId=0584ae33047742a18f657d4ca9c86a01 found=False
2026-06-29T06:17:52.3959487Z [ADMIN] character.admin.list actor=dev_admin count=6 includeArchived=False
2026-06-29T06:17:52.5079497Z [ADMIN] character.subattributes.admin.get actor=dev_admin characterId=fbd8a7b8e9a74810becc233f30fe9160 count=21
2026-06-29T06:17:52.5389498Z [ADMIN] character.inventory.get count=10
2026-06-29T06:17:52.5659489Z [ADMIN] character.holdings.get count=4 actor=dev_admin admin=True
2026-06-29T06:17:52.5909504Z [ADMIN] character.reputation.get count=10 actor=dev_admin admin=True
2026-06-29T06:17:52.6129516Z [ADMIN] character.companions.get count=4 actor=dev_admin admin=True
2026-06-29T06:17:52.6429494Z [ADMIN] character.skills.get auth actor=dev_admin characterId=fbd8a7b8e9a74810becc233f30fe9160 ownerCheck=False allowed=True
2026-06-29T06:17:52.6479485Z [ADMIN] character.skills.get actor=dev_admin characterId=fbd8a7b8e9a74810becc233f30fe9160 count=13 profileFirst=true
2026-06-29T06:17:54.5083119Z [ADMIN] dice.feed.common itemsRaw=87
2026-06-29T06:17:54.5473116Z [ADMIN] dice.feed.common itemsMapped=87
2026-06-29T06:17:54.5473116Z [ADMIN] dice.visibleFeed actor=dev_player count=87
2026-06-29T06:17:54.6063121Z [ADMIN] dice.test.getCurrent actor=dev_player userId=0584ae33047742a18f657d4ca9c86a01 found=False
2026-06-29T06:17:56.0328331Z [ADMIN] dice.feed.common itemsRaw=87
2026-06-29T06:17:56.0697407Z [ADMIN] dice.feed.common itemsMapped=87
2026-06-29T06:17:56.0697407Z [ADMIN] dice.visibleFeed actor=dev_admin count=87
2026-06-29T06:17:56.5510992Z [ADMIN] admin.accounts.pending actor=dev_admin count=0
2026-06-29T06:17:56.7276032Z [ADMIN] dice.feed.common itemsRaw=87
2026-06-29T06:17:56.7626033Z [ADMIN] dice.feed.common itemsMapped=87
2026-06-29T06:17:56.7626033Z [ADMIN] dice.visibleFeed actor=dev_admin count=87
2026-06-29T06:17:56.9485931Z [ADMIN] character.skills.get auth actor=dev_admin characterId=fbd8a7b8e9a74810becc233f30fe9160 ownerCheck=False allowed=True
2026-06-29T06:17:56.9539297Z [ADMIN] character.skills.get actor=dev_admin characterId=fbd8a7b8e9a74810becc233f30fe9160 count=13 profileFirst=true
2026-06-29T06:17:57.0130527Z [ADMIN] dice.feed.common itemsRaw=87
2026-06-29T06:17:57.0485648Z [ADMIN] dice.feed.common itemsMapped=87
2026-06-29T06:17:57.0485648Z [ADMIN] dice.visibleFeed actor=dev_admin count=87
2026-06-29T06:17:59.3683209Z [ADMIN] gm.note.list actor=dev_admin campaignId=default count=0
2026-06-29T06:18:02.6634111Z [ADMIN] dice.feed.common itemsRaw=87
2026-06-29T06:18:02.7014116Z [ADMIN] dice.feed.common itemsMapped=87
2026-06-29T06:18:02.7014116Z [ADMIN] dice.visibleFeed actor=dev_player count=87
2026-06-29T06:18:02.7589668Z [ADMIN] dice.test.getCurrent actor=dev_player userId=0584ae33047742a18f657d4ca9c86a01 found=False
2026-06-29T06:18:06.0048326Z [ADMIN] schedule.real.list actor=dev_admin campaignId=default count=0
2026-06-29T06:18:06.5761779Z [ADMIN] schedule.real.list actor=dev_admin campaignId=default count=0
2026-06-29T06:18:07.5122105Z [ADMIN] admin.accounts.pending actor=dev_admin count=0
2026-06-29T06:18:07.7135766Z [ADMIN] dice.feed.common itemsRaw=87
2026-06-29T06:18:07.7501186Z [ADMIN] dice.feed.common itemsMapped=87
2026-06-29T06:18:07.7511185Z [ADMIN] dice.visibleFeed actor=dev_admin count=87
2026-06-29T06:18:07.9158432Z [ADMIN] character.skills.get auth actor=dev_admin characterId=fbd8a7b8e9a74810becc233f30fe9160 ownerCheck=False allowed=True
2026-06-29T06:18:07.9218418Z [ADMIN] character.skills.get actor=dev_admin characterId=fbd8a7b8e9a74810becc233f30fe9160 count=13 profileFirst=true
2026-06-29T06:18:07.9798409Z [ADMIN] dice.feed.common itemsRaw=87
2026-06-29T06:18:08.0148680Z [ADMIN] dice.feed.common itemsMapped=87
2026-06-29T06:18:08.0148680Z [ADMIN] dice.visibleFeed actor=dev_admin count=87
2026-06-29T06:18:10.8202491Z [ADMIN] dice.feed.common itemsRaw=87
2026-06-29T06:18:10.8582491Z [ADMIN] dice.feed.common itemsMapped=87
2026-06-29T06:18:10.8582491Z [ADMIN] dice.visibleFeed actor=dev_player count=87
2026-06-29T06:18:10.9163266Z [ADMIN] dice.test.getCurrent actor=dev_player userId=0584ae33047742a18f657d4ca9c86a01 found=False
2026-06-29T06:18:14.9178500Z [ADMIN] request.handler.failed requestId=b968ef100ff44517abb278a405eb19f3 command=system.featureFlags.snapshot type=Unauthorized message=Insufficient role.
2026-06-29T06:18:14.9198494Z [ADMIN] request.handler.failed requestId=f67dd1a101b141b2a521fdf9f93f9efd command=system.featureFlags.snapshot type=Unauthorized message=Insufficient role.
2026-06-29T06:18:14.9278492Z [ADMIN] schedule.real.player.next actor=dev_player campaignId=default hasNext=False
2026-06-29T06:18:14.9318488Z [ADMIN] schedule.real.player.list actor=dev_player campaignId=default count=0
2026-06-29T06:18:18.1452084Z [ADMIN] admin.accounts.pending actor=dev_admin count=0
2026-06-29T06:18:18.3148605Z [ADMIN] dice.feed.common itemsRaw=87
2026-06-29T06:18:18.3528633Z [ADMIN] dice.feed.common itemsMapped=87
2026-06-29T06:18:18.3528633Z [ADMIN] dice.visibleFeed actor=dev_admin count=87
2026-06-29T06:18:18.5207344Z [ADMIN] character.skills.get auth actor=dev_admin characterId=fbd8a7b8e9a74810becc233f30fe9160 ownerCheck=False allowed=True
2026-06-29T06:18:18.5258777Z [ADMIN] character.skills.get actor=dev_admin characterId=fbd8a7b8e9a74810becc233f30fe9160 count=13 profileFirst=true
2026-06-29T06:18:18.5838760Z [ADMIN] dice.feed.common itemsRaw=87
2026-06-29T06:18:18.6228762Z [ADMIN] dice.feed.common itemsMapped=87
2026-06-29T06:18:18.6228762Z [ADMIN] dice.visibleFeed actor=dev_admin count=87
2026-06-29T06:18:18.9783423Z [ADMIN] dice.feed.common itemsRaw=87
2026-06-29T06:18:19.0178418Z [ADMIN] dice.feed.common itemsMapped=87
2026-06-29T06:18:19.0178418Z [ADMIN] dice.visibleFeed actor=dev_player count=87
2026-06-29T06:18:19.0800182Z [ADMIN] dice.test.getCurrent actor=dev_player userId=0584ae33047742a18f657d4ca9c86a01 found=False
2026-06-29T06:18:27.1331603Z [ADMIN] dice.feed.common itemsRaw=87
2026-06-29T06:18:27.1708765Z [ADMIN] dice.feed.common itemsMapped=87
2026-06-29T06:18:27.1708765Z [ADMIN] dice.visibleFeed actor=dev_player count=87
2026-06-29T06:18:27.2266289Z [ADMIN] dice.test.getCurrent actor=dev_player userId=0584ae33047742a18f657d4ca9c86a01 found=False
2026-06-29T06:18:28.7673102Z [ADMIN] admin.accounts.pending actor=dev_admin count=0
2026-06-29T06:18:28.9413601Z [ADMIN] dice.feed.common itemsRaw=87
2026-06-29T06:18:28.9783599Z [ADMIN] dice.feed.common itemsMapped=87
2026-06-29T06:18:28.9793600Z [ADMIN] dice.visibleFeed actor=dev_admin count=87
2026-06-29T06:18:29.1402456Z [ADMIN] character.skills.get auth actor=dev_admin characterId=fbd8a7b8e9a74810becc233f30fe9160 ownerCheck=False allowed=True
2026-06-29T06:18:29.1452435Z [ADMIN] character.skills.get actor=dev_admin characterId=fbd8a7b8e9a74810becc233f30fe9160 count=13 profileFirst=true
2026-06-29T06:18:29.2036160Z [ADMIN] dice.feed.common itemsRaw=87
2026-06-29T06:18:29.2390227Z [ADMIN] dice.feed.common itemsMapped=87
2026-06-29T06:18:29.2390227Z [ADMIN] dice.visibleFeed actor=dev_admin count=87
2026-06-29T06:18:35.2905844Z [ADMIN] dice.feed.common itemsRaw=87
2026-06-29T06:18:35.3267148Z [ADMIN] dice.feed.common itemsMapped=87
2026-06-29T06:18:35.3267148Z [ADMIN] dice.visibleFeed actor=dev_player count=87
2026-06-29T06:18:35.3844581Z [ADMIN] dice.test.getCurrent actor=dev_player userId=0584ae33047742a18f657d4ca9c86a01 found=False
2026-06-29T06:18:39.3653872Z [ADMIN] admin.accounts.pending actor=dev_admin count=0
2026-06-29T06:18:39.5411869Z [ADMIN] dice.feed.common itemsRaw=87
2026-06-29T06:18:39.5792697Z [ADMIN] dice.feed.common itemsMapped=87
2026-06-29T06:18:39.5792697Z [ADMIN] dice.visibleFeed actor=dev_admin count=87
2026-06-29T06:18:39.7444274Z [ADMIN] character.skills.get auth actor=dev_admin characterId=fbd8a7b8e9a74810becc233f30fe9160 ownerCheck=False allowed=True
2026-06-29T06:18:39.7494285Z [ADMIN] character.skills.get actor=dev_admin characterId=fbd8a7b8e9a74810becc233f30fe9160 count=13 profileFirst=true
2026-06-29T06:18:39.8063476Z [ADMIN] dice.feed.common itemsRaw=87
2026-06-29T06:18:39.8416463Z [ADMIN] dice.feed.common itemsMapped=87
2026-06-29T06:18:39.8426462Z [ADMIN] dice.visibleFeed actor=dev_admin count=87
2026-06-29T06:18:43.4449296Z [ADMIN] dice.feed.common itemsRaw=87
2026-06-29T06:18:43.4831173Z [ADMIN] dice.feed.common itemsMapped=87
2026-06-29T06:18:43.4831173Z [ADMIN] dice.visibleFeed actor=dev_player count=87
2026-06-29T06:18:43.5398582Z [ADMIN] dice.test.getCurrent actor=dev_player userId=0584ae33047742a18f657d4ca9c86a01 found=False
2026-06-29T06:18:49.9749114Z [ADMIN] admin.accounts.pending actor=dev_admin count=0
2026-06-29T06:18:50.1860889Z [ADMIN] dice.feed.common itemsRaw=87
2026-06-29T06:18:50.2260157Z [ADMIN] dice.feed.common itemsMapped=87
2026-06-29T06:18:50.2265363Z [ADMIN] dice.visibleFeed actor=dev_admin count=87
2026-06-29T06:18:50.4036303Z [ADMIN] character.skills.get auth actor=dev_admin characterId=fbd8a7b8e9a74810becc233f30fe9160 ownerCheck=False allowed=True
2026-06-29T06:18:50.4096297Z [ADMIN] character.skills.get actor=dev_admin characterId=fbd8a7b8e9a74810becc233f30fe9160 count=13 profileFirst=true
2026-06-29T06:18:50.4677557Z [ADMIN] dice.feed.common itemsRaw=87
2026-06-29T06:18:50.5073714Z [ADMIN] dice.feed.common itemsMapped=87
2026-06-29T06:18:50.5073714Z [ADMIN] dice.visibleFeed actor=dev_admin count=87
2026-06-29T06:18:51.6068498Z [ADMIN] dice.feed.common itemsRaw=87
2026-06-29T06:18:51.6466103Z [ADMIN] dice.feed.common itemsMapped=87
2026-06-29T06:18:51.6466103Z [ADMIN] dice.visibleFeed actor=dev_player count=87
2026-06-29T06:18:51.7105576Z [ADMIN] dice.test.getCurrent actor=dev_player userId=0584ae33047742a18f657d4ca9c86a01 found=False
2026-06-29T06:18:59.7711159Z [ADMIN] dice.feed.common itemsRaw=87
2026-06-29T06:18:59.8071134Z [ADMIN] dice.feed.common itemsMapped=87
2026-06-29T06:18:59.8071134Z [ADMIN] dice.visibleFeed actor=dev_player count=87
2026-06-29T06:18:59.8621169Z [ADMIN] dice.test.getCurrent actor=dev_player userId=0584ae33047742a18f657d4ca9c86a01 found=False
2026-06-29T06:19:00.6464747Z [ADMIN] admin.accounts.pending actor=dev_admin count=0
2026-06-29T06:19:00.8250245Z [ADMIN] dice.feed.common itemsRaw=87
2026-06-29T06:19:00.8620252Z [ADMIN] dice.feed.common itemsMapped=87
2026-06-29T06:19:00.8620252Z [ADMIN] dice.visibleFeed actor=dev_admin count=87
2026-06-29T06:19:01.0248042Z [ADMIN] character.skills.get auth actor=dev_admin characterId=fbd8a7b8e9a74810becc233f30fe9160 ownerCheck=False allowed=True
2026-06-29T06:19:01.0298046Z [ADMIN] character.skills.get actor=dev_admin characterId=fbd8a7b8e9a74810becc233f30fe9160 count=13 profileFirst=true
2026-06-29T06:19:01.0848029Z [ADMIN] dice.feed.common itemsRaw=87
2026-06-29T06:19:01.1210969Z [ADMIN] dice.feed.common itemsMapped=87
2026-06-29T06:19:01.1210969Z [ADMIN] dice.visibleFeed actor=dev_admin count=87
2026-06-29T06:19:07.9136669Z [ADMIN] dice.feed.common itemsRaw=87
2026-06-29T06:19:07.9511577Z [ADMIN] dice.feed.common itemsMapped=87
2026-06-29T06:19:07.9511577Z [ADMIN] dice.visibleFeed actor=dev_player count=87
2026-06-29T06:19:08.0091617Z [ADMIN] dice.test.getCurrent actor=dev_player userId=0584ae33047742a18f657d4ca9c86a01 found=False
2026-06-29T06:19:11.2553135Z [ADMIN] admin.accounts.pending actor=dev_admin count=0
2026-06-29T06:19:11.4242626Z [ADMIN] dice.feed.common itemsRaw=87
2026-06-29T06:19:11.4632614Z [ADMIN] dice.feed.common itemsMapped=87
2026-06-29T06:19:11.4642617Z [ADMIN] dice.visibleFeed actor=dev_admin count=87
2026-06-29T06:19:11.6394001Z [ADMIN] character.skills.get auth actor=dev_admin characterId=fbd8a7b8e9a74810becc233f30fe9160 ownerCheck=False allowed=True
2026-06-29T06:19:11.6469178Z [ADMIN] character.skills.get actor=dev_admin characterId=fbd8a7b8e9a74810becc233f30fe9160 count=13 profileFirst=true
2026-06-29T06:19:11.7176746Z [ADMIN] dice.feed.common itemsRaw=87
2026-06-29T06:19:11.7554713Z [ADMIN] dice.feed.common itemsMapped=87
2026-06-29T06:19:11.7564712Z [ADMIN] dice.visibleFeed actor=dev_admin count=87
2026-06-29T06:19:16.0685800Z [ADMIN] dice.feed.common itemsRaw=87
2026-06-29T06:19:16.1050064Z [ADMIN] dice.feed.common itemsMapped=87
2026-06-29T06:19:16.1050064Z [ADMIN] dice.visibleFeed actor=dev_player count=87
2026-06-29T06:19:16.1609195Z [ADMIN] dice.test.getCurrent actor=dev_player userId=0584ae33047742a18f657d4ca9c86a01 found=False
2026-06-29T06:19:21.8972532Z [ADMIN] admin.accounts.pending actor=dev_admin count=0
2026-06-29T06:19:22.0825194Z [ADMIN] dice.feed.common itemsRaw=87
2026-06-29T06:19:22.1215198Z [ADMIN] dice.feed.common itemsMapped=87
2026-06-29T06:19:22.1215198Z [ADMIN] dice.visibleFeed actor=dev_admin count=87
2026-06-29T06:19:22.2945357Z [ADMIN] character.skills.get auth actor=dev_admin characterId=fbd8a7b8e9a74810becc233f30fe9160 ownerCheck=False allowed=True
2026-06-29T06:19:22.2995357Z [ADMIN] character.skills.get actor=dev_admin characterId=fbd8a7b8e9a74810becc233f30fe9160 count=13 profileFirst=true
2026-06-29T06:19:22.3565358Z [ADMIN] dice.feed.common itemsRaw=87
2026-06-29T06:19:22.3923855Z [ADMIN] dice.feed.common itemsMapped=87
2026-06-29T06:19:22.3933854Z [ADMIN] dice.visibleFeed actor=dev_admin count=87
2026-06-29T06:19:24.2266611Z [ADMIN] dice.feed.common itemsRaw=87
2026-06-29T06:19:24.2618991Z [ADMIN] dice.feed.common itemsMapped=87
2026-06-29T06:19:24.2618991Z [ADMIN] dice.visibleFeed actor=dev_player count=87
2026-06-29T06:19:24.3199012Z [ADMIN] dice.test.getCurrent actor=dev_player userId=0584ae33047742a18f657d4ca9c86a01 found=False
2026-06-29T06:19:32.3813559Z [ADMIN] dice.feed.common itemsRaw=87
2026-06-29T06:19:32.4173519Z [ADMIN] dice.feed.common itemsMapped=87
2026-06-29T06:19:32.4173519Z [ADMIN] dice.visibleFeed actor=dev_player count=87
2026-06-29T06:19:32.4733520Z [ADMIN] dice.test.getCurrent actor=dev_player userId=0584ae33047742a18f657d4ca9c86a01 found=False
2026-06-29T06:19:32.5203520Z [ADMIN] admin.accounts.pending actor=dev_admin count=0
2026-06-29T06:19:32.6970863Z [ADMIN] dice.feed.common itemsRaw=87
2026-06-29T06:19:32.7360854Z [ADMIN] dice.feed.common itemsMapped=87
2026-06-29T06:19:32.7360854Z [ADMIN] dice.visibleFeed actor=dev_admin count=87
2026-06-29T06:19:32.9013382Z [ADMIN] character.skills.get auth actor=dev_admin characterId=fbd8a7b8e9a74810becc233f30fe9160 ownerCheck=False allowed=True
2026-06-29T06:19:32.9063380Z [ADMIN] character.skills.get actor=dev_admin characterId=fbd8a7b8e9a74810becc233f30fe9160 count=13 profileFirst=true
2026-06-29T06:19:32.9613387Z [ADMIN] dice.feed.common itemsRaw=87
2026-06-29T06:19:32.9987173Z [ADMIN] dice.feed.common itemsMapped=87
2026-06-29T06:19:32.9992387Z [ADMIN] dice.visibleFeed actor=dev_admin count=87
2026-06-29T06:19:40.5232047Z [ADMIN] dice.feed.common itemsRaw=87
2026-06-29T06:19:40.5607235Z [ADMIN] dice.feed.common itemsMapped=87
2026-06-29T06:19:40.5617228Z [ADMIN] dice.visibleFeed actor=dev_player count=87
2026-06-29T06:19:40.6206609Z [ADMIN] dice.test.getCurrent actor=dev_player userId=0584ae33047742a18f657d4ca9c86a01 found=False
2026-06-29T06:19:43.1301958Z [ADMIN] admin.accounts.pending actor=dev_admin count=0
2026-06-29T06:19:43.3292183Z [ADMIN] dice.feed.common itemsRaw=87
2026-06-29T06:19:43.3676134Z [ADMIN] dice.feed.common itemsMapped=87
2026-06-29T06:19:43.3681317Z [ADMIN] dice.visibleFeed actor=dev_admin count=87
2026-06-29T06:19:43.5308377Z [ADMIN] character.skills.get auth actor=dev_admin characterId=fbd8a7b8e9a74810becc233f30fe9160 ownerCheck=False allowed=True
2026-06-29T06:19:43.5361391Z [ADMIN] character.skills.get actor=dev_admin characterId=fbd8a7b8e9a74810becc233f30fe9160 count=13 profileFirst=true
2026-06-29T06:19:43.5923230Z [ADMIN] dice.feed.common itemsRaw=87
2026-06-29T06:19:43.6287092Z [ADMIN] dice.feed.common itemsMapped=87
2026-06-29T06:19:43.6287092Z [ADMIN] dice.visibleFeed actor=dev_admin count=87
2026-06-29T06:19:48.6792188Z [ADMIN] dice.feed.common itemsRaw=87
2026-06-29T06:19:48.7145756Z [ADMIN] dice.feed.common itemsMapped=87
2026-06-29T06:19:48.7145756Z [ADMIN] dice.visibleFeed actor=dev_player count=87
2026-06-29T06:19:48.7724313Z [ADMIN] dice.test.getCurrent actor=dev_player userId=0584ae33047742a18f657d4ca9c86a01 found=False
2026-06-29T06:19:53.7555159Z [ADMIN] admin.accounts.pending actor=dev_admin count=0
2026-06-29T06:19:53.9291935Z [ADMIN] dice.feed.common itemsRaw=87
2026-06-29T06:19:53.9657787Z [ADMIN] dice.feed.common itemsMapped=87
2026-06-29T06:19:53.9657787Z [ADMIN] dice.visibleFeed actor=dev_admin count=87
2026-06-29T06:19:54.1293909Z [ADMIN] character.skills.get auth actor=dev_admin characterId=fbd8a7b8e9a74810becc233f30fe9160 ownerCheck=False allowed=True
2026-06-29T06:19:54.1353897Z [ADMIN] character.skills.get actor=dev_admin characterId=fbd8a7b8e9a74810becc233f30fe9160 count=13 profileFirst=true
2026-06-29T06:19:54.1917059Z [ADMIN] dice.feed.common itemsRaw=87
2026-06-29T06:19:54.2281038Z [ADMIN] dice.feed.common itemsMapped=87
2026-06-29T06:19:54.2281038Z [ADMIN] dice.visibleFeed actor=dev_admin count=87
2026-06-29T06:19:56.8354142Z [ADMIN] dice.feed.common itemsRaw=87
2026-06-29T06:19:56.8715667Z [ADMIN] dice.feed.common itemsMapped=87
2026-06-29T06:19:56.8715667Z [ADMIN] dice.visibleFeed actor=dev_player count=87
2026-06-29T06:19:56.9271005Z [ADMIN] dice.test.getCurrent actor=dev_player userId=0584ae33047742a18f657d4ca9c86a01 found=False
2026-06-29T06:20:04.3634495Z [ADMIN] admin.accounts.pending actor=dev_admin count=0
2026-06-29T06:20:04.5334797Z [ADMIN] dice.feed.common itemsRaw=87
2026-06-29T06:20:04.5714794Z [ADMIN] dice.feed.common itemsMapped=87
2026-06-29T06:20:04.5714794Z [ADMIN] dice.visibleFeed actor=dev_admin count=87
2026-06-29T06:20:04.7326015Z [ADMIN] character.skills.get auth actor=dev_admin characterId=fbd8a7b8e9a74810becc233f30fe9160 ownerCheck=False allowed=True
2026-06-29T06:20:04.7376015Z [ADMIN] character.skills.get actor=dev_admin characterId=fbd8a7b8e9a74810becc233f30fe9160 count=13 profileFirst=true
2026-06-29T06:20:04.7936619Z [ADMIN] dice.feed.common itemsRaw=87
2026-06-29T06:20:04.8317917Z [ADMIN] dice.feed.common itemsMapped=87
2026-06-29T06:20:04.8317917Z [ADMIN] dice.visibleFeed actor=dev_admin count=87
2026-06-29T06:20:04.9794536Z [ADMIN] dice.feed.common itemsRaw=87
2026-06-29T06:20:05.0154537Z [ADMIN] dice.feed.common itemsMapped=87
2026-06-29T06:20:05.0164901Z [ADMIN] dice.visibleFeed actor=dev_player count=87
2026-06-29T06:20:05.0740005Z [ADMIN] dice.test.getCurrent actor=dev_player userId=0584ae33047742a18f657d4ca9c86a01 found=False
2026-06-29T06:20:13.1421163Z [ADMIN] dice.feed.common itemsRaw=87
2026-06-29T06:20:13.1845826Z [ADMIN] dice.feed.common itemsMapped=87
2026-06-29T06:20:13.1855827Z [ADMIN] dice.visibleFeed actor=dev_player count=87
2026-06-29T06:20:13.2520285Z [ADMIN] dice.test.getCurrent actor=dev_player userId=0584ae33047742a18f657d4ca9c86a01 found=False
2026-06-29T06:20:14.9580539Z [ADMIN] admin.accounts.pending actor=dev_admin count=0
2026-06-29T06:20:15.1460650Z [ADMIN] dice.feed.common itemsRaw=87
2026-06-29T06:20:15.1860655Z [ADMIN] dice.feed.common itemsMapped=87
2026-06-29T06:20:15.1860655Z [ADMIN] dice.visibleFeed actor=dev_admin count=87
2026-06-29T06:20:15.3560411Z [ADMIN] character.skills.get auth actor=dev_admin characterId=fbd8a7b8e9a74810becc233f30fe9160 ownerCheck=False allowed=True
2026-06-29T06:20:15.3615537Z [ADMIN] character.skills.get actor=dev_admin characterId=fbd8a7b8e9a74810becc233f30fe9160 count=13 profileFirst=true
2026-06-29T06:20:15.4279595Z [ADMIN] dice.feed.common itemsRaw=87
2026-06-29T06:20:15.4699401Z [ADMIN] dice.feed.common itemsMapped=87
2026-06-29T06:20:15.4699401Z [ADMIN] dice.visibleFeed actor=dev_admin count=87
2026-06-29T06:20:21.3062112Z [ADMIN] dice.feed.common itemsRaw=87
2026-06-29T06:20:21.3437367Z [ADMIN] dice.feed.common itemsMapped=87
2026-06-29T06:20:21.3447368Z [ADMIN] dice.visibleFeed actor=dev_player count=87
2026-06-29T06:20:21.4017386Z [ADMIN] dice.test.getCurrent actor=dev_player userId=0584ae33047742a18f657d4ca9c86a01 found=False
2026-06-29T06:20:25.5987846Z [ADMIN] admin.accounts.pending actor=dev_admin count=0
2026-06-29T06:20:25.7930508Z [ADMIN] dice.feed.common itemsRaw=87
2026-06-29T06:20:25.8350084Z [ADMIN] dice.feed.common itemsMapped=87
2026-06-29T06:20:25.8350084Z [ADMIN] dice.visibleFeed actor=dev_admin count=87
2026-06-29T06:20:26.0187809Z [ADMIN] character.skills.get auth actor=dev_admin characterId=fbd8a7b8e9a74810becc233f30fe9160 ownerCheck=False allowed=True
2026-06-29T06:20:26.0247800Z [ADMIN] character.skills.get actor=dev_admin characterId=fbd8a7b8e9a74810becc233f30fe9160 count=13 profileFirst=true
2026-06-29T06:20:26.0867945Z [ADMIN] dice.feed.common itemsRaw=87
2026-06-29T06:20:26.1247938Z [ADMIN] dice.feed.common itemsMapped=87
2026-06-29T06:20:26.1257936Z [ADMIN] dice.visibleFeed actor=dev_admin count=87
2026-06-29T06:20:29.4634841Z [ADMIN] dice.feed.common itemsRaw=87
2026-06-29T06:20:29.4990512Z [ADMIN] dice.feed.common itemsMapped=87
2026-06-29T06:20:29.4990512Z [ADMIN] dice.visibleFeed actor=dev_player count=87
2026-06-29T06:20:29.5560881Z [ADMIN] dice.test.getCurrent actor=dev_player userId=0584ae33047742a18f657d4ca9c86a01 found=False
2026-06-29T06:20:36.2707334Z [ADMIN] admin.accounts.pending actor=dev_admin count=0
2026-06-29T06:20:36.4437334Z [ADMIN] dice.feed.common itemsRaw=87
2026-06-29T06:20:36.4802498Z [ADMIN] dice.feed.common itemsMapped=87
2026-06-29T06:20:36.4807811Z [ADMIN] dice.visibleFeed actor=dev_admin count=87
2026-06-29T06:20:36.6624477Z [ADMIN] character.skills.get auth actor=dev_admin characterId=fbd8a7b8e9a74810becc233f30fe9160 ownerCheck=False allowed=True
2026-06-29T06:20:36.6680665Z [ADMIN] character.skills.get actor=dev_admin characterId=fbd8a7b8e9a74810becc233f30fe9160 count=13 profileFirst=true
2026-06-29T06:20:36.7241874Z [ADMIN] dice.feed.common itemsRaw=87
2026-06-29T06:20:36.7611842Z [ADMIN] dice.feed.common itemsMapped=87
2026-06-29T06:20:36.7611842Z [ADMIN] dice.visibleFeed actor=dev_admin count=87
2026-06-29T06:29:47.5790372Z [ADMIN] admin.accounts.pending actor=dev_admin count=0
2026-06-29T06:29:47.7634293Z [ADMIN] dice.feed.common itemsRaw=87
2026-06-29T06:29:47.7994689Z [ADMIN] dice.feed.common itemsMapped=87
2026-06-29T06:29:47.7994689Z [ADMIN] dice.visibleFeed actor=dev_admin count=87
2026-06-29T06:29:47.8948146Z [ADMIN] dice.feed.common itemsRaw=87
2026-06-29T06:29:47.9308145Z [ADMIN] dice.feed.common itemsMapped=87
2026-06-29T06:29:47.9308145Z [ADMIN] dice.visibleFeed actor=dev_admin count=87
2026-06-29T06:29:57.5676926Z [ADMIN] admin.accounts.pending actor=dev_admin count=0
2026-06-29T06:29:57.7389483Z [ADMIN] dice.feed.common itemsRaw=87
2026-06-29T06:29:57.7744910Z [ADMIN] dice.feed.common itemsMapped=87
2026-06-29T06:29:57.7744910Z [ADMIN] dice.visibleFeed actor=dev_admin count=87
2026-06-29T06:29:57.8589135Z [ADMIN] dice.feed.common itemsRaw=87
2026-06-29T06:29:57.8942131Z [ADMIN] dice.feed.common itemsMapped=87
2026-06-29T06:29:57.8942131Z [ADMIN] dice.visibleFeed actor=dev_admin count=87
2026-06-29T06:30:08.0196211Z [ADMIN] admin.accounts.pending actor=dev_admin count=0
2026-06-29T06:30:08.1961534Z [ADMIN] dice.feed.common itemsRaw=87
2026-06-29T06:30:08.2331537Z [ADMIN] dice.feed.common itemsMapped=87
2026-06-29T06:30:08.2331537Z [ADMIN] dice.visibleFeed actor=dev_admin count=87
2026-06-29T06:30:08.3203950Z [ADMIN] dice.feed.common itemsRaw=87
2026-06-29T06:30:08.3562065Z [ADMIN] dice.feed.common itemsMapped=87
2026-06-29T06:30:08.3562065Z [ADMIN] dice.visibleFeed actor=dev_admin count=87
2026-06-29T06:30:18.4890813Z [ADMIN] admin.accounts.pending actor=dev_admin count=0
2026-06-29T06:30:18.6738045Z [ADMIN] dice.feed.common itemsRaw=87
2026-06-29T06:30:18.7148064Z [ADMIN] dice.feed.common itemsMapped=87
2026-06-29T06:30:18.7148064Z [ADMIN] dice.visibleFeed actor=dev_admin count=87
2026-06-29T06:30:18.8091774Z [ADMIN] dice.feed.common itemsRaw=87
2026-06-29T06:30:18.8481773Z [ADMIN] dice.feed.common itemsMapped=87
2026-06-29T06:30:18.8481773Z [ADMIN] dice.visibleFeed actor=dev_admin count=87
2026-06-29T06:30:29.0040297Z [ADMIN] admin.accounts.pending actor=dev_admin count=0
2026-06-29T06:30:29.1784116Z [ADMIN] dice.feed.common itemsRaw=87
2026-06-29T06:30:29.2188866Z [ADMIN] dice.feed.common itemsMapped=87
2026-06-29T06:30:29.2188866Z [ADMIN] dice.visibleFeed actor=dev_admin count=87
2026-06-29T06:30:29.3021185Z [ADMIN] dice.feed.common itemsRaw=87
2026-06-29T06:30:29.3394273Z [ADMIN] dice.feed.common itemsMapped=87
2026-06-29T06:30:29.3394273Z [ADMIN] dice.visibleFeed actor=dev_admin count=87
2026-06-29T06:30:39.4725968Z [ADMIN] admin.accounts.pending actor=dev_admin count=0
2026-06-29T06:30:39.6478418Z [ADMIN] dice.feed.common itemsRaw=87
2026-06-29T06:30:39.6853138Z [ADMIN] dice.feed.common itemsMapped=87
2026-06-29T06:30:39.6853138Z [ADMIN] dice.visibleFeed actor=dev_admin count=87
2026-06-29T06:30:39.7653929Z [ADMIN] dice.feed.common itemsRaw=87
2026-06-29T06:30:39.8033112Z [ADMIN] dice.feed.common itemsMapped=87
2026-06-29T06:30:39.8033112Z [ADMIN] dice.visibleFeed actor=dev_admin count=87
2026-06-29T06:30:49.9259967Z [ADMIN] admin.accounts.pending actor=dev_admin count=0
2026-06-29T06:30:50.0959969Z [ADMIN] dice.feed.common itemsRaw=87
2026-06-29T06:30:50.1319966Z [ADMIN] dice.feed.common itemsMapped=87
2026-06-29T06:30:50.1319966Z [ADMIN] dice.visibleFeed actor=dev_admin count=87
2026-06-29T06:30:50.2129967Z [ADMIN] dice.feed.common itemsRaw=87
2026-06-29T06:30:50.2502605Z [ADMIN] dice.feed.common itemsMapped=87
2026-06-29T06:30:50.2512605Z [ADMIN] dice.visibleFeed actor=dev_admin count=87
2026-06-29T06:31:00.3791393Z [ADMIN] admin.accounts.pending actor=dev_admin count=0
2026-06-29T06:31:00.5702102Z [ADMIN] dice.feed.common itemsRaw=87
2026-06-29T06:31:00.6100468Z [ADMIN] dice.feed.common itemsMapped=87
2026-06-29T06:31:00.6100468Z [ADMIN] dice.visibleFeed actor=dev_admin count=87
2026-06-29T06:31:00.6964145Z [ADMIN] dice.feed.common itemsRaw=87
2026-06-29T06:31:00.7340756Z [ADMIN] dice.feed.common itemsMapped=87
2026-06-29T06:31:00.7350763Z [ADMIN] dice.visibleFeed actor=dev_admin count=87
2026-06-29T06:31:19.3821374Z [ADMIN] admin.accounts.pending actor=dev_admin count=0
2026-06-29T06:31:19.5660937Z [ADMIN] dice.feed.common itemsRaw=87
2026-06-29T06:31:19.6031464Z [ADMIN] dice.feed.common itemsMapped=87
2026-06-29T06:31:19.6031464Z [ADMIN] dice.visibleFeed actor=dev_admin count=87
2026-06-29T06:31:19.7016969Z [ADMIN] dice.feed.common itemsRaw=87
2026-06-29T06:31:19.7396969Z [ADMIN] dice.feed.common itemsMapped=87
2026-06-29T06:31:19.7396969Z [ADMIN] dice.visibleFeed actor=dev_admin count=87
2026-06-29T06:31:26.9235459Z [ADMIN] development.hexagon.layout.save actor=dev_admin hexagonId=main_development_hexagon changed=1
2026-06-29T06:31:29.3794827Z [ADMIN] admin.accounts.pending actor=dev_admin count=0
2026-06-29T06:31:29.5650735Z [ADMIN] dice.feed.common itemsRaw=87
2026-06-29T06:31:29.6026084Z [ADMIN] dice.feed.common itemsMapped=87
2026-06-29T06:31:29.6026084Z [ADMIN] dice.visibleFeed actor=dev_admin count=87
2026-06-29T06:31:29.6982572Z [ADMIN] dice.feed.common itemsRaw=87
2026-06-29T06:31:29.7362575Z [ADMIN] dice.feed.common itemsMapped=87
2026-06-29T06:31:29.7362575Z [ADMIN] dice.visibleFeed actor=dev_admin count=87
2026-06-29T06:31:39.8641912Z [ADMIN] admin.accounts.pending actor=dev_admin count=0
2026-06-29T06:31:40.0387282Z [ADMIN] dice.feed.common itemsRaw=87
2026-06-29T06:31:40.0747285Z [ADMIN] dice.feed.common itemsMapped=87
2026-06-29T06:31:40.0747285Z [ADMIN] dice.visibleFeed actor=dev_admin count=87
2026-06-29T06:31:40.1597285Z [ADMIN] dice.feed.common itemsRaw=87
2026-06-29T06:31:40.1969003Z [ADMIN] dice.feed.common itemsMapped=87
2026-06-29T06:31:40.1969003Z [ADMIN] dice.visibleFeed actor=dev_admin count=87
2026-06-29T06:31:50.3323724Z [ADMIN] admin.accounts.pending actor=dev_admin count=0
2026-06-29T06:31:50.5020096Z [ADMIN] dice.feed.common itemsRaw=87
2026-06-29T06:31:50.5394273Z [ADMIN] dice.feed.common itemsMapped=87
2026-06-29T06:31:50.5399459Z [ADMIN] dice.visibleFeed actor=dev_admin count=87
2026-06-29T06:31:50.6279659Z [ADMIN] dice.feed.common itemsRaw=87
2026-06-29T06:31:50.6657865Z [ADMIN] dice.feed.common itemsMapped=87
2026-06-29T06:31:50.6657865Z [ADMIN] dice.visibleFeed actor=dev_admin count=87
2026-06-29T06:32:00.7893005Z [ADMIN] admin.accounts.pending actor=dev_admin count=0
2026-06-29T06:32:00.9659647Z [ADMIN] dice.feed.common itemsRaw=87
2026-06-29T06:32:01.0034982Z [ADMIN] dice.feed.common itemsMapped=87
2026-06-29T06:32:01.0034982Z [ADMIN] dice.visibleFeed actor=dev_admin count=87
2026-06-29T06:32:01.0847647Z [ADMIN] dice.feed.common itemsRaw=87
2026-06-29T06:32:01.1211941Z [ADMIN] dice.feed.common itemsMapped=87
2026-06-29T06:32:01.1211941Z [ADMIN] dice.visibleFeed actor=dev_admin count=87
2026-06-29T06:32:11.2545386Z [ADMIN] admin.accounts.pending actor=dev_admin count=0
2026-06-29T06:32:11.4287877Z [ADMIN] dice.feed.common itemsRaw=87
2026-06-29T06:32:11.4656706Z [ADMIN] dice.feed.common itemsMapped=87
2026-06-29T06:32:11.4656706Z [ADMIN] dice.visibleFeed actor=dev_admin count=87
2026-06-29T06:32:11.5496710Z [ADMIN] dice.feed.common itemsRaw=87
2026-06-29T06:32:11.5866716Z [ADMIN] dice.feed.common itemsMapped=87
2026-06-29T06:32:11.5876704Z [ADMIN] dice.visibleFeed actor=dev_admin count=87
2026-06-29T06:32:21.7230447Z [ADMIN] admin.accounts.pending actor=dev_admin count=0
2026-06-29T06:32:21.9066234Z [ADMIN] dice.feed.common itemsRaw=87
2026-06-29T06:32:21.9442405Z [ADMIN] dice.feed.common itemsMapped=87
2026-06-29T06:32:21.9442405Z [ADMIN] dice.visibleFeed actor=dev_admin count=87
2026-06-29T06:32:22.0350744Z [ADMIN] dice.feed.common itemsRaw=87
2026-06-29T06:32:22.0752197Z [ADMIN] dice.feed.common itemsMapped=87
2026-06-29T06:32:22.0757432Z [ADMIN] dice.visibleFeed actor=dev_admin count=87
2026-06-29T06:32:32.2077561Z [ADMIN] admin.accounts.pending actor=dev_admin count=0
2026-06-29T06:32:32.3839171Z [ADMIN] dice.feed.common itemsRaw=87
2026-06-29T06:32:32.4239794Z [ADMIN] dice.feed.common itemsMapped=87
2026-06-29T06:32:32.4239794Z [ADMIN] dice.visibleFeed actor=dev_admin count=87
2026-06-29T06:32:32.5068038Z [ADMIN] dice.feed.common itemsRaw=87
2026-06-29T06:32:32.5457512Z [ADMIN] dice.feed.common itemsMapped=87
2026-06-29T06:32:32.5462730Z [ADMIN] dice.visibleFeed actor=dev_admin count=87
2026-06-29T06:32:42.1680952Z [ADMIN] admin.accounts.pending actor=dev_admin count=0
2026-06-29T06:32:42.3502999Z [ADMIN] dice.feed.common itemsRaw=87
2026-06-29T06:32:42.3853056Z [ADMIN] dice.feed.common itemsMapped=87
2026-06-29T06:32:42.3853056Z [ADMIN] dice.visibleFeed actor=dev_admin count=87
2026-06-29T06:32:42.4883070Z [ADMIN] dice.feed.common itemsRaw=87
2026-06-29T06:32:42.5233053Z [ADMIN] dice.feed.common itemsMapped=87
2026-06-29T06:32:42.5233053Z [ADMIN] dice.visibleFeed actor=dev_admin count=87
2026-06-29T06:32:49.6466366Z [ADMIN] development.hexagon.layout.save actor=dev_admin hexagonId=main_development_hexagon changed=1
2026-06-29T06:32:52.1622085Z [ADMIN] admin.accounts.pending actor=dev_admin count=0
2026-06-29T06:32:52.3370345Z [ADMIN] dice.feed.common itemsRaw=87
2026-06-29T06:32:52.3735162Z [ADMIN] dice.feed.common itemsMapped=87
2026-06-29T06:32:52.3735162Z [ADMIN] dice.visibleFeed actor=dev_admin count=87
2026-06-29T06:32:52.4555166Z [ADMIN] dice.feed.common itemsRaw=87
2026-06-29T06:32:52.4905172Z [ADMIN] dice.feed.common itemsMapped=87
2026-06-29T06:32:52.4905172Z [ADMIN] dice.visibleFeed actor=dev_admin count=87
2026-06-29T06:32:54.4662596Z [ADMIN] crafting.command.disabled command=crafting.player.recipe.list
2026-06-29T06:32:54.5267981Z [ADMIN] progression.available.skills actor=dev_player count=13
2026-06-29T06:32:54.5317976Z [ADMIN] character.skills.get auth actor=dev_player characterId=fbd8a7b8e9a74810becc233f30fe9160 ownerCheck=True allowed=True
2026-06-29T06:32:54.5377554Z [ADMIN] character.skills.get actor=dev_player characterId=fbd8a7b8e9a74810becc233f30fe9160 count=12 profileFirst=true
2026-06-29T06:32:54.5867553Z [ADMIN] dice.feed.common itemsRaw=87
2026-06-29T06:32:54.6217546Z [ADMIN] dice.feed.common itemsMapped=87
2026-06-29T06:32:54.6227544Z [ADMIN] dice.visibleFeed actor=dev_player count=87
2026-06-29T06:32:54.6777565Z [ADMIN] dice.test.getCurrent actor=dev_player userId=0584ae33047742a18f657d4ca9c86a01 found=False
2026-06-29T06:32:54.7133016Z [ADMIN] request.handler.failed requestId=a2abc49d129040cba62bd4c787a2606c command=system.featureFlags.snapshot type=Unauthorized message=Insufficient role.
2026-06-29T06:32:54.7163088Z [ADMIN] request.handler.failed requestId=dab2cf3dfbe14880833bcdbedca06f8b command=system.featureFlags.snapshot type=Unauthorized message=Insufficient role.
2026-06-29T06:32:54.7263086Z [ADMIN] journal.player.event.list actor=dev_player campaignId=default count=122
2026-06-29T06:32:54.7503084Z [ADMIN] request.handler.failed requestId=f0a8b96d555a4555aa953ff2c68e5086 command=system.featureFlags.snapshot type=Unauthorized message=Insufficient role.
2026-06-29T06:32:54.7523081Z [ADMIN] request.handler.failed requestId=c5bece77a0a942afb07c130d9f2168d5 command=system.featureFlags.snapshot type=Unauthorized message=Insufficient role.
2026-06-29T06:32:54.7763081Z [ADMIN] schedule.real.player.next actor=dev_player campaignId=default hasNext=False
2026-06-29T06:32:54.7813074Z [ADMIN] schedule.real.player.list actor=dev_player campaignId=default count=0
2026-06-29T06:33:02.6245832Z [ADMIN] admin.accounts.pending actor=dev_admin count=0
2026-06-29T06:33:02.7745835Z [ADMIN] dice.feed.common itemsRaw=87
2026-06-29T06:33:02.8055838Z [ADMIN] dice.feed.common itemsRaw=87
2026-06-29T06:33:02.8135826Z [ADMIN] dice.feed.common itemsMapped=87
2026-06-29T06:33:02.8135826Z [ADMIN] dice.visibleFeed actor=dev_player count=87
2026-06-29T06:33:02.8445823Z [ADMIN] dice.feed.common itemsMapped=87
2026-06-29T06:33:02.8445823Z [ADMIN] dice.visibleFeed actor=dev_admin count=87
2026-06-29T06:33:02.9269779Z [ADMIN] dice.feed.common itemsRaw=87
2026-06-29T06:33:02.9666744Z [ADMIN] dice.feed.common itemsMapped=87
2026-06-29T06:33:02.9666744Z [ADMIN] dice.visibleFeed actor=dev_admin count=87
2026-06-29T06:33:03.1685373Z [ADMIN] dice.test.getCurrent actor=dev_player userId=0584ae33047742a18f657d4ca9c86a01 found=False
2026-06-29T06:33:11.2354262Z [ADMIN] dice.feed.common itemsRaw=87
2026-06-29T06:33:11.2704263Z [ADMIN] dice.feed.common itemsMapped=87
2026-06-29T06:33:11.2714273Z [ADMIN] dice.visibleFeed actor=dev_player count=87
2026-06-29T06:33:11.3296366Z [ADMIN] dice.test.getCurrent actor=dev_player userId=0584ae33047742a18f657d4ca9c86a01 found=False
2026-06-29T06:33:13.1147924Z [ADMIN] admin.accounts.pending actor=dev_admin count=0
2026-06-29T06:33:13.2916524Z [ADMIN] dice.feed.common itemsRaw=87
2026-06-29T06:33:13.3311253Z [ADMIN] dice.feed.common itemsMapped=87
2026-06-29T06:33:13.3311253Z [ADMIN] dice.visibleFeed actor=dev_admin count=87
2026-06-29T06:33:13.4140188Z [ADMIN] dice.feed.common itemsRaw=87
2026-06-29T06:33:13.4529269Z [ADMIN] dice.feed.common itemsMapped=87
2026-06-29T06:33:13.4534471Z [ADMIN] dice.visibleFeed actor=dev_admin count=87
2026-06-29T06:33:19.3833541Z [ADMIN] dice.feed.common itemsRaw=87
2026-06-29T06:33:19.4209272Z [ADMIN] dice.feed.common itemsMapped=87
2026-06-29T06:33:19.4209272Z [ADMIN] dice.visibleFeed actor=dev_player count=87
2026-06-29T06:33:19.4796537Z [ADMIN] dice.test.getCurrent actor=dev_player userId=0584ae33047742a18f657d4ca9c86a01 found=False
2026-06-29T06:33:23.5834703Z [ADMIN] admin.accounts.pending actor=dev_admin count=0
2026-06-29T06:33:23.7708693Z [ADMIN] dice.feed.common itemsRaw=87
2026-06-29T06:33:23.8118706Z [ADMIN] dice.feed.common itemsMapped=87
2026-06-29T06:33:23.8118706Z [ADMIN] dice.visibleFeed actor=dev_admin count=87
2026-06-29T06:33:23.9024067Z [ADMIN] dice.feed.common itemsRaw=87
2026-06-29T06:33:23.9419998Z [ADMIN] dice.feed.common itemsMapped=87
2026-06-29T06:33:23.9419998Z [ADMIN] dice.visibleFeed actor=dev_admin count=87
2026-06-29T06:33:27.5438347Z [ADMIN] dice.feed.common itemsRaw=87
2026-06-29T06:33:27.5808416Z [ADMIN] dice.feed.common itemsMapped=87
2026-06-29T06:33:27.5808416Z [ADMIN] dice.visibleFeed actor=dev_player count=87
2026-06-29T06:33:27.6364938Z [ADMIN] dice.test.getCurrent actor=dev_player userId=0584ae33047742a18f657d4ca9c86a01 found=False
2026-06-29T06:33:34.0837641Z [ADMIN] admin.accounts.pending actor=dev_admin count=0
2026-06-29T06:33:34.2753620Z [ADMIN] dice.feed.common itemsRaw=87
2026-06-29T06:33:34.3133637Z [ADMIN] dice.feed.common itemsMapped=87
2026-06-29T06:33:34.3143629Z [ADMIN] dice.visibleFeed actor=dev_admin count=87
2026-06-29T06:33:34.4008877Z [ADMIN] dice.feed.common itemsRaw=87
2026-06-29T06:33:34.4388886Z [ADMIN] dice.feed.common itemsMapped=87
2026-06-29T06:33:34.4398880Z [ADMIN] dice.visibleFeed actor=dev_admin count=87
2026-06-29T06:33:35.6948358Z [ADMIN] dice.feed.common itemsRaw=87
2026-06-29T06:33:35.7318345Z [ADMIN] dice.feed.common itemsMapped=87
2026-06-29T06:33:35.7318345Z [ADMIN] dice.visibleFeed actor=dev_player count=87
2026-06-29T06:33:35.7910457Z [ADMIN] dice.test.getCurrent actor=dev_player userId=0584ae33047742a18f657d4ca9c86a01 found=False
2026-06-29T06:33:43.8513061Z [ADMIN] dice.feed.common itemsRaw=87
2026-06-29T06:33:43.8883052Z [ADMIN] dice.feed.common itemsMapped=87
2026-06-29T06:33:43.8883052Z [ADMIN] dice.visibleFeed actor=dev_player count=87
2026-06-29T06:33:43.9478368Z [ADMIN] dice.test.getCurrent actor=dev_player userId=0584ae33047742a18f657d4ca9c86a01 found=False
2026-06-29T06:33:44.5711045Z [ADMIN] admin.accounts.pending actor=dev_admin count=0
2026-06-29T06:33:44.7571051Z [ADMIN] dice.feed.common itemsRaw=87
2026-06-29T06:33:44.7951047Z [ADMIN] dice.feed.common itemsMapped=87
2026-06-29T06:33:44.7951047Z [ADMIN] dice.visibleFeed actor=dev_admin count=87
2026-06-29T06:33:44.8821536Z [ADMIN] dice.feed.common itemsRaw=87
2026-06-29T06:33:44.9211552Z [ADMIN] dice.feed.common itemsMapped=87
2026-06-29T06:33:44.9211552Z [ADMIN] dice.visibleFeed actor=dev_admin count=87
2026-06-29T06:33:52.0204819Z [ADMIN] dice.feed.common itemsRaw=87
2026-06-29T06:33:52.0564814Z [ADMIN] dice.feed.common itemsMapped=87
2026-06-29T06:33:52.0564814Z [ADMIN] dice.visibleFeed actor=dev_player count=87
2026-06-29T06:33:52.1139541Z [ADMIN] dice.test.getCurrent actor=dev_player userId=0584ae33047742a18f657d4ca9c86a01 found=False
2026-06-29T06:33:55.0723592Z [ADMIN] admin.accounts.pending actor=dev_admin count=0
2026-06-29T06:33:55.2531499Z [ADMIN] dice.feed.common itemsRaw=87
2026-06-29T06:33:55.2891487Z [ADMIN] dice.feed.common itemsMapped=87
2026-06-29T06:33:55.2901490Z [ADMIN] dice.visibleFeed actor=dev_admin count=87
2026-06-29T06:33:55.3681489Z [ADMIN] dice.feed.common itemsRaw=87
2026-06-29T06:33:55.4031487Z [ADMIN] dice.feed.common itemsMapped=87
2026-06-29T06:33:55.4031487Z [ADMIN] dice.visibleFeed actor=dev_admin count=87
2026-06-29T06:34:00.1614741Z [ADMIN] dice.feed.common itemsRaw=87
2026-06-29T06:34:00.1984742Z [ADMIN] dice.feed.common itemsMapped=87
2026-06-29T06:34:00.1984742Z [ADMIN] dice.visibleFeed actor=dev_player count=87
2026-06-29T06:34:00.2537409Z [ADMIN] dice.test.getCurrent actor=dev_player userId=0584ae33047742a18f657d4ca9c86a01 found=False
2026-06-29T06:34:05.5357746Z [ADMIN] admin.accounts.pending actor=dev_admin count=0
2026-06-29T06:34:05.7063034Z [ADMIN] dice.feed.common itemsRaw=87
2026-06-29T06:34:05.7443063Z [ADMIN] dice.feed.common itemsMapped=87
2026-06-29T06:34:05.7443063Z [ADMIN] dice.visibleFeed actor=dev_admin count=87
2026-06-29T06:34:05.8253036Z [ADMIN] dice.feed.common itemsRaw=87
2026-06-29T06:34:05.8613035Z [ADMIN] dice.feed.common itemsMapped=87
2026-06-29T06:34:05.8623035Z [ADMIN] dice.visibleFeed actor=dev_admin count=87
2026-06-29T06:34:08.3038860Z [ADMIN] dice.feed.common itemsRaw=87
2026-06-29T06:34:08.3413899Z [ADMIN] dice.feed.common itemsMapped=87
2026-06-29T06:34:08.3423897Z [ADMIN] dice.visibleFeed actor=dev_player count=87
2026-06-29T06:34:08.3990892Z [ADMIN] dice.test.getCurrent actor=dev_player userId=0584ae33047742a18f657d4ca9c86a01 found=False
2026-06-29T06:34:15.9890511Z [ADMIN] admin.accounts.pending actor=dev_admin count=0
2026-06-29T06:34:16.2070486Z [ADMIN] dice.feed.common itemsRaw=87
2026-06-29T06:34:16.2450479Z [ADMIN] dice.feed.common itemsMapped=87
2026-06-29T06:34:16.2450479Z [ADMIN] dice.visibleFeed actor=dev_admin count=87
2026-06-29T06:34:16.3265870Z [ADMIN] dice.feed.common itemsRaw=87
2026-06-29T06:34:16.3651538Z [ADMIN] dice.feed.common itemsMapped=87
2026-06-29T06:34:16.3651538Z [ADMIN] dice.visibleFeed actor=dev_admin count=87
2026-06-29T06:34:16.4589363Z [ADMIN] dice.feed.common itemsRaw=87
2026-06-29T06:34:16.4998576Z [ADMIN] dice.feed.common itemsMapped=87
2026-06-29T06:34:16.4998576Z [ADMIN] dice.visibleFeed actor=dev_player count=87
2026-06-29T06:34:16.8548931Z [ADMIN] dice.test.getCurrent actor=dev_player userId=0584ae33047742a18f657d4ca9c86a01 found=False
2026-06-29T06:34:24.9229604Z [ADMIN] dice.feed.common itemsRaw=87
2026-06-29T06:34:24.9596854Z [ADMIN] dice.feed.common itemsMapped=87
2026-06-29T06:34:24.9596854Z [ADMIN] dice.visibleFeed actor=dev_player count=87
2026-06-29T06:34:25.0170721Z [ADMIN] dice.test.getCurrent actor=dev_player userId=0584ae33047742a18f657d4ca9c86a01 found=False
2026-06-29T06:34:26.5050765Z [ADMIN] admin.accounts.pending actor=dev_admin count=0
2026-06-29T06:34:26.6783761Z [ADMIN] dice.feed.common itemsRaw=87
2026-06-29T06:34:26.7163762Z [ADMIN] dice.feed.common itemsMapped=87
2026-06-29T06:34:26.7163762Z [ADMIN] dice.visibleFeed actor=dev_admin count=87
2026-06-29T06:34:26.7947647Z [ADMIN] dice.feed.common itemsRaw=87
2026-06-29T06:34:26.8319109Z [ADMIN] dice.feed.common itemsMapped=87
2026-06-29T06:34:26.8319109Z [ADMIN] dice.visibleFeed actor=dev_admin count=87
2026-06-29T06:34:33.0734449Z [ADMIN] dice.feed.common itemsRaw=87
2026-06-29T06:34:33.1114443Z [ADMIN] dice.feed.common itemsMapped=87
2026-06-29T06:34:33.1114443Z [ADMIN] dice.visibleFeed actor=dev_player count=87
2026-06-29T06:34:33.1669812Z [ADMIN] dice.test.getCurrent actor=dev_player userId=0584ae33047742a18f657d4ca9c86a01 found=False
2026-06-29T06:34:36.9570843Z [ADMIN] admin.accounts.pending actor=dev_admin count=0
2026-06-29T06:34:37.1296113Z [ADMIN] dice.feed.common itemsRaw=87
2026-06-29T06:34:37.1646182Z [ADMIN] dice.feed.common itemsMapped=87
2026-06-29T06:34:37.1656187Z [ADMIN] dice.visibleFeed actor=dev_admin count=87
2026-06-29T06:34:37.2476692Z [ADMIN] dice.feed.common itemsRaw=87
2026-06-29T06:34:37.2826689Z [ADMIN] dice.feed.common itemsMapped=87
2026-06-29T06:34:37.2836698Z [ADMIN] dice.visibleFeed actor=dev_admin count=87
2026-06-29T06:34:41.2256420Z [ADMIN] dice.feed.common itemsRaw=87
2026-06-29T06:34:41.2617583Z [ADMIN] dice.feed.common itemsMapped=87
2026-06-29T06:34:41.2617583Z [ADMIN] dice.visibleFeed actor=dev_player count=87
2026-06-29T06:34:41.3197583Z [ADMIN] dice.test.getCurrent actor=dev_player userId=0584ae33047742a18f657d4ca9c86a01 found=False
2026-06-29T06:34:47.4202664Z [ADMIN] admin.accounts.pending actor=dev_admin count=0
2026-06-29T06:34:47.5942749Z [ADMIN] dice.feed.common itemsRaw=87
2026-06-29T06:34:47.6307555Z [ADMIN] dice.feed.common itemsMapped=87
2026-06-29T06:34:47.6307555Z [ADMIN] dice.visibleFeed actor=dev_admin count=87
2026-06-29T06:34:47.7117554Z [ADMIN] dice.feed.common itemsRaw=87
2026-06-29T06:34:47.7472881Z [ADMIN] dice.feed.common itemsMapped=87
2026-06-29T06:34:47.7482883Z [ADMIN] dice.visibleFeed actor=dev_admin count=87
2026-06-29T06:34:49.3850881Z [ADMIN] dice.feed.common itemsRaw=87
2026-06-29T06:34:49.4227621Z [ADMIN] dice.feed.common itemsMapped=87
2026-06-29T06:34:49.4227621Z [ADMIN] dice.visibleFeed actor=dev_player count=87
2026-06-29T06:34:49.4787170Z [ADMIN] dice.test.getCurrent actor=dev_player userId=0584ae33047742a18f657d4ca9c86a01 found=False
2026-06-29T06:34:57.5400537Z [ADMIN] dice.feed.common itemsRaw=87
2026-06-29T06:34:57.5766206Z [ADMIN] dice.feed.common itemsMapped=87
2026-06-29T06:34:57.5766206Z [ADMIN] dice.visibleFeed actor=dev_player count=87
2026-06-29T06:34:57.6422837Z [ADMIN] dice.test.getCurrent actor=dev_player userId=0584ae33047742a18f657d4ca9c86a01 found=False
2026-06-29T06:34:57.8800917Z [ADMIN] admin.accounts.pending actor=dev_admin count=0
2026-06-29T06:34:58.0563720Z [ADMIN] dice.feed.common itemsRaw=87
2026-06-29T06:34:58.0948238Z [ADMIN] dice.feed.common itemsMapped=87
2026-06-29T06:34:58.0958246Z [ADMIN] dice.visibleFeed actor=dev_admin count=87
2026-06-29T06:34:58.1814906Z [ADMIN] dice.feed.common itemsRaw=87
2026-06-29T06:34:58.2212364Z [ADMIN] dice.feed.common itemsMapped=87
2026-06-29T06:34:58.2212364Z [ADMIN] dice.visibleFeed actor=dev_admin count=87
2026-06-29T06:35:05.6983490Z [ADMIN] dice.feed.common itemsRaw=87
2026-06-29T06:35:05.7381923Z [ADMIN] dice.feed.common itemsMapped=87
2026-06-29T06:35:05.7381923Z [ADMIN] dice.visibleFeed actor=dev_player count=87
2026-06-29T06:35:05.7978008Z [ADMIN] dice.test.getCurrent actor=dev_player userId=0584ae33047742a18f657d4ca9c86a01 found=False
2026-06-29T06:35:08.3500291Z [ADMIN] admin.accounts.pending actor=dev_admin count=0
2026-06-29T06:35:08.5279468Z [ADMIN] dice.feed.common itemsRaw=87
2026-06-29T06:35:08.5663630Z [ADMIN] dice.feed.common itemsMapped=87
2026-06-29T06:35:08.5663630Z [ADMIN] dice.visibleFeed actor=dev_admin count=87
2026-06-29T06:35:08.6528956Z [ADMIN] dice.feed.common itemsRaw=87
2026-06-29T06:35:08.6924108Z [ADMIN] dice.feed.common itemsMapped=87
2026-06-29T06:35:08.6934108Z [ADMIN] dice.visibleFeed actor=dev_admin count=87
2026-06-29T06:35:13.8524619Z [ADMIN] dice.feed.common itemsRaw=87
2026-06-29T06:35:13.8931396Z [ADMIN] dice.feed.common itemsMapped=87
2026-06-29T06:35:13.8941400Z [ADMIN] dice.visibleFeed actor=dev_player count=87
2026-06-29T06:35:13.9544788Z [ADMIN] dice.test.getCurrent actor=dev_player userId=0584ae33047742a18f657d4ca9c86a01 found=False
2026-06-29T06:35:18.8353301Z [ADMIN] admin.accounts.pending actor=dev_admin count=0
2026-06-29T06:35:19.0176614Z [ADMIN] dice.feed.common itemsRaw=87
2026-06-29T06:35:19.0556619Z [ADMIN] dice.feed.common itemsMapped=87
2026-06-29T06:35:19.0556619Z [ADMIN] dice.visibleFeed actor=dev_admin count=87
2026-06-29T06:35:19.1432128Z [ADMIN] dice.feed.common itemsRaw=87
2026-06-29T06:35:19.1812114Z [ADMIN] dice.feed.common itemsMapped=87
2026-06-29T06:35:19.1812114Z [ADMIN] dice.visibleFeed actor=dev_admin count=87
2026-06-29T06:35:22.0057960Z [ADMIN] dice.feed.common itemsRaw=87
2026-06-29T06:35:22.0407949Z [ADMIN] dice.feed.common itemsMapped=87
2026-06-29T06:35:22.0417948Z [ADMIN] dice.visibleFeed actor=dev_player count=87
2026-06-29T06:35:22.0987973Z [ADMIN] dice.test.getCurrent actor=dev_player userId=0584ae33047742a18f657d4ca9c86a01 found=False
2026-06-29T06:35:29.3172498Z [ADMIN] admin.accounts.pending actor=dev_admin count=0
2026-06-29T06:35:29.5108578Z [ADMIN] dice.feed.common itemsRaw=87
2026-06-29T06:35:29.5520539Z [ADMIN] dice.feed.common itemsMapped=87
2026-06-29T06:35:29.5520539Z [ADMIN] dice.visibleFeed actor=dev_admin count=87
2026-06-29T06:35:29.6409272Z [ADMIN] dice.feed.common itemsRaw=87
2026-06-29T06:35:29.6814692Z [ADMIN] dice.feed.common itemsMapped=87
2026-06-29T06:35:29.6814692Z [ADMIN] dice.visibleFeed actor=dev_admin count=87
2026-06-29T06:35:30.1479744Z [ADMIN] dice.feed.common itemsRaw=87
2026-06-29T06:35:30.1879816Z [ADMIN] dice.feed.common itemsMapped=87
2026-06-29T06:35:30.1879816Z [ADMIN] dice.visibleFeed actor=dev_player count=87
2026-06-29T06:35:30.2468640Z [ADMIN] dice.test.getCurrent actor=dev_player userId=0584ae33047742a18f657d4ca9c86a01 found=False
2026-06-29T06:35:38.3044326Z [ADMIN] dice.feed.common itemsRaw=87
2026-06-29T06:35:38.3418955Z [ADMIN] dice.feed.common itemsMapped=87
2026-06-29T06:35:38.3418955Z [ADMIN] dice.visibleFeed actor=dev_player count=87
2026-06-29T06:35:38.3974481Z [ADMIN] dice.test.getCurrent actor=dev_player userId=0584ae33047742a18f657d4ca9c86a01 found=False
2026-06-29T06:35:39.8261103Z [ADMIN] admin.accounts.pending actor=dev_admin count=0
2026-06-29T06:35:40.0095367Z [ADMIN] dice.feed.common itemsRaw=87
2026-06-29T06:35:40.0493740Z [ADMIN] dice.feed.common itemsMapped=87
2026-06-29T06:35:40.0493740Z [ADMIN] dice.visibleFeed actor=dev_admin count=87
2026-06-29T06:35:40.1357302Z [ADMIN] dice.feed.common itemsRaw=87
2026-06-29T06:35:40.1742492Z [ADMIN] dice.feed.common itemsMapped=87
2026-06-29T06:35:40.1752499Z [ADMIN] dice.visibleFeed actor=dev_admin count=87
2026-06-29T06:35:46.4608902Z [ADMIN] dice.feed.common itemsRaw=87
2026-06-29T06:35:46.4987529Z [ADMIN] dice.feed.common itemsMapped=87
2026-06-29T06:35:46.4987529Z [ADMIN] dice.visibleFeed actor=dev_player count=87
2026-06-29T06:35:46.5559385Z [ADMIN] dice.test.getCurrent actor=dev_player userId=0584ae33047742a18f657d4ca9c86a01 found=False
2026-06-29T06:35:50.3175760Z [ADMIN] admin.accounts.pending actor=dev_admin count=0
2026-06-29T06:35:50.5250465Z [ADMIN] dice.feed.common itemsRaw=87
2026-06-29T06:35:50.5654152Z [ADMIN] dice.feed.common itemsMapped=87
2026-06-29T06:35:50.5654152Z [ADMIN] dice.visibleFeed actor=dev_admin count=87
2026-06-29T06:35:50.6523098Z [ADMIN] dice.feed.common itemsRaw=87
2026-06-29T06:35:50.6913094Z [ADMIN] dice.feed.common itemsMapped=87
2026-06-29T06:35:50.6913094Z [ADMIN] dice.visibleFeed actor=dev_admin count=87
2026-06-29T06:35:54.6151430Z [ADMIN] dice.feed.common itemsRaw=87
2026-06-29T06:35:54.6521424Z [ADMIN] dice.feed.common itemsMapped=87
2026-06-29T06:35:54.6521424Z [ADMIN] dice.visibleFeed actor=dev_player count=87
2026-06-29T06:35:54.7081438Z [ADMIN] dice.test.getCurrent actor=dev_player userId=0584ae33047742a18f657d4ca9c86a01 found=False
2026-06-29T06:36:00.8180815Z [ADMIN] admin.accounts.pending actor=dev_admin count=0
2026-06-29T06:36:00.9993764Z [ADMIN] dice.feed.common itemsRaw=87
2026-06-29T06:36:01.0372155Z [ADMIN] dice.feed.common itemsMapped=87
2026-06-29T06:36:01.0372155Z [ADMIN] dice.visibleFeed actor=dev_admin count=87
2026-06-29T06:36:01.1284087Z [ADMIN] dice.feed.common itemsRaw=87
2026-06-29T06:36:01.1713209Z [ADMIN] dice.feed.common itemsMapped=87
2026-06-29T06:36:01.1713209Z [ADMIN] dice.visibleFeed actor=dev_admin count=87
2026-06-29T06:36:02.7569391Z [ADMIN] dice.feed.common itemsRaw=87
2026-06-29T06:36:02.7962935Z [ADMIN] dice.feed.common itemsMapped=87
2026-06-29T06:36:02.7968139Z [ADMIN] dice.visibleFeed actor=dev_player count=87
2026-06-29T06:36:02.8557975Z [ADMIN] dice.test.getCurrent actor=dev_player userId=0584ae33047742a18f657d4ca9c86a01 found=False
2026-06-29T06:36:10.9108681Z [ADMIN] dice.feed.common itemsRaw=87
2026-06-29T06:36:10.9478673Z [ADMIN] dice.feed.common itemsMapped=87
2026-06-29T06:36:10.9478673Z [ADMIN] dice.visibleFeed actor=dev_player count=87
2026-06-29T06:36:11.0050194Z [ADMIN] dice.test.getCurrent actor=dev_player userId=0584ae33047742a18f657d4ca9c86a01 found=False
2026-06-29T06:36:11.3345541Z [ADMIN] admin.accounts.pending actor=dev_admin count=0
2026-06-29T06:36:11.5181166Z [ADMIN] dice.feed.common itemsRaw=87
2026-06-29T06:36:11.5561168Z [ADMIN] dice.feed.common itemsMapped=87
2026-06-29T06:36:11.5561168Z [ADMIN] dice.visibleFeed actor=dev_admin count=87
2026-06-29T06:36:11.6412753Z [ADMIN] dice.feed.common itemsRaw=87
2026-06-29T06:36:11.6799104Z [ADMIN] dice.feed.common itemsMapped=87
2026-06-29T06:36:11.6799104Z [ADMIN] dice.visibleFeed actor=dev_admin count=87
2026-06-29T06:36:19.0559244Z [ADMIN] dice.feed.common itemsRaw=87
2026-06-29T06:36:19.0923717Z [ADMIN] dice.feed.common itemsMapped=87
2026-06-29T06:36:19.0923717Z [ADMIN] dice.visibleFeed actor=dev_player count=87
2026-06-29T06:36:19.1500754Z [ADMIN] dice.test.getCurrent actor=dev_player userId=0584ae33047742a18f657d4ca9c86a01 found=False
2026-06-29T06:36:21.8175068Z [ADMIN] admin.accounts.pending actor=dev_admin count=0
2026-06-29T06:36:21.9964241Z [ADMIN] dice.feed.common itemsRaw=87
2026-06-29T06:36:22.0345243Z [ADMIN] dice.feed.common itemsMapped=87
2026-06-29T06:36:22.0345243Z [ADMIN] dice.visibleFeed actor=dev_admin count=87
2026-06-29T06:36:22.1205227Z [ADMIN] dice.feed.common itemsRaw=87
2026-06-29T06:36:22.1585207Z [ADMIN] dice.feed.common itemsMapped=87
2026-06-29T06:36:22.1585207Z [ADMIN] dice.visibleFeed actor=dev_admin count=87
2026-06-29T06:36:27.2096910Z [ADMIN] dice.feed.common itemsRaw=87
2026-06-29T06:36:27.2454748Z [ADMIN] dice.feed.common itemsMapped=87
2026-06-29T06:36:27.2464748Z [ADMIN] dice.visibleFeed actor=dev_player count=87
2026-06-29T06:36:27.3022731Z [ADMIN] dice.test.getCurrent actor=dev_player userId=0584ae33047742a18f657d4ca9c86a01 found=False
2026-06-29T06:36:32.3027717Z [ADMIN] admin.accounts.pending actor=dev_admin count=0
2026-06-29T06:36:32.5020179Z [ADMIN] dice.feed.common itemsRaw=87
2026-06-29T06:36:32.5421855Z [ADMIN] dice.feed.common itemsMapped=87
2026-06-29T06:36:32.5421855Z [ADMIN] dice.visibleFeed actor=dev_admin count=87
2026-06-29T06:36:32.6272004Z [ADMIN] dice.feed.common itemsRaw=87
2026-06-29T06:36:32.6685062Z [ADMIN] dice.feed.common itemsMapped=87
2026-06-29T06:36:32.6690351Z [ADMIN] dice.visibleFeed actor=dev_admin count=87
2026-06-29T06:36:35.3498500Z [ADMIN] dice.feed.common itemsRaw=87
2026-06-29T06:36:35.3884355Z [ADMIN] dice.feed.common itemsMapped=87
2026-06-29T06:36:35.3884355Z [ADMIN] dice.visibleFeed actor=dev_player count=87
2026-06-29T06:36:35.4479029Z [ADMIN] dice.test.getCurrent actor=dev_player userId=0584ae33047742a18f657d4ca9c86a01 found=False
2026-06-29T06:36:42.8163897Z [ADMIN] admin.accounts.pending actor=dev_admin count=0
2026-06-29T06:36:42.9945580Z [ADMIN] dice.feed.common itemsRaw=87
2026-06-29T06:36:43.0325571Z [ADMIN] dice.feed.common itemsMapped=87
2026-06-29T06:36:43.0325571Z [ADMIN] dice.visibleFeed actor=dev_admin count=87
2026-06-29T06:36:43.1169709Z [ADMIN] dice.feed.common itemsRaw=87
2026-06-29T06:36:43.1577382Z [ADMIN] dice.feed.common itemsMapped=87
2026-06-29T06:36:43.1577382Z [ADMIN] dice.visibleFeed actor=dev_admin count=87
2026-06-29T06:36:43.5070444Z [ADMIN] dice.feed.common itemsRaw=87
2026-06-29T06:36:43.5435591Z [ADMIN] dice.feed.common itemsMapped=87
2026-06-29T06:36:43.5440814Z [ADMIN] dice.visibleFeed actor=dev_player count=87
2026-06-29T06:36:43.6008044Z [ADMIN] dice.test.getCurrent actor=dev_player userId=0584ae33047742a18f657d4ca9c86a01 found=False
2026-06-29T06:36:51.6634080Z [ADMIN] dice.feed.common itemsRaw=87
2026-06-29T06:36:51.7005407Z [ADMIN] dice.feed.common itemsMapped=87
2026-06-29T06:36:51.7005407Z [ADMIN] dice.visibleFeed actor=dev_player count=87
2026-06-29T06:36:51.7610351Z [ADMIN] dice.test.getCurrent actor=dev_player userId=0584ae33047742a18f657d4ca9c86a01 found=False
2026-06-29T06:36:53.3022222Z [ADMIN] admin.accounts.pending actor=dev_admin count=0
2026-06-29T06:36:53.4999364Z [ADMIN] dice.feed.common itemsRaw=87
2026-06-29T06:36:53.5457698Z [ADMIN] dice.feed.common itemsMapped=87
2026-06-29T06:36:53.5457698Z [ADMIN] dice.visibleFeed actor=dev_admin count=87
2026-06-29T06:36:53.6669943Z [ADMIN] dice.feed.common itemsRaw=87
2026-06-29T06:36:53.7108050Z [ADMIN] dice.feed.common itemsMapped=87
2026-06-29T06:36:53.7108050Z [ADMIN] dice.visibleFeed actor=dev_admin count=87
2026-06-29T06:36:59.8201513Z [ADMIN] dice.feed.common itemsRaw=87
2026-06-29T06:36:59.8592063Z [ADMIN] dice.feed.common itemsMapped=87
2026-06-29T06:36:59.8592063Z [ADMIN] dice.visibleFeed actor=dev_player count=87
2026-06-29T06:36:59.9161511Z [ADMIN] dice.test.getCurrent actor=dev_player userId=0584ae33047742a18f657d4ca9c86a01 found=False
2026-06-29T06:37:03.8645851Z [ADMIN] admin.accounts.pending actor=dev_admin count=0
2026-06-29T06:37:04.0494843Z [ADMIN] dice.feed.common itemsRaw=87
2026-06-29T06:37:04.0868650Z [ADMIN] dice.feed.common itemsMapped=87
2026-06-29T06:37:04.0878645Z [ADMIN] dice.visibleFeed actor=dev_admin count=87
2026-06-29T06:37:04.1744868Z [ADMIN] dice.feed.common itemsRaw=87
2026-06-29T06:37:04.2134869Z [ADMIN] dice.feed.common itemsMapped=87
2026-06-29T06:37:04.2134869Z [ADMIN] dice.visibleFeed actor=dev_admin count=87
2026-06-29T06:37:07.9755140Z [ADMIN] dice.feed.common itemsRaw=87
2026-06-29T06:37:08.0125610Z [ADMIN] dice.feed.common itemsMapped=87
2026-06-29T06:37:08.0125610Z [ADMIN] dice.visibleFeed actor=dev_player count=87
2026-06-29T06:37:08.0696195Z [ADMIN] dice.test.getCurrent actor=dev_player userId=0584ae33047742a18f657d4ca9c86a01 found=False
2026-06-29T06:37:14.3647302Z [ADMIN] admin.accounts.pending actor=dev_admin count=0
2026-06-29T06:37:14.5486936Z [ADMIN] dice.feed.common itemsRaw=87
2026-06-29T06:37:14.5867793Z [ADMIN] dice.feed.common itemsMapped=87
2026-06-29T06:37:14.5877776Z [ADMIN] dice.visibleFeed actor=dev_admin count=87
2026-06-29T06:37:14.6677709Z [ADMIN] dice.feed.common itemsRaw=87
2026-06-29T06:37:14.7063243Z [ADMIN] dice.feed.common itemsMapped=87
2026-06-29T06:37:14.7063243Z [ADMIN] dice.visibleFeed actor=dev_admin count=87
2026-06-29T06:37:16.1344027Z [ADMIN] dice.feed.common itemsRaw=87
2026-06-29T06:37:16.1737978Z [ADMIN] dice.feed.common itemsMapped=87
2026-06-29T06:37:16.1737978Z [ADMIN] dice.visibleFeed actor=dev_player count=87
2026-06-29T06:37:16.2340451Z [ADMIN] dice.test.getCurrent actor=dev_player userId=0584ae33047742a18f657d4ca9c86a01 found=False
2026-06-29T06:37:24.2888940Z [ADMIN] dice.feed.common itemsRaw=87
2026-06-29T06:37:24.3280460Z [ADMIN] dice.feed.common itemsMapped=87
2026-06-29T06:37:24.3285512Z [ADMIN] dice.visibleFeed actor=dev_player count=87
2026-06-29T06:37:24.3849452Z [ADMIN] dice.test.getCurrent actor=dev_player userId=0584ae33047742a18f657d4ca9c86a01 found=False
2026-06-29T06:37:24.8501376Z [ADMIN] admin.accounts.pending actor=dev_admin count=0
2026-06-29T06:37:25.0418944Z [ADMIN] dice.feed.common itemsRaw=87
2026-06-29T06:37:25.0804195Z [ADMIN] dice.feed.common itemsMapped=87
2026-06-29T06:37:25.0804195Z [ADMIN] dice.visibleFeed actor=dev_admin count=87
2026-06-29T06:37:25.1802239Z [ADMIN] dice.feed.common itemsRaw=87
2026-06-29T06:37:25.2198863Z [ADMIN] dice.feed.common itemsMapped=87
2026-06-29T06:37:25.2198863Z [ADMIN] dice.visibleFeed actor=dev_admin count=87
2026-06-29T06:37:32.4448439Z [ADMIN] dice.feed.common itemsRaw=87
2026-06-29T06:37:32.4801234Z [ADMIN] dice.feed.common itemsMapped=87
2026-06-29T06:37:32.4811243Z [ADMIN] dice.visibleFeed actor=dev_player count=87
2026-06-29T06:37:32.5361235Z [ADMIN] dice.test.getCurrent actor=dev_player userId=0584ae33047742a18f657d4ca9c86a01 found=False
2026-06-29T06:37:35.3777743Z [ADMIN] admin.accounts.pending actor=dev_admin count=0
2026-06-29T06:37:35.5702023Z [ADMIN] dice.feed.common itemsRaw=87
2026-06-29T06:37:35.6093198Z [ADMIN] dice.feed.common itemsMapped=87
2026-06-29T06:37:35.6103213Z [ADMIN] dice.visibleFeed actor=dev_admin count=87
2026-06-29T06:37:35.6997644Z [ADMIN] dice.feed.common itemsRaw=87
2026-06-29T06:37:35.7407640Z [ADMIN] dice.feed.common itemsMapped=87
2026-06-29T06:37:35.7417631Z [ADMIN] dice.visibleFeed actor=dev_admin count=87
2026-06-29T06:37:40.5858731Z [ADMIN] dice.feed.common itemsRaw=87
2026-06-29T06:37:40.6218729Z [ADMIN] dice.feed.common itemsMapped=87
2026-06-29T06:37:40.6218729Z [ADMIN] dice.visibleFeed actor=dev_player count=87
2026-06-29T06:37:40.6795507Z [ADMIN] dice.test.getCurrent actor=dev_player userId=0584ae33047742a18f657d4ca9c86a01 found=False
2026-06-29T06:37:45.8793096Z [ADMIN] admin.accounts.pending actor=dev_admin count=0
2026-06-29T06:37:46.0563867Z [ADMIN] dice.feed.common itemsRaw=87
2026-06-29T06:37:46.0941808Z [ADMIN] dice.feed.common itemsMapped=87
2026-06-29T06:37:46.0941808Z [ADMIN] dice.visibleFeed actor=dev_admin count=87
2026-06-29T06:37:46.1811793Z [ADMIN] dice.feed.common itemsRaw=87
2026-06-29T06:37:46.2203222Z [ADMIN] dice.feed.common itemsMapped=87
2026-06-29T06:37:46.2203222Z [ADMIN] dice.visibleFeed actor=dev_admin count=87
2026-06-29T06:37:48.7425867Z [ADMIN] dice.feed.common itemsRaw=87
2026-06-29T06:37:48.7785865Z [ADMIN] dice.feed.common itemsMapped=87
2026-06-29T06:37:48.7785865Z [ADMIN] dice.visibleFeed actor=dev_player count=87
2026-06-29T06:37:48.8335868Z [ADMIN] dice.test.getCurrent actor=dev_player userId=0584ae33047742a18f657d4ca9c86a01 found=False
2026-06-29T06:37:56.3492394Z [ADMIN] admin.accounts.pending actor=dev_admin count=0
2026-06-29T06:37:56.5514581Z [ADMIN] dice.feed.common itemsRaw=87
2026-06-29T06:37:56.5914586Z [ADMIN] dice.feed.common itemsMapped=87
2026-06-29T06:37:56.5914586Z [ADMIN] dice.visibleFeed actor=dev_admin count=87
2026-06-29T06:37:56.6794578Z [ADMIN] dice.feed.common itemsRaw=87
2026-06-29T06:37:56.7184584Z [ADMIN] dice.feed.common itemsMapped=87
2026-06-29T06:37:56.7194577Z [ADMIN] dice.visibleFeed actor=dev_admin count=87
2026-06-29T06:37:56.8975901Z [ADMIN] dice.feed.common itemsRaw=87
2026-06-29T06:37:56.9349298Z [ADMIN] dice.feed.common itemsMapped=87
2026-06-29T06:37:56.9354547Z [ADMIN] dice.visibleFeed actor=dev_player count=87
2026-06-29T06:37:56.9924835Z [ADMIN] dice.test.getCurrent actor=dev_player userId=0584ae33047742a18f657d4ca9c86a01 found=False
2026-06-29T06:38:05.0574630Z [ADMIN] dice.feed.common itemsRaw=87
2026-06-29T06:38:05.0984637Z [ADMIN] dice.feed.common itemsMapped=87
2026-06-29T06:38:05.0994638Z [ADMIN] dice.visibleFeed actor=dev_player count=87
2026-06-29T06:38:05.1599911Z [ADMIN] dice.test.getCurrent actor=dev_player userId=0584ae33047742a18f657d4ca9c86a01 found=False
2026-06-29T06:38:06.8479858Z [ADMIN] admin.accounts.pending actor=dev_admin count=0
2026-06-29T06:38:07.0389838Z [ADMIN] dice.feed.common itemsRaw=87
2026-06-29T06:38:07.0779839Z [ADMIN] dice.feed.common itemsMapped=87
2026-06-29T06:38:07.0779839Z [ADMIN] dice.visibleFeed actor=dev_admin count=87
2026-06-29T06:38:07.1689856Z [ADMIN] dice.feed.common itemsRaw=87
2026-06-29T06:38:07.2085210Z [ADMIN] dice.feed.common itemsMapped=87
2026-06-29T06:38:07.2085210Z [ADMIN] dice.visibleFeed actor=dev_admin count=87
2026-06-29T06:38:13.2131350Z [ADMIN] dice.feed.common itemsRaw=87
2026-06-29T06:38:13.2525955Z [ADMIN] dice.feed.common itemsMapped=87
2026-06-29T06:38:13.2535950Z [ADMIN] dice.visibleFeed actor=dev_player count=87
2026-06-29T06:38:13.3273037Z [ADMIN] dice.test.getCurrent actor=dev_player userId=0584ae33047742a18f657d4ca9c86a01 found=False
2026-06-29T06:38:17.3508957Z [ADMIN] admin.accounts.pending actor=dev_admin count=0
2026-06-29T06:38:17.5468944Z [ADMIN] dice.feed.common itemsRaw=87
2026-06-29T06:38:17.5878948Z [ADMIN] dice.feed.common itemsMapped=87
2026-06-29T06:38:17.5878948Z [ADMIN] dice.visibleFeed actor=dev_admin count=87
2026-06-29T06:38:17.6748952Z [ADMIN] dice.feed.common itemsRaw=87
2026-06-29T06:38:17.7168374Z [ADMIN] dice.feed.common itemsMapped=87
2026-06-29T06:38:17.7168374Z [ADMIN] dice.visibleFeed actor=dev_admin count=87
2026-06-29T06:38:21.3877792Z [ADMIN] dice.feed.common itemsRaw=87
2026-06-29T06:38:21.4286057Z [ADMIN] dice.feed.common itemsMapped=87
2026-06-29T06:38:21.4291298Z [ADMIN] dice.visibleFeed actor=dev_player count=87
2026-06-29T06:38:21.4927756Z [ADMIN] dice.test.getCurrent actor=dev_player userId=0584ae33047742a18f657d4ca9c86a01 found=False
2026-06-29T06:38:27.8662045Z [ADMIN] admin.accounts.pending actor=dev_admin count=0
2026-06-29T06:38:28.0590704Z [ADMIN] dice.feed.common itemsRaw=87
2026-06-29T06:38:28.1011385Z [ADMIN] dice.feed.common itemsMapped=87
2026-06-29T06:38:28.1021373Z [ADMIN] dice.visibleFeed actor=dev_admin count=87
2026-06-29T06:38:28.1941364Z [ADMIN] dice.feed.common itemsRaw=87
2026-06-29T06:38:28.2361365Z [ADMIN] dice.feed.common itemsMapped=87
2026-06-29T06:38:28.2361365Z [ADMIN] dice.visibleFeed actor=dev_admin count=87
2026-06-29T06:38:29.5579462Z [ADMIN] dice.feed.common itemsRaw=87
2026-06-29T06:38:29.5998680Z [ADMIN] dice.feed.common itemsMapped=87
2026-06-29T06:38:29.5998680Z [ADMIN] dice.visibleFeed actor=dev_player count=87
2026-06-29T06:38:29.6608530Z [ADMIN] dice.test.getCurrent actor=dev_player userId=0584ae33047742a18f657d4ca9c86a01 found=False
2026-06-29T06:38:37.7275507Z [ADMIN] dice.feed.common itemsRaw=87
2026-06-29T06:38:37.7681336Z [ADMIN] dice.feed.common itemsMapped=87
2026-06-29T06:38:37.7681336Z [ADMIN] dice.visibleFeed actor=dev_player count=87
2026-06-29T06:38:37.8351326Z [ADMIN] dice.test.getCurrent actor=dev_player userId=0584ae33047742a18f657d4ca9c86a01 found=False
2026-06-29T06:38:38.3888733Z [ADMIN] admin.accounts.pending actor=dev_admin count=0
2026-06-29T06:38:38.5794813Z [ADMIN] dice.feed.common itemsRaw=87
2026-06-29T06:38:38.6194816Z [ADMIN] dice.feed.common itemsMapped=87
2026-06-29T06:38:38.6194816Z [ADMIN] dice.visibleFeed actor=dev_admin count=87
2026-06-29T06:38:38.7124812Z [ADMIN] dice.feed.common itemsRaw=87
2026-06-29T06:38:38.7534828Z [ADMIN] dice.feed.common itemsMapped=87
2026-06-29T06:38:38.7534828Z [ADMIN] dice.visibleFeed actor=dev_admin count=87
2026-06-29T06:38:45.8999981Z [ADMIN] dice.feed.common itemsRaw=87
2026-06-29T06:38:45.9419994Z [ADMIN] dice.feed.common itemsMapped=87
2026-06-29T06:38:45.9419994Z [ADMIN] dice.visibleFeed actor=dev_player count=87
2026-06-29T06:38:46.0024796Z [ADMIN] dice.test.getCurrent actor=dev_player userId=0584ae33047742a18f657d4ca9c86a01 found=False
2026-06-29T06:38:48.8959970Z [ADMIN] admin.accounts.pending actor=dev_admin count=0
2026-06-29T06:38:49.1003704Z [ADMIN] dice.feed.common itemsRaw=87
2026-06-29T06:38:49.1413689Z [ADMIN] dice.feed.common itemsMapped=87
2026-06-29T06:38:49.1413689Z [ADMIN] dice.visibleFeed actor=dev_admin count=87
2026-06-29T06:38:49.2399067Z [ADMIN] dice.feed.common itemsRaw=87
2026-06-29T06:38:49.2829062Z [ADMIN] dice.feed.common itemsMapped=87
2026-06-29T06:38:49.2839060Z [ADMIN] dice.visibleFeed actor=dev_admin count=87
2026-06-29T06:38:54.0590432Z [ADMIN] dice.feed.common itemsRaw=87
2026-06-29T06:38:54.0980428Z [ADMIN] dice.feed.common itemsMapped=87
2026-06-29T06:38:54.0990429Z [ADMIN] dice.visibleFeed actor=dev_player count=87
2026-06-29T06:38:54.1584031Z [ADMIN] dice.test.getCurrent actor=dev_player userId=0584ae33047742a18f657d4ca9c86a01 found=False
2026-06-29T06:38:59.4425957Z [ADMIN] admin.accounts.pending actor=dev_admin count=0
2026-06-29T06:38:59.6300835Z [ADMIN] dice.feed.common itemsRaw=87
2026-06-29T06:38:59.6706412Z [ADMIN] dice.feed.common itemsMapped=87
2026-06-29T06:38:59.6706412Z [ADMIN] dice.visibleFeed actor=dev_admin count=87
2026-06-29T06:38:59.7666202Z [ADMIN] dice.feed.common itemsRaw=87
2026-06-29T06:38:59.8063608Z [ADMIN] dice.feed.common itemsMapped=87
2026-06-29T06:38:59.8063608Z [ADMIN] dice.visibleFeed actor=dev_admin count=87
2026-06-29T06:39:02.2091488Z [ADMIN] dice.feed.common itemsRaw=87
2026-06-29T06:39:02.2461479Z [ADMIN] dice.feed.common itemsMapped=87
2026-06-29T06:39:02.2461479Z [ADMIN] dice.visibleFeed actor=dev_player count=87
2026-06-29T06:39:02.3041482Z [ADMIN] dice.test.getCurrent actor=dev_player userId=0584ae33047742a18f657d4ca9c86a01 found=False
2026-06-29T06:39:09.9442125Z [ADMIN] admin.accounts.pending actor=dev_admin count=0
2026-06-29T06:39:10.1378579Z [ADMIN] dice.feed.common itemsRaw=87
2026-06-29T06:39:10.1773905Z [ADMIN] dice.feed.common itemsMapped=87
2026-06-29T06:39:10.1773905Z [ADMIN] dice.visibleFeed actor=dev_admin count=87
2026-06-29T06:39:10.2698230Z [ADMIN] dice.feed.common itemsRaw=87
2026-06-29T06:39:10.3090141Z [ADMIN] dice.feed.common itemsMapped=87
2026-06-29T06:39:10.3095373Z [ADMIN] dice.visibleFeed actor=dev_admin count=87
2026-06-29T06:39:10.3710156Z [ADMIN] dice.feed.common itemsRaw=87
2026-06-29T06:39:10.4112882Z [ADMIN] dice.feed.common itemsMapped=87
2026-06-29T06:39:10.4122879Z [ADMIN] dice.visibleFeed actor=dev_player count=87
2026-06-29T06:39:10.4682902Z [ADMIN] dice.test.getCurrent actor=dev_player userId=0584ae33047742a18f657d4ca9c86a01 found=False
2026-06-29T06:39:18.5229760Z [ADMIN] dice.feed.common itemsRaw=87
2026-06-29T06:39:18.5589760Z [ADMIN] dice.feed.common itemsMapped=87
2026-06-29T06:39:18.5589760Z [ADMIN] dice.visibleFeed actor=dev_player count=87
2026-06-29T06:39:18.6179765Z [ADMIN] dice.test.getCurrent actor=dev_player userId=0584ae33047742a18f657d4ca9c86a01 found=False
2026-06-29T06:39:20.4434339Z [ADMIN] admin.accounts.pending actor=dev_admin count=0
2026-06-29T06:39:20.6300329Z [ADMIN] dice.feed.common itemsRaw=87
2026-06-29T06:39:20.6700319Z [ADMIN] dice.feed.common itemsMapped=87
2026-06-29T06:39:20.6700319Z [ADMIN] dice.visibleFeed actor=dev_admin count=87
2026-06-29T06:39:20.7630337Z [ADMIN] dice.feed.common itemsRaw=87
2026-06-29T06:39:20.8049324Z [ADMIN] dice.feed.common itemsMapped=87
2026-06-29T06:39:20.8049324Z [ADMIN] dice.visibleFeed actor=dev_admin count=87
2026-06-29T06:39:26.6809037Z [ADMIN] dice.feed.common itemsRaw=87
2026-06-29T06:39:26.7195814Z [ADMIN] dice.feed.common itemsMapped=87
2026-06-29T06:39:26.7195814Z [ADMIN] dice.visibleFeed actor=dev_player count=87
2026-06-29T06:39:26.7815826Z [ADMIN] dice.test.getCurrent actor=dev_player userId=0584ae33047742a18f657d4ca9c86a01 found=False
2026-06-29T06:39:30.9424472Z [ADMIN] admin.accounts.pending actor=dev_admin count=0
2026-06-29T06:39:31.1384319Z [ADMIN] dice.feed.common itemsRaw=87
2026-06-29T06:39:31.1794321Z [ADMIN] dice.feed.common itemsMapped=87
2026-06-29T06:39:31.1794321Z [ADMIN] dice.visibleFeed actor=dev_admin count=87
2026-06-29T06:39:31.2721136Z [ADMIN] dice.feed.common itemsRaw=87
2026-06-29T06:39:31.3126229Z [ADMIN] dice.feed.common itemsMapped=87
2026-06-29T06:39:31.3126229Z [ADMIN] dice.visibleFeed actor=dev_admin count=87
2026-06-29T06:39:34.8377040Z [ADMIN] dice.feed.common itemsRaw=87
2026-06-29T06:39:34.8757050Z [ADMIN] dice.feed.common itemsMapped=87
2026-06-29T06:39:34.8757050Z [ADMIN] dice.visibleFeed actor=dev_player count=87
2026-06-29T06:39:34.9327060Z [ADMIN] dice.test.getCurrent actor=dev_player userId=0584ae33047742a18f657d4ca9c86a01 found=False
2026-06-29T06:41:46.5428142Z [ADMIN] request.handler.failed requestId=a17bd4f4c04543bc848614ec2ee55746 command=development.hexagon.admin.saveLayout type=Unauthorized message=Insufficient role.
2026-06-29T06:42:07.8623422Z [ADMIN] request.handler.failed requestId=047c75b00b224029bbf98300044312eb command=development.hexagon.admin.saveLayout type=Unauthorized message=Insufficient role.
2026-06-29T07:38:26.6172130Z [ADMIN] admin.accounts.pending actor=dev_admin count=0
2026-06-29T07:38:27.1100332Z [ADMIN] dice.feed.common itemsRaw=87
2026-06-29T07:38:27.1470852Z [ADMIN] dice.feed.common itemsMapped=87
2026-06-29T07:38:27.1470852Z [ADMIN] dice.visibleFeed actor=dev_admin count=87
2026-06-29T07:38:27.2518141Z [ADMIN] dice.feed.common itemsRaw=87
2026-06-29T07:38:27.2878177Z [ADMIN] dice.feed.common itemsMapped=87
2026-06-29T07:38:27.2878177Z [ADMIN] dice.visibleFeed actor=dev_admin count=87
2026-06-29T07:38:36.6148543Z [ADMIN] admin.accounts.pending actor=dev_admin count=0
2026-06-29T07:38:36.7893954Z [ADMIN] dice.feed.common itemsRaw=87
2026-06-29T07:38:36.8266430Z [ADMIN] dice.feed.common itemsMapped=87
2026-06-29T07:38:36.8271682Z [ADMIN] dice.visibleFeed actor=dev_admin count=87
2026-06-29T07:38:36.9093638Z [ADMIN] dice.feed.common itemsRaw=87
2026-06-29T07:38:36.9433640Z [ADMIN] dice.feed.common itemsMapped=87
2026-06-29T07:38:36.9443640Z [ADMIN] dice.visibleFeed actor=dev_admin count=87
2026-06-29T07:38:47.0685616Z [ADMIN] admin.accounts.pending actor=dev_admin count=0
2026-06-29T07:38:47.2341332Z [ADMIN] dice.feed.common itemsRaw=87
2026-06-29T07:38:47.2697005Z [ADMIN] dice.feed.common itemsMapped=87
2026-06-29T07:38:47.2697005Z [ADMIN] dice.visibleFeed actor=dev_admin count=87
2026-06-29T07:38:47.3545775Z [ADMIN] dice.feed.common itemsRaw=87
2026-06-29T07:38:47.3905150Z [ADMIN] dice.feed.common itemsMapped=87
2026-06-29T07:38:47.3905150Z [ADMIN] dice.visibleFeed actor=dev_admin count=87
2026-06-29T07:38:57.5201559Z [ADMIN] admin.accounts.pending actor=dev_admin count=0
2026-06-29T07:38:57.7105143Z [ADMIN] dice.feed.common itemsRaw=87
2026-06-29T07:38:57.7527171Z [ADMIN] dice.feed.common itemsMapped=87
2026-06-29T07:38:57.7537178Z [ADMIN] dice.visibleFeed actor=dev_admin count=87
2026-06-29T07:38:57.8362310Z [ADMIN] dice.feed.common itemsRaw=87
2026-06-29T07:38:57.8742554Z [ADMIN] dice.feed.common itemsMapped=87
2026-06-29T07:38:57.8742554Z [ADMIN] dice.visibleFeed actor=dev_admin count=87
2026-06-29T07:39:08.0166655Z [ADMIN] admin.accounts.pending actor=dev_admin count=0
2026-06-29T07:39:08.1860733Z [ADMIN] dice.feed.common itemsRaw=87
2026-06-29T07:39:08.2223779Z [ADMIN] dice.feed.common itemsMapped=87
2026-06-29T07:39:08.2223779Z [ADMIN] dice.visibleFeed actor=dev_admin count=87
2026-06-29T07:39:08.3111460Z [ADMIN] dice.feed.common itemsRaw=87
2026-06-29T07:39:08.3497206Z [ADMIN] dice.feed.common itemsMapped=87
2026-06-29T07:39:08.3497206Z [ADMIN] dice.visibleFeed actor=dev_admin count=87
2026-06-29T07:39:18.4735653Z [ADMIN] admin.accounts.pending actor=dev_admin count=0
2026-06-29T07:39:18.6459858Z [ADMIN] dice.feed.common itemsRaw=87
2026-06-29T07:39:18.6839858Z [ADMIN] dice.feed.common itemsMapped=87
2026-06-29T07:39:18.6839858Z [ADMIN] dice.visibleFeed actor=dev_admin count=87
2026-06-29T07:39:18.7651523Z [ADMIN] dice.feed.common itemsRaw=87
2026-06-29T07:39:18.8021522Z [ADMIN] dice.feed.common itemsMapped=87
2026-06-29T07:39:18.8021522Z [ADMIN] dice.visibleFeed actor=dev_admin count=87
2026-06-29T07:39:28.9275351Z [ADMIN] admin.accounts.pending actor=dev_admin count=0
2026-06-29T07:39:29.0983216Z [ADMIN] dice.feed.common itemsRaw=87
2026-06-29T07:39:29.1345987Z [ADMIN] dice.feed.common itemsMapped=87
2026-06-29T07:39:29.1345987Z [ADMIN] dice.visibleFeed actor=dev_admin count=87
2026-06-29T07:39:29.2238181Z [ADMIN] dice.feed.common itemsRaw=87
2026-06-29T07:39:29.2611366Z [ADMIN] dice.feed.common itemsMapped=87
2026-06-29T07:39:29.2611366Z [ADMIN] dice.visibleFeed actor=dev_admin count=87
2026-06-29T07:39:39.3981901Z [ADMIN] admin.accounts.pending actor=dev_admin count=0
2026-06-29T07:39:39.5705637Z [ADMIN] dice.feed.common itemsRaw=87
2026-06-29T07:39:39.6065702Z [ADMIN] dice.feed.common itemsMapped=87
2026-06-29T07:39:39.6065702Z [ADMIN] dice.visibleFeed actor=dev_admin count=87
2026-06-29T07:39:39.6910999Z [ADMIN] dice.feed.common itemsRaw=87
2026-06-29T07:39:39.7270995Z [ADMIN] dice.feed.common itemsMapped=87
2026-06-29T07:39:39.7270995Z [ADMIN] dice.visibleFeed actor=dev_admin count=87
2026-06-29T07:39:49.8660561Z [ADMIN] admin.accounts.pending actor=dev_admin count=0
2026-06-29T07:39:50.0427829Z [ADMIN] dice.feed.common itemsRaw=87
2026-06-29T07:39:50.0777821Z [ADMIN] dice.feed.common itemsMapped=87
2026-06-29T07:39:50.0787820Z [ADMIN] dice.visibleFeed actor=dev_admin count=87
2026-06-29T07:39:50.1584292Z [ADMIN] dice.feed.common itemsRaw=87
2026-06-29T07:39:50.1954298Z [ADMIN] dice.feed.common itemsMapped=87
2026-06-29T07:39:50.1954298Z [ADMIN] dice.visibleFeed actor=dev_admin count=87
2026-06-29T07:40:00.3320143Z [ADMIN] admin.accounts.pending actor=dev_admin count=0
2026-06-29T07:40:00.4983392Z [ADMIN] dice.feed.common itemsRaw=87
2026-06-29T07:40:00.5343392Z [ADMIN] dice.feed.common itemsMapped=87
2026-06-29T07:40:00.5343392Z [ADMIN] dice.visibleFeed actor=dev_admin count=87
2026-06-29T07:40:00.6123390Z [ADMIN] dice.feed.common itemsRaw=87
2026-06-29T07:40:00.6475116Z [ADMIN] dice.feed.common itemsMapped=87
2026-06-29T07:40:00.6475116Z [ADMIN] dice.visibleFeed actor=dev_admin count=87
2026-06-29T07:40:10.7810101Z [ADMIN] admin.accounts.pending actor=dev_admin count=0
2026-06-29T07:40:10.9480549Z [ADMIN] dice.feed.common itemsRaw=87
2026-06-29T07:40:10.9836000Z [ADMIN] dice.feed.common itemsMapped=87
2026-06-29T07:40:10.9841049Z [ADMIN] dice.visibleFeed actor=dev_admin count=87
2026-06-29T07:40:11.0627471Z [ADMIN] dice.feed.common itemsRaw=87
2026-06-29T07:40:11.0985758Z [ADMIN] dice.feed.common itemsMapped=87
2026-06-29T07:40:11.0985758Z [ADMIN] dice.visibleFeed actor=dev_admin count=87
2026-06-29T07:40:21.2242863Z [ADMIN] admin.accounts.pending actor=dev_admin count=0
2026-06-29T07:40:21.4447226Z [ADMIN] dice.feed.common itemsRaw=87
2026-06-29T07:40:21.4857225Z [ADMIN] dice.feed.common itemsMapped=87
2026-06-29T07:40:21.4867231Z [ADMIN] dice.visibleFeed actor=dev_admin count=87
2026-06-29T07:40:21.5929189Z [ADMIN] dice.feed.common itemsRaw=87
2026-06-29T07:40:21.6389179Z [ADMIN] dice.feed.common itemsMapped=87
2026-06-29T07:40:21.6389179Z [ADMIN] dice.visibleFeed actor=dev_admin count=87
2026-06-29T07:40:31.7864149Z [ADMIN] admin.accounts.pending actor=dev_admin count=0
2026-06-29T07:40:31.9628381Z [ADMIN] dice.feed.common itemsRaw=87
2026-06-29T07:40:31.9988382Z [ADMIN] dice.feed.common itemsMapped=87
2026-06-29T07:40:31.9988382Z [ADMIN] dice.visibleFeed actor=dev_admin count=87
2026-06-29T07:40:32.0798195Z [ADMIN] dice.feed.common itemsRaw=87
2026-06-29T07:40:32.1175116Z [ADMIN] dice.feed.common itemsMapped=87
2026-06-29T07:40:32.1175116Z [ADMIN] dice.visibleFeed actor=dev_admin count=87
2026-06-29T07:40:42.2659008Z [ADMIN] admin.accounts.pending actor=dev_admin count=0
2026-06-29T07:40:42.4635651Z [ADMIN] dice.feed.common itemsRaw=87
2026-06-29T07:40:42.5023921Z [ADMIN] dice.feed.common itemsMapped=87
2026-06-29T07:40:42.5023921Z [ADMIN] dice.visibleFeed actor=dev_admin count=87
2026-06-29T07:40:42.5902269Z [ADMIN] dice.feed.common itemsRaw=87
2026-06-29T07:40:42.6277440Z [ADMIN] dice.feed.common itemsMapped=87
2026-06-29T07:40:42.6282489Z [ADMIN] dice.visibleFeed actor=dev_admin count=87
2026-06-29T07:40:52.7554963Z [ADMIN] admin.accounts.pending actor=dev_admin count=0
2026-06-29T07:40:52.9326195Z [ADMIN] dice.feed.common itemsRaw=87
2026-06-29T07:40:52.9686190Z [ADMIN] dice.feed.common itemsMapped=87
2026-06-29T07:40:52.9686190Z [ADMIN] dice.visibleFeed actor=dev_admin count=87
2026-06-29T07:40:53.0501481Z [ADMIN] dice.feed.common itemsRaw=87
2026-06-29T07:40:53.0851482Z [ADMIN] dice.feed.common itemsMapped=87
2026-06-29T07:40:53.0851482Z [ADMIN] dice.visibleFeed actor=dev_admin count=87
2026-06-29T07:41:03.2100217Z [ADMIN] admin.accounts.pending actor=dev_admin count=0
2026-06-29T07:41:03.3862297Z [ADMIN] dice.feed.common itemsRaw=87
2026-06-29T07:41:03.4222297Z [ADMIN] dice.feed.common itemsMapped=87
2026-06-29T07:41:03.4222297Z [ADMIN] dice.visibleFeed actor=dev_admin count=87
2026-06-29T07:41:03.5098898Z [ADMIN] dice.feed.common itemsRaw=87
2026-06-29T07:41:03.5438895Z [ADMIN] dice.feed.common itemsMapped=87
2026-06-29T07:41:03.5448897Z [ADMIN] dice.visibleFeed actor=dev_admin count=87
2026-06-29T07:41:13.6764376Z [ADMIN] admin.accounts.pending actor=dev_admin count=0
2026-06-29T07:41:13.8568556Z [ADMIN] dice.feed.common itemsRaw=87
2026-06-29T07:41:13.8953036Z [ADMIN] dice.feed.common itemsMapped=87
2026-06-29T07:41:13.8953036Z [ADMIN] dice.visibleFeed actor=dev_admin count=87
2026-06-29T07:41:13.9792001Z [ADMIN] dice.feed.common itemsRaw=87
2026-06-29T07:41:14.0170320Z [ADMIN] dice.feed.common itemsMapped=87
2026-06-29T07:41:14.0170320Z [ADMIN] dice.visibleFeed actor=dev_admin count=87
2026-06-29T07:41:24.1462027Z [ADMIN] admin.accounts.pending actor=dev_admin count=0
2026-06-29T07:41:24.3243704Z [ADMIN] dice.feed.common itemsRaw=87
2026-06-29T07:41:24.3608988Z [ADMIN] dice.feed.common itemsMapped=87
2026-06-29T07:41:24.3608988Z [ADMIN] dice.visibleFeed actor=dev_admin count=87
2026-06-29T07:41:24.4414156Z [ADMIN] dice.feed.common itemsRaw=87
2026-06-29T07:41:24.4773328Z [ADMIN] dice.feed.common itemsMapped=87
2026-06-29T07:41:24.4783332Z [ADMIN] dice.visibleFeed actor=dev_admin count=87
2026-06-29T07:41:34.6143516Z [ADMIN] admin.accounts.pending actor=dev_admin count=0
2026-06-29T07:41:34.7854708Z [ADMIN] dice.feed.common itemsRaw=87
2026-06-29T07:41:34.8214708Z [ADMIN] dice.feed.common itemsMapped=87
2026-06-29T07:41:34.8224709Z [ADMIN] dice.visibleFeed actor=dev_admin count=87
2026-06-29T07:41:34.9025301Z [ADMIN] dice.feed.common itemsRaw=87
2026-06-29T07:41:34.9377132Z [ADMIN] dice.feed.common itemsMapped=87
2026-06-29T07:41:34.9387092Z [ADMIN] dice.visibleFeed actor=dev_admin count=87
2026-06-29T07:42:00.4920129Z [ADMIN] admin.accounts.pending actor=dev_admin count=0
2026-06-29T07:42:00.6860612Z [ADMIN] dice.feed.common itemsRaw=87
2026-06-29T07:42:00.7210611Z [ADMIN] dice.feed.common itemsMapped=87
2026-06-29T07:42:00.7210611Z [ADMIN] dice.visibleFeed actor=dev_admin count=87
2026-06-29T07:42:00.8161298Z [ADMIN] dice.feed.common itemsRaw=87
2026-06-29T07:42:00.8526780Z [ADMIN] dice.feed.common itemsMapped=87
2026-06-29T07:42:00.8526780Z [ADMIN] dice.visibleFeed actor=dev_admin count=87
2026-06-29T07:42:06.3806368Z [ADMIN] development.hexagon.layout.save actor=dev_admin hexagonId=main_development_hexagon changed=1
2026-06-29T07:42:10.5033919Z [ADMIN] admin.accounts.pending actor=dev_admin count=0
2026-06-29T07:42:10.6853895Z [ADMIN] dice.feed.common itemsRaw=87
2026-06-29T07:42:10.7237196Z [ADMIN] dice.feed.common itemsMapped=87
2026-06-29T07:42:10.7237196Z [ADMIN] dice.visibleFeed actor=dev_admin count=87
2026-06-29T07:42:10.8167207Z [ADMIN] dice.feed.common itemsRaw=87
2026-06-29T07:42:10.8537205Z [ADMIN] dice.feed.common itemsMapped=87
2026-06-29T07:42:10.8537205Z [ADMIN] dice.visibleFeed actor=dev_admin count=87
2026-06-29T07:42:10.8967958Z [ADMIN] crafting.command.disabled command=crafting.player.recipe.list
2026-06-29T07:42:10.9610620Z [ADMIN] progression.available.skills actor=dev_player count=13
2026-06-29T07:42:10.9656334Z [ADMIN] character.skills.get auth actor=dev_player characterId=fbd8a7b8e9a74810becc233f30fe9160 ownerCheck=True allowed=True
2026-06-29T07:42:10.9706329Z [ADMIN] character.skills.get actor=dev_player characterId=fbd8a7b8e9a74810becc233f30fe9160 count=12 profileFirst=true
2026-06-29T07:42:11.0211842Z [ADMIN] dice.feed.common itemsRaw=87
2026-06-29T07:42:11.0577473Z [ADMIN] dice.feed.common itemsMapped=87
2026-06-29T07:42:11.0577473Z [ADMIN] dice.visibleFeed actor=dev_player count=87
2026-06-29T07:42:11.1147664Z [ADMIN] dice.test.getCurrent actor=dev_player userId=0584ae33047742a18f657d4ca9c86a01 found=False
2026-06-29T07:42:11.1487685Z [ADMIN] request.handler.failed requestId=6c7428f4cd1149d5ad3c5a3659dfc7bf command=system.featureFlags.snapshot type=Unauthorized message=Insufficient role.
2026-06-29T07:42:11.1517682Z [ADMIN] request.handler.failed requestId=909861c320724b41bb9a5204360285c1 command=system.featureFlags.snapshot type=Unauthorized message=Insufficient role.
2026-06-29T07:42:11.1597677Z [ADMIN] journal.player.event.list actor=dev_player campaignId=default count=122
2026-06-29T07:42:11.1827673Z [ADMIN] request.handler.failed requestId=c5ed0a8b53f748b181c168b2f360dc34 command=system.featureFlags.snapshot type=Unauthorized message=Insufficient role.
2026-06-29T07:42:11.1847671Z [ADMIN] request.handler.failed requestId=b22e61d1d9014e51a2d2038891c650a9 command=system.featureFlags.snapshot type=Unauthorized message=Insufficient role.
2026-06-29T07:42:11.2138434Z [ADMIN] schedule.real.player.next actor=dev_player campaignId=default hasNext=False
2026-06-29T07:42:11.2298429Z [ADMIN] schedule.real.player.list actor=dev_player campaignId=default count=0
2026-06-29T07:42:19.2123749Z [ADMIN] dice.feed.common itemsRaw=87
2026-06-29T07:42:19.2484241Z [ADMIN] dice.feed.common itemsMapped=87
2026-06-29T07:42:19.2484241Z [ADMIN] dice.visibleFeed actor=dev_player count=87
2026-06-29T07:42:19.3069953Z [ADMIN] dice.test.getCurrent actor=dev_player userId=0584ae33047742a18f657d4ca9c86a01 found=False
2026-06-29T07:42:21.0012098Z [ADMIN] admin.accounts.pending actor=dev_admin count=0
2026-06-29T07:42:21.1849662Z [ADMIN] dice.feed.common itemsRaw=87
2026-06-29T07:42:21.2225409Z [ADMIN] dice.feed.common itemsMapped=87
2026-06-29T07:42:21.2235416Z [ADMIN] dice.visibleFeed actor=dev_admin count=87
2026-06-29T07:42:21.3147352Z [ADMIN] dice.feed.common itemsRaw=87
2026-06-29T07:42:21.3517350Z [ADMIN] dice.feed.common itemsMapped=87
2026-06-29T07:42:21.3517350Z [ADMIN] dice.visibleFeed actor=dev_admin count=87
2026-06-29T07:42:27.3651137Z [ADMIN] dice.feed.common itemsRaw=87
2026-06-29T07:42:27.4010352Z [ADMIN] dice.feed.common itemsMapped=87
2026-06-29T07:42:27.4020361Z [ADMIN] dice.visibleFeed actor=dev_player count=87
2026-06-29T07:42:27.4611117Z [ADMIN] dice.test.getCurrent actor=dev_player userId=0584ae33047742a18f657d4ca9c86a01 found=False
2026-06-29T07:42:31.5055991Z [ADMIN] admin.accounts.pending actor=dev_admin count=0
2026-06-29T07:42:31.6765840Z [ADMIN] dice.feed.common itemsRaw=87
2026-06-29T07:42:31.7135846Z [ADMIN] dice.feed.common itemsMapped=87
2026-06-29T07:42:31.7135846Z [ADMIN] dice.visibleFeed actor=dev_admin count=87
2026-06-29T07:42:31.7948089Z [ADMIN] dice.feed.common itemsRaw=87
2026-06-29T07:42:31.8300933Z [ADMIN] dice.feed.common itemsMapped=87
2026-06-29T07:42:31.8300933Z [ADMIN] dice.visibleFeed actor=dev_admin count=87
2026-06-29T07:42:35.5229926Z [ADMIN] dice.feed.common itemsRaw=87
2026-06-29T07:42:35.5592479Z [ADMIN] dice.feed.common itemsMapped=87
2026-06-29T07:42:35.5597709Z [ADMIN] dice.visibleFeed actor=dev_player count=87
2026-06-29T07:42:35.6161414Z [ADMIN] dice.test.getCurrent actor=dev_player userId=0584ae33047742a18f657d4ca9c86a01 found=False
2026-06-29T07:42:41.9571443Z [ADMIN] admin.accounts.pending actor=dev_admin count=0
2026-06-29T07:42:42.1411227Z [ADMIN] dice.feed.common itemsRaw=87
2026-06-29T07:42:42.1790824Z [ADMIN] dice.feed.common itemsMapped=87
2026-06-29T07:42:42.1790824Z [ADMIN] dice.visibleFeed actor=dev_admin count=87
2026-06-29T07:42:42.2746745Z [ADMIN] dice.feed.common itemsRaw=87
2026-06-29T07:42:42.3116742Z [ADMIN] dice.feed.common itemsMapped=87
2026-06-29T07:42:42.3116742Z [ADMIN] dice.visibleFeed actor=dev_admin count=87
2026-06-29T07:42:43.6805131Z [ADMIN] dice.feed.common itemsRaw=87
2026-06-29T07:42:43.7190450Z [ADMIN] dice.feed.common itemsMapped=87
2026-06-29T07:42:43.7190450Z [ADMIN] dice.visibleFeed actor=dev_player count=87
2026-06-29T07:42:43.7820524Z [ADMIN] dice.test.getCurrent actor=dev_player userId=0584ae33047742a18f657d4ca9c86a01 found=False
2026-06-29T07:42:45.8096295Z [ADMIN] character.admin.list actor=dev_admin count=6 includeArchived=False
2026-06-29T07:42:45.9254317Z [ADMIN] character.subattributes.admin.get actor=dev_admin characterId=fbd8a7b8e9a74810becc233f30fe9160 count=21
2026-06-29T07:42:45.9614322Z [ADMIN] character.inventory.get count=10
2026-06-29T07:42:45.9844291Z [ADMIN] character.holdings.get count=4 actor=dev_admin admin=True
2026-06-29T07:42:46.0064316Z [ADMIN] character.reputation.get count=10 actor=dev_admin admin=True
2026-06-29T07:42:46.0288306Z [ADMIN] character.companions.get count=4 actor=dev_admin admin=True
2026-06-29T07:42:46.0538379Z [ADMIN] character.skills.get auth actor=dev_admin characterId=fbd8a7b8e9a74810becc233f30fe9160 ownerCheck=False allowed=True
2026-06-29T07:42:46.0598365Z [ADMIN] character.skills.get actor=dev_admin characterId=fbd8a7b8e9a74810becc233f30fe9160 count=13 profileFirst=true
2026-06-29T07:42:46.9769144Z [ADMIN] dice.feed.common itemsRaw=87
2026-06-29T07:42:47.0119235Z [ADMIN] dice.feed.common itemsMapped=87
2026-06-29T07:42:47.0129234Z [ADMIN] dice.visibleFeed actor=dev_admin count=87
2026-06-29T07:42:48.6004047Z [ADMIN] gm.note.list actor=dev_admin campaignId=default count=0
2026-06-29T07:42:51.8345486Z [ADMIN] dice.feed.common itemsRaw=87
2026-06-29T07:42:51.8735992Z [ADMIN] dice.feed.common itemsMapped=87
2026-06-29T07:42:51.8735992Z [ADMIN] dice.visibleFeed actor=dev_player count=87
2026-06-29T07:42:51.9252341Z [ADMIN] dice.test.getCurrent actor=dev_player userId=0584ae33047742a18f657d4ca9c86a01 found=False
2026-06-29T07:42:52.2648437Z [ADMIN] schedule.real.list actor=dev_admin campaignId=default count=0
2026-06-29T07:42:52.8422141Z [ADMIN] schedule.real.list actor=dev_admin campaignId=default count=0
2026-06-29T07:42:52.8492195Z [ADMIN] admin.accounts.pending actor=dev_admin count=0
2026-06-29T07:42:53.0348217Z [ADMIN] dice.feed.common itemsRaw=87
2026-06-29T07:42:53.0718219Z [ADMIN] dice.feed.common itemsMapped=87
2026-06-29T07:42:53.0718219Z [ADMIN] dice.visibleFeed actor=dev_admin count=87
2026-06-29T07:42:53.2417439Z [ADMIN] character.skills.get auth actor=dev_admin characterId=fbd8a7b8e9a74810becc233f30fe9160 ownerCheck=False allowed=True
2026-06-29T07:42:53.2464628Z [ADMIN] character.skills.get actor=dev_admin characterId=fbd8a7b8e9a74810becc233f30fe9160 count=13 profileFirst=true
2026-06-29T07:42:53.3044408Z [ADMIN] dice.feed.common itemsRaw=87
2026-06-29T07:42:53.3402227Z [ADMIN] dice.feed.common itemsMapped=87
2026-06-29T07:42:53.3402227Z [ADMIN] dice.visibleFeed actor=dev_admin count=87
2026-06-29T07:42:59.8592517Z [ADMIN] request.handler.failed requestId=40aa26e1b0e64b35a41ab9eb8384123a command=system.featureFlags.snapshot type=Unauthorized message=Insufficient role.
2026-06-29T07:42:59.8612508Z [ADMIN] request.handler.failed requestId=e4f1740edd074a149d09dee96b0522ca command=system.featureFlags.snapshot type=Unauthorized message=Insufficient role.
2026-06-29T07:42:59.8682498Z [ADMIN] schedule.real.player.next actor=dev_player campaignId=default hasNext=False
2026-06-29T07:42:59.8725388Z [ADMIN] schedule.real.player.list actor=dev_player campaignId=default count=0
2026-06-29T07:42:59.9814407Z [ADMIN] dice.feed.common itemsRaw=87
2026-06-29T07:43:00.0184403Z [ADMIN] dice.feed.common itemsMapped=87
2026-06-29T07:43:00.0184403Z [ADMIN] dice.visibleFeed actor=dev_player count=87
2026-06-29T07:43:00.0861958Z [ADMIN] dice.test.getCurrent actor=dev_player userId=0584ae33047742a18f657d4ca9c86a01 found=False
2026-06-29T07:43:03.4736026Z [ADMIN] admin.accounts.pending actor=dev_admin count=0
2026-06-29T07:43:03.6617413Z [ADMIN] dice.feed.common itemsRaw=87
2026-06-29T07:43:03.6978099Z [ADMIN] dice.feed.common itemsMapped=87
2026-06-29T07:43:03.6988100Z [ADMIN] dice.visibleFeed actor=dev_admin count=87
2026-06-29T07:43:03.8613723Z [ADMIN] character.skills.get auth actor=dev_admin characterId=fbd8a7b8e9a74810becc233f30fe9160 ownerCheck=False allowed=True
2026-06-29T07:43:03.8653727Z [ADMIN] character.skills.get actor=dev_admin characterId=fbd8a7b8e9a74810becc233f30fe9160 count=13 profileFirst=true
2026-06-29T07:43:03.9212525Z [ADMIN] dice.feed.common itemsRaw=87
2026-06-29T07:43:03.9575734Z [ADMIN] dice.feed.common itemsMapped=87
2026-06-29T07:43:03.9575734Z [ADMIN] dice.visibleFeed actor=dev_admin count=87
2026-06-29T07:43:08.1470690Z [ADMIN] dice.feed.common itemsRaw=87
2026-06-29T07:43:08.1846842Z [ADMIN] dice.feed.common itemsMapped=87
2026-06-29T07:43:08.1846842Z [ADMIN] dice.visibleFeed actor=dev_player count=87
2026-06-29T07:43:08.2436843Z [ADMIN] dice.test.getCurrent actor=dev_player userId=0584ae33047742a18f657d4ca9c86a01 found=False
2026-06-29T07:43:14.0829866Z [ADMIN] admin.accounts.pending actor=dev_admin count=0
2026-06-29T07:43:14.2647492Z [ADMIN] dice.feed.common itemsRaw=87
2026-06-29T07:43:14.2987517Z [ADMIN] dice.feed.common itemsMapped=87
2026-06-29T07:43:14.2987517Z [ADMIN] dice.visibleFeed actor=dev_admin count=87
2026-06-29T07:43:14.4628940Z [ADMIN] character.skills.get auth actor=dev_admin characterId=fbd8a7b8e9a74810becc233f30fe9160 ownerCheck=False allowed=True
2026-06-29T07:43:14.4678937Z [ADMIN] character.skills.get actor=dev_admin characterId=fbd8a7b8e9a74810becc233f30fe9160 count=13 profileFirst=true
2026-06-29T07:43:14.5233870Z [ADMIN] dice.feed.common itemsRaw=87
2026-06-29T07:43:14.5599877Z [ADMIN] dice.feed.common itemsMapped=87
2026-06-29T07:43:14.5609888Z [ADMIN] dice.visibleFeed actor=dev_admin count=87
2026-06-29T07:43:16.3045943Z [ADMIN] dice.feed.common itemsRaw=87
2026-06-29T07:43:16.3421316Z [ADMIN] dice.feed.common itemsMapped=87
2026-06-29T07:43:16.3421316Z [ADMIN] dice.visibleFeed actor=dev_player count=87
2026-06-29T07:43:16.4031318Z [ADMIN] dice.test.getCurrent actor=dev_player userId=0584ae33047742a18f657d4ca9c86a01 found=False
2026-06-29T07:43:24.4618705Z [ADMIN] dice.feed.common itemsRaw=87
2026-06-29T07:43:24.5011936Z [ADMIN] dice.feed.common itemsMapped=87
2026-06-29T07:43:24.5011936Z [ADMIN] dice.visibleFeed actor=dev_player count=87
2026-06-29T07:43:24.5607343Z [ADMIN] dice.test.getCurrent actor=dev_player userId=0584ae33047742a18f657d4ca9c86a01 found=False
2026-06-29T07:43:24.6915518Z [ADMIN] admin.accounts.pending actor=dev_admin count=0
2026-06-29T07:43:24.8603660Z [ADMIN] dice.feed.common itemsRaw=87
2026-06-29T07:43:24.8943741Z [ADMIN] dice.feed.common itemsMapped=87
2026-06-29T07:43:24.8953740Z [ADMIN] dice.visibleFeed actor=dev_admin count=87
2026-06-29T07:43:25.0589963Z [ADMIN] character.skills.get auth actor=dev_admin characterId=fbd8a7b8e9a74810becc233f30fe9160 ownerCheck=False allowed=True
2026-06-29T07:43:25.0639952Z [ADMIN] character.skills.get actor=dev_admin characterId=fbd8a7b8e9a74810becc233f30fe9160 count=13 profileFirst=true
2026-06-29T07:43:25.1219947Z [ADMIN] dice.feed.common itemsRaw=87
2026-06-29T07:43:25.1606420Z [ADMIN] dice.feed.common itemsMapped=87
2026-06-29T07:43:25.1606420Z [ADMIN] dice.visibleFeed actor=dev_admin count=87
2026-06-29T07:43:32.6159313Z [ADMIN] dice.feed.common itemsRaw=87
2026-06-29T07:43:32.6539320Z [ADMIN] dice.feed.common itemsMapped=87
2026-06-29T07:43:32.6539765Z [ADMIN] dice.visibleFeed actor=dev_player count=87
2026-06-29T07:43:32.7101984Z [ADMIN] dice.test.getCurrent actor=dev_player userId=0584ae33047742a18f657d4ca9c86a01 found=False
2026-06-29T07:43:35.3027647Z [ADMIN] admin.accounts.pending actor=dev_admin count=0
2026-06-29T07:43:35.4772801Z [ADMIN] dice.feed.common itemsRaw=87
2026-06-29T07:43:35.5124670Z [ADMIN] dice.feed.common itemsMapped=87
2026-06-29T07:43:35.5124670Z [ADMIN] dice.visibleFeed actor=dev_admin count=87
2026-06-29T07:43:35.6825988Z [ADMIN] character.skills.get auth actor=dev_admin characterId=fbd8a7b8e9a74810becc233f30fe9160 ownerCheck=False allowed=True
2026-06-29T07:43:35.6875975Z [ADMIN] character.skills.get actor=dev_admin characterId=fbd8a7b8e9a74810becc233f30fe9160 count=13 profileFirst=true
2026-06-29T07:43:35.7441466Z [ADMIN] dice.feed.common itemsRaw=87
2026-06-29T07:43:35.7811482Z [ADMIN] dice.feed.common itemsMapped=87
2026-06-29T07:43:35.7821480Z [ADMIN] dice.visibleFeed actor=dev_admin count=87
2026-06-29T07:43:40.7737587Z [ADMIN] dice.feed.common itemsRaw=87
2026-06-29T07:43:40.8114847Z [ADMIN] dice.feed.common itemsMapped=87
2026-06-29T07:43:40.8114847Z [ADMIN] dice.visibleFeed actor=dev_player count=87
2026-06-29T07:43:40.8694871Z [ADMIN] dice.test.getCurrent actor=dev_player userId=0584ae33047742a18f657d4ca9c86a01 found=False
2026-06-29T07:43:45.9274458Z [ADMIN] admin.accounts.pending actor=dev_admin count=0
2026-06-29T07:43:46.1070442Z [ADMIN] dice.feed.common itemsRaw=87
2026-06-29T07:43:46.1430469Z [ADMIN] dice.feed.common itemsMapped=87
2026-06-29T07:43:46.1430469Z [ADMIN] dice.visibleFeed actor=dev_admin count=87
2026-06-29T07:43:46.3494122Z [ADMIN] character.skills.get auth actor=dev_admin characterId=fbd8a7b8e9a74810becc233f30fe9160 ownerCheck=False allowed=True
2026-06-29T07:43:46.3544123Z [ADMIN] character.skills.get actor=dev_admin characterId=fbd8a7b8e9a74810becc233f30fe9160 count=13 profileFirst=true
2026-06-29T07:43:46.4104138Z [ADMIN] dice.feed.common itemsRaw=87
2026-06-29T07:43:46.4464120Z [ADMIN] dice.feed.common itemsMapped=87
2026-06-29T07:43:46.4464120Z [ADMIN] dice.visibleFeed actor=dev_admin count=87
2026-06-29T07:43:48.9308086Z [ADMIN] dice.feed.common itemsRaw=87
2026-06-29T07:43:48.9681667Z [ADMIN] dice.feed.common itemsMapped=87
2026-06-29T07:43:48.9686895Z [ADMIN] dice.visibleFeed actor=dev_player count=87
2026-06-29T07:43:49.0276994Z [ADMIN] dice.test.getCurrent actor=dev_player userId=0584ae33047742a18f657d4ca9c86a01 found=False
2026-06-29T07:43:56.5677321Z [ADMIN] admin.accounts.pending actor=dev_admin count=0
2026-06-29T07:43:56.7610013Z [ADMIN] dice.feed.common itemsRaw=87
2026-06-29T07:43:56.8004775Z [ADMIN] dice.feed.common itemsMapped=87
2026-06-29T07:43:56.8004775Z [ADMIN] dice.visibleFeed actor=dev_admin count=87
2026-06-29T07:43:56.9724689Z [ADMIN] character.skills.get auth actor=dev_admin characterId=fbd8a7b8e9a74810becc233f30fe9160 ownerCheck=False allowed=True
2026-06-29T07:43:56.9774688Z [ADMIN] character.skills.get actor=dev_admin characterId=fbd8a7b8e9a74810becc233f30fe9160 count=13 profileFirst=true
2026-06-29T07:43:57.0342729Z [ADMIN] dice.feed.common itemsRaw=87
2026-06-29T07:43:57.0737477Z [ADMIN] dice.feed.common itemsMapped=87
2026-06-29T07:43:57.0737477Z [ADMIN] dice.visibleFeed actor=dev_admin count=87
2026-06-29T07:43:57.0857818Z [ADMIN] dice.feed.common itemsRaw=87
2026-06-29T07:43:57.1257829Z [ADMIN] dice.feed.common itemsMapped=87
2026-06-29T07:43:57.1257829Z [ADMIN] dice.visibleFeed actor=dev_player count=87
2026-06-29T07:43:57.1889267Z [ADMIN] dice.test.getCurrent actor=dev_player userId=0584ae33047742a18f657d4ca9c86a01 found=False
2026-06-29T07:44:05.2417100Z [ADMIN] dice.feed.common itemsRaw=87
2026-06-29T07:44:05.2802631Z [ADMIN] dice.feed.common itemsMapped=87
2026-06-29T07:44:05.2802631Z [ADMIN] dice.visibleFeed actor=dev_player count=87
2026-06-29T07:44:05.3502624Z [ADMIN] dice.test.getCurrent actor=dev_player userId=0584ae33047742a18f657d4ca9c86a01 found=False
2026-06-29T07:44:07.2100849Z [ADMIN] admin.accounts.pending actor=dev_admin count=0
2026-06-29T07:44:07.3882135Z [ADMIN] dice.feed.common itemsRaw=87
2026-06-29T07:44:07.4232134Z [ADMIN] dice.feed.common itemsMapped=87
2026-06-29T07:44:07.4232134Z [ADMIN] dice.visibleFeed actor=dev_admin count=87
2026-06-29T07:44:07.5847246Z [ADMIN] character.skills.get auth actor=dev_admin characterId=fbd8a7b8e9a74810becc233f30fe9160 ownerCheck=False allowed=True
2026-06-29T07:44:07.5893947Z [ADMIN] character.skills.get actor=dev_admin characterId=fbd8a7b8e9a74810becc233f30fe9160 count=13 profileFirst=true
2026-06-29T07:44:07.6446537Z [ADMIN] dice.feed.common itemsRaw=87
2026-06-29T07:44:07.6816539Z [ADMIN] dice.feed.common itemsMapped=87
2026-06-29T07:44:07.6816539Z [ADMIN] dice.visibleFeed actor=dev_admin count=87
2026-06-29T07:44:27.3117957Z [ADMIN] admin.accounts.pending actor=dev_admin count=0
2026-06-29T07:44:27.5067476Z [ADMIN] dice.feed.common itemsRaw=87
2026-06-29T07:44:27.5429113Z [ADMIN] dice.feed.common itemsMapped=87
2026-06-29T07:44:27.5429113Z [ADMIN] dice.visibleFeed actor=dev_admin count=87
2026-06-29T07:44:27.6409131Z [ADMIN] dice.feed.common itemsRaw=87
2026-06-29T07:44:27.6789112Z [ADMIN] dice.feed.common itemsMapped=87
2026-06-29T07:44:27.6789112Z [ADMIN] dice.visibleFeed actor=dev_admin count=87
2026-06-29T07:44:33.1030721Z [ADMIN] development.hexagon.layout.save actor=dev_admin hexagonId=main_development_hexagon changed=1
2026-06-29T07:44:37.3069282Z [ADMIN] admin.accounts.pending actor=dev_admin count=0
2026-06-29T07:44:37.4795949Z [ADMIN] dice.feed.common itemsRaw=87
2026-06-29T07:44:37.5156841Z [ADMIN] dice.feed.common itemsMapped=87
2026-06-29T07:44:37.5167585Z [ADMIN] dice.visibleFeed actor=dev_admin count=87
2026-06-29T07:44:37.5982170Z [ADMIN] dice.feed.common itemsRaw=87
2026-06-29T07:44:37.6352169Z [ADMIN] dice.feed.common itemsMapped=87
2026-06-29T07:44:37.6352169Z [ADMIN] dice.visibleFeed actor=dev_admin count=87
2026-06-29T07:44:37.9115240Z [ADMIN] crafting.command.disabled command=crafting.player.recipe.list
2026-06-29T07:44:37.9785774Z [ADMIN] progression.available.skills actor=dev_player count=13
2026-06-29T07:44:37.9845754Z [ADMIN] character.skills.get auth actor=dev_player characterId=fbd8a7b8e9a74810becc233f30fe9160 ownerCheck=True allowed=True
2026-06-29T07:44:37.9895741Z [ADMIN] character.skills.get actor=dev_player characterId=fbd8a7b8e9a74810becc233f30fe9160 count=12 profileFirst=true
2026-06-29T07:44:38.0415759Z [ADMIN] dice.feed.common itemsRaw=87
2026-06-29T07:44:38.0785741Z [ADMIN] dice.feed.common itemsMapped=87
2026-06-29T07:44:38.0785741Z [ADMIN] dice.visibleFeed actor=dev_player count=87
2026-06-29T07:44:38.1381111Z [ADMIN] dice.test.getCurrent actor=dev_player userId=0584ae33047742a18f657d4ca9c86a01 found=False
2026-06-29T07:44:38.1731101Z [ADMIN] request.handler.failed requestId=3d6676a039144dcfa424ffed30a76b03 command=system.featureFlags.snapshot type=Unauthorized message=Insufficient role.
2026-06-29T07:44:38.1766368Z [ADMIN] request.handler.failed requestId=543c2fc9b43046e88f4cb0cae9b7e4d8 command=system.featureFlags.snapshot type=Unauthorized message=Insufficient role.
2026-06-29T07:44:38.1846445Z [ADMIN] journal.player.event.list actor=dev_player campaignId=default count=122
2026-06-29T07:44:38.2076450Z [ADMIN] request.handler.failed requestId=fafe63fedd9c4d8183aae5caba263776 command=system.featureFlags.snapshot type=Unauthorized message=Insufficient role.
2026-06-29T07:44:38.2096465Z [ADMIN] request.handler.failed requestId=4e8429356f64446584e92fbabaf4fb32 command=system.featureFlags.snapshot type=Unauthorized message=Insufficient role.
2026-06-29T07:44:38.2516445Z [ADMIN] schedule.real.player.next actor=dev_player campaignId=default hasNext=False
2026-06-29T07:44:38.2566447Z [ADMIN] schedule.real.player.list actor=dev_player campaignId=default count=0
2026-06-29T07:44:46.2615739Z [ADMIN] dice.feed.common itemsRaw=87
2026-06-29T07:44:46.3010553Z [ADMIN] dice.feed.common itemsMapped=87
2026-06-29T07:44:46.3020555Z [ADMIN] dice.visibleFeed actor=dev_player count=87
2026-06-29T07:44:46.3748166Z [ADMIN] dice.test.getCurrent actor=dev_player userId=0584ae33047742a18f657d4ca9c86a01 found=False
2026-06-29T07:44:47.7548850Z [ADMIN] admin.accounts.pending actor=dev_admin count=0
2026-06-29T07:44:47.9400507Z [ADMIN] dice.feed.common itemsRaw=87
2026-06-29T07:44:47.9773369Z [ADMIN] dice.feed.common itemsMapped=87
2026-06-29T07:44:47.9773369Z [ADMIN] dice.visibleFeed actor=dev_admin count=87
2026-06-29T07:44:48.0556423Z [ADMIN] dice.feed.common itemsRaw=87
2026-06-29T07:44:48.0947092Z [ADMIN] dice.feed.common itemsMapped=87
2026-06-29T07:44:48.0952142Z [ADMIN] dice.visibleFeed actor=dev_admin count=87
2026-06-29T07:44:53.1712791Z [ADMIN] character.admin.list actor=dev_admin count=6 includeArchived=False
2026-06-29T07:44:53.2812795Z [ADMIN] character.subattributes.admin.get actor=dev_admin characterId=fbd8a7b8e9a74810becc233f30fe9160 count=21
2026-06-29T07:44:53.3152794Z [ADMIN] character.inventory.get count=10
2026-06-29T07:44:53.3388375Z [ADMIN] character.holdings.get count=4 actor=dev_admin admin=True
2026-06-29T07:44:53.3608366Z [ADMIN] character.reputation.get count=10 actor=dev_admin admin=True
2026-06-29T07:44:53.3829320Z [ADMIN] character.companions.get count=4 actor=dev_admin admin=True
2026-06-29T07:44:53.4090962Z [ADMIN] character.skills.get auth actor=dev_admin characterId=fbd8a7b8e9a74810becc233f30fe9160 ownerCheck=False allowed=True
2026-06-29T07:44:53.4140960Z [ADMIN] character.skills.get actor=dev_admin characterId=fbd8a7b8e9a74810becc233f30fe9160 count=13 profileFirst=true
2026-06-29T07:44:54.3304575Z [ADMIN] dice.feed.common itemsRaw=87
2026-06-29T07:44:54.3678452Z [ADMIN] dice.feed.common itemsMapped=87
2026-06-29T07:44:54.3678452Z [ADMIN] dice.visibleFeed actor=dev_admin count=87
2026-06-29T07:44:54.4301541Z [ADMIN] dice.feed.common itemsRaw=87
2026-06-29T07:44:54.4682784Z [ADMIN] dice.feed.common itemsMapped=87
2026-06-29T07:44:54.4682784Z [ADMIN] dice.visibleFeed actor=dev_player count=87
2026-06-29T07:44:54.5283439Z [ADMIN] dice.test.getCurrent actor=dev_player userId=0584ae33047742a18f657d4ca9c86a01 found=False
2026-06-29T07:44:55.9678796Z [ADMIN] gm.note.list actor=dev_admin campaignId=default count=0
2026-06-29T07:44:58.2234685Z [ADMIN] admin.accounts.pending actor=dev_admin count=0
2026-06-29T07:44:58.4169850Z [ADMIN] dice.feed.common itemsRaw=87
2026-06-29T07:44:58.4519843Z [ADMIN] dice.feed.common itemsMapped=87
2026-06-29T07:44:58.4519843Z [ADMIN] dice.visibleFeed actor=dev_admin count=87
2026-06-29T07:44:58.6160432Z [ADMIN] character.skills.get auth actor=dev_admin characterId=fbd8a7b8e9a74810becc233f30fe9160 ownerCheck=False allowed=True
2026-06-29T07:44:58.6207267Z [ADMIN] character.skills.get actor=dev_admin characterId=fbd8a7b8e9a74810becc233f30fe9160 count=13 profileFirst=true
2026-06-29T07:44:58.6777261Z [ADMIN] dice.feed.common itemsRaw=87
2026-06-29T07:44:58.7120452Z [ADMIN] dice.feed.common itemsMapped=87
2026-06-29T07:44:58.7130452Z [ADMIN] dice.visibleFeed actor=dev_admin count=87
2026-06-29T07:45:00.5145518Z [ADMIN] schedule.real.list actor=dev_admin campaignId=default count=0
2026-06-29T07:45:01.0953562Z [ADMIN] schedule.real.list actor=dev_admin campaignId=default count=0
2026-06-29T07:45:02.5926919Z [ADMIN] dice.feed.common itemsRaw=87
2026-06-29T07:45:02.6296913Z [ADMIN] dice.feed.common itemsMapped=87
2026-06-29T07:45:02.6296913Z [ADMIN] dice.visibleFeed actor=dev_player count=87
2026-06-29T07:45:02.6866915Z [ADMIN] dice.test.getCurrent actor=dev_player userId=0584ae33047742a18f657d4ca9c86a01 found=False
2026-06-29T07:45:07.5359608Z [ADMIN] request.handler.failed requestId=cd42b0d9a3e14eba9cfaa24a3bb395b1 command=system.featureFlags.snapshot type=Unauthorized message=Insufficient role.
2026-06-29T07:45:07.5389592Z [ADMIN] request.handler.failed requestId=66199eb05eb941128af32854dea1e63a command=system.featureFlags.snapshot type=Unauthorized message=Insufficient role.
2026-06-29T07:45:07.5449601Z [ADMIN] schedule.real.player.next actor=dev_player campaignId=default hasNext=False
2026-06-29T07:45:07.5489595Z [ADMIN] schedule.real.player.list actor=dev_player campaignId=default count=0
2026-06-29T07:45:08.8491752Z [ADMIN] admin.accounts.pending actor=dev_admin count=0
2026-06-29T07:45:09.0361747Z [ADMIN] dice.feed.common itemsRaw=87
2026-06-29T07:45:09.0735286Z [ADMIN] dice.feed.common itemsMapped=87
2026-06-29T07:45:09.0745289Z [ADMIN] dice.visibleFeed actor=dev_admin count=87
2026-06-29T07:45:09.2391790Z [ADMIN] character.skills.get auth actor=dev_admin characterId=fbd8a7b8e9a74810becc233f30fe9160 ownerCheck=False allowed=True
2026-06-29T07:45:09.2441787Z [ADMIN] character.skills.get actor=dev_admin characterId=fbd8a7b8e9a74810becc233f30fe9160 count=13 profileFirst=true
2026-06-29T07:45:09.3007665Z [ADMIN] dice.feed.common itemsRaw=87
2026-06-29T07:45:09.3378775Z [ADMIN] dice.feed.common itemsMapped=87
2026-06-29T07:45:09.3378775Z [ADMIN] dice.visibleFeed actor=dev_admin count=87
2026-06-29T07:45:10.7448229Z [ADMIN] dice.feed.common itemsRaw=87
2026-06-29T07:45:10.7818244Z [ADMIN] dice.feed.common itemsMapped=87
2026-06-29T07:45:10.7818244Z [ADMIN] dice.visibleFeed actor=dev_player count=87
2026-06-29T07:45:10.8418239Z [ADMIN] dice.test.getCurrent actor=dev_player userId=0584ae33047742a18f657d4ca9c86a01 found=False
2026-06-29T07:45:18.9047331Z [ADMIN] dice.feed.common itemsRaw=87
2026-06-29T07:45:18.9439027Z [ADMIN] dice.feed.common itemsMapped=87
2026-06-29T07:45:18.9439027Z [ADMIN] dice.visibleFeed actor=dev_player count=87
2026-06-29T07:45:18.9999202Z [ADMIN] dice.test.getCurrent actor=dev_player userId=0584ae33047742a18f657d4ca9c86a01 found=False
2026-06-29T07:45:19.4755087Z [ADMIN] admin.accounts.pending actor=dev_admin count=0
2026-06-29T07:45:19.6494620Z [ADMIN] dice.feed.common itemsRaw=87
2026-06-29T07:45:19.6849993Z [ADMIN] dice.feed.common itemsMapped=87
2026-06-29T07:45:19.6849993Z [ADMIN] dice.visibleFeed actor=dev_admin count=87
2026-06-29T07:45:19.8560992Z [ADMIN] character.skills.get auth actor=dev_admin characterId=fbd8a7b8e9a74810becc233f30fe9160 ownerCheck=False allowed=True
2026-06-29T07:45:19.8610980Z [ADMIN] character.skills.get actor=dev_admin characterId=fbd8a7b8e9a74810becc233f30fe9160 count=13 profileFirst=true
2026-06-29T07:45:19.9177869Z [ADMIN] dice.feed.common itemsRaw=87
2026-06-29T07:45:19.9539536Z [ADMIN] dice.feed.common itemsMapped=87
2026-06-29T07:45:19.9539536Z [ADMIN] dice.visibleFeed actor=dev_admin count=87
2026-06-29T07:45:27.0563287Z [ADMIN] dice.feed.common itemsRaw=87
2026-06-29T07:45:27.0945231Z [ADMIN] dice.feed.common itemsMapped=87
2026-06-29T07:45:27.0945231Z [ADMIN] dice.visibleFeed actor=dev_player count=87
2026-06-29T07:45:27.1554166Z [ADMIN] dice.test.getCurrent actor=dev_player userId=0584ae33047742a18f657d4ca9c86a01 found=False
2026-06-29T07:45:30.0886361Z [ADMIN] admin.accounts.pending actor=dev_admin count=0
2026-06-29T07:45:30.2621611Z [ADMIN] dice.feed.common itemsRaw=87
2026-06-29T07:45:30.3001799Z [ADMIN] dice.feed.common itemsMapped=87
2026-06-29T07:45:30.3001799Z [ADMIN] dice.visibleFeed actor=dev_admin count=87
2026-06-29T07:45:30.4567778Z [ADMIN] character.skills.get auth actor=dev_admin characterId=fbd8a7b8e9a74810becc233f30fe9160 ownerCheck=False allowed=True
2026-06-29T07:45:30.4617771Z [ADMIN] character.skills.get actor=dev_admin characterId=fbd8a7b8e9a74810becc233f30fe9160 count=13 profileFirst=true
2026-06-29T07:45:30.5171854Z [ADMIN] dice.feed.common itemsRaw=87
2026-06-29T07:45:30.5511855Z [ADMIN] dice.feed.common itemsMapped=87
2026-06-29T07:45:30.5511855Z [ADMIN] dice.visibleFeed actor=dev_admin count=87
2026-06-29T07:45:35.2103683Z [ADMIN] dice.feed.common itemsRaw=87
2026-06-29T07:45:35.2464685Z [ADMIN] dice.feed.common itemsMapped=87
2026-06-29T07:45:35.2464685Z [ADMIN] dice.visibleFeed actor=dev_player count=87
2026-06-29T07:45:35.6057419Z [ADMIN] dice.test.getCurrent actor=dev_player userId=0584ae33047742a18f657d4ca9c86a01 found=False
2026-06-29T07:45:40.6772750Z [ADMIN] admin.accounts.pending actor=dev_admin count=0
2026-06-29T07:45:40.8419153Z [ADMIN] dice.feed.common itemsRaw=87
2026-06-29T07:45:40.8789144Z [ADMIN] dice.feed.common itemsMapped=87
2026-06-29T07:45:40.8789144Z [ADMIN] dice.visibleFeed actor=dev_admin count=87
2026-06-29T07:45:41.0448200Z [ADMIN] character.skills.get auth actor=dev_admin characterId=fbd8a7b8e9a74810becc233f30fe9160 ownerCheck=False allowed=True
2026-06-29T07:45:41.0498208Z [ADMIN] character.skills.get actor=dev_admin characterId=fbd8a7b8e9a74810becc233f30fe9160 count=13 profileFirst=true
2026-06-29T07:45:41.1078214Z [ADMIN] dice.feed.common itemsRaw=87
2026-06-29T07:45:41.1438210Z [ADMIN] dice.feed.common itemsMapped=87
2026-06-29T07:45:41.1438210Z [ADMIN] dice.visibleFeed actor=dev_admin count=87
2026-06-29T07:45:43.6656401Z [ADMIN] dice.feed.common itemsRaw=87
2026-06-29T07:45:43.7016407Z [ADMIN] dice.feed.common itemsMapped=87
2026-06-29T07:45:43.7016407Z [ADMIN] dice.visibleFeed actor=dev_player count=87
2026-06-29T07:45:43.7616399Z [ADMIN] dice.test.getCurrent actor=dev_player userId=0584ae33047742a18f657d4ca9c86a01 found=False
2026-06-29T07:45:51.2853066Z [ADMIN] admin.accounts.pending actor=dev_admin count=0
2026-06-29T07:45:51.4574240Z [ADMIN] dice.feed.common itemsRaw=87
2026-06-29T07:45:51.4934239Z [ADMIN] dice.feed.common itemsMapped=87
2026-06-29T07:45:51.4934239Z [ADMIN] dice.visibleFeed actor=dev_admin count=87
2026-06-29T07:45:51.6624247Z [ADMIN] character.skills.get auth actor=dev_admin characterId=fbd8a7b8e9a74810becc233f30fe9160 ownerCheck=False allowed=True
2026-06-29T07:45:51.6674250Z [ADMIN] character.skills.get actor=dev_admin characterId=fbd8a7b8e9a74810becc233f30fe9160 count=13 profileFirst=true
2026-06-29T07:45:51.7388810Z [ADMIN] dice.feed.common itemsRaw=87
2026-06-29T07:45:51.7738800Z [ADMIN] dice.feed.common itemsMapped=87
2026-06-29T07:45:51.7738800Z [ADMIN] dice.visibleFeed actor=dev_admin count=87
2026-06-29T07:45:51.8258803Z [ADMIN] dice.feed.common itemsRaw=87
2026-06-29T07:45:51.8678802Z [ADMIN] dice.feed.common itemsMapped=87
2026-06-29T07:45:51.8678802Z [ADMIN] dice.visibleFeed actor=dev_player count=87
2026-06-29T07:45:51.9278819Z [ADMIN] dice.test.getCurrent actor=dev_player userId=0584ae33047742a18f657d4ca9c86a01 found=False
2026-06-29T07:45:59.9844259Z [ADMIN] dice.feed.common itemsRaw=87
2026-06-29T07:46:00.0230057Z [ADMIN] dice.feed.common itemsMapped=87
2026-06-29T07:46:00.0230057Z [ADMIN] dice.visibleFeed actor=dev_player count=87
2026-06-29T07:46:00.0815748Z [ADMIN] dice.test.getCurrent actor=dev_player userId=0584ae33047742a18f657d4ca9c86a01 found=False
2026-06-29T07:46:01.9260780Z [ADMIN] admin.accounts.pending actor=dev_admin count=0
2026-06-29T07:46:02.0999511Z [ADMIN] dice.feed.common itemsRaw=87
2026-06-29T07:46:02.1369529Z [ADMIN] dice.feed.common itemsMapped=87
2026-06-29T07:46:02.1369529Z [ADMIN] dice.visibleFeed actor=dev_admin count=87
2026-06-29T07:46:02.3225302Z [ADMIN] character.skills.get auth actor=dev_admin characterId=fbd8a7b8e9a74810becc233f30fe9160 ownerCheck=False allowed=True
2026-06-29T07:46:02.3277804Z [ADMIN] character.skills.get actor=dev_admin characterId=fbd8a7b8e9a74810becc233f30fe9160 count=13 profileFirst=true
2026-06-29T07:46:02.3839282Z [ADMIN] dice.feed.common itemsRaw=87
2026-06-29T07:46:02.4190244Z [ADMIN] dice.feed.common itemsMapped=87
2026-06-29T07:46:02.4190244Z [ADMIN] dice.visibleFeed actor=dev_admin count=87
2026-06-29T08:23:47.3264746Z [ADMIN] feature_flags.override_set flag=GMNotes.UseGMNotesMvp value=True user=5b7bf422afc5417fb7d0a4f0db04524c
2026-06-29T08:23:47.6280199Z [ADMIN] feature_flags.override_set flag=GMNotes.UseGMQuickNotes value=True user=5b7bf422afc5417fb7d0a4f0db04524c
2026-06-29T08:23:47.8953667Z [ADMIN] feature_flags.override_set flag=GMNotes.UseGMNoteFolders value=True user=5b7bf422afc5417fb7d0a4f0db04524c
2026-06-29T08:23:48.1616853Z [ADMIN] feature_flags.override_set flag=GMNotes.UseGMNoteEntityLinks value=True user=5b7bf422afc5417fb7d0a4f0db04524c
2026-06-29T08:23:48.4392549Z [ADMIN] feature_flags.override_set flag=GMNotes.UseGMNoteSearch value=True user=5b7bf422afc5417fb7d0a4f0db04524c
2026-06-29T08:23:48.6930828Z [ADMIN] feature_flags.override_set flag=GMNotes.UseGMNoteSharedVisibility value=True user=5b7bf422afc5417fb7d0a4f0db04524c
2026-06-29T08:23:48.9465292Z [ADMIN] feature_flags.override_set flag=GMNotes.UseGMNoteAudit value=True user=5b7bf422afc5417fb7d0a4f0db04524c
2026-06-29T08:23:49.1965274Z [ADMIN] feature_flags.override_set flag=EventJournal.UseEventJournalMvp value=True user=5b7bf422afc5417fb7d0a4f0db04524c
2026-06-29T08:23:49.4520710Z [ADMIN] feature_flags.override_set flag=EventJournal.UseEventJournalAutomaticIngestion value=True user=5b7bf422afc5417fb7d0a4f0db04524c
2026-06-29T08:23:49.7052723Z [ADMIN] feature_flags.override_set flag=EventJournal.UseEventJournalManualEntries value=True user=5b7bf422afc5417fb7d0a4f0db04524c
2026-06-29T08:23:49.9593210Z [ADMIN] feature_flags.override_set flag=EventJournal.UseEventJournalPlayerView value=True user=5b7bf422afc5417fb7d0a4f0db04524c
2026-06-29T08:23:50.2089686Z [ADMIN] feature_flags.override_set flag=EventJournal.UseEventJournalFilters value=True user=5b7bf422afc5417fb7d0a4f0db04524c
2026-06-29T08:23:50.4612684Z [ADMIN] feature_flags.override_set flag=EventJournal.UseEventJournalCorrections value=True user=5b7bf422afc5417fb7d0a4f0db04524c
2026-06-29T08:23:50.7153397Z [ADMIN] feature_flags.override_set flag=EventJournal.UseEventJournalRequestIntegration value=True user=5b7bf422afc5417fb7d0a4f0db04524c
2026-06-29T08:23:50.9669643Z [ADMIN] feature_flags.override_set flag=PlayerRequests.UsePlayerRequestsMvp value=True user=5b7bf422afc5417fb7d0a4f0db04524c
2026-06-29T08:23:51.2230468Z [ADMIN] feature_flags.override_set flag=PlayerRequests.UsePlayerRequestComments value=True user=5b7bf422afc5417fb7d0a4f0db04524c
2026-06-29T08:23:51.4776131Z [ADMIN] feature_flags.override_set flag=PlayerRequests.UsePlayerRequestAdminReview value=True user=5b7bf422afc5417fb7d0a4f0db04524c
2026-06-29T08:23:51.7339340Z [ADMIN] feature_flags.override_set flag=PlayerRequests.UsePlayerRequestPlayerView value=True user=5b7bf422afc5417fb7d0a4f0db04524c
2026-06-29T08:23:51.9850405Z [ADMIN] feature_flags.override_set flag=PlayerRequests.UsePlayerRequestCharacterLink value=True user=5b7bf422afc5417fb7d0a4f0db04524c
2026-06-29T08:23:52.2361127Z [ADMIN] feature_flags.override_set flag=PlayerRequests.UsePlayerRequestProposalPayload value=True user=5b7bf422afc5417fb7d0a4f0db04524c
2026-06-29T08:23:53.0296092Z [ADMIN] dice.feed.common itemsRaw=91
2026-06-29T08:23:53.0716101Z [ADMIN] dice.feed.common itemsMapped=91
2026-06-29T08:23:53.0716101Z [ADMIN] dice.visibleFeed actor=dev_player count=91
2026-06-29T08:23:53.3142392Z [ADMIN] request.handler.failed requestId=16085feed4aa45a5ad22018c7f3302ba command=gmNotes.admin.list type=Unauthorized message=Insufficient role.
2026-06-29T08:23:53.3182394Z [ADMIN] request.handler.failed requestId=22b0de05007344b79796996abc6a9879 command=gmNotes.admin.create type=Unauthorized message=Insufficient role.
2026-06-29T08:23:53.3224378Z [ADMIN] request.handler.failed requestId=1a175b54b9904f0d8272a1ba3d320e17 command=gmNotes.admin.update type=Unauthorized message=Insufficient role.
2026-06-29T08:23:53.3255880Z [ADMIN] request.handler.failed requestId=863bbbd24fac4507a02bfb3aedf21d04 command=gmNotes.admin.archive type=Unauthorized message=Insufficient role.
2026-06-29T08:23:53.3282018Z [ADMIN] request.handler.failed requestId=5d2999d953d8470bb5536d6cf52a9ce5 command=eventJournal.admin.create type=Unauthorized message=Insufficient role.
2026-06-29T08:23:53.3308048Z [ADMIN] request.handler.failed requestId=34edf3c607824f54aee5d237268ade38 command=eventJournal.admin.update type=Unauthorized message=Insufficient role.
2026-06-29T08:23:53.3368020Z [ADMIN] request.handler.failed requestId=676813b28fbc4a3eb5d52e4742f99c56 command=eventJournal.admin.archive type=Unauthorized message=Insufficient role.
2026-06-29T08:23:53.3518009Z [ADMIN] gm.note.create actor=dev_admin campaignId=default noteId=2094c1dc76fa43459c5c08eaf6b17ec0 quick=False
2026-06-29T08:23:53.3961261Z [ADMIN] gm.note.list actor=dev_admin campaignId=default count=52
2026-06-29T08:23:53.4347079Z [ADMIN] journal.event.manual.created entryId=d7ab09c14aa14a46a6215ebc2800f9da campaignId=default sequence=181 category=session
2026-06-29T08:23:53.4672288Z [ADMIN] journal.player.event.list actor=dev_player campaignId=default count=131
2026-06-29T08:23:53.4932291Z [ADMIN] journal.event.manual.created entryId=8714b71db86b46e6af89e6da3fe8010d campaignId=default sequence=182 category=session
2026-06-29T08:23:53.5102291Z [ADMIN] journal.player.event.list actor=dev_player campaignId=default count=131
2026-06-29T08:23:53.5372297Z [ADMIN] journal.player.event.list actor=dev_player campaignId=default count=130
2026-06-29T08:23:53.6040412Z [ADMIN] journal.event.request_created_submitted entryId=a51c2e6d923a40d4a869bc1c1e4dad3a campaignId=default sequence=183 category=request
2026-06-29T08:23:53.6050416Z [ADMIN] player.request.journal.appended requestId=1e5a6cdd37124ac3bbc5600393a0e672 requestNumber=1505 sourceEventType=request_created_submitted entryId=a51c2e6d923a40d4a869bc1c1e4dad3a
2026-06-29T08:23:53.6050416Z [ADMIN] player.request.create.done actor=dev_player requestId=1e5a6cdd37124ac3bbc5600393a0e672 type=general status=submitted
2026-06-29T08:23:53.6415820Z [ADMIN] journal.event.request_approve entryId=ac48d3057f3e42db898f7fe4e172b7d2 campaignId=default sequence=184 category=request
2026-06-29T08:23:53.6415820Z [ADMIN] player.request.journal.appended requestId=1e5a6cdd37124ac3bbc5600393a0e672 requestNumber=1505 sourceEventType=request_approve entryId=ac48d3057f3e42db898f7fe4e172b7d2
2026-06-29T08:23:53.6425789Z [ADMIN] player.request.approve.done actor=dev_admin requestId=1e5a6cdd37124ac3bbc5600393a0e672 status=approved
2026-06-29T08:23:53.6835827Z [ADMIN] journal.player.event.list actor=dev_player campaignId=default count=54
2026-06-29T09:05:27.2065595Z [ADMIN] feature_flags.override_set flag=GMNotes.UseGMNotesMvp value=True user=5b7bf422afc5417fb7d0a4f0db04524c
2026-06-29T09:05:27.4998830Z [ADMIN] feature_flags.override_set flag=GMNotes.UseGMQuickNotes value=True user=5b7bf422afc5417fb7d0a4f0db04524c
2026-06-29T09:05:27.7773473Z [ADMIN] feature_flags.override_set flag=GMNotes.UseGMNoteFolders value=True user=5b7bf422afc5417fb7d0a4f0db04524c
2026-06-29T09:05:28.0523175Z [ADMIN] feature_flags.override_set flag=GMNotes.UseGMNoteEntityLinks value=True user=5b7bf422afc5417fb7d0a4f0db04524c
2026-06-29T09:05:28.3105093Z [ADMIN] feature_flags.override_set flag=GMNotes.UseGMNoteSearch value=True user=5b7bf422afc5417fb7d0a4f0db04524c
2026-06-29T09:05:28.5678864Z [ADMIN] feature_flags.override_set flag=GMNotes.UseGMNoteSharedVisibility value=True user=5b7bf422afc5417fb7d0a4f0db04524c
2026-06-29T09:05:28.8216494Z [ADMIN] feature_flags.override_set flag=GMNotes.UseGMNoteAudit value=True user=5b7bf422afc5417fb7d0a4f0db04524c
2026-06-29T09:05:29.0732715Z [ADMIN] feature_flags.override_set flag=EventJournal.UseEventJournalMvp value=True user=5b7bf422afc5417fb7d0a4f0db04524c
2026-06-29T09:05:29.3329756Z [ADMIN] feature_flags.override_set flag=EventJournal.UseEventJournalAutomaticIngestion value=True user=5b7bf422afc5417fb7d0a4f0db04524c
2026-06-29T09:05:29.5999301Z [ADMIN] feature_flags.override_set flag=EventJournal.UseEventJournalManualEntries value=True user=5b7bf422afc5417fb7d0a4f0db04524c
2026-06-29T09:05:29.8527998Z [ADMIN] feature_flags.override_set flag=EventJournal.UseEventJournalPlayerView value=True user=5b7bf422afc5417fb7d0a4f0db04524c
2026-06-29T09:05:30.1056455Z [ADMIN] feature_flags.override_set flag=EventJournal.UseEventJournalFilters value=True user=5b7bf422afc5417fb7d0a4f0db04524c
2026-06-29T09:05:30.3656302Z [ADMIN] feature_flags.override_set flag=EventJournal.UseEventJournalCorrections value=True user=5b7bf422afc5417fb7d0a4f0db04524c
2026-06-29T09:05:30.6216489Z [ADMIN] feature_flags.override_set flag=EventJournal.UseEventJournalRequestIntegration value=True user=5b7bf422afc5417fb7d0a4f0db04524c
2026-06-29T09:05:30.8772213Z [ADMIN] feature_flags.override_set flag=PlayerRequests.UsePlayerRequestsMvp value=True user=5b7bf422afc5417fb7d0a4f0db04524c
2026-06-29T09:05:31.1315142Z [ADMIN] feature_flags.override_set flag=PlayerRequests.UsePlayerRequestComments value=True user=5b7bf422afc5417fb7d0a4f0db04524c
2026-06-29T09:05:31.3859884Z [ADMIN] feature_flags.override_set flag=PlayerRequests.UsePlayerRequestAdminReview value=True user=5b7bf422afc5417fb7d0a4f0db04524c
2026-06-29T09:05:31.6414637Z [ADMIN] feature_flags.override_set flag=PlayerRequests.UsePlayerRequestPlayerView value=True user=5b7bf422afc5417fb7d0a4f0db04524c
2026-06-29T09:05:31.8965877Z [ADMIN] feature_flags.override_set flag=PlayerRequests.UsePlayerRequestCharacterLink value=True user=5b7bf422afc5417fb7d0a4f0db04524c
2026-06-29T09:05:32.1471596Z [ADMIN] feature_flags.override_set flag=PlayerRequests.UsePlayerRequestProposalPayload value=True user=5b7bf422afc5417fb7d0a4f0db04524c
2026-06-29T09:05:32.9591391Z [ADMIN] dice.feed.common itemsRaw=95
2026-06-29T09:05:33.0029702Z [ADMIN] dice.feed.common itemsMapped=95
2026-06-29T09:05:33.0029702Z [ADMIN] dice.visibleFeed actor=dev_player count=95
2026-06-29T09:05:33.2449771Z [ADMIN] request.handler.failed requestId=fe594954219441799c49435ebf6a32fc command=gmNotes.admin.list type=Unauthorized message=Insufficient role.
2026-06-29T09:05:33.2491416Z [ADMIN] request.handler.failed requestId=b0300c6097014b5681ec42986f12f48b command=gmNotes.admin.create type=Unauthorized message=Insufficient role.
2026-06-29T09:05:33.2521357Z [ADMIN] request.handler.failed requestId=e3fa6365528748e98f635cb9c5ff2967 command=gmNotes.admin.update type=Unauthorized message=Insufficient role.
2026-06-29T09:05:33.2551364Z [ADMIN] request.handler.failed requestId=3233d54031af4d7db73c79993a15ba7e command=gmNotes.admin.archive type=Unauthorized message=Insufficient role.
2026-06-29T09:05:33.2581362Z [ADMIN] request.handler.failed requestId=bbbb1b96acfc47beae471914dfa51bb9 command=eventJournal.admin.create type=Unauthorized message=Insufficient role.
2026-06-29T09:05:33.2611360Z [ADMIN] request.handler.failed requestId=da8e7070d9c24131b0b2e469734cf6c8 command=eventJournal.admin.update type=Unauthorized message=Insufficient role.
2026-06-29T09:05:33.2641359Z [ADMIN] request.handler.failed requestId=014983bfbe77420489c5d01281950f0f command=eventJournal.admin.archive type=Unauthorized message=Insufficient role.
2026-06-29T09:05:33.2815455Z [ADMIN] gm.note.create actor=dev_admin campaignId=default noteId=596c3aa57c9844da963b5157488b9d9d quick=False
2026-06-29T09:05:33.3257758Z [ADMIN] gm.note.list actor=dev_admin campaignId=default count=53
2026-06-29T09:05:33.3667748Z [ADMIN] journal.event.manual.created entryId=9ec4f978b828465c833d5df22eb3c50d campaignId=default sequence=193 category=session
2026-06-29T09:05:33.3977752Z [ADMIN] journal.player.event.list actor=dev_player campaignId=default count=141
2026-06-29T09:05:33.4283103Z [ADMIN] journal.event.manual.created entryId=210700506c304f8b8e23dca26b36a851 campaignId=default sequence=194 category=session
2026-06-29T09:05:33.4454505Z [ADMIN] journal.player.event.list actor=dev_player campaignId=default count=141
2026-06-29T09:05:33.4724506Z [ADMIN] journal.player.event.list actor=dev_player campaignId=default count=140
2026-06-29T09:05:33.5440857Z [ADMIN] journal.event.request_created_submitted entryId=bc67ed0d637b434399c1b84446eea6d1 campaignId=default sequence=195 category=request
2026-06-29T09:05:33.5440857Z [ADMIN] player.request.journal.appended requestId=e44e770383024ea3bb0f69cb05c19a48 requestNumber=1511 sourceEventType=request_created_submitted entryId=bc67ed0d637b434399c1b84446eea6d1
2026-06-29T09:05:33.5440857Z [ADMIN] player.request.create.done actor=dev_player requestId=e44e770383024ea3bb0f69cb05c19a48 type=general status=submitted
2026-06-29T09:05:33.5806969Z [ADMIN] journal.event.request_approve entryId=af289f0b656340fd96b185cac508f41c campaignId=default sequence=196 category=request
2026-06-29T09:05:33.5806969Z [ADMIN] player.request.journal.appended requestId=e44e770383024ea3bb0f69cb05c19a48 requestNumber=1511 sourceEventType=request_approve entryId=af289f0b656340fd96b185cac508f41c
2026-06-29T09:05:33.5806969Z [ADMIN] player.request.approve.done actor=dev_admin requestId=e44e770383024ea3bb0f69cb05c19a48 status=approved
2026-06-29T09:05:33.6157594Z [ADMIN] journal.player.event.list actor=dev_player campaignId=default count=56
2026-06-29T12:28:03.1948360Z [ADMIN] feature_flags.override_set flag=GMNotes.UseGMNotesMvp value=True user=5b7bf422afc5417fb7d0a4f0db04524c
2026-06-29T12:28:03.4905228Z [ADMIN] feature_flags.override_set flag=GMNotes.UseGMQuickNotes value=True user=5b7bf422afc5417fb7d0a4f0db04524c
2026-06-29T12:28:03.7631724Z [ADMIN] feature_flags.override_set flag=GMNotes.UseGMNoteFolders value=True user=5b7bf422afc5417fb7d0a4f0db04524c
2026-06-29T12:28:04.0310507Z [ADMIN] feature_flags.override_set flag=GMNotes.UseGMNoteEntityLinks value=True user=5b7bf422afc5417fb7d0a4f0db04524c
2026-06-29T12:28:04.2873403Z [ADMIN] feature_flags.override_set flag=GMNotes.UseGMNoteSearch value=True user=5b7bf422afc5417fb7d0a4f0db04524c
2026-06-29T12:28:04.5584637Z [ADMIN] feature_flags.override_set flag=GMNotes.UseGMNoteSharedVisibility value=True user=5b7bf422afc5417fb7d0a4f0db04524c
2026-06-29T12:28:04.8075457Z [ADMIN] feature_flags.override_set flag=GMNotes.UseGMNoteAudit value=True user=5b7bf422afc5417fb7d0a4f0db04524c
2026-06-29T12:28:05.0616174Z [ADMIN] feature_flags.override_set flag=EventJournal.UseEventJournalMvp value=True user=5b7bf422afc5417fb7d0a4f0db04524c
2026-06-29T12:28:05.3143776Z [ADMIN] feature_flags.override_set flag=EventJournal.UseEventJournalAutomaticIngestion value=True user=5b7bf422afc5417fb7d0a4f0db04524c
2026-06-29T12:28:05.5686162Z [ADMIN] feature_flags.override_set flag=EventJournal.UseEventJournalManualEntries value=True user=5b7bf422afc5417fb7d0a4f0db04524c
2026-06-29T12:28:05.8210084Z [ADMIN] feature_flags.override_set flag=EventJournal.UseEventJournalPlayerView value=True user=5b7bf422afc5417fb7d0a4f0db04524c
2026-06-29T12:28:06.0757393Z [ADMIN] feature_flags.override_set flag=EventJournal.UseEventJournalFilters value=True user=5b7bf422afc5417fb7d0a4f0db04524c
2026-06-29T12:28:06.3268898Z [ADMIN] feature_flags.override_set flag=EventJournal.UseEventJournalCorrections value=True user=5b7bf422afc5417fb7d0a4f0db04524c
2026-06-29T12:28:06.5835124Z [ADMIN] feature_flags.override_set flag=EventJournal.UseEventJournalRequestIntegration value=True user=5b7bf422afc5417fb7d0a4f0db04524c
2026-06-29T12:28:06.8357022Z [ADMIN] feature_flags.override_set flag=PlayerRequests.UsePlayerRequestsMvp value=True user=5b7bf422afc5417fb7d0a4f0db04524c
2026-06-29T12:28:07.0917382Z [ADMIN] feature_flags.override_set flag=PlayerRequests.UsePlayerRequestComments value=True user=5b7bf422afc5417fb7d0a4f0db04524c
2026-06-29T12:28:07.3662669Z [ADMIN] feature_flags.override_set flag=PlayerRequests.UsePlayerRequestAdminReview value=True user=5b7bf422afc5417fb7d0a4f0db04524c
2026-06-29T12:28:07.6168411Z [ADMIN] feature_flags.override_set flag=PlayerRequests.UsePlayerRequestPlayerView value=True user=5b7bf422afc5417fb7d0a4f0db04524c
2026-06-29T12:28:07.8695827Z [ADMIN] feature_flags.override_set flag=PlayerRequests.UsePlayerRequestCharacterLink value=True user=5b7bf422afc5417fb7d0a4f0db04524c
2026-06-29T12:28:08.1219782Z [ADMIN] feature_flags.override_set flag=PlayerRequests.UsePlayerRequestProposalPayload value=True user=5b7bf422afc5417fb7d0a4f0db04524c
2026-06-29T12:28:08.9233099Z [ADMIN] dice.feed.common itemsRaw=103
2026-06-29T12:28:08.9686934Z [ADMIN] dice.feed.common itemsMapped=100
2026-06-29T12:28:08.9686934Z [ADMIN] dice.visibleFeed actor=dev_player count=100
2026-06-29T12:28:09.2109608Z [ADMIN] request.handler.failed requestId=792ea286271043f2b20b68a8cfe813eb command=gmNotes.admin.list type=Unauthorized message=Insufficient role.
2026-06-29T12:28:09.2139593Z [ADMIN] request.handler.failed requestId=fc7e31451b60435a89471856ce38649a command=gmNotes.admin.create type=Unauthorized message=Insufficient role.
2026-06-29T12:28:09.2199602Z [ADMIN] request.handler.failed requestId=42a46be959d34c89b88fd7b4b4bc04ba command=gmNotes.admin.update type=Unauthorized message=Insufficient role.
2026-06-29T12:28:09.2229613Z [ADMIN] request.handler.failed requestId=e80f199c5a684b868edbb70222164619 command=gmNotes.admin.archive type=Unauthorized message=Insufficient role.
2026-06-29T12:28:09.2259597Z [ADMIN] request.handler.failed requestId=de724868e22f44d486f138cf233fe01b command=eventJournal.admin.create type=Unauthorized message=Insufficient role.
2026-06-29T12:28:09.2289604Z [ADMIN] request.handler.failed requestId=021e0c8c597345079d2238bdea9a081b command=eventJournal.admin.update type=Unauthorized message=Insufficient role.
2026-06-29T12:28:09.2319595Z [ADMIN] request.handler.failed requestId=7778a742f54e4e3283d109fb7a50f977 command=eventJournal.admin.archive type=Unauthorized message=Insufficient role.
2026-06-29T12:28:09.2474256Z [ADMIN] gm.note.create actor=dev_admin campaignId=default noteId=a7dd2ab88c924b0d91a62a001d10ae49 quick=False
2026-06-29T12:28:09.2899600Z [ADMIN] gm.note.list actor=dev_admin campaignId=default count=54
2026-06-29T12:28:09.3264748Z [ADMIN] journal.event.manual.created entryId=4ffb0b3deec444a9893231a140bfd442 campaignId=default sequence=205 category=session
2026-06-29T12:28:09.3584746Z [ADMIN] journal.player.event.list actor=dev_player campaignId=default count=151
2026-06-29T12:28:09.3864765Z [ADMIN] journal.event.manual.created entryId=b2b37f7a9c6840a69c5e9894ea2e5f3d campaignId=default sequence=206 category=session
2026-06-29T12:28:09.4039870Z [ADMIN] journal.player.event.list actor=dev_player campaignId=default count=151
2026-06-29T12:28:09.4319871Z [ADMIN] journal.player.event.list actor=dev_player campaignId=default count=150
2026-06-29T12:28:09.5024421Z [ADMIN] journal.event.request_created_submitted entryId=aa92fc9f264647b0b35e142a0eed08b7 campaignId=default sequence=207 category=request
2026-06-29T12:28:09.5024421Z [ADMIN] player.request.journal.appended requestId=8697aabede1f40bb8b792b7348db095e requestNumber=1517 sourceEventType=request_created_submitted entryId=aa92fc9f264647b0b35e142a0eed08b7
2026-06-29T12:28:09.5024421Z [ADMIN] player.request.create.done actor=dev_player requestId=8697aabede1f40bb8b792b7348db095e type=general status=submitted
2026-06-29T12:28:09.5399912Z [ADMIN] journal.event.request_approve entryId=2f5f2176be3d4b1492985c1fea1956b9 campaignId=default sequence=208 category=request
2026-06-29T12:28:09.5399912Z [ADMIN] player.request.journal.appended requestId=8697aabede1f40bb8b792b7348db095e requestNumber=1517 sourceEventType=request_approve entryId=2f5f2176be3d4b1492985c1fea1956b9
2026-06-29T12:28:09.5405192Z [ADMIN] player.request.approve.done actor=dev_admin requestId=8697aabede1f40bb8b792b7348db095e status=approved
2026-06-29T12:28:09.5791568Z [ADMIN] journal.player.event.list actor=dev_player campaignId=default count=58
2026-06-29T16:30:06.5285908Z [ADMIN] feature_flags.override_set flag=GMNotes.UseGMNotesMvp value=True user=5b7bf422afc5417fb7d0a4f0db04524c
2026-06-29T16:30:06.8082644Z [ADMIN] feature_flags.override_set flag=GMNotes.UseGMQuickNotes value=True user=5b7bf422afc5417fb7d0a4f0db04524c
2026-06-29T16:30:07.0678004Z [ADMIN] feature_flags.override_set flag=GMNotes.UseGMNoteFolders value=True user=5b7bf422afc5417fb7d0a4f0db04524c
2026-06-29T16:30:07.3368006Z [ADMIN] feature_flags.override_set flag=GMNotes.UseGMNoteEntityLinks value=True user=5b7bf422afc5417fb7d0a4f0db04524c
2026-06-29T16:30:07.5905710Z [ADMIN] feature_flags.override_set flag=GMNotes.UseGMNoteSearch value=True user=5b7bf422afc5417fb7d0a4f0db04524c
2026-06-29T16:30:07.8401051Z [ADMIN] feature_flags.override_set flag=GMNotes.UseGMNoteSharedVisibility value=True user=5b7bf422afc5417fb7d0a4f0db04524c
2026-06-29T16:30:08.0930092Z [ADMIN] feature_flags.override_set flag=GMNotes.UseGMNoteAudit value=True user=5b7bf422afc5417fb7d0a4f0db04524c
2026-06-29T16:30:08.3594060Z [ADMIN] feature_flags.override_set flag=EventJournal.UseEventJournalMvp value=True user=5b7bf422afc5417fb7d0a4f0db04524c
2026-06-29T16:30:08.6114176Z [ADMIN] feature_flags.override_set flag=EventJournal.UseEventJournalAutomaticIngestion value=True user=5b7bf422afc5417fb7d0a4f0db04524c
2026-06-29T16:30:08.8619843Z [ADMIN] feature_flags.override_set flag=EventJournal.UseEventJournalManualEntries value=True user=5b7bf422afc5417fb7d0a4f0db04524c
2026-06-29T16:30:09.1095314Z [ADMIN] feature_flags.override_set flag=EventJournal.UseEventJournalPlayerView value=True user=5b7bf422afc5417fb7d0a4f0db04524c
2026-06-29T16:30:09.3605345Z [ADMIN] feature_flags.override_set flag=EventJournal.UseEventJournalFilters value=True user=5b7bf422afc5417fb7d0a4f0db04524c
2026-06-29T16:30:09.6155320Z [ADMIN] feature_flags.override_set flag=EventJournal.UseEventJournalCorrections value=True user=5b7bf422afc5417fb7d0a4f0db04524c
2026-06-29T16:30:09.8695351Z [ADMIN] feature_flags.override_set flag=EventJournal.UseEventJournalRequestIntegration value=True user=5b7bf422afc5417fb7d0a4f0db04524c
2026-06-29T16:30:10.1200893Z [ADMIN] feature_flags.override_set flag=PlayerRequests.UsePlayerRequestsMvp value=True user=5b7bf422afc5417fb7d0a4f0db04524c
2026-06-29T16:30:10.3700077Z [ADMIN] feature_flags.override_set flag=PlayerRequests.UsePlayerRequestComments value=True user=5b7bf422afc5417fb7d0a4f0db04524c
2026-06-29T16:30:10.6205198Z [ADMIN] feature_flags.override_set flag=PlayerRequests.UsePlayerRequestAdminReview value=True user=5b7bf422afc5417fb7d0a4f0db04524c
2026-06-29T16:30:10.8680681Z [ADMIN] feature_flags.override_set flag=PlayerRequests.UsePlayerRequestPlayerView value=True user=5b7bf422afc5417fb7d0a4f0db04524c
2026-06-29T16:30:11.1205972Z [ADMIN] feature_flags.override_set flag=PlayerRequests.UsePlayerRequestCharacterLink value=True user=5b7bf422afc5417fb7d0a4f0db04524c
2026-06-29T16:30:11.3696621Z [ADMIN] feature_flags.override_set flag=PlayerRequests.UsePlayerRequestProposalPayload value=True user=5b7bf422afc5417fb7d0a4f0db04524c
2026-06-29T16:30:12.1635417Z [ADMIN] dice.feed.common itemsRaw=119
2026-06-29T16:30:12.2075417Z [ADMIN] dice.feed.common itemsMapped=100
2026-06-29T16:30:12.2075417Z [ADMIN] dice.visibleFeed actor=dev_player count=100
2026-06-29T16:30:12.4468813Z [ADMIN] request.handler.failed requestId=6fd48f73c2e7411a9cc454f3f2152a69 command=gmNotes.admin.list type=Unauthorized message=Insufficient role.
2026-06-29T16:30:12.4528815Z [ADMIN] request.handler.failed requestId=74fe603a82e546d6bafda9f7368d6e6b command=gmNotes.admin.create type=Unauthorized message=Insufficient role.
2026-06-29T16:30:12.4558814Z [ADMIN] request.handler.failed requestId=a2584250ddd54a0fba286479e4866f44 command=gmNotes.admin.update type=Unauthorized message=Insufficient role.
2026-06-29T16:30:12.4588813Z [ADMIN] request.handler.failed requestId=fbae7395236c4062b9c955c85029855e command=gmNotes.admin.archive type=Unauthorized message=Insufficient role.
2026-06-29T16:30:12.4614095Z [ADMIN] request.handler.failed requestId=d7ff75b6f26b4fc4975931d061d547ae command=eventJournal.admin.create type=Unauthorized message=Insufficient role.
2026-06-29T16:30:12.4654107Z [ADMIN] request.handler.failed requestId=fb30699dbe604421975ea12a7c1a223f command=eventJournal.admin.update type=Unauthorized message=Insufficient role.
2026-06-29T16:30:12.4674102Z [ADMIN] request.handler.failed requestId=1c3962e1ec80498a9768b401f0000c2b command=eventJournal.admin.archive type=Unauthorized message=Insufficient role.
2026-06-29T16:30:12.4814109Z [ADMIN] gm.note.create actor=dev_admin campaignId=default noteId=89c7366668974f8a8763fdd9cf326d11 quick=False
2026-06-29T16:30:12.5234101Z [ADMIN] gm.note.list actor=dev_admin campaignId=default count=55
2026-06-29T16:30:12.5624099Z [ADMIN] journal.event.manual.created entryId=5b76f35f8dc9491b94d97890b3943f32 campaignId=default sequence=217 category=session
2026-06-29T16:30:12.5934100Z [ADMIN] journal.player.event.list actor=dev_player campaignId=default count=161
2026-06-29T16:30:12.6224108Z [ADMIN] journal.event.manual.created entryId=ec395926e2e7419e8403cbf9f9549683 campaignId=default sequence=218 category=session
2026-06-29T16:30:12.6404101Z [ADMIN] journal.player.event.list actor=dev_player campaignId=default count=161
2026-06-29T16:30:12.6694108Z [ADMIN] journal.player.event.list actor=dev_player campaignId=default count=160
2026-06-29T16:30:12.7384101Z [ADMIN] journal.event.request_created_submitted entryId=a5bca8b2364946b3916b8372feeee55f campaignId=default sequence=219 category=request
2026-06-29T16:30:12.7384101Z [ADMIN] player.request.journal.appended requestId=f33820b67f0049b4be9dc2241d7934c7 requestNumber=1523 sourceEventType=request_created_submitted entryId=a5bca8b2364946b3916b8372feeee55f
2026-06-29T16:30:12.7394103Z [ADMIN] player.request.create.done actor=dev_player requestId=f33820b67f0049b4be9dc2241d7934c7 type=general status=submitted
2026-06-29T16:30:12.7764097Z [ADMIN] journal.event.request_approve entryId=5e9c4c2b79494648b54f7dcbfc94e968 campaignId=default sequence=220 category=request
2026-06-29T16:30:12.7764097Z [ADMIN] player.request.journal.appended requestId=f33820b67f0049b4be9dc2241d7934c7 requestNumber=1523 sourceEventType=request_approve entryId=5e9c4c2b79494648b54f7dcbfc94e968
2026-06-29T16:30:12.7764097Z [ADMIN] player.request.approve.done actor=dev_admin requestId=f33820b67f0049b4be9dc2241d7934c7 status=approved
2026-06-29T16:30:12.8174098Z [ADMIN] journal.player.event.list actor=dev_player campaignId=default count=60
2026-06-29T17:00:34.6072004Z [ADMIN] feature_flags.override_set flag=GMNotes.UseGMNotesMvp value=True user=5b7bf422afc5417fb7d0a4f0db04524c
2026-06-29T17:00:34.9003030Z [ADMIN] feature_flags.override_set flag=GMNotes.UseGMQuickNotes value=True user=5b7bf422afc5417fb7d0a4f0db04524c
2026-06-29T17:00:35.1752587Z [ADMIN] feature_flags.override_set flag=GMNotes.UseGMNoteFolders value=True user=5b7bf422afc5417fb7d0a4f0db04524c
2026-06-29T17:00:35.4444484Z [ADMIN] feature_flags.override_set flag=GMNotes.UseGMNoteEntityLinks value=True user=5b7bf422afc5417fb7d0a4f0db04524c
2026-06-29T17:00:35.7075655Z [ADMIN] feature_flags.override_set flag=GMNotes.UseGMNoteSearch value=True user=5b7bf422afc5417fb7d0a4f0db04524c
2026-06-29T17:00:35.9685100Z [ADMIN] feature_flags.override_set flag=GMNotes.UseGMNoteSharedVisibility value=True user=5b7bf422afc5417fb7d0a4f0db04524c
2026-06-29T17:00:36.2260982Z [ADMIN] feature_flags.override_set flag=GMNotes.UseGMNoteAudit value=True user=5b7bf422afc5417fb7d0a4f0db04524c
2026-06-29T17:00:36.4859161Z [ADMIN] feature_flags.override_set flag=EventJournal.UseEventJournalMvp value=True user=5b7bf422afc5417fb7d0a4f0db04524c
2026-06-29T17:00:36.7405642Z [ADMIN] feature_flags.override_set flag=EventJournal.UseEventJournalAutomaticIngestion value=True user=5b7bf422afc5417fb7d0a4f0db04524c
2026-06-29T17:00:36.9960500Z [ADMIN] feature_flags.override_set flag=EventJournal.UseEventJournalManualEntries value=True user=5b7bf422afc5417fb7d0a4f0db04524c
2026-06-29T17:00:37.2470590Z [ADMIN] feature_flags.override_set flag=EventJournal.UseEventJournalPlayerView value=True user=5b7bf422afc5417fb7d0a4f0db04524c
2026-06-29T17:00:37.5000619Z [ADMIN] feature_flags.override_set flag=EventJournal.UseEventJournalFilters value=True user=5b7bf422afc5417fb7d0a4f0db04524c
2026-06-29T17:00:37.7531130Z [ADMIN] feature_flags.override_set flag=EventJournal.UseEventJournalCorrections value=True user=5b7bf422afc5417fb7d0a4f0db04524c
2026-06-29T17:00:38.0066565Z [ADMIN] feature_flags.override_set flag=EventJournal.UseEventJournalRequestIntegration value=True user=5b7bf422afc5417fb7d0a4f0db04524c
2026-06-29T17:00:38.2571877Z [ADMIN] feature_flags.override_set flag=PlayerRequests.UsePlayerRequestsMvp value=True user=5b7bf422afc5417fb7d0a4f0db04524c
2026-06-29T17:00:38.5102142Z [ADMIN] feature_flags.override_set flag=PlayerRequests.UsePlayerRequestComments value=True user=5b7bf422afc5417fb7d0a4f0db04524c
2026-06-29T17:00:38.7648337Z [ADMIN] feature_flags.override_set flag=PlayerRequests.UsePlayerRequestAdminReview value=True user=5b7bf422afc5417fb7d0a4f0db04524c
2026-06-29T17:00:39.0174140Z [ADMIN] feature_flags.override_set flag=PlayerRequests.UsePlayerRequestPlayerView value=True user=5b7bf422afc5417fb7d0a4f0db04524c
2026-06-29T17:00:39.2709953Z [ADMIN] feature_flags.override_set flag=PlayerRequests.UsePlayerRequestCharacterLink value=True user=5b7bf422afc5417fb7d0a4f0db04524c
2026-06-29T17:00:39.5244929Z [ADMIN] feature_flags.override_set flag=PlayerRequests.UsePlayerRequestProposalPayload value=True user=5b7bf422afc5417fb7d0a4f0db04524c
2026-06-29T17:00:40.3284837Z [ADMIN] dice.feed.common itemsRaw=126
2026-06-29T17:00:40.3724836Z [ADMIN] dice.feed.common itemsMapped=100
2026-06-29T17:00:40.3734836Z [ADMIN] dice.visibleFeed actor=dev_player count=100
2026-06-29T17:00:40.6181010Z [ADMIN] request.handler.failed requestId=0096234ab5d44c56af5d85731066ef3a command=gmNotes.admin.list type=Unauthorized message=Insufficient role.
2026-06-29T17:00:40.6251017Z [ADMIN] request.handler.failed requestId=31bdef0d801040a08e36d9da364b9aff command=gmNotes.admin.create type=Unauthorized message=Insufficient role.
2026-06-29T17:00:40.6281011Z [ADMIN] request.handler.failed requestId=10360957212d46778d46291d354a6b0f command=gmNotes.admin.update type=Unauthorized message=Insufficient role.
2026-06-29T17:00:40.6311010Z [ADMIN] request.handler.failed requestId=f107de038d1f4ecbaca2a89644634153 command=gmNotes.admin.archive type=Unauthorized message=Insufficient role.
2026-06-29T17:00:40.6341017Z [ADMIN] request.handler.failed requestId=5aaf8a5ac96641f5adb1875225e9f98e command=eventJournal.admin.create type=Unauthorized message=Insufficient role.
2026-06-29T17:00:40.6371011Z [ADMIN] request.handler.failed requestId=ecc379a9f001458eb868f47bb26fb582 command=eventJournal.admin.update type=Unauthorized message=Insufficient role.
2026-06-29T17:00:40.6391011Z [ADMIN] request.handler.failed requestId=a6f591adf8ad47d69f0edc070b42b93d command=eventJournal.admin.archive type=Unauthorized message=Insufficient role.
2026-06-29T17:00:40.6531019Z [ADMIN] gm.note.create actor=dev_admin campaignId=default noteId=32df7c34d1c34e488ad46ad07e7598b2 quick=False
2026-06-29T17:00:40.6951029Z [ADMIN] gm.note.list actor=dev_admin campaignId=default count=56
2026-06-29T17:00:40.7334602Z [ADMIN] journal.event.manual.created entryId=2bea2a05cc1441039b86a64beafc15a2 campaignId=default sequence=229 category=session
2026-06-29T17:00:40.7650362Z [ADMIN] journal.player.event.list actor=dev_player campaignId=default count=171
2026-06-29T17:00:40.7957533Z [ADMIN] journal.event.manual.created entryId=28e311f9a82f41919d1fc5fc4a9592cf campaignId=default sequence=230 category=session
2026-06-29T17:00:40.8140729Z [ADMIN] journal.player.event.list actor=dev_player campaignId=default count=171
2026-06-29T17:00:40.8440743Z [ADMIN] journal.player.event.list actor=dev_player campaignId=default count=170
2026-06-29T17:00:40.9174595Z [ADMIN] journal.event.request_created_submitted entryId=a2a0dfbbf49e479289e4705210d33b1b campaignId=default sequence=231 category=request
2026-06-29T17:00:40.9174595Z [ADMIN] player.request.journal.appended requestId=723b8269f52c48e3913b77755287bf10 requestNumber=1529 sourceEventType=request_created_submitted entryId=a2a0dfbbf49e479289e4705210d33b1b
2026-06-29T17:00:40.9174595Z [ADMIN] player.request.create.done actor=dev_player requestId=723b8269f52c48e3913b77755287bf10 type=general status=submitted
2026-06-29T17:00:40.9543161Z [ADMIN] journal.event.request_approve entryId=032ba0da444943efb2cf34a298327995 campaignId=default sequence=232 category=request
2026-06-29T17:00:40.9543161Z [ADMIN] player.request.journal.appended requestId=723b8269f52c48e3913b77755287bf10 requestNumber=1529 sourceEventType=request_approve entryId=032ba0da444943efb2cf34a298327995
2026-06-29T17:00:40.9543161Z [ADMIN] player.request.approve.done actor=dev_admin requestId=723b8269f52c48e3913b77755287bf10 status=approved
2026-06-29T17:00:40.9988646Z [ADMIN] journal.player.event.list actor=dev_player campaignId=default count=62
