2026-06-14T21:45:29.3154432Z [AUDIT] auth:login actor=5b7bf422afc5417fb7d0a4f0db04524c target=5b7bf422afc5417fb7d0a4f0db04524c
2026-06-14T21:50:55.5247366Z [AUDIT] auth:login actor=5b7bf422afc5417fb7d0a4f0db04524c target=5b7bf422afc5417fb7d0a4f0db04524c
2026-06-14T21:53:10.0288370Z [AUDIT] auth:login actor=0584ae33047742a18f657d4ca9c86a01 target=0584ae33047742a18f657d4ca9c86a01
2026-06-14T21:53:24.7167376Z [AUDIT] auth:login actor=0584ae33047742a18f657d4ca9c86a01 target=0584ae33047742a18f657d4ca9c86a01
2026-06-14T21:53:37.6531250Z [AUDIT] auth:login actor=0584ae33047742a18f657d4ca9c86a01 target=0584ae33047742a18f657d4ca9c86a01
2026-06-14T21:53:54.0328363Z [AUDIT] auth:login actor=0584ae33047742a18f657d4ca9c86a01 target=0584ae33047742a18f657d4ca9c86a01
2026-06-16T17:36:24.7230382Z [AUDIT] auth:login actor=5b7bf422afc5417fb7d0a4f0db04524c target=5b7bf422afc5417fb7d0a4f0db04524c
2026-06-16T17:40:01.9449052Z [AUDIT] auth:login actor=5b7bf422afc5417fb7d0a4f0db04524c target=5b7bf422afc5417fb7d0a4f0db04524c
2026-06-16T17:47:05.1211422Z [AUDIT] auth:login actor=5b7bf422afc5417fb7d0a4f0db04524c target=5b7bf422afc5417fb7d0a4f0db04524c
2026-06-16T17:51:23.5330828Z [AUDIT] auth:login actor=5b7bf422afc5417fb7d0a4f0db04524c target=5b7bf422afc5417fb7d0a4f0db04524c
2026-06-16T17:55:29.2869968Z [AUDIT] auth:login actor=5b7bf422afc5417fb7d0a4f0db04524c target=5b7bf422afc5417fb7d0a4f0db04524c
2026-06-16T17:57:45.1833588Z [AUDIT] auth:login actor=5b7bf422afc5417fb7d0a4f0db04524c target=5b7bf422afc5417fb7d0a4f0db04524c
2026-06-16T18:00:09.2948054Z [AUDIT] auth:login actor=5b7bf422afc5417fb7d0a4f0db04524c target=5b7bf422afc5417fb7d0a4f0db04524c
2026-06-16T18:02:10.8058546Z [AUDIT] auth:login actor=5b7bf422afc5417fb7d0a4f0db04524c target=5b7bf422afc5417fb7d0a4f0db04524c
2026-06-16T18:09:51.8241892Z [AUDIT] auth:login actor=0584ae33047742a18f657d4ca9c86a01 target=0584ae33047742a18f657d4ca9c86a01
2026-06-16T18:49:42.3720350Z [AUDIT] auth:login actor=5b7bf422afc5417fb7d0a4f0db04524c target=5b7bf422afc5417fb7d0a4f0db04524c
2026-06-16T18:54:39.4729146Z [AUDIT] auth:login actor=5b7bf422afc5417fb7d0a4f0db04524c target=5b7bf422afc5417fb7d0a4f0db04524c
2026-06-16T19:03:41.1892125Z [AUDIT] auth:login actor=0584ae33047742a18f657d4ca9c86a01 target=0584ae33047742a18f657d4ca9c86a01
2026-06-16T19:04:51.4279433Z [AUDIT] auth:login actor=5b7bf422afc5417fb7d0a4f0db04524c target=5b7bf422afc5417fb7d0a4f0db04524c
2026-06-16T19:04:56.9186106Z [AUDIT] auth:login actor=0584ae33047742a18f657d4ca9c86a01 target=0584ae33047742a18f657d4ca9c86a01
2026-06-16T19:07:57.0800656Z [AUDIT] auth:login actor=0584ae33047742a18f657d4ca9c86a01 target=0584ae33047742a18f657d4ca9c86a01
2026-06-16T19:08:18.2662606Z [AUDIT] auth:login actor=0584ae33047742a18f657d4ca9c86a01 target=0584ae33047742a18f657d4ca9c86a01
2026-06-23T16:38:36.3812763Z [AUDIT] auth:login actor=5b7bf422afc5417fb7d0a4f0db04524c target=5b7bf422afc5417fb7d0a4f0db04524c
2026-06-23T16:38:36.7497559Z [AUDIT] auth:login actor=0584ae33047742a18f657d4ca9c86a01 target=0584ae33047742a18f657d4ca9c86a01
2026-06-23T16:39:07.1900138Z [AUDIT] auth:login actor=5b7bf422afc5417fb7d0a4f0db04524c target=5b7bf422afc5417fb7d0a4f0db04524c
2026-06-23T16:39:07.5496404Z [AUDIT] auth:login actor=0584ae33047742a18f657d4ca9c86a01 target=0584ae33047742a18f657d4ca9c86a01
2026-06-23T16:39:11.8320442Z [AUDIT] gm_notes:gm.note.created actor=5b7bf422afc5417fb7d0a4f0db04524c target=bd6c5a5a37044f7dafb3e61afdf51ff1
2026-06-23T16:39:11.8875920Z [AUDIT] gm_notes:gm.note.updated actor=5b7bf422afc5417fb7d0a4f0db04524c target=bd6c5a5a37044f7dafb3e61afdf51ff1
2026-06-23T16:39:11.8975918Z [AUDIT] gm_notes:gm.note.pinned actor=5b7bf422afc5417fb7d0a4f0db04524c target=bd6c5a5a37044f7dafb3e61afdf51ff1
2026-06-23T16:39:11.9085878Z [AUDIT] gm_notes:gm.note.archived actor=5b7bf422afc5417fb7d0a4f0db04524c target=bd6c5a5a37044f7dafb3e61afdf51ff1
2026-06-23T16:39:34.3855280Z [AUDIT] auth:login actor=5b7bf422afc5417fb7d0a4f0db04524c target=5b7bf422afc5417fb7d0a4f0db04524c
2026-06-23T16:39:34.7173868Z [AUDIT] auth:login actor=0584ae33047742a18f657d4ca9c86a01 target=0584ae33047742a18f657d4ca9c86a01
2026-06-23T16:39:38.9579630Z [AUDIT] gm_notes:gm.note.created actor=5b7bf422afc5417fb7d0a4f0db04524c target=f463098b894f49428d97a3c0134dccdc
2026-06-23T16:39:38.9819601Z [AUDIT] gm_notes:gm.note.updated actor=5b7bf422afc5417fb7d0a4f0db04524c target=f463098b894f49428d97a3c0134dccdc
2026-06-23T16:39:38.9919638Z [AUDIT] gm_notes:gm.note.pinned actor=5b7bf422afc5417fb7d0a4f0db04524c target=f463098b894f49428d97a3c0134dccdc
2026-06-23T16:39:39.0029623Z [AUDIT] gm_notes:gm.note.archived actor=5b7bf422afc5417fb7d0a4f0db04524c target=f463098b894f49428d97a3c0134dccdc
2026-06-23T16:39:39.0701326Z [AUDIT] event_journal:journal.event.manual.created actor=5b7bf422afc5417fb7d0a4f0db04524c target=a2e52f0587ee444380f0212a2ab76b3d
2026-06-23T16:42:35.0124734Z [AUDIT] auth:login actor=5b7bf422afc5417fb7d0a4f0db04524c target=5b7bf422afc5417fb7d0a4f0db04524c
2026-06-23T16:42:35.3766236Z [AUDIT] auth:login actor=0584ae33047742a18f657d4ca9c86a01 target=0584ae33047742a18f657d4ca9c86a01
2026-06-23T16:42:39.8760212Z [AUDIT] gm_notes:gm.note.created actor=5b7bf422afc5417fb7d0a4f0db04524c target=da865764d78b4fc5984204a957c1103c
2026-06-23T16:42:39.9018851Z [AUDIT] gm_notes:gm.note.updated actor=5b7bf422afc5417fb7d0a4f0db04524c target=da865764d78b4fc5984204a957c1103c
2026-06-23T16:42:39.9128853Z [AUDIT] gm_notes:gm.note.pinned actor=5b7bf422afc5417fb7d0a4f0db04524c target=da865764d78b4fc5984204a957c1103c
2026-06-23T16:42:39.9230010Z [AUDIT] gm_notes:gm.note.archived actor=5b7bf422afc5417fb7d0a4f0db04524c target=da865764d78b4fc5984204a957c1103c
2026-06-23T16:42:39.9493590Z [AUDIT] event_journal:journal.event.manual.created actor=5b7bf422afc5417fb7d0a4f0db04524c target=9b07f316f1e6461a9a0accb958b817ab
2026-06-23T16:42:40.0004989Z [AUDIT] event_journal:journal.event.manual.created actor=5b7bf422afc5417fb7d0a4f0db04524c target=24fe4d24274949949efcea0f61264734
2026-06-23T16:42:40.1149075Z [AUDIT] player_request:submit actor=0584ae33047742a18f657d4ca9c86a01 target=dd450308a50642389d8819d34a07e1b7
2026-06-23T16:42:40.1219072Z [AUDIT] event_journal:journal.event.request_created_submitted actor=0584ae33047742a18f657d4ca9c86a01 target=1fffae487c4a4e27a0bc73a57c3f5d45
2026-06-23T16:42:40.1804536Z [AUDIT] player_request:approve actor=5b7bf422afc5417fb7d0a4f0db04524c target=dd450308a50642389d8819d34a07e1b7
2026-06-23T16:42:40.1854527Z [AUDIT] event_journal:journal.event.request_approve actor=5b7bf422afc5417fb7d0a4f0db04524c target=bfa98a04c7304be69890358e16faeb98
2026-06-23T16:43:20.4658306Z [AUDIT] auth:login actor=5b7bf422afc5417fb7d0a4f0db04524c target=5b7bf422afc5417fb7d0a4f0db04524c
2026-06-23T16:43:20.8531818Z [AUDIT] auth:login actor=0584ae33047742a18f657d4ca9c86a01 target=0584ae33047742a18f657d4ca9c86a01
2026-06-23T16:43:25.3915048Z [AUDIT] gm_notes:gm.note.created actor=5b7bf422afc5417fb7d0a4f0db04524c target=519f4c7d567c4cad97e7d88426810ec6
2026-06-23T16:43:25.4205050Z [AUDIT] gm_notes:gm.note.updated actor=5b7bf422afc5417fb7d0a4f0db04524c target=519f4c7d567c4cad97e7d88426810ec6
2026-06-23T16:43:25.4295063Z [AUDIT] gm_notes:gm.note.pinned actor=5b7bf422afc5417fb7d0a4f0db04524c target=519f4c7d567c4cad97e7d88426810ec6
2026-06-23T16:43:25.4415056Z [AUDIT] gm_notes:gm.note.archived actor=5b7bf422afc5417fb7d0a4f0db04524c target=519f4c7d567c4cad97e7d88426810ec6
2026-06-23T16:43:25.4645075Z [AUDIT] event_journal:journal.event.manual.created actor=5b7bf422afc5417fb7d0a4f0db04524c target=ac57be57b50f46408c658cd44f67da5b
2026-06-23T16:43:25.5185057Z [AUDIT] event_journal:journal.event.manual.created actor=5b7bf422afc5417fb7d0a4f0db04524c target=04af0a6ed2be480bb8dbca18f280129a
2026-06-23T16:43:25.5791369Z [AUDIT] player_request:submit actor=0584ae33047742a18f657d4ca9c86a01 target=ccfc948b09a84761aad82cac48bee859
2026-06-23T16:43:25.5858497Z [AUDIT] event_journal:journal.event.request_created_submitted actor=0584ae33047742a18f657d4ca9c86a01 target=c4c4250e88084256afecb99871621020
2026-06-23T16:43:25.5998534Z [AUDIT] player_request:approve actor=5b7bf422afc5417fb7d0a4f0db04524c target=ccfc948b09a84761aad82cac48bee859
2026-06-23T16:43:25.6048539Z [AUDIT] event_journal:journal.event.request_approve actor=5b7bf422afc5417fb7d0a4f0db04524c target=753427d2a2b44a4aa7d3217829a022b8
2026-06-23T16:43:25.6383340Z [AUDIT] event_journal:journal.event.manual.created actor=5b7bf422afc5417fb7d0a4f0db04524c target=635d85f285954e85ae78f066c94fda92
2026-06-23T16:43:56.8522719Z [AUDIT] auth:login actor=5b7bf422afc5417fb7d0a4f0db04524c target=5b7bf422afc5417fb7d0a4f0db04524c
2026-06-23T16:43:57.3023103Z [AUDIT] auth:login actor=0584ae33047742a18f657d4ca9c86a01 target=0584ae33047742a18f657d4ca9c86a01
2026-06-23T16:44:02.0459523Z [AUDIT] gm_notes:gm.note.created actor=5b7bf422afc5417fb7d0a4f0db04524c target=55f08add87924f1cab5bd0638c7d36c4
2026-06-23T16:44:02.0719516Z [AUDIT] gm_notes:gm.note.updated actor=5b7bf422afc5417fb7d0a4f0db04524c target=55f08add87924f1cab5bd0638c7d36c4
2026-06-23T16:44:02.0829510Z [AUDIT] gm_notes:gm.note.pinned actor=5b7bf422afc5417fb7d0a4f0db04524c target=55f08add87924f1cab5bd0638c7d36c4
2026-06-23T16:44:02.0949507Z [AUDIT] gm_notes:gm.note.archived actor=5b7bf422afc5417fb7d0a4f0db04524c target=55f08add87924f1cab5bd0638c7d36c4
2026-06-23T16:44:02.1179504Z [AUDIT] event_journal:journal.event.manual.created actor=5b7bf422afc5417fb7d0a4f0db04524c target=7e9358185f804095b49ab5464a6d0006
2026-06-23T16:44:02.1820789Z [AUDIT] event_journal:journal.event.manual.created actor=5b7bf422afc5417fb7d0a4f0db04524c target=16c84c063ad747028dfede167a915be5
2026-06-23T16:44:02.2481638Z [AUDIT] player_request:submit actor=0584ae33047742a18f657d4ca9c86a01 target=d562af54299a417598ea1b4595415b67
2026-06-23T16:44:02.2541639Z [AUDIT] event_journal:journal.event.request_created_submitted actor=0584ae33047742a18f657d4ca9c86a01 target=800c649bd8be4de0a3398ac0606f5461
2026-06-23T16:44:02.2701654Z [AUDIT] player_request:approve actor=5b7bf422afc5417fb7d0a4f0db04524c target=d562af54299a417598ea1b4595415b67
2026-06-23T16:44:02.2801658Z [AUDIT] event_journal:journal.event.request_approve actor=5b7bf422afc5417fb7d0a4f0db04524c target=2630bce687684002984e00a9edf567f0
2026-06-23T16:44:02.3201452Z [AUDIT] event_journal:journal.event.manual.created actor=5b7bf422afc5417fb7d0a4f0db04524c target=9c82d6980c8e4aae9fd2db70e7944bd9
2026-06-23T16:44:44.6608294Z [AUDIT] auth:login actor=5b7bf422afc5417fb7d0a4f0db04524c target=5b7bf422afc5417fb7d0a4f0db04524c
2026-06-23T16:44:45.0113071Z [AUDIT] auth:login actor=0584ae33047742a18f657d4ca9c86a01 target=0584ae33047742a18f657d4ca9c86a01
2026-06-23T16:44:49.4657916Z [AUDIT] gm_notes:gm.note.created actor=5b7bf422afc5417fb7d0a4f0db04524c target=b4aa0c9a4eb247d18360d0bdc510a75a
2026-06-23T16:44:49.4907894Z [AUDIT] gm_notes:gm.note.updated actor=5b7bf422afc5417fb7d0a4f0db04524c target=b4aa0c9a4eb247d18360d0bdc510a75a
2026-06-23T16:44:49.5000837Z [AUDIT] gm_notes:gm.note.pinned actor=5b7bf422afc5417fb7d0a4f0db04524c target=b4aa0c9a4eb247d18360d0bdc510a75a
2026-06-23T16:44:49.5090486Z [AUDIT] gm_notes:gm.note.archived actor=5b7bf422afc5417fb7d0a4f0db04524c target=b4aa0c9a4eb247d18360d0bdc510a75a
2026-06-23T16:44:49.5300475Z [AUDIT] event_journal:journal.event.manual.created actor=5b7bf422afc5417fb7d0a4f0db04524c target=f7a710a2f4c74bf99bdb867c0e6d024e
2026-06-23T16:44:49.5754296Z [AUDIT] event_journal:journal.event.manual.created actor=5b7bf422afc5417fb7d0a4f0db04524c target=6b9b9f0d6a21486eb871d1a4993294ff
2026-06-23T16:44:49.6249198Z [AUDIT] player_request:submit actor=0584ae33047742a18f657d4ca9c86a01 target=5857214118904bb39ce3c6bea29f3327
2026-06-23T16:44:49.6299196Z [AUDIT] event_journal:journal.event.request_created_submitted actor=0584ae33047742a18f657d4ca9c86a01 target=a42e3f8541da4a5bb71a695802d16068
2026-06-23T16:44:49.6409211Z [AUDIT] player_request:approve actor=5b7bf422afc5417fb7d0a4f0db04524c target=5857214118904bb39ce3c6bea29f3327
2026-06-23T16:44:49.6469199Z [AUDIT] event_journal:journal.event.request_approve actor=5b7bf422afc5417fb7d0a4f0db04524c target=bdb62693dbc74c3fa10c78d4ab3a16e2
2026-06-23T16:44:49.6783960Z [AUDIT] event_journal:journal.event.manual.created actor=5b7bf422afc5417fb7d0a4f0db04524c target=527bda5c41d541bf840537d4b5e906db
2026-06-23T16:47:35.1962806Z [AUDIT] auth:login actor=5b7bf422afc5417fb7d0a4f0db04524c target=5b7bf422afc5417fb7d0a4f0db04524c
2026-06-23T16:47:35.5142214Z [AUDIT] auth:login actor=0584ae33047742a18f657d4ca9c86a01 target=0584ae33047742a18f657d4ca9c86a01
2026-06-23T16:47:39.4817664Z [AUDIT] gm_notes:gm.note.created actor=5b7bf422afc5417fb7d0a4f0db04524c target=299d5eee729b4c77b74a9bed6b6367c9
2026-06-23T16:47:39.5049058Z [AUDIT] gm_notes:gm.note.updated actor=5b7bf422afc5417fb7d0a4f0db04524c target=299d5eee729b4c77b74a9bed6b6367c9
2026-06-23T16:47:39.5142028Z [AUDIT] gm_notes:gm.note.pinned actor=5b7bf422afc5417fb7d0a4f0db04524c target=299d5eee729b4c77b74a9bed6b6367c9
2026-06-23T16:47:39.5231006Z [AUDIT] gm_notes:gm.note.archived actor=5b7bf422afc5417fb7d0a4f0db04524c target=299d5eee729b4c77b74a9bed6b6367c9
2026-06-23T16:47:39.5408331Z [AUDIT] event_journal:journal.event.manual.created actor=5b7bf422afc5417fb7d0a4f0db04524c target=baa8084c75d5474aa8b6cf778514659d
2026-06-23T16:47:39.5835686Z [AUDIT] event_journal:journal.event.manual.created actor=5b7bf422afc5417fb7d0a4f0db04524c target=9cb8aff8f7a34a4ea6953c0bc5279613
2026-06-23T16:47:39.6305678Z [AUDIT] player_request:submit actor=0584ae33047742a18f657d4ca9c86a01 target=3442faeb87984289b4393bf49e0d5417
2026-06-23T16:47:39.6361534Z [AUDIT] event_journal:journal.event.request_created_submitted actor=0584ae33047742a18f657d4ca9c86a01 target=bb33ae0d9166459ea5f37506a19b562c
2026-06-23T16:47:39.6455675Z [AUDIT] player_request:approve actor=5b7bf422afc5417fb7d0a4f0db04524c target=3442faeb87984289b4393bf49e0d5417
2026-06-23T16:47:39.6505665Z [AUDIT] event_journal:journal.event.request_approve actor=5b7bf422afc5417fb7d0a4f0db04524c target=6c1e1705607c4f5189efe55a0804e089
2026-06-23T16:47:39.6755686Z [AUDIT] event_journal:journal.event.manual.created actor=5b7bf422afc5417fb7d0a4f0db04524c target=6b5d4272fbf1492c980f409f803ecf32
2026-06-23T16:48:20.9986636Z [AUDIT] auth:login actor=5b7bf422afc5417fb7d0a4f0db04524c target=5b7bf422afc5417fb7d0a4f0db04524c
2026-06-23T16:48:24.0145439Z [AUDIT] auth:login actor=0584ae33047742a18f657d4ca9c86a01 target=0584ae33047742a18f657d4ca9c86a01
2026-06-23T16:49:15.3987839Z [AUDIT] auth:login actor=5b7bf422afc5417fb7d0a4f0db04524c target=5b7bf422afc5417fb7d0a4f0db04524c
2026-06-23T16:49:15.7089116Z [AUDIT] auth:login actor=0584ae33047742a18f657d4ca9c86a01 target=0584ae33047742a18f657d4ca9c86a01
2026-06-23T16:49:19.5992886Z [AUDIT] gm_notes:gm.note.created actor=5b7bf422afc5417fb7d0a4f0db04524c target=ef6f4fda9a7242a6a4140be8f17bf39e
2026-06-23T16:49:19.6226227Z [AUDIT] gm_notes:gm.note.updated actor=5b7bf422afc5417fb7d0a4f0db04524c target=ef6f4fda9a7242a6a4140be8f17bf39e
2026-06-23T16:49:19.6310292Z [AUDIT] gm_notes:gm.note.pinned actor=5b7bf422afc5417fb7d0a4f0db04524c target=ef6f4fda9a7242a6a4140be8f17bf39e
2026-06-23T16:49:19.6401828Z [AUDIT] gm_notes:gm.note.archived actor=5b7bf422afc5417fb7d0a4f0db04524c target=ef6f4fda9a7242a6a4140be8f17bf39e
2026-06-23T16:49:19.6597294Z [AUDIT] event_journal:journal.event.manual.created actor=5b7bf422afc5417fb7d0a4f0db04524c target=04003d1fb75c4ba6aa1e9b6ee6d0ab06
2026-06-23T16:49:19.7078131Z [AUDIT] event_journal:journal.event.manual.created actor=5b7bf422afc5417fb7d0a4f0db04524c target=f1d1f05cd5454663a8f48ecf8989f085
2026-06-23T16:49:19.7561949Z [AUDIT] player_request:submit actor=0584ae33047742a18f657d4ca9c86a01 target=b46dc3e9166d4957a177c6b18c5a8789
2026-06-23T16:49:19.7617128Z [AUDIT] event_journal:journal.event.request_created_submitted actor=0584ae33047742a18f657d4ca9c86a01 target=695f7e921307454e8e33bc2861c25cf0
2026-06-23T16:49:19.7707115Z [AUDIT] player_request:approve actor=5b7bf422afc5417fb7d0a4f0db04524c target=b46dc3e9166d4957a177c6b18c5a8789
2026-06-23T16:49:19.7768828Z [AUDIT] event_journal:journal.event.request_approve actor=5b7bf422afc5417fb7d0a4f0db04524c target=16426c53c46242d99ea86af476153880
2026-06-23T16:49:19.8045517Z [AUDIT] event_journal:journal.event.manual.created actor=5b7bf422afc5417fb7d0a4f0db04524c target=588a4fad805d4d7fa48f0ffcccda03b8
2026-06-23T16:49:50.8721219Z [AUDIT] auth:login actor=5b7bf422afc5417fb7d0a4f0db04524c target=5b7bf422afc5417fb7d0a4f0db04524c
2026-06-23T16:49:53.7673487Z [AUDIT] auth:login actor=0584ae33047742a18f657d4ca9c86a01 target=0584ae33047742a18f657d4ca9c86a01
2026-06-23T16:57:57.9647963Z [AUDIT] auth:login actor=5b7bf422afc5417fb7d0a4f0db04524c target=5b7bf422afc5417fb7d0a4f0db04524c
2026-06-23T16:57:58.2738587Z [AUDIT] auth:login actor=0584ae33047742a18f657d4ca9c86a01 target=0584ae33047742a18f657d4ca9c86a01
2026-06-23T16:58:02.1665542Z [AUDIT] gm_notes:gm.note.created actor=5b7bf422afc5417fb7d0a4f0db04524c target=7da28f269cc6497e887f468d69860e14
2026-06-23T16:58:02.1958757Z [AUDIT] gm_notes:gm.note.updated actor=5b7bf422afc5417fb7d0a4f0db04524c target=7da28f269cc6497e887f468d69860e14
2026-06-23T16:58:02.2038782Z [AUDIT] gm_notes:gm.note.pinned actor=5b7bf422afc5417fb7d0a4f0db04524c target=7da28f269cc6497e887f468d69860e14
2026-06-23T16:58:02.2128755Z [AUDIT] gm_notes:gm.note.archived actor=5b7bf422afc5417fb7d0a4f0db04524c target=7da28f269cc6497e887f468d69860e14
2026-06-23T16:58:02.2573324Z [AUDIT] event_journal:journal.event.manual.created actor=5b7bf422afc5417fb7d0a4f0db04524c target=b72e3b3857ac4003b2f5c4c979e011fc
2026-06-23T16:58:02.3102090Z [AUDIT] event_journal:journal.event.manual.created actor=5b7bf422afc5417fb7d0a4f0db04524c target=a9e1e6d0e2d04f48a552c0e8027bbfc3
2026-06-23T16:58:02.4064664Z [AUDIT] player_request:submit actor=0584ae33047742a18f657d4ca9c86a01 target=da1b703f26f34fb98a498c144e646d97
2026-06-23T16:58:02.4133187Z [AUDIT] event_journal:journal.event.request_created_submitted actor=0584ae33047742a18f657d4ca9c86a01 target=d3fbbcbb4c4747eb8ccb244872cb9a89
2026-06-23T16:58:02.4508341Z [AUDIT] player_request:approve actor=5b7bf422afc5417fb7d0a4f0db04524c target=da1b703f26f34fb98a498c144e646d97
2026-06-23T16:58:02.4558330Z [AUDIT] event_journal:journal.event.request_approve actor=5b7bf422afc5417fb7d0a4f0db04524c target=653a4f4292bb4a04b959ce9d8056b48c
2026-06-23T17:06:32.0311197Z [AUDIT] auth:login actor=5b7bf422afc5417fb7d0a4f0db04524c target=5b7bf422afc5417fb7d0a4f0db04524c
2026-06-23T17:06:32.3235969Z [AUDIT] auth:login actor=0584ae33047742a18f657d4ca9c86a01 target=0584ae33047742a18f657d4ca9c86a01
2026-06-23T17:06:36.0378108Z [AUDIT] gm_notes:gm.note.created actor=5b7bf422afc5417fb7d0a4f0db04524c target=d2777bc81ba24e30b84b9fc9101fe335
2026-06-23T17:06:36.0582432Z [AUDIT] gm_notes:gm.note.updated actor=5b7bf422afc5417fb7d0a4f0db04524c target=d2777bc81ba24e30b84b9fc9101fe335
2026-06-23T17:06:36.0666473Z [AUDIT] gm_notes:gm.note.pinned actor=5b7bf422afc5417fb7d0a4f0db04524c target=d2777bc81ba24e30b84b9fc9101fe335
2026-06-23T17:06:36.0772332Z [AUDIT] gm_notes:gm.note.archived actor=5b7bf422afc5417fb7d0a4f0db04524c target=d2777bc81ba24e30b84b9fc9101fe335
2026-06-23T17:06:36.0971046Z [AUDIT] event_journal:journal.event.manual.created actor=5b7bf422afc5417fb7d0a4f0db04524c target=7e7848c3299743109ac5101edb31d63f
2026-06-23T17:06:36.1420049Z [AUDIT] event_journal:journal.event.manual.created actor=5b7bf422afc5417fb7d0a4f0db04524c target=106112c38637483090879e0add4ecec9
2026-06-23T17:06:36.1890070Z [AUDIT] player_request:submit actor=0584ae33047742a18f657d4ca9c86a01 target=0c9679dbcac4441aae0e843e423c4bf6
2026-06-23T17:06:36.1940069Z [AUDIT] event_journal:journal.event.request_created_submitted actor=0584ae33047742a18f657d4ca9c86a01 target=045167ad27cc402fb8fb8c415db2c1ce
2026-06-23T17:06:36.2030058Z [AUDIT] player_request:approve actor=5b7bf422afc5417fb7d0a4f0db04524c target=0c9679dbcac4441aae0e843e423c4bf6
2026-06-23T17:06:36.2090069Z [AUDIT] event_journal:journal.event.request_approve actor=5b7bf422afc5417fb7d0a4f0db04524c target=291c511f8160482ca65a6852bf3e8287
2026-06-23T20:16:21.4990164Z [AUDIT] auth:login actor=5b7bf422afc5417fb7d0a4f0db04524c target=5b7bf422afc5417fb7d0a4f0db04524c
2026-06-23T20:16:43.3618538Z [AUDIT] auth:login actor=5b7bf422afc5417fb7d0a4f0db04524c target=5b7bf422afc5417fb7d0a4f0db04524c
2026-06-23T20:16:53.7746349Z [AUDIT] auth:login actor=5b7bf422afc5417fb7d0a4f0db04524c target=5b7bf422afc5417fb7d0a4f0db04524c
2026-06-23T20:17:09.2982016Z [AUDIT] auth:login actor=5b7bf422afc5417fb7d0a4f0db04524c target=5b7bf422afc5417fb7d0a4f0db04524c
2026-06-23T20:17:09.6657162Z [AUDIT] auth:login actor=0584ae33047742a18f657d4ca9c86a01 target=0584ae33047742a18f657d4ca9c86a01
2026-06-23T20:18:38.2839023Z [AUDIT] auth:login actor=5b7bf422afc5417fb7d0a4f0db04524c target=5b7bf422afc5417fb7d0a4f0db04524c
2026-06-23T20:18:38.7283852Z [AUDIT] auth:login actor=0584ae33047742a18f657d4ca9c86a01 target=0584ae33047742a18f657d4ca9c86a01
2026-06-23T20:20:17.4394684Z [AUDIT] auth:login actor=5b7bf422afc5417fb7d0a4f0db04524c target=5b7bf422afc5417fb7d0a4f0db04524c
2026-06-23T20:20:17.8048029Z [AUDIT] auth:login actor=0584ae33047742a18f657d4ca9c86a01 target=0584ae33047742a18f657d4ca9c86a01
2026-06-23T20:24:21.3624874Z [AUDIT] auth:login actor=5b7bf422afc5417fb7d0a4f0db04524c target=5b7bf422afc5417fb7d0a4f0db04524c
2026-06-23T20:24:21.7399459Z [AUDIT] auth:login actor=0584ae33047742a18f657d4ca9c86a01 target=0584ae33047742a18f657d4ca9c86a01
2026-06-23T20:25:50.6127173Z [AUDIT] auth:login actor=5b7bf422afc5417fb7d0a4f0db04524c target=5b7bf422afc5417fb7d0a4f0db04524c
2026-06-23T20:25:50.9926994Z [AUDIT] auth:login actor=0584ae33047742a18f657d4ca9c86a01 target=0584ae33047742a18f657d4ca9c86a01
2026-06-23T20:25:51.3384885Z [AUDIT] character:updateSubAttributes actor=5b7bf422afc5417fb7d0a4f0db04524c target=fbd8a7b8e9a74810becc233f30fe9160
2026-06-23T20:28:20.2533992Z [AUDIT] auth:login actor=5b7bf422afc5417fb7d0a4f0db04524c target=5b7bf422afc5417fb7d0a4f0db04524c
2026-06-23T20:28:20.5923989Z [AUDIT] auth:login actor=0584ae33047742a18f657d4ca9c86a01 target=0584ae33047742a18f657d4ca9c86a01
2026-06-23T20:28:20.7029324Z [AUDIT] character:updateSubAttributes actor=5b7bf422afc5417fb7d0a4f0db04524c target=fbd8a7b8e9a74810becc233f30fe9160
2026-06-23T20:39:08.5998526Z [AUDIT] auth:login actor=0584ae33047742a18f657d4ca9c86a01 target=0584ae33047742a18f657d4ca9c86a01
2026-06-23T20:41:43.7228550Z [AUDIT] auth:login actor=5b7bf422afc5417fb7d0a4f0db04524c target=5b7bf422afc5417fb7d0a4f0db04524c
2026-06-23T20:46:03.7817649Z [AUDIT] auth:login actor=5b7bf422afc5417fb7d0a4f0db04524c target=5b7bf422afc5417fb7d0a4f0db04524c
2026-06-23T20:46:11.0577036Z [AUDIT] auth:login actor=0584ae33047742a18f657d4ca9c86a01 target=0584ae33047742a18f657d4ca9c86a01
2026-06-23T20:46:50.0208404Z [AUDIT] character:updateSubAttributes actor=5b7bf422afc5417fb7d0a4f0db04524c target=fbd8a7b8e9a74810becc233f30fe9160
2026-06-23T20:53:35.9912272Z [AUDIT] character:updateSubAttributes actor=5b7bf422afc5417fb7d0a4f0db04524c target=fbd8a7b8e9a74810becc233f30fe9160
2026-06-23T20:55:41.9531101Z [AUDIT] auth:login actor=5b7bf422afc5417fb7d0a4f0db04524c target=5b7bf422afc5417fb7d0a4f0db04524c
2026-06-23T20:55:49.0886658Z [AUDIT] auth:login actor=0584ae33047742a18f657d4ca9c86a01 target=0584ae33047742a18f657d4ca9c86a01
2026-06-27T14:26:11.6023686Z [AUDIT] auth:login actor=727879f43a0743adbc86ef83bff24471 target=727879f43a0743adbc86ef83bff24471
2026-06-27T14:28:22.9036735Z [AUDIT] admin:approveAccount actor=727879f43a0743adbc86ef83bff24471 target=f3cfb282b62c48798217ea482c957da7
2026-06-27T14:31:29.0977208Z [AUDIT] admin:resetPassword actor=727879f43a0743adbc86ef83bff24471 target=0584ae33047742a18f657d4ca9c86a01
2026-06-27T14:31:33.2614307Z [AUDIT] admin:resetPassword actor=727879f43a0743adbc86ef83bff24471 target=ce399825e72343ac918885026d32aa4f
2026-06-27T14:31:57.2068458Z [AUDIT] auth:login actor=0584ae33047742a18f657d4ca9c86a01 target=0584ae33047742a18f657d4ca9c86a01
2026-06-27T14:38:45.6155338Z [AUDIT] character:updateSubAttributes actor=727879f43a0743adbc86ef83bff24471 target=fbd8a7b8e9a74810becc233f30fe9160
2026-06-27T14:39:20.9514007Z [AUDIT] character:setActive actor=0584ae33047742a18f657d4ca9c86a01 target=06881939bac04bc9954f8f7d55829982
2026-06-27T14:39:44.9740526Z [AUDIT] character:setActive actor=0584ae33047742a18f657d4ca9c86a01 target=fbd8a7b8e9a74810becc233f30fe9160
2026-06-28T19:07:19.9291073Z [AUDIT] auth:login actor=5b7bf422afc5417fb7d0a4f0db04524c target=5b7bf422afc5417fb7d0a4f0db04524c
2026-06-28T19:07:20.2479518Z [AUDIT] auth:login actor=0584ae33047742a18f657d4ca9c86a01 target=0584ae33047742a18f657d4ca9c86a01
2026-06-28T19:07:26.5145190Z [AUDIT] gm_notes:gm.note.created actor=5b7bf422afc5417fb7d0a4f0db04524c target=5b8412a77b824d1bb817e285f862b202
2026-06-28T19:07:26.5400900Z [AUDIT] gm_notes:gm.note.updated actor=5b7bf422afc5417fb7d0a4f0db04524c target=5b8412a77b824d1bb817e285f862b202
2026-06-28T19:07:26.5464538Z [AUDIT] gm_notes:gm.note.pinned actor=5b7bf422afc5417fb7d0a4f0db04524c target=5b8412a77b824d1bb817e285f862b202
2026-06-28T19:07:26.5524536Z [AUDIT] gm_notes:gm.note.archived actor=5b7bf422afc5417fb7d0a4f0db04524c target=5b8412a77b824d1bb817e285f862b202
2026-06-28T19:07:26.5933380Z [AUDIT] event_journal:journal.event.manual.created actor=5b7bf422afc5417fb7d0a4f0db04524c target=bfb3a5fa93cb454fbc8ecb218d5b0306
2026-06-28T19:07:26.6437988Z [AUDIT] event_journal:journal.event.manual.created actor=5b7bf422afc5417fb7d0a4f0db04524c target=ae4bdbecfa4444bbae7f61ebc84e98f2
2026-06-28T19:07:26.7270247Z [AUDIT] player_request:submit actor=0584ae33047742a18f657d4ca9c86a01 target=5babe7ae71f24c4b826dac32ebf9c83b
2026-06-28T19:07:26.7321100Z [AUDIT] event_journal:journal.event.request_created_submitted actor=0584ae33047742a18f657d4ca9c86a01 target=6dd8cdd6fa2649b590e22bd08d10d6d6
2026-06-28T19:07:26.7635024Z [AUDIT] player_request:approve actor=5b7bf422afc5417fb7d0a4f0db04524c target=5babe7ae71f24c4b826dac32ebf9c83b
2026-06-28T19:07:26.7670856Z [AUDIT] event_journal:journal.event.request_approve actor=5b7bf422afc5417fb7d0a4f0db04524c target=591ca9d4b8dc4cc1b894d3529f01b9e2
2026-06-28T19:21:26.9891989Z [AUDIT] auth:login actor=5b7bf422afc5417fb7d0a4f0db04524c target=5b7bf422afc5417fb7d0a4f0db04524c
2026-06-28T19:21:27.2993720Z [AUDIT] auth:login actor=0584ae33047742a18f657d4ca9c86a01 target=0584ae33047742a18f657d4ca9c86a01
2026-06-28T19:21:33.6510456Z [AUDIT] gm_notes:gm.note.created actor=5b7bf422afc5417fb7d0a4f0db04524c target=1cb9cea113a44301bb6d681e16658d04
2026-06-28T19:21:33.6767747Z [AUDIT] gm_notes:gm.note.updated actor=5b7bf422afc5417fb7d0a4f0db04524c target=1cb9cea113a44301bb6d681e16658d04
2026-06-28T19:21:33.6832939Z [AUDIT] gm_notes:gm.note.pinned actor=5b7bf422afc5417fb7d0a4f0db04524c target=1cb9cea113a44301bb6d681e16658d04
2026-06-28T19:21:33.6895033Z [AUDIT] gm_notes:gm.note.archived actor=5b7bf422afc5417fb7d0a4f0db04524c target=1cb9cea113a44301bb6d681e16658d04
2026-06-28T19:21:33.7310775Z [AUDIT] event_journal:journal.event.manual.created actor=5b7bf422afc5417fb7d0a4f0db04524c target=70444f91f24f4135bd7d96a1174d57fb
2026-06-28T19:21:33.7821475Z [AUDIT] event_journal:journal.event.manual.created actor=5b7bf422afc5417fb7d0a4f0db04524c target=17cf41527eca4dbfad63b0a13e1c6547
2026-06-28T19:21:33.8695128Z [AUDIT] player_request:submit actor=0584ae33047742a18f657d4ca9c86a01 target=8076fc08d5cc435c8c335996181e5257
2026-06-28T19:21:33.8748566Z [AUDIT] event_journal:journal.event.request_created_submitted actor=0584ae33047742a18f657d4ca9c86a01 target=5c47cfae6f2c4325999cacef88ecb4ca
2026-06-28T19:21:33.9074940Z [AUDIT] player_request:approve actor=5b7bf422afc5417fb7d0a4f0db04524c target=8076fc08d5cc435c8c335996181e5257
2026-06-28T19:21:33.9120417Z [AUDIT] event_journal:journal.event.request_approve actor=5b7bf422afc5417fb7d0a4f0db04524c target=297ff2b127e340fc95241b8139324ba0
2026-06-28T19:34:38.0234369Z [AUDIT] auth:login actor=5b7bf422afc5417fb7d0a4f0db04524c target=5b7bf422afc5417fb7d0a4f0db04524c
2026-06-28T19:34:38.3227578Z [AUDIT] auth:login actor=0584ae33047742a18f657d4ca9c86a01 target=0584ae33047742a18f657d4ca9c86a01
2026-06-28T19:34:44.7841074Z [AUDIT] gm_notes:gm.note.created actor=5b7bf422afc5417fb7d0a4f0db04524c target=13756e6b5043475299df93122b345104
2026-06-28T19:34:44.8104234Z [AUDIT] gm_notes:gm.note.updated actor=5b7bf422afc5417fb7d0a4f0db04524c target=13756e6b5043475299df93122b345104
2026-06-28T19:34:44.8177972Z [AUDIT] gm_notes:gm.note.pinned actor=5b7bf422afc5417fb7d0a4f0db04524c target=13756e6b5043475299df93122b345104
2026-06-28T19:34:44.8247255Z [AUDIT] gm_notes:gm.note.archived actor=5b7bf422afc5417fb7d0a4f0db04524c target=13756e6b5043475299df93122b345104
2026-06-28T19:34:44.8676199Z [AUDIT] event_journal:journal.event.manual.created actor=5b7bf422afc5417fb7d0a4f0db04524c target=e5cc08a28bdc483497eb290f179b9812
2026-06-28T19:34:44.9199081Z [AUDIT] event_journal:journal.event.manual.created actor=5b7bf422afc5417fb7d0a4f0db04524c target=f2eed0397ae14a739fc4f82a2d17b335
2026-06-28T19:34:45.0129912Z [AUDIT] player_request:submit actor=0584ae33047742a18f657d4ca9c86a01 target=c84c5cabce3e425ba9b70006fedf371e
2026-06-28T19:34:45.0189932Z [AUDIT] event_journal:journal.event.request_created_submitted actor=0584ae33047742a18f657d4ca9c86a01 target=4a1b638113474165b0db58697d2cf054
2026-06-28T19:34:45.0529558Z [AUDIT] player_request:approve actor=5b7bf422afc5417fb7d0a4f0db04524c target=c84c5cabce3e425ba9b70006fedf371e
2026-06-28T19:34:45.0569559Z [AUDIT] event_journal:journal.event.request_approve actor=5b7bf422afc5417fb7d0a4f0db04524c target=61ced4d9ebbd40f898719d783e11bfc4
2026-06-28T19:47:47.4024862Z [AUDIT] auth:login actor=5b7bf422afc5417fb7d0a4f0db04524c target=5b7bf422afc5417fb7d0a4f0db04524c
2026-06-28T19:47:47.6994485Z [AUDIT] auth:login actor=0584ae33047742a18f657d4ca9c86a01 target=0584ae33047742a18f657d4ca9c86a01
2026-06-28T19:47:54.0613151Z [AUDIT] gm_notes:gm.note.created actor=5b7bf422afc5417fb7d0a4f0db04524c target=c6e3e1f7112e4626b10f0cf02daeac88
2026-06-28T19:47:54.0860925Z [AUDIT] gm_notes:gm.note.updated actor=5b7bf422afc5417fb7d0a4f0db04524c target=c6e3e1f7112e4626b10f0cf02daeac88
2026-06-28T19:47:54.0920908Z [AUDIT] gm_notes:gm.note.pinned actor=5b7bf422afc5417fb7d0a4f0db04524c target=c6e3e1f7112e4626b10f0cf02daeac88
2026-06-28T19:47:54.0985424Z [AUDIT] gm_notes:gm.note.archived actor=5b7bf422afc5417fb7d0a4f0db04524c target=c6e3e1f7112e4626b10f0cf02daeac88
2026-06-28T19:47:54.1402980Z [AUDIT] event_journal:journal.event.manual.created actor=5b7bf422afc5417fb7d0a4f0db04524c target=ea52264843804c8ea4b8a53bc890962c
2026-06-28T19:47:54.1919512Z [AUDIT] event_journal:journal.event.manual.created actor=5b7bf422afc5417fb7d0a4f0db04524c target=7e36540761f54a74af2cbf0b65f3b03b
2026-06-28T19:47:54.2828835Z [AUDIT] player_request:submit actor=0584ae33047742a18f657d4ca9c86a01 target=f04148fbc493496785c1cc0386a53ef7
2026-06-28T19:47:54.2897461Z [AUDIT] event_journal:journal.event.request_created_submitted actor=0584ae33047742a18f657d4ca9c86a01 target=934d3cae4d154adc9c5449b998b048f8
2026-06-28T19:47:54.3253674Z [AUDIT] player_request:approve actor=5b7bf422afc5417fb7d0a4f0db04524c target=f04148fbc493496785c1cc0386a53ef7
2026-06-28T19:47:54.3303675Z [AUDIT] event_journal:journal.event.request_approve actor=5b7bf422afc5417fb7d0a4f0db04524c target=7ea7466e02804d069e64fd186ff53f4d
2026-06-28T19:48:48.6198736Z [AUDIT] auth:login actor=5b7bf422afc5417fb7d0a4f0db04524c target=5b7bf422afc5417fb7d0a4f0db04524c
2026-06-28T19:48:48.9198398Z [AUDIT] auth:login actor=0584ae33047742a18f657d4ca9c86a01 target=0584ae33047742a18f657d4ca9c86a01
2026-06-28T19:48:55.3885987Z [AUDIT] gm_notes:gm.note.created actor=5b7bf422afc5417fb7d0a4f0db04524c target=6b07936f42bc488fbcb2259f86296b4c
2026-06-28T19:48:55.4140341Z [AUDIT] gm_notes:gm.note.updated actor=5b7bf422afc5417fb7d0a4f0db04524c target=6b07936f42bc488fbcb2259f86296b4c
2026-06-28T19:48:55.4200367Z [AUDIT] gm_notes:gm.note.pinned actor=5b7bf422afc5417fb7d0a4f0db04524c target=6b07936f42bc488fbcb2259f86296b4c
2026-06-28T19:48:55.4273727Z [AUDIT] gm_notes:gm.note.archived actor=5b7bf422afc5417fb7d0a4f0db04524c target=6b07936f42bc488fbcb2259f86296b4c
2026-06-28T19:48:55.4723671Z [AUDIT] event_journal:journal.event.manual.created actor=5b7bf422afc5417fb7d0a4f0db04524c target=5c1cb6fc81a448728134951af013bc6f
2026-06-28T19:48:55.5203742Z [AUDIT] event_journal:journal.event.manual.created actor=5b7bf422afc5417fb7d0a4f0db04524c target=c7c4c14a69f04ab1bcbbc7de58409743
2026-06-28T19:48:55.6101233Z [AUDIT] player_request:submit actor=0584ae33047742a18f657d4ca9c86a01 target=14cccbd1516241cda015573ecf7ed8b3
2026-06-28T19:48:55.6153615Z [AUDIT] event_journal:journal.event.request_created_submitted actor=0584ae33047742a18f657d4ca9c86a01 target=4aea5bbeacd64643b9e7e8a3f43121fc
2026-06-28T19:48:55.6480653Z [AUDIT] player_request:approve actor=5b7bf422afc5417fb7d0a4f0db04524c target=14cccbd1516241cda015573ecf7ed8b3
2026-06-28T19:48:55.6530666Z [AUDIT] event_journal:journal.event.request_approve actor=5b7bf422afc5417fb7d0a4f0db04524c target=88b478f32e93421c9f3659384fc4b2d9
2026-06-28T21:05:09.6491954Z [AUDIT] auth:login actor=5b7bf422afc5417fb7d0a4f0db04524c target=5b7bf422afc5417fb7d0a4f0db04524c
2026-06-28T21:05:09.9504053Z [AUDIT] auth:login actor=0584ae33047742a18f657d4ca9c86a01 target=0584ae33047742a18f657d4ca9c86a01
2026-06-28T21:05:16.0698240Z [AUDIT] gm_notes:gm.note.created actor=5b7bf422afc5417fb7d0a4f0db04524c target=21f52cc934c24b2aa38433759f305642
2026-06-28T21:05:16.0958234Z [AUDIT] gm_notes:gm.note.updated actor=5b7bf422afc5417fb7d0a4f0db04524c target=21f52cc934c24b2aa38433759f305642
2026-06-28T21:05:16.1018231Z [AUDIT] gm_notes:gm.note.pinned actor=5b7bf422afc5417fb7d0a4f0db04524c target=21f52cc934c24b2aa38433759f305642
2026-06-28T21:05:16.1088251Z [AUDIT] gm_notes:gm.note.archived actor=5b7bf422afc5417fb7d0a4f0db04524c target=21f52cc934c24b2aa38433759f305642
2026-06-28T21:05:16.1528247Z [AUDIT] event_journal:journal.event.manual.created actor=5b7bf422afc5417fb7d0a4f0db04524c target=a11507a61dd14b79a923ee1e8cf3fca0
2026-06-28T21:05:16.2063538Z [AUDIT] event_journal:journal.event.manual.created actor=5b7bf422afc5417fb7d0a4f0db04524c target=50ba4ffb0c884babac532315ae73253e
2026-06-28T21:05:16.2943528Z [AUDIT] player_request:submit actor=0584ae33047742a18f657d4ca9c86a01 target=663bac50810c4d0f83e46dc0e2337c6d
2026-06-28T21:05:16.3008656Z [AUDIT] event_journal:journal.event.request_created_submitted actor=0584ae33047742a18f657d4ca9c86a01 target=ddb5918418724c8f8ee6cd6a23a8b20a
2026-06-28T21:05:16.3333527Z [AUDIT] player_request:approve actor=5b7bf422afc5417fb7d0a4f0db04524c target=663bac50810c4d0f83e46dc0e2337c6d
2026-06-28T21:05:16.3383538Z [AUDIT] event_journal:journal.event.request_approve actor=5b7bf422afc5417fb7d0a4f0db04524c target=3bef2448efad4d038c3bb7b553da27da
2026-06-28T21:21:45.6290099Z [AUDIT] auth:login actor=5b7bf422afc5417fb7d0a4f0db04524c target=5b7bf422afc5417fb7d0a4f0db04524c
2026-06-28T21:21:45.9554024Z [AUDIT] auth:login actor=0584ae33047742a18f657d4ca9c86a01 target=0584ae33047742a18f657d4ca9c86a01
2026-06-28T21:21:52.2255947Z [AUDIT] gm_notes:gm.note.created actor=5b7bf422afc5417fb7d0a4f0db04524c target=3bc549a904d94ad592eeb84c1804e66a
2026-06-28T21:21:52.2506275Z [AUDIT] gm_notes:gm.note.updated actor=5b7bf422afc5417fb7d0a4f0db04524c target=3bc549a904d94ad592eeb84c1804e66a
2026-06-28T21:21:52.2566243Z [AUDIT] gm_notes:gm.note.pinned actor=5b7bf422afc5417fb7d0a4f0db04524c target=3bc549a904d94ad592eeb84c1804e66a
2026-06-28T21:21:52.2626280Z [AUDIT] gm_notes:gm.note.archived actor=5b7bf422afc5417fb7d0a4f0db04524c target=3bc549a904d94ad592eeb84c1804e66a
2026-06-28T21:21:52.3066195Z [AUDIT] event_journal:journal.event.manual.created actor=5b7bf422afc5417fb7d0a4f0db04524c target=8d4a670752274fa4932072ed1b240d4f
2026-06-28T21:21:52.3592024Z [AUDIT] event_journal:journal.event.manual.created actor=5b7bf422afc5417fb7d0a4f0db04524c target=92117e99e65b415f84865c42eb14fe10
2026-06-28T21:21:52.4481934Z [AUDIT] player_request:submit actor=0584ae33047742a18f657d4ca9c86a01 target=5a0e992ecfea4b50b0ed74c0dd7db863
2026-06-28T21:21:52.4546175Z [AUDIT] event_journal:journal.event.request_created_submitted actor=0584ae33047742a18f657d4ca9c86a01 target=a465ea76ec5744e6bb4772379cf9cffe
2026-06-28T21:21:52.4881064Z [AUDIT] player_request:approve actor=5b7bf422afc5417fb7d0a4f0db04524c target=5a0e992ecfea4b50b0ed74c0dd7db863
2026-06-28T21:21:52.4931869Z [AUDIT] event_journal:journal.event.request_approve actor=5b7bf422afc5417fb7d0a4f0db04524c target=35e9aac2e59c4036ab42a60b2d024eae
2026-06-28T21:32:49.7701124Z [AUDIT] auth:login actor=5b7bf422afc5417fb7d0a4f0db04524c target=5b7bf422afc5417fb7d0a4f0db04524c
2026-06-28T21:32:50.0836518Z [AUDIT] auth:login actor=0584ae33047742a18f657d4ca9c86a01 target=0584ae33047742a18f657d4ca9c86a01
2026-06-28T21:32:56.3949314Z [AUDIT] gm_notes:gm.note.created actor=5b7bf422afc5417fb7d0a4f0db04524c target=4c912ce8a5f14cf297dc9529354994ea
2026-06-28T21:32:56.4214526Z [AUDIT] gm_notes:gm.note.updated actor=5b7bf422afc5417fb7d0a4f0db04524c target=4c912ce8a5f14cf297dc9529354994ea
2026-06-28T21:32:56.4274535Z [AUDIT] gm_notes:gm.note.pinned actor=5b7bf422afc5417fb7d0a4f0db04524c target=4c912ce8a5f14cf297dc9529354994ea
2026-06-28T21:32:56.4344536Z [AUDIT] gm_notes:gm.note.archived actor=5b7bf422afc5417fb7d0a4f0db04524c target=4c912ce8a5f14cf297dc9529354994ea
2026-06-28T21:32:56.4807796Z [AUDIT] event_journal:journal.event.manual.created actor=5b7bf422afc5417fb7d0a4f0db04524c target=730c4d6dd2304e0096e701590d978f0d
2026-06-28T21:32:56.5385322Z [AUDIT] event_journal:journal.event.manual.created actor=5b7bf422afc5417fb7d0a4f0db04524c target=3519463428de4da9808cef9d1c74550a
2026-06-28T21:32:56.6285599Z [AUDIT] player_request:submit actor=0584ae33047742a18f657d4ca9c86a01 target=bff39d146a5d4b5782efb133fda67f90
2026-06-28T21:32:56.6345591Z [AUDIT] event_journal:journal.event.request_created_submitted actor=0584ae33047742a18f657d4ca9c86a01 target=a522d31d01934ab5832b4a4029c171e7
2026-06-28T21:32:56.6685588Z [AUDIT] player_request:approve actor=5b7bf422afc5417fb7d0a4f0db04524c target=bff39d146a5d4b5782efb133fda67f90
2026-06-28T21:32:56.6745590Z [AUDIT] event_journal:journal.event.request_approve actor=5b7bf422afc5417fb7d0a4f0db04524c target=f3754d77e12a4befa5c63538c7153868
2026-06-29T03:19:08.3044556Z [AUDIT] auth:login actor=5b7bf422afc5417fb7d0a4f0db04524c target=5b7bf422afc5417fb7d0a4f0db04524c
2026-06-29T03:19:08.6107938Z [AUDIT] auth:login actor=0584ae33047742a18f657d4ca9c86a01 target=0584ae33047742a18f657d4ca9c86a01
2026-06-29T03:19:14.5852627Z [AUDIT] gm_notes:gm.note.created actor=5b7bf422afc5417fb7d0a4f0db04524c target=4fa831e12890437980f4f19dadf991f6
2026-06-29T03:19:14.6092618Z [AUDIT] gm_notes:gm.note.updated actor=5b7bf422afc5417fb7d0a4f0db04524c target=4fa831e12890437980f4f19dadf991f6
2026-06-29T03:19:14.6152636Z [AUDIT] gm_notes:gm.note.pinned actor=5b7bf422afc5417fb7d0a4f0db04524c target=4fa831e12890437980f4f19dadf991f6
2026-06-29T03:19:14.6212625Z [AUDIT] gm_notes:gm.note.archived actor=5b7bf422afc5417fb7d0a4f0db04524c target=4fa831e12890437980f4f19dadf991f6
2026-06-29T03:19:14.6662612Z [AUDIT] event_journal:journal.event.manual.created actor=5b7bf422afc5417fb7d0a4f0db04524c target=54057d2d99b0498582680583623acaf6
2026-06-29T03:19:14.7219303Z [AUDIT] event_journal:journal.event.manual.created actor=5b7bf422afc5417fb7d0a4f0db04524c target=e66e3ab77f2246c1949cfbf68b8d7550
2026-06-29T03:19:14.8132759Z [AUDIT] player_request:submit actor=0584ae33047742a18f657d4ca9c86a01 target=5d87b5e273064e0199efcfba18b3e2b2
2026-06-29T03:19:14.8209266Z [AUDIT] event_journal:journal.event.request_created_submitted actor=0584ae33047742a18f657d4ca9c86a01 target=28ba1f13b60d4ad887a4a9c327899385
2026-06-29T03:19:14.8539260Z [AUDIT] player_request:approve actor=5b7bf422afc5417fb7d0a4f0db04524c target=5d87b5e273064e0199efcfba18b3e2b2
2026-06-29T03:19:14.8609260Z [AUDIT] event_journal:journal.event.request_approve actor=5b7bf422afc5417fb7d0a4f0db04524c target=6065921f5ae74ac78deaa2c344986e44
2026-06-29T03:46:44.2752819Z [AUDIT] auth:login actor=5b7bf422afc5417fb7d0a4f0db04524c target=5b7bf422afc5417fb7d0a4f0db04524c
2026-06-29T03:46:44.5696879Z [AUDIT] auth:login actor=0584ae33047742a18f657d4ca9c86a01 target=0584ae33047742a18f657d4ca9c86a01
2026-06-29T03:46:50.6415990Z [AUDIT] gm_notes:gm.note.created actor=5b7bf422afc5417fb7d0a4f0db04524c target=c73e2f9dd23344ea941e5c85eb80aa55
2026-06-29T03:46:50.6666000Z [AUDIT] gm_notes:gm.note.updated actor=5b7bf422afc5417fb7d0a4f0db04524c target=c73e2f9dd23344ea941e5c85eb80aa55
2026-06-29T03:46:50.6725979Z [AUDIT] gm_notes:gm.note.pinned actor=5b7bf422afc5417fb7d0a4f0db04524c target=c73e2f9dd23344ea941e5c85eb80aa55
2026-06-29T03:46:50.6795988Z [AUDIT] gm_notes:gm.note.archived actor=5b7bf422afc5417fb7d0a4f0db04524c target=c73e2f9dd23344ea941e5c85eb80aa55
2026-06-29T03:46:50.7235988Z [AUDIT] event_journal:journal.event.manual.created actor=5b7bf422afc5417fb7d0a4f0db04524c target=2275fe1b000c42a4889a2facd47c54b3
2026-06-29T03:46:50.7795980Z [AUDIT] event_journal:journal.event.manual.created actor=5b7bf422afc5417fb7d0a4f0db04524c target=2027c410dc4a4dc8bd7d0ee1580e530f
2026-06-29T03:46:50.8745987Z [AUDIT] player_request:submit actor=0584ae33047742a18f657d4ca9c86a01 target=cd1d67ebddc94595acb760189c4a08a0
2026-06-29T03:46:50.8815987Z [AUDIT] event_journal:journal.event.request_created_submitted actor=0584ae33047742a18f657d4ca9c86a01 target=008bfcd5b7dd4c35b0e4f86d9a5d2f83
2026-06-29T03:46:50.9126008Z [AUDIT] player_request:approve actor=5b7bf422afc5417fb7d0a4f0db04524c target=cd1d67ebddc94595acb760189c4a08a0
2026-06-29T03:46:50.9205984Z [AUDIT] event_journal:journal.event.request_approve actor=5b7bf422afc5417fb7d0a4f0db04524c target=3dc608af37d6492a8406e2810939185f
2026-06-29T04:07:07.9330405Z [AUDIT] auth:login actor=5b7bf422afc5417fb7d0a4f0db04524c target=5b7bf422afc5417fb7d0a4f0db04524c
2026-06-29T04:07:08.2355000Z [AUDIT] auth:login actor=0584ae33047742a18f657d4ca9c86a01 target=0584ae33047742a18f657d4ca9c86a01
2026-06-29T04:07:14.3254568Z [AUDIT] gm_notes:gm.note.created actor=5b7bf422afc5417fb7d0a4f0db04524c target=47b232111e1b4170abdb07a61255813c
2026-06-29T04:07:14.3504557Z [AUDIT] gm_notes:gm.note.updated actor=5b7bf422afc5417fb7d0a4f0db04524c target=47b232111e1b4170abdb07a61255813c
2026-06-29T04:07:14.3554573Z [AUDIT] gm_notes:gm.note.pinned actor=5b7bf422afc5417fb7d0a4f0db04524c target=47b232111e1b4170abdb07a61255813c
2026-06-29T04:07:14.3624574Z [AUDIT] gm_notes:gm.note.archived actor=5b7bf422afc5417fb7d0a4f0db04524c target=47b232111e1b4170abdb07a61255813c
2026-06-29T04:07:14.4094558Z [AUDIT] event_journal:journal.event.manual.created actor=5b7bf422afc5417fb7d0a4f0db04524c target=ab4d8f76f2d3403e914ae25c7d97dbc0
2026-06-29T04:07:14.4674563Z [AUDIT] event_journal:journal.event.manual.created actor=5b7bf422afc5417fb7d0a4f0db04524c target=d157580ca838408191902a88e439f2b7
2026-06-29T04:07:14.5644557Z [AUDIT] player_request:submit actor=0584ae33047742a18f657d4ca9c86a01 target=19b8df503dea4280ad6f892fb87354fd
2026-06-29T04:07:14.5714556Z [AUDIT] event_journal:journal.event.request_created_submitted actor=0584ae33047742a18f657d4ca9c86a01 target=e3f681595c45478399b31b417a1438cb
2026-06-29T04:07:14.6044555Z [AUDIT] player_request:approve actor=5b7bf422afc5417fb7d0a4f0db04524c target=19b8df503dea4280ad6f892fb87354fd
2026-06-29T04:07:14.6114561Z [AUDIT] event_journal:journal.event.request_approve actor=5b7bf422afc5417fb7d0a4f0db04524c target=3e4715bba92b4abcbb06df07655a513b
2026-06-29T06:00:09.2806865Z [AUDIT] auth:login actor=5b7bf422afc5417fb7d0a4f0db04524c target=5b7bf422afc5417fb7d0a4f0db04524c
2026-06-29T06:00:09.6009226Z [AUDIT] auth:login actor=0584ae33047742a18f657d4ca9c86a01 target=0584ae33047742a18f657d4ca9c86a01
2026-06-29T06:04:09.8543426Z [AUDIT] auth:login actor=5b7bf422afc5417fb7d0a4f0db04524c target=5b7bf422afc5417fb7d0a4f0db04524c
2026-06-29T06:04:25.6447481Z [AUDIT] auth:login actor=5b7bf422afc5417fb7d0a4f0db04524c target=5b7bf422afc5417fb7d0a4f0db04524c
2026-06-29T06:07:23.2124041Z [AUDIT] auth:login actor=5b7bf422afc5417fb7d0a4f0db04524c target=5b7bf422afc5417fb7d0a4f0db04524c
2026-06-29T06:07:28.7694332Z [AUDIT] auth:login actor=5b7bf422afc5417fb7d0a4f0db04524c target=5b7bf422afc5417fb7d0a4f0db04524c
2026-06-29T06:12:04.6613066Z [AUDIT] auth:login actor=5b7bf422afc5417fb7d0a4f0db04524c target=5b7bf422afc5417fb7d0a4f0db04524c
2026-06-29T06:12:09.6072260Z [AUDIT] auth:login actor=5b7bf422afc5417fb7d0a4f0db04524c target=5b7bf422afc5417fb7d0a4f0db04524c
2026-06-29T06:12:17.1550632Z [AUDIT] development:development_hexagon.layout.saved actor=5b7bf422afc5417fb7d0a4f0db04524c target=main_development_hexagon:changed=1
2026-06-29T06:13:42.6495803Z [AUDIT] auth:login actor=5b7bf422afc5417fb7d0a4f0db04524c target=5b7bf422afc5417fb7d0a4f0db04524c
2026-06-29T06:13:47.3716726Z [AUDIT] auth:login actor=5b7bf422afc5417fb7d0a4f0db04524c target=5b7bf422afc5417fb7d0a4f0db04524c
2026-06-29T06:14:40.6071132Z [AUDIT] auth:login actor=5b7bf422afc5417fb7d0a4f0db04524c target=5b7bf422afc5417fb7d0a4f0db04524c
2026-06-29T06:14:45.9564132Z [AUDIT] auth:login actor=5b7bf422afc5417fb7d0a4f0db04524c target=5b7bf422afc5417fb7d0a4f0db04524c
2026-06-29T06:14:53.4805362Z [AUDIT] development:development_hexagon.layout.saved actor=5b7bf422afc5417fb7d0a4f0db04524c target=main_development_hexagon:changed=1
2026-06-29T06:16:07.6050116Z [AUDIT] auth:login actor=5b7bf422afc5417fb7d0a4f0db04524c target=5b7bf422afc5417fb7d0a4f0db04524c
2026-06-29T06:16:12.0910279Z [AUDIT] auth:login actor=5b7bf422afc5417fb7d0a4f0db04524c target=5b7bf422afc5417fb7d0a4f0db04524c
2026-06-29T06:16:19.5236706Z [AUDIT] development:development_hexagon.layout.saved actor=5b7bf422afc5417fb7d0a4f0db04524c target=main_development_hexagon:changed=1
2026-06-29T06:16:24.4843586Z [AUDIT] auth:login actor=0584ae33047742a18f657d4ca9c86a01 target=0584ae33047742a18f657d4ca9c86a01
2026-06-29T06:16:30.7095653Z [AUDIT] auth:login actor=0584ae33047742a18f657d4ca9c86a01 target=0584ae33047742a18f657d4ca9c86a01
2026-06-29T06:29:42.5597539Z [AUDIT] auth:login actor=5b7bf422afc5417fb7d0a4f0db04524c target=5b7bf422afc5417fb7d0a4f0db04524c
2026-06-29T06:29:47.5708831Z [AUDIT] auth:login actor=5b7bf422afc5417fb7d0a4f0db04524c target=5b7bf422afc5417fb7d0a4f0db04524c
2026-06-29T06:31:14.2123997Z [AUDIT] auth:login actor=5b7bf422afc5417fb7d0a4f0db04524c target=5b7bf422afc5417fb7d0a4f0db04524c
2026-06-29T06:31:19.3727688Z [AUDIT] auth:login actor=5b7bf422afc5417fb7d0a4f0db04524c target=5b7bf422afc5417fb7d0a4f0db04524c
2026-06-29T06:31:26.9235459Z [AUDIT] development:development_hexagon.layout.saved actor=5b7bf422afc5417fb7d0a4f0db04524c target=main_development_hexagon:changed=1
2026-06-29T06:32:37.4281893Z [AUDIT] auth:login actor=5b7bf422afc5417fb7d0a4f0db04524c target=5b7bf422afc5417fb7d0a4f0db04524c
2026-06-29T06:32:37.4842316Z [AUDIT] development:development_hexagon.layout.reset actor=5b7bf422afc5417fb7d0a4f0db04524c target=main_development_hexagon:changed=7
2026-06-29T06:32:42.1600939Z [AUDIT] auth:login actor=5b7bf422afc5417fb7d0a4f0db04524c target=5b7bf422afc5417fb7d0a4f0db04524c
2026-06-29T06:32:49.6466366Z [AUDIT] development:development_hexagon.layout.saved actor=5b7bf422afc5417fb7d0a4f0db04524c target=main_development_hexagon:changed=1
2026-06-29T06:32:54.3544690Z [AUDIT] auth:login actor=0584ae33047742a18f657d4ca9c86a01 target=0584ae33047742a18f657d4ca9c86a01
2026-06-29T06:33:00.5360066Z [AUDIT] auth:login actor=0584ae33047742a18f657d4ca9c86a01 target=0584ae33047742a18f657d4ca9c86a01
2026-06-29T06:40:55.1552326Z [AUDIT] auth:login actor=0584ae33047742a18f657d4ca9c86a01 target=0584ae33047742a18f657d4ca9c86a01
2026-06-29T06:41:13.3807751Z [AUDIT] auth:login actor=0584ae33047742a18f657d4ca9c86a01 target=0584ae33047742a18f657d4ca9c86a01
2026-06-29T06:41:24.9193964Z [AUDIT] auth:login actor=0584ae33047742a18f657d4ca9c86a01 target=0584ae33047742a18f657d4ca9c86a01
2026-06-29T06:41:46.5113380Z [AUDIT] auth:login actor=0584ae33047742a18f657d4ca9c86a01 target=0584ae33047742a18f657d4ca9c86a01
2026-06-29T06:42:07.8291935Z [AUDIT] auth:login actor=0584ae33047742a18f657d4ca9c86a01 target=0584ae33047742a18f657d4ca9c86a01
2026-06-29T07:38:22.0085517Z [AUDIT] auth:login actor=5b7bf422afc5417fb7d0a4f0db04524c target=5b7bf422afc5417fb7d0a4f0db04524c
2026-06-29T07:38:22.0531068Z [AUDIT] development:development_hexagon.layout.reset actor=5b7bf422afc5417fb7d0a4f0db04524c target=main_development_hexagon:changed=1
2026-06-29T07:38:26.6092135Z [AUDIT] auth:login actor=5b7bf422afc5417fb7d0a4f0db04524c target=5b7bf422afc5417fb7d0a4f0db04524c
2026-06-29T07:41:55.9043480Z [AUDIT] auth:login actor=5b7bf422afc5417fb7d0a4f0db04524c target=5b7bf422afc5417fb7d0a4f0db04524c
2026-06-29T07:41:55.9423714Z [AUDIT] development:development_hexagon.layout.reset actor=5b7bf422afc5417fb7d0a4f0db04524c target=main_development_hexagon:changed=0
2026-06-29T07:42:00.4846397Z [AUDIT] auth:login actor=5b7bf422afc5417fb7d0a4f0db04524c target=5b7bf422afc5417fb7d0a4f0db04524c
2026-06-29T07:42:06.3806194Z [AUDIT] development:development_hexagon.layout.saved actor=5b7bf422afc5417fb7d0a4f0db04524c target=main_development_hexagon:changed=1
2026-06-29T07:42:10.7577209Z [AUDIT] auth:login actor=0584ae33047742a18f657d4ca9c86a01 target=0584ae33047742a18f657d4ca9c86a01
2026-06-29T07:42:16.3069900Z [AUDIT] auth:login actor=0584ae33047742a18f657d4ca9c86a01 target=0584ae33047742a18f657d4ca9c86a01
2026-06-29T07:44:23.0444266Z [AUDIT] auth:login actor=5b7bf422afc5417fb7d0a4f0db04524c target=5b7bf422afc5417fb7d0a4f0db04524c
2026-06-29T07:44:23.0916823Z [AUDIT] development:development_hexagon.layout.reset actor=5b7bf422afc5417fb7d0a4f0db04524c target=main_development_hexagon:changed=1
2026-06-29T07:44:27.3047935Z [AUDIT] auth:login actor=5b7bf422afc5417fb7d0a4f0db04524c target=5b7bf422afc5417fb7d0a4f0db04524c
2026-06-29T07:44:33.1030721Z [AUDIT] development:development_hexagon.layout.saved actor=5b7bf422afc5417fb7d0a4f0db04524c target=main_development_hexagon:changed=1
2026-06-29T07:44:37.7747744Z [AUDIT] auth:login actor=0584ae33047742a18f657d4ca9c86a01 target=0584ae33047742a18f657d4ca9c86a01
2026-06-29T07:44:43.3107013Z [AUDIT] auth:login actor=0584ae33047742a18f657d4ca9c86a01 target=0584ae33047742a18f657d4ca9c86a01
2026-06-29T08:23:46.9778289Z [AUDIT] auth:login actor=5b7bf422afc5417fb7d0a4f0db04524c target=5b7bf422afc5417fb7d0a4f0db04524c
2026-06-29T08:23:47.2912897Z [AUDIT] auth:login actor=0584ae33047742a18f657d4ca9c86a01 target=0584ae33047742a18f657d4ca9c86a01
2026-06-29T08:23:53.3488003Z [AUDIT] gm_notes:gm.note.created actor=5b7bf422afc5417fb7d0a4f0db04524c target=2094c1dc76fa43459c5c08eaf6b17ec0
2026-06-29T08:23:53.3742963Z [AUDIT] gm_notes:gm.note.updated actor=5b7bf422afc5417fb7d0a4f0db04524c target=2094c1dc76fa43459c5c08eaf6b17ec0
2026-06-29T08:23:53.3800845Z [AUDIT] gm_notes:gm.note.pinned actor=5b7bf422afc5417fb7d0a4f0db04524c target=2094c1dc76fa43459c5c08eaf6b17ec0
2026-06-29T08:23:53.3871256Z [AUDIT] gm_notes:gm.note.archived actor=5b7bf422afc5417fb7d0a4f0db04524c target=2094c1dc76fa43459c5c08eaf6b17ec0
2026-06-29T08:23:53.4327071Z [AUDIT] event_journal:journal.event.manual.created actor=5b7bf422afc5417fb7d0a4f0db04524c target=d7ab09c14aa14a46a6215ebc2800f9da
2026-06-29T08:23:53.4932291Z [AUDIT] event_journal:journal.event.manual.created actor=5b7bf422afc5417fb7d0a4f0db04524c target=8714b71db86b46e6af89e6da3fe8010d
2026-06-29T08:23:53.5930414Z [AUDIT] player_request:submit actor=0584ae33047742a18f657d4ca9c86a01 target=1e5a6cdd37124ac3bbc5600393a0e672
2026-06-29T08:23:53.6010414Z [AUDIT] event_journal:journal.event.request_created_submitted actor=0584ae33047742a18f657d4ca9c86a01 target=a51c2e6d923a40d4a869bc1c1e4dad3a
2026-06-29T08:23:53.6344492Z [AUDIT] player_request:approve actor=5b7bf422afc5417fb7d0a4f0db04524c target=1e5a6cdd37124ac3bbc5600393a0e672
2026-06-29T08:23:53.6405798Z [AUDIT] event_journal:journal.event.request_approve actor=5b7bf422afc5417fb7d0a4f0db04524c target=ac48d3057f3e42db898f7fe4e172b7d2
2026-06-29T09:05:26.8755016Z [AUDIT] auth:login actor=5b7bf422afc5417fb7d0a4f0db04524c target=5b7bf422afc5417fb7d0a4f0db04524c
2026-06-29T09:05:27.1725315Z [AUDIT] auth:login actor=0584ae33047742a18f657d4ca9c86a01 target=0584ae33047742a18f657d4ca9c86a01
2026-06-29T09:05:33.2778704Z [AUDIT] gm_notes:gm.note.created actor=5b7bf422afc5417fb7d0a4f0db04524c target=596c3aa57c9844da963b5157488b9d9d
2026-06-29T09:05:33.3026891Z [AUDIT] gm_notes:gm.note.updated actor=5b7bf422afc5417fb7d0a4f0db04524c target=596c3aa57c9844da963b5157488b9d9d
2026-06-29T09:05:33.3086879Z [AUDIT] gm_notes:gm.note.pinned actor=5b7bf422afc5417fb7d0a4f0db04524c target=596c3aa57c9844da963b5157488b9d9d
2026-06-29T09:05:33.3147747Z [AUDIT] gm_notes:gm.note.archived actor=5b7bf422afc5417fb7d0a4f0db04524c target=596c3aa57c9844da963b5157488b9d9d
2026-06-29T09:05:33.3637753Z [AUDIT] event_journal:journal.event.manual.created actor=5b7bf422afc5417fb7d0a4f0db04524c target=9ec4f978b828465c833d5df22eb3c50d
2026-06-29T09:05:33.4273106Z [AUDIT] event_journal:journal.event.manual.created actor=5b7bf422afc5417fb7d0a4f0db04524c target=210700506c304f8b8e23dca26b36a851
2026-06-29T09:05:33.5320852Z [AUDIT] player_request:submit actor=0584ae33047742a18f657d4ca9c86a01 target=e44e770383024ea3bb0f69cb05c19a48
2026-06-29T09:05:33.5400852Z [AUDIT] event_journal:journal.event.request_created_submitted actor=0584ae33047742a18f657d4ca9c86a01 target=bc67ed0d637b434399c1b84446eea6d1
2026-06-29T09:05:33.5721380Z [AUDIT] player_request:approve actor=5b7bf422afc5417fb7d0a4f0db04524c target=e44e770383024ea3bb0f69cb05c19a48
2026-06-29T09:05:33.5796948Z [AUDIT] event_journal:journal.event.request_approve actor=5b7bf422afc5417fb7d0a4f0db04524c target=af289f0b656340fd96b185cac508f41c
2026-06-29T12:28:02.8628175Z [AUDIT] auth:login actor=5b7bf422afc5417fb7d0a4f0db04524c target=5b7bf422afc5417fb7d0a4f0db04524c
2026-06-29T12:28:03.1616616Z [AUDIT] auth:login actor=0584ae33047742a18f657d4ca9c86a01 target=0584ae33047742a18f657d4ca9c86a01
2026-06-29T12:28:09.2434190Z [AUDIT] gm_notes:gm.note.created actor=5b7bf422afc5417fb7d0a4f0db04524c target=a7dd2ab88c924b0d91a62a001d10ae49
2026-06-29T12:28:09.2684251Z [AUDIT] gm_notes:gm.note.updated actor=5b7bf422afc5417fb7d0a4f0db04524c target=a7dd2ab88c924b0d91a62a001d10ae49
2026-06-29T12:28:09.2739614Z [AUDIT] gm_notes:gm.note.pinned actor=5b7bf422afc5417fb7d0a4f0db04524c target=a7dd2ab88c924b0d91a62a001d10ae49
2026-06-29T12:28:09.2809596Z [AUDIT] gm_notes:gm.note.archived actor=5b7bf422afc5417fb7d0a4f0db04524c target=a7dd2ab88c924b0d91a62a001d10ae49
2026-06-29T12:28:09.3244740Z [AUDIT] event_journal:journal.event.manual.created actor=5b7bf422afc5417fb7d0a4f0db04524c target=4ffb0b3deec444a9893231a140bfd442
2026-06-29T12:28:09.3854739Z [AUDIT] event_journal:journal.event.manual.created actor=5b7bf422afc5417fb7d0a4f0db04524c target=b2b37f7a9c6840a69c5e9894ea2e5f3d
2026-06-29T12:28:09.4899874Z [AUDIT] player_request:submit actor=0584ae33047742a18f657d4ca9c86a01 target=8697aabede1f40bb8b792b7348db095e
2026-06-29T12:28:09.4984421Z [AUDIT] event_journal:journal.event.request_created_submitted actor=0584ae33047742a18f657d4ca9c86a01 target=aa92fc9f264647b0b35e142a0eed08b7
2026-06-29T12:28:09.5314436Z [AUDIT] player_request:approve actor=5b7bf422afc5417fb7d0a4f0db04524c target=8697aabede1f40bb8b792b7348db095e
2026-06-29T12:28:09.5384428Z [AUDIT] event_journal:journal.event.request_approve actor=5b7bf422afc5417fb7d0a4f0db04524c target=2f5f2176be3d4b1492985c1fea1956b9
2026-06-29T15:17:09.8281272Z [AUDIT] auth:login actor=5b7bf422afc5417fb7d0a4f0db04524c target=5b7bf422afc5417fb7d0a4f0db04524c
2026-06-29T15:17:10.0593001Z [AUDIT] development:development_hexagon.node.created actor=5b7bf422afc5417fb7d0a4f0db04524c target=perf_0153_node_001
2026-06-29T15:17:10.0892996Z [AUDIT] development:development_hexagon.node.created actor=5b7bf422afc5417fb7d0a4f0db04524c target=perf_0153_node_002
2026-06-29T15:17:10.1068454Z [AUDIT] development:development_hexagon.node.created actor=5b7bf422afc5417fb7d0a4f0db04524c target=perf_0153_node_003
2026-06-29T15:17:10.1225955Z [AUDIT] development:development_hexagon.node.created actor=5b7bf422afc5417fb7d0a4f0db04524c target=perf_0153_node_004
2026-06-29T15:17:10.1391889Z [AUDIT] development:development_hexagon.node.created actor=5b7bf422afc5417fb7d0a4f0db04524c target=perf_0153_node_005
2026-06-29T15:17:10.1546350Z [AUDIT] development:development_hexagon.node.created actor=5b7bf422afc5417fb7d0a4f0db04524c target=perf_0153_node_006
2026-06-29T15:17:10.1734818Z [AUDIT] development:development_hexagon.node.created actor=5b7bf422afc5417fb7d0a4f0db04524c target=perf_0153_node_007
2026-06-29T15:17:10.1922233Z [AUDIT] development:development_hexagon.node.created actor=5b7bf422afc5417fb7d0a4f0db04524c target=perf_0153_node_008
2026-06-29T15:17:10.2112226Z [AUDIT] development:development_hexagon.node.created actor=5b7bf422afc5417fb7d0a4f0db04524c target=perf_0153_node_009
2026-06-29T15:17:10.2272239Z [AUDIT] development:development_hexagon.node.created actor=5b7bf422afc5417fb7d0a4f0db04524c target=perf_0153_node_010
2026-06-29T15:17:10.2447113Z [AUDIT] development:development_hexagon.node.created actor=5b7bf422afc5417fb7d0a4f0db04524c target=perf_0153_node_011
2026-06-29T15:17:10.2605547Z [AUDIT] development:development_hexagon.node.created actor=5b7bf422afc5417fb7d0a4f0db04524c target=perf_0153_node_012
2026-06-29T15:17:10.2765561Z [AUDIT] development:development_hexagon.node.created actor=5b7bf422afc5417fb7d0a4f0db04524c target=perf_0153_node_013
2026-06-29T15:17:10.2925551Z [AUDIT] development:development_hexagon.node.created actor=5b7bf422afc5417fb7d0a4f0db04524c target=perf_0153_node_014
2026-06-29T15:17:10.3086340Z [AUDIT] development:development_hexagon.node.created actor=5b7bf422afc5417fb7d0a4f0db04524c target=perf_0153_node_015
2026-06-29T15:17:10.3253201Z [AUDIT] development:development_hexagon.node.created actor=5b7bf422afc5417fb7d0a4f0db04524c target=perf_0153_node_016
2026-06-29T15:17:10.3418570Z [AUDIT] development:development_hexagon.node.created actor=5b7bf422afc5417fb7d0a4f0db04524c target=perf_0153_node_017
2026-06-29T15:17:10.3608585Z [AUDIT] development:development_hexagon.node.created actor=5b7bf422afc5417fb7d0a4f0db04524c target=perf_0153_node_018
2026-06-29T15:17:10.3778568Z [AUDIT] development:development_hexagon.node.created actor=5b7bf422afc5417fb7d0a4f0db04524c target=perf_0153_node_019
2026-06-29T15:17:10.3938601Z [AUDIT] development:development_hexagon.node.created actor=5b7bf422afc5417fb7d0a4f0db04524c target=perf_0153_node_020
2026-06-29T15:17:10.4113766Z [AUDIT] development:development_hexagon.node.created actor=5b7bf422afc5417fb7d0a4f0db04524c target=perf_0153_node_021
2026-06-29T15:17:10.4293768Z [AUDIT] development:development_hexagon.node.created actor=5b7bf422afc5417fb7d0a4f0db04524c target=perf_0153_node_022
2026-06-29T15:17:10.4473782Z [AUDIT] development:development_hexagon.node.created actor=5b7bf422afc5417fb7d0a4f0db04524c target=perf_0153_node_023
2026-06-29T15:17:10.4643800Z [AUDIT] development:development_hexagon.node.created actor=5b7bf422afc5417fb7d0a4f0db04524c target=perf_0153_node_024
2026-06-29T15:17:10.4823788Z [AUDIT] development:development_hexagon.node.created actor=5b7bf422afc5417fb7d0a4f0db04524c target=perf_0153_node_025
2026-06-29T15:17:10.5003776Z [AUDIT] development:development_hexagon.node.created actor=5b7bf422afc5417fb7d0a4f0db04524c target=perf_0153_node_026
2026-06-29T15:17:10.5213787Z [AUDIT] development:development_hexagon.node.created actor=5b7bf422afc5417fb7d0a4f0db04524c target=perf_0153_node_027
2026-06-29T15:17:10.5389204Z [AUDIT] development:development_hexagon.node.created actor=5b7bf422afc5417fb7d0a4f0db04524c target=perf_0153_node_028
2026-06-29T15:17:10.5579220Z [AUDIT] development:development_hexagon.node.created actor=5b7bf422afc5417fb7d0a4f0db04524c target=perf_0153_node_029
2026-06-29T15:17:10.5779198Z [AUDIT] development:development_hexagon.node.created actor=5b7bf422afc5417fb7d0a4f0db04524c target=perf_0153_node_030
2026-06-29T15:17:10.5969211Z [AUDIT] development:development_hexagon.node.created actor=5b7bf422afc5417fb7d0a4f0db04524c target=perf_0153_node_031
2026-06-29T15:17:10.6161160Z [AUDIT] development:development_hexagon.node.created actor=5b7bf422afc5417fb7d0a4f0db04524c target=perf_0153_node_032
2026-06-29T15:17:10.6339213Z [AUDIT] development:development_hexagon.node.created actor=5b7bf422afc5417fb7d0a4f0db04524c target=perf_0153_node_033
2026-06-29T15:17:10.6521245Z [AUDIT] development:development_hexagon.node.created actor=5b7bf422afc5417fb7d0a4f0db04524c target=perf_0153_node_034
2026-06-29T15:17:10.6703988Z [AUDIT] development:development_hexagon.node.created actor=5b7bf422afc5417fb7d0a4f0db04524c target=perf_0153_node_035
2026-06-29T15:17:10.6914125Z [AUDIT] development:development_hexagon.node.created actor=5b7bf422afc5417fb7d0a4f0db04524c target=perf_0153_node_036
2026-06-29T15:17:10.7122153Z [AUDIT] development:development_hexagon.node.created actor=5b7bf422afc5417fb7d0a4f0db04524c target=perf_0153_node_037
2026-06-29T15:17:10.7335368Z [AUDIT] development:development_hexagon.node.created actor=5b7bf422afc5417fb7d0a4f0db04524c target=perf_0153_node_038
2026-06-29T15:17:10.7554568Z [AUDIT] development:development_hexagon.node.created actor=5b7bf422afc5417fb7d0a4f0db04524c target=perf_0153_node_039
2026-06-29T15:17:10.7745467Z [AUDIT] development:development_hexagon.node.created actor=5b7bf422afc5417fb7d0a4f0db04524c target=perf_0153_node_040
2026-06-29T15:17:10.7945437Z [AUDIT] development:development_hexagon.node.created actor=5b7bf422afc5417fb7d0a4f0db04524c target=perf_0153_node_041
2026-06-29T15:17:10.8155452Z [AUDIT] development:development_hexagon.node.created actor=5b7bf422afc5417fb7d0a4f0db04524c target=perf_0153_node_042
2026-06-29T15:17:10.8393761Z [AUDIT] development:development_hexagon.node.created actor=5b7bf422afc5417fb7d0a4f0db04524c target=perf_0153_node_043
2026-06-29T15:17:10.8634524Z [AUDIT] development:development_hexagon.node.created actor=5b7bf422afc5417fb7d0a4f0db04524c target=perf_0153_node_044
2026-06-29T15:17:10.8846815Z [AUDIT] development:development_hexagon.node.created actor=5b7bf422afc5417fb7d0a4f0db04524c target=perf_0153_node_045
2026-06-29T15:17:10.9051858Z [AUDIT] development:development_hexagon.node.created actor=5b7bf422afc5417fb7d0a4f0db04524c target=perf_0153_node_046
2026-06-29T15:17:10.9271861Z [AUDIT] development:development_hexagon.node.created actor=5b7bf422afc5417fb7d0a4f0db04524c target=perf_0153_node_047
2026-06-29T15:17:10.9483996Z [AUDIT] development:development_hexagon.node.created actor=5b7bf422afc5417fb7d0a4f0db04524c target=perf_0153_node_048
2026-06-29T15:17:10.9684008Z [AUDIT] development:development_hexagon.node.created actor=5b7bf422afc5417fb7d0a4f0db04524c target=perf_0153_node_049
2026-06-29T15:17:10.9914018Z [AUDIT] development:development_hexagon.node.created actor=5b7bf422afc5417fb7d0a4f0db04524c target=perf_0153_node_050
2026-06-29T15:17:11.0134597Z [AUDIT] development:development_hexagon.node.created actor=5b7bf422afc5417fb7d0a4f0db04524c target=perf_0153_node_051
2026-06-29T15:17:11.0354578Z [AUDIT] development:development_hexagon.node.created actor=5b7bf422afc5417fb7d0a4f0db04524c target=perf_0153_node_052
2026-06-29T15:17:11.0604589Z [AUDIT] development:development_hexagon.node.created actor=5b7bf422afc5417fb7d0a4f0db04524c target=perf_0153_node_053
2026-06-29T15:17:11.0819513Z [AUDIT] development:development_hexagon.node.created actor=5b7bf422afc5417fb7d0a4f0db04524c target=perf_0153_node_054
2026-06-29T15:17:11.1026751Z [AUDIT] development:development_hexagon.node.created actor=5b7bf422afc5417fb7d0a4f0db04524c target=perf_0153_node_055
2026-06-29T15:17:11.1250207Z [AUDIT] development:development_hexagon.node.created actor=5b7bf422afc5417fb7d0a4f0db04524c target=perf_0153_node_056
2026-06-29T15:17:11.1450931Z [AUDIT] development:development_hexagon.node.created actor=5b7bf422afc5417fb7d0a4f0db04524c target=perf_0153_node_057
2026-06-29T15:17:11.1672450Z [AUDIT] development:development_hexagon.node.created actor=5b7bf422afc5417fb7d0a4f0db04524c target=perf_0153_node_058
2026-06-29T15:17:11.1876751Z [AUDIT] development:development_hexagon.node.created actor=5b7bf422afc5417fb7d0a4f0db04524c target=perf_0153_node_059
2026-06-29T15:17:11.2091001Z [AUDIT] development:development_hexagon.node.created actor=5b7bf422afc5417fb7d0a4f0db04524c target=perf_0153_node_060
2026-06-29T15:17:11.2310952Z [AUDIT] development:development_hexagon.node.created actor=5b7bf422afc5417fb7d0a4f0db04524c target=perf_0153_node_061
2026-06-29T15:17:11.2540980Z [AUDIT] development:development_hexagon.node.created actor=5b7bf422afc5417fb7d0a4f0db04524c target=perf_0153_node_062
2026-06-29T15:17:11.2750957Z [AUDIT] development:development_hexagon.node.created actor=5b7bf422afc5417fb7d0a4f0db04524c target=perf_0153_node_063
2026-06-29T15:17:11.2986173Z [AUDIT] development:development_hexagon.node.created actor=5b7bf422afc5417fb7d0a4f0db04524c target=perf_0153_node_064
2026-06-29T15:17:11.3221264Z [AUDIT] development:development_hexagon.node.created actor=5b7bf422afc5417fb7d0a4f0db04524c target=perf_0153_node_065
2026-06-29T15:17:11.3458557Z [AUDIT] development:development_hexagon.node.created actor=5b7bf422afc5417fb7d0a4f0db04524c target=perf_0153_node_066
2026-06-29T15:17:11.3680222Z [AUDIT] development:development_hexagon.node.created actor=5b7bf422afc5417fb7d0a4f0db04524c target=perf_0153_node_067
2026-06-29T15:17:11.3906619Z [AUDIT] development:development_hexagon.node.created actor=5b7bf422afc5417fb7d0a4f0db04524c target=perf_0153_node_068
2026-06-29T15:17:11.4138090Z [AUDIT] development:development_hexagon.node.created actor=5b7bf422afc5417fb7d0a4f0db04524c target=perf_0153_node_069
2026-06-29T15:17:11.4360822Z [AUDIT] development:development_hexagon.node.created actor=5b7bf422afc5417fb7d0a4f0db04524c target=perf_0153_node_070
2026-06-29T15:17:11.4588495Z [AUDIT] development:development_hexagon.node.created actor=5b7bf422afc5417fb7d0a4f0db04524c target=perf_0153_node_071
2026-06-29T15:17:11.4806600Z [AUDIT] development:development_hexagon.node.created actor=5b7bf422afc5417fb7d0a4f0db04524c target=perf_0153_node_072
2026-06-29T15:17:11.5041108Z [AUDIT] development:development_hexagon.node.created actor=5b7bf422afc5417fb7d0a4f0db04524c target=perf_0153_node_073
2026-06-29T15:17:11.5271653Z [AUDIT] development:development_hexagon.node.created actor=5b7bf422afc5417fb7d0a4f0db04524c target=perf_0153_node_074
2026-06-29T15:17:11.5503047Z [AUDIT] development:development_hexagon.node.created actor=5b7bf422afc5417fb7d0a4f0db04524c target=perf_0153_node_075
2026-06-29T15:17:11.5747819Z [AUDIT] development:development_hexagon.node.created actor=5b7bf422afc5417fb7d0a4f0db04524c target=perf_0153_node_076
2026-06-29T15:17:11.5987802Z [AUDIT] development:development_hexagon.node.created actor=5b7bf422afc5417fb7d0a4f0db04524c target=perf_0153_node_077
2026-06-29T15:17:11.6243212Z [AUDIT] development:development_hexagon.node.created actor=5b7bf422afc5417fb7d0a4f0db04524c target=perf_0153_node_078
2026-06-29T15:17:11.6483326Z [AUDIT] development:development_hexagon.node.created actor=5b7bf422afc5417fb7d0a4f0db04524c target=perf_0153_node_079
2026-06-29T15:17:11.6736430Z [AUDIT] development:development_hexagon.node.created actor=5b7bf422afc5417fb7d0a4f0db04524c target=perf_0153_node_080
2026-06-29T15:17:11.6966605Z [AUDIT] development:development_hexagon.node.created actor=5b7bf422afc5417fb7d0a4f0db04524c target=perf_0153_node_081
2026-06-29T15:17:11.7206152Z [AUDIT] development:development_hexagon.node.created actor=5b7bf422afc5417fb7d0a4f0db04524c target=perf_0153_node_082
2026-06-29T15:17:11.7445212Z [AUDIT] development:development_hexagon.node.created actor=5b7bf422afc5417fb7d0a4f0db04524c target=perf_0153_node_083
2026-06-29T15:17:11.7670629Z [AUDIT] development:development_hexagon.node.created actor=5b7bf422afc5417fb7d0a4f0db04524c target=perf_0153_node_084
2026-06-29T15:17:11.7918969Z [AUDIT] development:development_hexagon.node.created actor=5b7bf422afc5417fb7d0a4f0db04524c target=perf_0153_node_085
2026-06-29T15:17:11.8160573Z [AUDIT] development:development_hexagon.node.created actor=5b7bf422afc5417fb7d0a4f0db04524c target=perf_0153_node_086
2026-06-29T15:17:11.8420607Z [AUDIT] development:development_hexagon.node.created actor=5b7bf422afc5417fb7d0a4f0db04524c target=perf_0153_node_087
2026-06-29T15:17:11.8666216Z [AUDIT] development:development_hexagon.node.created actor=5b7bf422afc5417fb7d0a4f0db04524c target=perf_0153_node_088
2026-06-29T15:17:11.8915263Z [AUDIT] development:development_hexagon.node.created actor=5b7bf422afc5417fb7d0a4f0db04524c target=perf_0153_node_089
2026-06-29T15:17:11.9158274Z [AUDIT] development:development_hexagon.node.created actor=5b7bf422afc5417fb7d0a4f0db04524c target=perf_0153_node_090
2026-06-29T15:17:11.9422093Z [AUDIT] development:development_hexagon.node.created actor=5b7bf422afc5417fb7d0a4f0db04524c target=perf_0153_node_091
2026-06-29T15:17:11.9666318Z [AUDIT] development:development_hexagon.node.created actor=5b7bf422afc5417fb7d0a4f0db04524c target=perf_0153_node_092
2026-06-29T15:17:11.9926991Z [AUDIT] development:development_hexagon.node.created actor=5b7bf422afc5417fb7d0a4f0db04524c target=perf_0153_node_093
2026-06-29T15:17:12.0196296Z [AUDIT] development:development_hexagon.node.created actor=5b7bf422afc5417fb7d0a4f0db04524c target=perf_0153_node_094
2026-06-29T15:17:12.0469191Z [AUDIT] development:development_hexagon.node.created actor=5b7bf422afc5417fb7d0a4f0db04524c target=perf_0153_node_095
2026-06-29T15:17:12.0738710Z [AUDIT] development:development_hexagon.node.created actor=5b7bf422afc5417fb7d0a4f0db04524c target=perf_0153_node_096
2026-06-29T15:17:12.1015425Z [AUDIT] development:development_hexagon.node.created actor=5b7bf422afc5417fb7d0a4f0db04524c target=perf_0153_node_097
2026-06-29T15:17:12.1286644Z [AUDIT] development:development_hexagon.node.created actor=5b7bf422afc5417fb7d0a4f0db04524c target=perf_0153_node_098
2026-06-29T15:17:12.1537167Z [AUDIT] development:development_hexagon.node.created actor=5b7bf422afc5417fb7d0a4f0db04524c target=perf_0153_node_099
2026-06-29T15:17:12.1797172Z [AUDIT] development:development_hexagon.node.created actor=5b7bf422afc5417fb7d0a4f0db04524c target=perf_0153_node_100
2026-06-29T15:17:12.2077146Z [AUDIT] development:development_hexagon.node.created actor=5b7bf422afc5417fb7d0a4f0db04524c target=perf_0153_node_101
2026-06-29T15:17:12.2347157Z [AUDIT] development:development_hexagon.node.created actor=5b7bf422afc5417fb7d0a4f0db04524c target=perf_0153_node_102
2026-06-29T15:17:12.2607182Z [AUDIT] development:development_hexagon.node.created actor=5b7bf422afc5417fb7d0a4f0db04524c target=perf_0153_node_103
2026-06-29T15:17:12.2887159Z [AUDIT] development:development_hexagon.node.created actor=5b7bf422afc5417fb7d0a4f0db04524c target=perf_0153_node_104
2026-06-29T15:17:12.3185284Z [AUDIT] development:development_hexagon.node.created actor=5b7bf422afc5417fb7d0a4f0db04524c target=perf_0153_node_105
2026-06-29T15:17:12.3489687Z [AUDIT] development:development_hexagon.node.created actor=5b7bf422afc5417fb7d0a4f0db04524c target=perf_0153_node_106
2026-06-29T15:17:12.3810776Z [AUDIT] development:development_hexagon.node.created actor=5b7bf422afc5417fb7d0a4f0db04524c target=perf_0153_node_107
2026-06-29T15:17:12.4097311Z [AUDIT] development:development_hexagon.node.created actor=5b7bf422afc5417fb7d0a4f0db04524c target=perf_0153_node_108
2026-06-29T15:17:12.4369934Z [AUDIT] development:development_hexagon.node.created actor=5b7bf422afc5417fb7d0a4f0db04524c target=perf_0153_node_109
2026-06-29T15:17:12.4629950Z [AUDIT] development:development_hexagon.node.created actor=5b7bf422afc5417fb7d0a4f0db04524c target=perf_0153_node_110
2026-06-29T15:17:12.4920919Z [AUDIT] development:development_hexagon.node.created actor=5b7bf422afc5417fb7d0a4f0db04524c target=perf_0153_node_111
2026-06-29T15:17:12.5212322Z [AUDIT] development:development_hexagon.node.created actor=5b7bf422afc5417fb7d0a4f0db04524c target=perf_0153_node_112
2026-06-29T15:17:12.5502342Z [AUDIT] development:development_hexagon.node.created actor=5b7bf422afc5417fb7d0a4f0db04524c target=perf_0153_node_113
2026-06-29T15:17:12.5757025Z [AUDIT] development:development_hexagon.node.created actor=5b7bf422afc5417fb7d0a4f0db04524c target=perf_0153_node_114
2026-06-29T15:17:12.6041480Z [AUDIT] development:development_hexagon.node.created actor=5b7bf422afc5417fb7d0a4f0db04524c target=perf_0153_node_115
2026-06-29T15:17:12.6326006Z [AUDIT] development:development_hexagon.node.created actor=5b7bf422afc5417fb7d0a4f0db04524c target=perf_0153_node_116
2026-06-29T15:17:12.6606050Z [AUDIT] development:development_hexagon.node.created actor=5b7bf422afc5417fb7d0a4f0db04524c target=perf_0153_node_117
2026-06-29T15:17:12.6872656Z [AUDIT] development:development_hexagon.node.created actor=5b7bf422afc5417fb7d0a4f0db04524c target=perf_0153_node_118
2026-06-29T15:17:12.7161394Z [AUDIT] development:development_hexagon.node.created actor=5b7bf422afc5417fb7d0a4f0db04524c target=perf_0153_node_119
2026-06-29T15:17:12.7426037Z [AUDIT] development:development_hexagon.node.created actor=5b7bf422afc5417fb7d0a4f0db04524c target=perf_0153_node_120
2026-06-29T15:17:29.8055323Z [AUDIT] auth:login actor=5b7bf422afc5417fb7d0a4f0db04524c target=5b7bf422afc5417fb7d0a4f0db04524c
2026-06-29T15:17:30.7660637Z [AUDIT] development:development_hexagon.requirement_link.added actor=5b7bf422afc5417fb7d0a4f0db04524c target=perf_0153_node_002->perf_0153_node_003
2026-06-29T15:17:31.1511488Z [AUDIT] development:development_hexagon.requirement_link.added actor=5b7bf422afc5417fb7d0a4f0db04524c target=perf_0153_node_001->perf_0153_node_003
2026-06-29T15:17:31.7057239Z [AUDIT] development:development_hexagon.requirement_link.added actor=5b7bf422afc5417fb7d0a4f0db04524c target=perf_0153_node_003->perf_0153_node_004
2026-06-29T15:17:32.1020967Z [AUDIT] development:development_hexagon.requirement_link.added actor=5b7bf422afc5417fb7d0a4f0db04524c target=perf_0153_node_002->perf_0153_node_004
2026-06-29T15:17:32.4841113Z [AUDIT] development:development_hexagon.requirement_link.added actor=5b7bf422afc5417fb7d0a4f0db04524c target=perf_0153_node_004->perf_0153_node_005
2026-06-29T15:17:32.7469607Z [AUDIT] development:development_hexagon.requirement_link.added actor=5b7bf422afc5417fb7d0a4f0db04524c target=perf_0153_node_003->perf_0153_node_005
2026-06-29T15:17:33.1245392Z [AUDIT] development:development_hexagon.requirement_link.added actor=5b7bf422afc5417fb7d0a4f0db04524c target=perf_0153_node_005->perf_0153_node_006
2026-06-29T15:17:33.4014166Z [AUDIT] development:development_hexagon.requirement_link.added actor=5b7bf422afc5417fb7d0a4f0db04524c target=perf_0153_node_004->perf_0153_node_006
2026-06-29T15:17:33.7263999Z [AUDIT] development:development_hexagon.requirement_link.added actor=5b7bf422afc5417fb7d0a4f0db04524c target=perf_0153_node_006->perf_0153_node_007
2026-06-29T15:17:33.9941922Z [AUDIT] development:development_hexagon.requirement_link.added actor=5b7bf422afc5417fb7d0a4f0db04524c target=perf_0153_node_005->perf_0153_node_007
2026-06-29T15:17:34.3331685Z [AUDIT] development:development_hexagon.requirement_link.added actor=5b7bf422afc5417fb7d0a4f0db04524c target=perf_0153_node_007->perf_0153_node_008
2026-06-29T15:17:34.6946542Z [AUDIT] development:development_hexagon.requirement_link.added actor=5b7bf422afc5417fb7d0a4f0db04524c target=perf_0153_node_006->perf_0153_node_008
2026-06-29T15:17:34.9886322Z [AUDIT] development:development_hexagon.requirement_link.added actor=5b7bf422afc5417fb7d0a4f0db04524c target=perf_0153_node_008->perf_0153_node_009
2026-06-29T15:17:35.3261770Z [AUDIT] development:development_hexagon.requirement_link.added actor=5b7bf422afc5417fb7d0a4f0db04524c target=perf_0153_node_007->perf_0153_node_009
2026-06-29T15:17:35.5876639Z [AUDIT] development:development_hexagon.requirement_link.added actor=5b7bf422afc5417fb7d0a4f0db04524c target=perf_0153_node_009->perf_0153_node_010
2026-06-29T15:17:35.9285341Z [AUDIT] development:development_hexagon.requirement_link.added actor=5b7bf422afc5417fb7d0a4f0db04524c target=perf_0153_node_008->perf_0153_node_010
2026-06-29T15:17:36.3012908Z [AUDIT] development:development_hexagon.requirement_link.added actor=5b7bf422afc5417fb7d0a4f0db04524c target=perf_0153_node_010->perf_0153_node_011
2026-06-29T15:17:36.5650888Z [AUDIT] development:development_hexagon.requirement_link.added actor=5b7bf422afc5417fb7d0a4f0db04524c target=perf_0153_node_009->perf_0153_node_011
2026-06-29T15:17:36.9258596Z [AUDIT] development:development_hexagon.requirement_link.added actor=5b7bf422afc5417fb7d0a4f0db04524c target=perf_0153_node_011->perf_0153_node_012
2026-06-29T15:17:37.1883413Z [AUDIT] development:development_hexagon.requirement_link.added actor=5b7bf422afc5417fb7d0a4f0db04524c target=perf_0153_node_010->perf_0153_node_012
2026-06-29T15:17:37.5449167Z [AUDIT] development:development_hexagon.requirement_link.added actor=5b7bf422afc5417fb7d0a4f0db04524c target=perf_0153_node_012->perf_0153_node_013
2026-06-29T15:17:37.9315063Z [AUDIT] development:development_hexagon.requirement_link.added actor=5b7bf422afc5417fb7d0a4f0db04524c target=perf_0153_node_011->perf_0153_node_013
2026-06-29T15:17:38.1924071Z [AUDIT] development:development_hexagon.requirement_link.added actor=5b7bf422afc5417fb7d0a4f0db04524c target=perf_0153_node_013->perf_0153_node_014
2026-06-29T15:17:38.5286738Z [AUDIT] development:development_hexagon.requirement_link.added actor=5b7bf422afc5417fb7d0a4f0db04524c target=perf_0153_node_012->perf_0153_node_014
2026-06-29T15:17:38.8009013Z [AUDIT] development:development_hexagon.requirement_link.added actor=5b7bf422afc5417fb7d0a4f0db04524c target=perf_0153_node_014->perf_0153_node_015
2026-06-29T15:17:39.1541247Z [AUDIT] development:development_hexagon.requirement_link.added actor=5b7bf422afc5417fb7d0a4f0db04524c target=perf_0153_node_013->perf_0153_node_015
2026-06-29T15:17:39.5496840Z [AUDIT] development:development_hexagon.requirement_link.added actor=5b7bf422afc5417fb7d0a4f0db04524c target=perf_0153_node_015->perf_0153_node_016
2026-06-29T15:17:39.8123168Z [AUDIT] development:development_hexagon.requirement_link.added actor=5b7bf422afc5417fb7d0a4f0db04524c target=perf_0153_node_014->perf_0153_node_016
2026-06-29T15:17:40.1829636Z [AUDIT] development:development_hexagon.requirement_link.added actor=5b7bf422afc5417fb7d0a4f0db04524c target=perf_0153_node_016->perf_0153_node_017
2026-06-29T15:17:40.4465827Z [AUDIT] development:development_hexagon.requirement_link.added actor=5b7bf422afc5417fb7d0a4f0db04524c target=perf_0153_node_015->perf_0153_node_017
2026-06-29T15:17:40.7788203Z [AUDIT] development:development_hexagon.requirement_link.added actor=5b7bf422afc5417fb7d0a4f0db04524c target=perf_0153_node_017->perf_0153_node_018
2026-06-29T15:17:41.0530969Z [AUDIT] development:development_hexagon.requirement_link.added actor=5b7bf422afc5417fb7d0a4f0db04524c target=perf_0153_node_016->perf_0153_node_018
2026-06-29T15:17:41.4052342Z [AUDIT] development:development_hexagon.requirement_link.added actor=5b7bf422afc5417fb7d0a4f0db04524c target=perf_0153_node_018->perf_0153_node_019
2026-06-29T15:17:41.7579848Z [AUDIT] development:development_hexagon.requirement_link.added actor=5b7bf422afc5417fb7d0a4f0db04524c target=perf_0153_node_017->perf_0153_node_019
2026-06-29T15:17:42.1127195Z [AUDIT] development:development_hexagon.requirement_link.added actor=5b7bf422afc5417fb7d0a4f0db04524c target=perf_0153_node_019->perf_0153_node_020
2026-06-29T15:17:42.3894240Z [AUDIT] development:development_hexagon.requirement_link.added actor=5b7bf422afc5417fb7d0a4f0db04524c target=perf_0153_node_018->perf_0153_node_020
2026-06-29T15:17:42.7268002Z [AUDIT] development:development_hexagon.requirement_link.added actor=5b7bf422afc5417fb7d0a4f0db04524c target=perf_0153_node_020->perf_0153_node_021
2026-06-29T15:17:42.9989367Z [AUDIT] development:development_hexagon.requirement_link.added actor=5b7bf422afc5417fb7d0a4f0db04524c target=perf_0153_node_019->perf_0153_node_021
2026-06-29T15:17:43.3398368Z [AUDIT] development:development_hexagon.requirement_link.added actor=5b7bf422afc5417fb7d0a4f0db04524c target=perf_0153_node_021->perf_0153_node_022
2026-06-29T15:17:43.7107970Z [AUDIT] development:development_hexagon.requirement_link.added actor=5b7bf422afc5417fb7d0a4f0db04524c target=perf_0153_node_020->perf_0153_node_022
2026-06-29T15:17:43.9822569Z [AUDIT] development:development_hexagon.requirement_link.added actor=5b7bf422afc5417fb7d0a4f0db04524c target=perf_0153_node_022->perf_0153_node_023
2026-06-29T15:17:44.3532158Z [AUDIT] development:development_hexagon.requirement_link.added actor=5b7bf422afc5417fb7d0a4f0db04524c target=perf_0153_node_021->perf_0153_node_023
2026-06-29T15:17:44.6293674Z [AUDIT] development:development_hexagon.requirement_link.added actor=5b7bf422afc5417fb7d0a4f0db04524c target=perf_0153_node_023->perf_0153_node_024
2026-06-29T15:17:44.9519256Z [AUDIT] development:development_hexagon.requirement_link.added actor=5b7bf422afc5417fb7d0a4f0db04524c target=perf_0153_node_022->perf_0153_node_024
2026-06-29T15:17:45.3113323Z [AUDIT] development:development_hexagon.requirement_link.added actor=5b7bf422afc5417fb7d0a4f0db04524c target=perf_0153_node_024->perf_0153_node_025
2026-06-29T15:17:45.5823028Z [AUDIT] development:development_hexagon.requirement_link.added actor=5b7bf422afc5417fb7d0a4f0db04524c target=perf_0153_node_023->perf_0153_node_025
2026-06-29T15:17:45.9558756Z [AUDIT] development:development_hexagon.requirement_link.added actor=5b7bf422afc5417fb7d0a4f0db04524c target=perf_0153_node_025->perf_0153_node_026
2026-06-29T15:17:46.2252812Z [AUDIT] development:development_hexagon.requirement_link.added actor=5b7bf422afc5417fb7d0a4f0db04524c target=perf_0153_node_024->perf_0153_node_026
2026-06-29T15:17:46.5644564Z [AUDIT] development:development_hexagon.requirement_link.added actor=5b7bf422afc5417fb7d0a4f0db04524c target=perf_0153_node_026->perf_0153_node_027
2026-06-29T15:17:46.9408317Z [AUDIT] development:development_hexagon.requirement_link.added actor=5b7bf422afc5417fb7d0a4f0db04524c target=perf_0153_node_025->perf_0153_node_027
2026-06-29T15:17:47.2258596Z [AUDIT] development:development_hexagon.requirement_link.added actor=5b7bf422afc5417fb7d0a4f0db04524c target=perf_0153_node_027->perf_0153_node_028
2026-06-29T15:17:47.5742162Z [AUDIT] development:development_hexagon.requirement_link.added actor=5b7bf422afc5417fb7d0a4f0db04524c target=perf_0153_node_026->perf_0153_node_028
2026-06-29T15:17:47.8462078Z [AUDIT] development:development_hexagon.requirement_link.added actor=5b7bf422afc5417fb7d0a4f0db04524c target=perf_0153_node_028->perf_0153_node_029
2026-06-29T15:17:48.1943722Z [AUDIT] development:development_hexagon.requirement_link.added actor=5b7bf422afc5417fb7d0a4f0db04524c target=perf_0153_node_027->perf_0153_node_029
2026-06-29T15:17:48.5131601Z [AUDIT] development:development_hexagon.requirement_link.added actor=5b7bf422afc5417fb7d0a4f0db04524c target=perf_0153_node_029->perf_0153_node_030
2026-06-29T15:17:48.8785761Z [AUDIT] development:development_hexagon.requirement_link.added actor=5b7bf422afc5417fb7d0a4f0db04524c target=perf_0153_node_028->perf_0153_node_030
2026-06-29T15:17:49.1697091Z [AUDIT] development:development_hexagon.requirement_link.added actor=5b7bf422afc5417fb7d0a4f0db04524c target=perf_0153_node_030->perf_0153_node_031
2026-06-29T15:17:49.5013933Z [AUDIT] development:development_hexagon.requirement_link.added actor=5b7bf422afc5417fb7d0a4f0db04524c target=perf_0153_node_029->perf_0153_node_031
2026-06-29T15:17:49.7791681Z [AUDIT] development:development_hexagon.requirement_link.added actor=5b7bf422afc5417fb7d0a4f0db04524c target=perf_0153_node_031->perf_0153_node_032
2026-06-29T15:17:50.1361901Z [AUDIT] development:development_hexagon.requirement_link.added actor=5b7bf422afc5417fb7d0a4f0db04524c target=perf_0153_node_030->perf_0153_node_032
2026-06-29T15:17:50.5023194Z [AUDIT] development:development_hexagon.requirement_link.added actor=5b7bf422afc5417fb7d0a4f0db04524c target=perf_0153_node_032->perf_0153_node_033
2026-06-29T15:17:50.7613518Z [AUDIT] development:development_hexagon.requirement_link.added actor=5b7bf422afc5417fb7d0a4f0db04524c target=perf_0153_node_031->perf_0153_node_033
2026-06-29T15:17:51.1109862Z [AUDIT] development:development_hexagon.requirement_link.added actor=5b7bf422afc5417fb7d0a4f0db04524c target=perf_0153_node_033->perf_0153_node_034
2026-06-29T15:17:51.4972094Z [AUDIT] development:development_hexagon.requirement_link.added actor=5b7bf422afc5417fb7d0a4f0db04524c target=perf_0153_node_032->perf_0153_node_034
2026-06-29T15:17:51.7763358Z [AUDIT] development:development_hexagon.requirement_link.added actor=5b7bf422afc5417fb7d0a4f0db04524c target=perf_0153_node_034->perf_0153_node_035
2026-06-29T15:17:52.1276475Z [AUDIT] development:development_hexagon.requirement_link.added actor=5b7bf422afc5417fb7d0a4f0db04524c target=perf_0153_node_033->perf_0153_node_035
2026-06-29T15:17:52.4007144Z [AUDIT] development:development_hexagon.requirement_link.added actor=5b7bf422afc5417fb7d0a4f0db04524c target=perf_0153_node_035->perf_0153_node_036
2026-06-29T15:17:52.7741113Z [AUDIT] development:development_hexagon.requirement_link.added actor=5b7bf422afc5417fb7d0a4f0db04524c target=perf_0153_node_034->perf_0153_node_036
2026-06-29T15:17:53.1638249Z [AUDIT] development:development_hexagon.requirement_link.added actor=5b7bf422afc5417fb7d0a4f0db04524c target=perf_0153_node_036->perf_0153_node_037
2026-06-29T15:17:53.4361860Z [AUDIT] development:development_hexagon.requirement_link.added actor=5b7bf422afc5417fb7d0a4f0db04524c target=perf_0153_node_035->perf_0153_node_037
2026-06-29T15:17:53.7883665Z [AUDIT] development:development_hexagon.requirement_link.added actor=5b7bf422afc5417fb7d0a4f0db04524c target=perf_0153_node_037->perf_0153_node_038
2026-06-29T15:17:54.0713198Z [AUDIT] development:development_hexagon.requirement_link.added actor=5b7bf422afc5417fb7d0a4f0db04524c target=perf_0153_node_036->perf_0153_node_038
2026-06-29T15:17:54.4554309Z [AUDIT] development:development_hexagon.requirement_link.added actor=5b7bf422afc5417fb7d0a4f0db04524c target=perf_0153_node_038->perf_0153_node_039
2026-06-29T15:17:54.8392402Z [AUDIT] development:development_hexagon.requirement_link.added actor=5b7bf422afc5417fb7d0a4f0db04524c target=perf_0153_node_037->perf_0153_node_039
2026-06-29T15:17:55.1396490Z [AUDIT] development:development_hexagon.requirement_link.added actor=5b7bf422afc5417fb7d0a4f0db04524c target=perf_0153_node_039->perf_0153_node_040
2026-06-29T15:17:55.5125441Z [AUDIT] development:development_hexagon.requirement_link.added actor=5b7bf422afc5417fb7d0a4f0db04524c target=perf_0153_node_038->perf_0153_node_040
2026-06-29T15:17:55.9128674Z [AUDIT] development:development_hexagon.requirement_link.added actor=5b7bf422afc5417fb7d0a4f0db04524c target=perf_0153_node_040->perf_0153_node_041
2026-06-29T15:17:56.1877464Z [AUDIT] development:development_hexagon.requirement_link.added actor=5b7bf422afc5417fb7d0a4f0db04524c target=perf_0153_node_039->perf_0153_node_041
2026-06-29T15:17:56.5740230Z [AUDIT] development:development_hexagon.requirement_link.added actor=5b7bf422afc5417fb7d0a4f0db04524c target=perf_0153_node_041->perf_0153_node_042
2026-06-29T15:17:56.8633544Z [AUDIT] development:development_hexagon.requirement_link.added actor=5b7bf422afc5417fb7d0a4f0db04524c target=perf_0153_node_040->perf_0153_node_042
2026-06-29T15:17:57.2183279Z [AUDIT] development:development_hexagon.requirement_link.added actor=5b7bf422afc5417fb7d0a4f0db04524c target=perf_0153_node_042->perf_0153_node_043
2026-06-29T15:17:57.5626895Z [AUDIT] development:development_hexagon.requirement_link.added actor=5b7bf422afc5417fb7d0a4f0db04524c target=perf_0153_node_041->perf_0153_node_043
2026-06-29T15:17:57.9212518Z [AUDIT] development:development_hexagon.requirement_link.added actor=5b7bf422afc5417fb7d0a4f0db04524c target=perf_0153_node_043->perf_0153_node_044
2026-06-29T15:17:58.2028169Z [AUDIT] development:development_hexagon.requirement_link.added actor=5b7bf422afc5417fb7d0a4f0db04524c target=perf_0153_node_042->perf_0153_node_044
2026-06-29T15:17:58.5580178Z [AUDIT] development:development_hexagon.requirement_link.added actor=5b7bf422afc5417fb7d0a4f0db04524c target=perf_0153_node_044->perf_0153_node_045
2026-06-29T15:17:58.9566050Z [AUDIT] development:development_hexagon.requirement_link.added actor=5b7bf422afc5417fb7d0a4f0db04524c target=perf_0153_node_043->perf_0153_node_045
2026-06-29T15:17:59.2509423Z [AUDIT] development:development_hexagon.requirement_link.added actor=5b7bf422afc5417fb7d0a4f0db04524c target=perf_0153_node_045->perf_0153_node_046
2026-06-29T15:17:59.6136190Z [AUDIT] development:development_hexagon.requirement_link.added actor=5b7bf422afc5417fb7d0a4f0db04524c target=perf_0153_node_044->perf_0153_node_046
2026-06-29T15:17:59.8973711Z [AUDIT] development:development_hexagon.requirement_link.added actor=5b7bf422afc5417fb7d0a4f0db04524c target=perf_0153_node_046->perf_0153_node_047
2026-06-29T15:18:00.2735504Z [AUDIT] development:development_hexagon.requirement_link.added actor=5b7bf422afc5417fb7d0a4f0db04524c target=perf_0153_node_045->perf_0153_node_047
2026-06-29T15:18:00.6471168Z [AUDIT] development:development_hexagon.requirement_link.added actor=5b7bf422afc5417fb7d0a4f0db04524c target=perf_0153_node_047->perf_0153_node_048
2026-06-29T15:18:00.9301174Z [AUDIT] development:development_hexagon.requirement_link.added actor=5b7bf422afc5417fb7d0a4f0db04524c target=perf_0153_node_046->perf_0153_node_048
2026-06-29T15:18:01.3222873Z [AUDIT] development:development_hexagon.requirement_link.added actor=5b7bf422afc5417fb7d0a4f0db04524c target=perf_0153_node_048->perf_0153_node_049
2026-06-29T15:18:01.7180553Z [AUDIT] development:development_hexagon.requirement_link.added actor=5b7bf422afc5417fb7d0a4f0db04524c target=perf_0153_node_047->perf_0153_node_049
2026-06-29T15:18:02.0060410Z [AUDIT] development:development_hexagon.requirement_link.added actor=5b7bf422afc5417fb7d0a4f0db04524c target=perf_0153_node_049->perf_0153_node_050
2026-06-29T15:18:02.3772051Z [AUDIT] development:development_hexagon.requirement_link.added actor=5b7bf422afc5417fb7d0a4f0db04524c target=perf_0153_node_048->perf_0153_node_050
2026-06-29T15:18:02.7550210Z [AUDIT] development:development_hexagon.requirement_link.added actor=5b7bf422afc5417fb7d0a4f0db04524c target=perf_0153_node_050->perf_0153_node_051
2026-06-29T15:18:03.0387923Z [AUDIT] development:development_hexagon.requirement_link.added actor=5b7bf422afc5417fb7d0a4f0db04524c target=perf_0153_node_049->perf_0153_node_051
2026-06-29T15:18:03.3747039Z [AUDIT] development:development_hexagon.requirement_link.added actor=5b7bf422afc5417fb7d0a4f0db04524c target=perf_0153_node_051->perf_0153_node_052
2026-06-29T15:18:03.7825526Z [AUDIT] development:development_hexagon.requirement_link.added actor=5b7bf422afc5417fb7d0a4f0db04524c target=perf_0153_node_050->perf_0153_node_052
2026-06-29T15:18:04.0805994Z [AUDIT] development:development_hexagon.requirement_link.added actor=5b7bf422afc5417fb7d0a4f0db04524c target=perf_0153_node_052->perf_0153_node_053
2026-06-29T15:18:04.4193318Z [AUDIT] development:development_hexagon.requirement_link.added actor=5b7bf422afc5417fb7d0a4f0db04524c target=perf_0153_node_051->perf_0153_node_053
2026-06-29T15:18:04.8348952Z [AUDIT] development:development_hexagon.requirement_link.added actor=5b7bf422afc5417fb7d0a4f0db04524c target=perf_0153_node_053->perf_0153_node_054
2026-06-29T15:18:05.1109944Z [AUDIT] development:development_hexagon.requirement_link.added actor=5b7bf422afc5417fb7d0a4f0db04524c target=perf_0153_node_052->perf_0153_node_054
2026-06-29T15:18:05.4901543Z [AUDIT] development:development_hexagon.requirement_link.added actor=5b7bf422afc5417fb7d0a4f0db04524c target=perf_0153_node_054->perf_0153_node_055
2026-06-29T15:18:05.8776875Z [AUDIT] development:development_hexagon.requirement_link.added actor=5b7bf422afc5417fb7d0a4f0db04524c target=perf_0153_node_053->perf_0153_node_055
2026-06-29T15:18:06.1603994Z [AUDIT] development:development_hexagon.requirement_link.added actor=5b7bf422afc5417fb7d0a4f0db04524c target=perf_0153_node_055->perf_0153_node_056
2026-06-29T15:18:06.5429631Z [AUDIT] development:development_hexagon.requirement_link.added actor=5b7bf422afc5417fb7d0a4f0db04524c target=perf_0153_node_054->perf_0153_node_056
2026-06-29T15:18:06.9105190Z [AUDIT] development:development_hexagon.requirement_link.added actor=5b7bf422afc5417fb7d0a4f0db04524c target=perf_0153_node_056->perf_0153_node_057
2026-06-29T15:18:07.2791874Z [AUDIT] development:development_hexagon.requirement_link.added actor=5b7bf422afc5417fb7d0a4f0db04524c target=perf_0153_node_055->perf_0153_node_057
2026-06-29T15:18:07.5697475Z [AUDIT] development:development_hexagon.requirement_link.added actor=5b7bf422afc5417fb7d0a4f0db04524c target=perf_0153_node_057->perf_0153_node_058
2026-06-29T15:18:07.9187354Z [AUDIT] development:development_hexagon.requirement_link.added actor=5b7bf422afc5417fb7d0a4f0db04524c target=perf_0153_node_056->perf_0153_node_058
2026-06-29T15:18:08.3149394Z [AUDIT] development:development_hexagon.requirement_link.added actor=5b7bf422afc5417fb7d0a4f0db04524c target=perf_0153_node_058->perf_0153_node_059
2026-06-29T15:18:08.6077053Z [AUDIT] development:development_hexagon.requirement_link.added actor=5b7bf422afc5417fb7d0a4f0db04524c target=perf_0153_node_057->perf_0153_node_059
2026-06-29T15:18:09.2393866Z [AUDIT] development:development_hexagon.requirement_link.added actor=5b7bf422afc5417fb7d0a4f0db04524c target=perf_0153_node_059->perf_0153_node_060
2026-06-29T15:18:09.6245833Z [AUDIT] development:development_hexagon.requirement_link.added actor=5b7bf422afc5417fb7d0a4f0db04524c target=perf_0153_node_058->perf_0153_node_060
2026-06-29T15:18:09.9111113Z [AUDIT] development:development_hexagon.requirement_link.added actor=5b7bf422afc5417fb7d0a4f0db04524c target=perf_0153_node_060->perf_0153_node_061
2026-06-29T15:18:10.2863568Z [AUDIT] development:development_hexagon.requirement_link.added actor=5b7bf422afc5417fb7d0a4f0db04524c target=perf_0153_node_059->perf_0153_node_061
2026-06-29T15:18:10.6550135Z [AUDIT] development:development_hexagon.requirement_link.added actor=5b7bf422afc5417fb7d0a4f0db04524c target=perf_0153_node_061->perf_0153_node_062
2026-06-29T15:18:10.9505195Z [AUDIT] development:development_hexagon.requirement_link.added actor=5b7bf422afc5417fb7d0a4f0db04524c target=perf_0153_node_060->perf_0153_node_062
2026-06-29T15:18:11.3499837Z [AUDIT] development:development_hexagon.requirement_link.added actor=5b7bf422afc5417fb7d0a4f0db04524c target=perf_0153_node_062->perf_0153_node_063
2026-06-29T15:18:11.7268412Z [AUDIT] development:development_hexagon.requirement_link.added actor=5b7bf422afc5417fb7d0a4f0db04524c target=perf_0153_node_061->perf_0153_node_063
2026-06-29T15:18:12.0156714Z [AUDIT] development:development_hexagon.requirement_link.added actor=5b7bf422afc5417fb7d0a4f0db04524c target=perf_0153_node_063->perf_0153_node_064
2026-06-29T15:18:12.4015885Z [AUDIT] development:development_hexagon.requirement_link.added actor=5b7bf422afc5417fb7d0a4f0db04524c target=perf_0153_node_062->perf_0153_node_064
2026-06-29T15:18:12.7929712Z [AUDIT] development:development_hexagon.requirement_link.added actor=5b7bf422afc5417fb7d0a4f0db04524c target=perf_0153_node_064->perf_0153_node_065
2026-06-29T15:18:13.1489372Z [AUDIT] development:development_hexagon.requirement_link.added actor=5b7bf422afc5417fb7d0a4f0db04524c target=perf_0153_node_063->perf_0153_node_065
2026-06-29T15:18:13.4358765Z [AUDIT] development:development_hexagon.requirement_link.added actor=5b7bf422afc5417fb7d0a4f0db04524c target=perf_0153_node_065->perf_0153_node_066
2026-06-29T15:18:13.8064725Z [AUDIT] development:development_hexagon.requirement_link.added actor=5b7bf422afc5417fb7d0a4f0db04524c target=perf_0153_node_064->perf_0153_node_066
2026-06-29T15:18:14.1838632Z [AUDIT] development:development_hexagon.requirement_link.added actor=5b7bf422afc5417fb7d0a4f0db04524c target=perf_0153_node_066->perf_0153_node_067
2026-06-29T15:18:14.4790622Z [AUDIT] development:development_hexagon.requirement_link.added actor=5b7bf422afc5417fb7d0a4f0db04524c target=perf_0153_node_065->perf_0153_node_067
2026-06-29T15:18:14.8411874Z [AUDIT] development:development_hexagon.requirement_link.added actor=5b7bf422afc5417fb7d0a4f0db04524c target=perf_0153_node_067->perf_0153_node_068
2026-06-29T15:18:15.2597943Z [AUDIT] development:development_hexagon.requirement_link.added actor=5b7bf422afc5417fb7d0a4f0db04524c target=perf_0153_node_066->perf_0153_node_068
2026-06-29T15:18:15.5477262Z [AUDIT] development:development_hexagon.requirement_link.added actor=5b7bf422afc5417fb7d0a4f0db04524c target=perf_0153_node_068->perf_0153_node_069
2026-06-29T15:18:15.8990119Z [AUDIT] development:development_hexagon.requirement_link.added actor=5b7bf422afc5417fb7d0a4f0db04524c target=perf_0153_node_067->perf_0153_node_069
2026-06-29T15:18:16.2744404Z [AUDIT] development:development_hexagon.requirement_link.added actor=5b7bf422afc5417fb7d0a4f0db04524c target=perf_0153_node_069->perf_0153_node_070
2026-06-29T15:18:16.5532363Z [AUDIT] development:development_hexagon.requirement_link.added actor=5b7bf422afc5417fb7d0a4f0db04524c target=perf_0153_node_068->perf_0153_node_070
2026-06-29T15:18:16.9487713Z [AUDIT] development:development_hexagon.requirement_link.added actor=5b7bf422afc5417fb7d0a4f0db04524c target=perf_0153_node_070->perf_0153_node_071
2026-06-29T15:18:17.3508142Z [AUDIT] development:development_hexagon.requirement_link.added actor=5b7bf422afc5417fb7d0a4f0db04524c target=perf_0153_node_069->perf_0153_node_071
2026-06-29T15:18:17.6534634Z [AUDIT] development:development_hexagon.requirement_link.added actor=5b7bf422afc5417fb7d0a4f0db04524c target=perf_0153_node_071->perf_0153_node_072
2026-06-29T15:18:18.0276520Z [AUDIT] development:development_hexagon.requirement_link.added actor=5b7bf422afc5417fb7d0a4f0db04524c target=perf_0153_node_070->perf_0153_node_072
2026-06-29T15:18:18.4311826Z [AUDIT] development:development_hexagon.requirement_link.added actor=5b7bf422afc5417fb7d0a4f0db04524c target=perf_0153_node_072->perf_0153_node_073
2026-06-29T15:18:18.7392952Z [AUDIT] development:development_hexagon.requirement_link.added actor=5b7bf422afc5417fb7d0a4f0db04524c target=perf_0153_node_071->perf_0153_node_073
2026-06-29T15:18:19.1176115Z [AUDIT] development:development_hexagon.requirement_link.added actor=5b7bf422afc5417fb7d0a4f0db04524c target=perf_0153_node_073->perf_0153_node_074
2026-06-29T15:18:19.5243267Z [AUDIT] development:development_hexagon.requirement_link.added actor=5b7bf422afc5417fb7d0a4f0db04524c target=perf_0153_node_072->perf_0153_node_074
2026-06-29T15:18:19.8065421Z [AUDIT] development:development_hexagon.requirement_link.added actor=5b7bf422afc5417fb7d0a4f0db04524c target=perf_0153_node_074->perf_0153_node_075
2026-06-29T15:18:20.1812447Z [AUDIT] development:development_hexagon.requirement_link.added actor=5b7bf422afc5417fb7d0a4f0db04524c target=perf_0153_node_073->perf_0153_node_075
2026-06-29T15:18:20.5675074Z [AUDIT] development:development_hexagon.requirement_link.added actor=5b7bf422afc5417fb7d0a4f0db04524c target=perf_0153_node_075->perf_0153_node_076
2026-06-29T15:18:20.8705476Z [AUDIT] development:development_hexagon.requirement_link.added actor=5b7bf422afc5417fb7d0a4f0db04524c target=perf_0153_node_074->perf_0153_node_076
2026-06-29T15:18:21.2374157Z [AUDIT] development:development_hexagon.requirement_link.added actor=5b7bf422afc5417fb7d0a4f0db04524c target=perf_0153_node_076->perf_0153_node_077
2026-06-29T15:18:21.6504318Z [AUDIT] development:development_hexagon.requirement_link.added actor=5b7bf422afc5417fb7d0a4f0db04524c target=perf_0153_node_075->perf_0153_node_077
2026-06-29T15:18:21.9281767Z [AUDIT] development:development_hexagon.requirement_link.added actor=5b7bf422afc5417fb7d0a4f0db04524c target=perf_0153_node_077->perf_0153_node_078
2026-06-29T15:18:22.3217955Z [AUDIT] development:development_hexagon.requirement_link.added actor=5b7bf422afc5417fb7d0a4f0db04524c target=perf_0153_node_076->perf_0153_node_078
2026-06-29T15:18:22.7291355Z [AUDIT] development:development_hexagon.requirement_link.added actor=5b7bf422afc5417fb7d0a4f0db04524c target=perf_0153_node_078->perf_0153_node_079
2026-06-29T15:18:23.0313760Z [AUDIT] development:development_hexagon.requirement_link.added actor=5b7bf422afc5417fb7d0a4f0db04524c target=perf_0153_node_077->perf_0153_node_079
2026-06-29T15:18:23.3873699Z [AUDIT] development:development_hexagon.requirement_link.added actor=5b7bf422afc5417fb7d0a4f0db04524c target=perf_0153_node_079->perf_0153_node_080
2026-06-29T15:18:23.8034742Z [AUDIT] development:development_hexagon.requirement_link.added actor=5b7bf422afc5417fb7d0a4f0db04524c target=perf_0153_node_078->perf_0153_node_080
2026-06-29T15:18:24.0979027Z [AUDIT] development:development_hexagon.requirement_link.added actor=5b7bf422afc5417fb7d0a4f0db04524c target=perf_0153_node_080->perf_0153_node_081
2026-06-29T15:18:24.4612602Z [AUDIT] development:development_hexagon.requirement_link.added actor=5b7bf422afc5417fb7d0a4f0db04524c target=perf_0153_node_079->perf_0153_node_081
2026-06-29T15:18:24.8516074Z [AUDIT] development:development_hexagon.requirement_link.added actor=5b7bf422afc5417fb7d0a4f0db04524c target=perf_0153_node_081->perf_0153_node_082
2026-06-29T15:18:25.1574487Z [AUDIT] development:development_hexagon.requirement_link.added actor=5b7bf422afc5417fb7d0a4f0db04524c target=perf_0153_node_080->perf_0153_node_082
2026-06-29T15:18:25.5363249Z [AUDIT] development:development_hexagon.requirement_link.added actor=5b7bf422afc5417fb7d0a4f0db04524c target=perf_0153_node_082->perf_0153_node_083
2026-06-29T15:18:25.9122684Z [AUDIT] development:development_hexagon.requirement_link.added actor=5b7bf422afc5417fb7d0a4f0db04524c target=perf_0153_node_081->perf_0153_node_083
2026-06-29T15:18:26.2059365Z [AUDIT] development:development_hexagon.requirement_link.added actor=5b7bf422afc5417fb7d0a4f0db04524c target=perf_0153_node_083->perf_0153_node_084
2026-06-29T15:18:26.5722987Z [AUDIT] development:development_hexagon.requirement_link.added actor=5b7bf422afc5417fb7d0a4f0db04524c target=perf_0153_node_082->perf_0153_node_084
2026-06-29T15:18:26.9490106Z [AUDIT] development:development_hexagon.requirement_link.added actor=5b7bf422afc5417fb7d0a4f0db04524c target=perf_0153_node_084->perf_0153_node_085
2026-06-29T15:18:27.3417089Z [AUDIT] development:development_hexagon.requirement_link.added actor=5b7bf422afc5417fb7d0a4f0db04524c target=perf_0153_node_083->perf_0153_node_085
2026-06-29T15:18:27.6190610Z [AUDIT] development:development_hexagon.requirement_link.added actor=5b7bf422afc5417fb7d0a4f0db04524c target=perf_0153_node_085->perf_0153_node_086
2026-06-29T15:18:28.0749010Z [AUDIT] development:development_hexagon.requirement_link.added actor=5b7bf422afc5417fb7d0a4f0db04524c target=perf_0153_node_084->perf_0153_node_086
2026-06-29T15:18:28.3666192Z [AUDIT] development:development_hexagon.requirement_link.added actor=5b7bf422afc5417fb7d0a4f0db04524c target=perf_0153_node_086->perf_0153_node_087
2026-06-29T15:18:28.7317141Z [AUDIT] development:development_hexagon.requirement_link.added actor=5b7bf422afc5417fb7d0a4f0db04524c target=perf_0153_node_085->perf_0153_node_087
2026-06-29T15:18:29.1172814Z [AUDIT] development:development_hexagon.requirement_link.added actor=5b7bf422afc5417fb7d0a4f0db04524c target=perf_0153_node_087->perf_0153_node_088
2026-06-29T15:18:29.4520607Z [AUDIT] development:development_hexagon.requirement_link.added actor=5b7bf422afc5417fb7d0a4f0db04524c target=perf_0153_node_086->perf_0153_node_088
2026-06-29T15:18:29.8111089Z [AUDIT] development:development_hexagon.requirement_link.added actor=5b7bf422afc5417fb7d0a4f0db04524c target=perf_0153_node_088->perf_0153_node_089
2026-06-29T15:18:30.2230000Z [AUDIT] development:development_hexagon.requirement_link.added actor=5b7bf422afc5417fb7d0a4f0db04524c target=perf_0153_node_087->perf_0153_node_089
2026-06-29T15:18:30.5690252Z [AUDIT] development:development_hexagon.requirement_link.added actor=5b7bf422afc5417fb7d0a4f0db04524c target=perf_0153_node_089->perf_0153_node_090
2026-06-29T15:18:30.9298553Z [AUDIT] development:development_hexagon.requirement_link.added actor=5b7bf422afc5417fb7d0a4f0db04524c target=perf_0153_node_088->perf_0153_node_090
2026-06-29T15:18:31.3555594Z [AUDIT] development:development_hexagon.requirement_link.added actor=5b7bf422afc5417fb7d0a4f0db04524c target=perf_0153_node_090->perf_0153_node_091
2026-06-29T15:18:31.6519791Z [AUDIT] development:development_hexagon.requirement_link.added actor=5b7bf422afc5417fb7d0a4f0db04524c target=perf_0153_node_089->perf_0153_node_091
2026-06-29T15:18:32.0287502Z [AUDIT] development:development_hexagon.requirement_link.added actor=5b7bf422afc5417fb7d0a4f0db04524c target=perf_0153_node_091->perf_0153_node_092
2026-06-29T15:18:32.3802812Z [AUDIT] development:development_hexagon.requirement_link.added actor=5b7bf422afc5417fb7d0a4f0db04524c target=perf_0153_node_090->perf_0153_node_092
2026-06-29T15:18:32.7598687Z [AUDIT] development:development_hexagon.requirement_link.added actor=5b7bf422afc5417fb7d0a4f0db04524c target=perf_0153_node_092->perf_0153_node_093
2026-06-29T15:18:33.1784272Z [AUDIT] development:development_hexagon.requirement_link.added actor=5b7bf422afc5417fb7d0a4f0db04524c target=perf_0153_node_091->perf_0153_node_093
2026-06-29T15:18:33.4779986Z [AUDIT] development:development_hexagon.requirement_link.added actor=5b7bf422afc5417fb7d0a4f0db04524c target=perf_0153_node_093->perf_0153_node_094
2026-06-29T15:18:33.8568875Z [AUDIT] development:development_hexagon.requirement_link.added actor=5b7bf422afc5417fb7d0a4f0db04524c target=perf_0153_node_092->perf_0153_node_094
2026-06-29T15:18:34.2779138Z [AUDIT] development:development_hexagon.requirement_link.added actor=5b7bf422afc5417fb7d0a4f0db04524c target=perf_0153_node_094->perf_0153_node_095
2026-06-29T15:18:34.5731241Z [AUDIT] development:development_hexagon.requirement_link.added actor=5b7bf422afc5417fb7d0a4f0db04524c target=perf_0153_node_093->perf_0153_node_095
2026-06-29T15:18:34.9397566Z [AUDIT] development:development_hexagon.requirement_link.added actor=5b7bf422afc5417fb7d0a4f0db04524c target=perf_0153_node_095->perf_0153_node_096
2026-06-29T15:18:35.3804180Z [AUDIT] development:development_hexagon.requirement_link.added actor=5b7bf422afc5417fb7d0a4f0db04524c target=perf_0153_node_094->perf_0153_node_096
2026-06-29T15:18:35.6742832Z [AUDIT] development:development_hexagon.requirement_link.added actor=5b7bf422afc5417fb7d0a4f0db04524c target=perf_0153_node_096->perf_0153_node_097
2026-06-29T15:18:36.0270057Z [AUDIT] development:development_hexagon.requirement_link.added actor=5b7bf422afc5417fb7d0a4f0db04524c target=perf_0153_node_095->perf_0153_node_097
2026-06-29T15:18:36.4242698Z [AUDIT] development:development_hexagon.requirement_link.added actor=5b7bf422afc5417fb7d0a4f0db04524c target=perf_0153_node_097->perf_0153_node_098
2026-06-29T15:18:36.7025700Z [AUDIT] development:development_hexagon.requirement_link.added actor=5b7bf422afc5417fb7d0a4f0db04524c target=perf_0153_node_096->perf_0153_node_098
2026-06-29T15:18:37.0906399Z [AUDIT] development:development_hexagon.requirement_link.added actor=5b7bf422afc5417fb7d0a4f0db04524c target=perf_0153_node_098->perf_0153_node_099
2026-06-29T15:18:37.4632095Z [AUDIT] development:development_hexagon.requirement_link.added actor=5b7bf422afc5417fb7d0a4f0db04524c target=perf_0153_node_097->perf_0153_node_099
2026-06-29T15:18:37.8886000Z [AUDIT] development:development_hexagon.requirement_link.added actor=5b7bf422afc5417fb7d0a4f0db04524c target=perf_0153_node_099->perf_0153_node_100
2026-06-29T15:18:38.1729583Z [AUDIT] development:development_hexagon.requirement_link.added actor=5b7bf422afc5417fb7d0a4f0db04524c target=perf_0153_node_098->perf_0153_node_100
2026-06-29T15:18:38.5435640Z [AUDIT] development:development_hexagon.requirement_link.added actor=5b7bf422afc5417fb7d0a4f0db04524c target=perf_0153_node_100->perf_0153_node_101
2026-06-29T15:18:38.9419517Z [AUDIT] development:development_hexagon.requirement_link.added actor=5b7bf422afc5417fb7d0a4f0db04524c target=perf_0153_node_099->perf_0153_node_101
2026-06-29T15:18:39.3404037Z [AUDIT] development:development_hexagon.requirement_link.added actor=5b7bf422afc5417fb7d0a4f0db04524c target=perf_0153_node_101->perf_0153_node_102
2026-06-29T15:18:39.6458949Z [AUDIT] development:development_hexagon.requirement_link.added actor=5b7bf422afc5417fb7d0a4f0db04524c target=perf_0153_node_100->perf_0153_node_102
2026-06-29T15:18:40.0312251Z [AUDIT] development:development_hexagon.requirement_link.added actor=5b7bf422afc5417fb7d0a4f0db04524c target=perf_0153_node_102->perf_0153_node_103
2026-06-29T15:18:40.4133479Z [AUDIT] development:development_hexagon.requirement_link.added actor=5b7bf422afc5417fb7d0a4f0db04524c target=perf_0153_node_101->perf_0153_node_103
2026-06-29T15:18:40.7249461Z [AUDIT] development:development_hexagon.requirement_link.added actor=5b7bf422afc5417fb7d0a4f0db04524c target=perf_0153_node_103->perf_0153_node_104
2026-06-29T15:18:41.0765017Z [AUDIT] development:development_hexagon.requirement_link.added actor=5b7bf422afc5417fb7d0a4f0db04524c target=perf_0153_node_102->perf_0153_node_104
2026-06-29T15:18:41.4824479Z [AUDIT] development:development_hexagon.requirement_link.added actor=5b7bf422afc5417fb7d0a4f0db04524c target=perf_0153_node_104->perf_0153_node_105
2026-06-29T15:18:41.9011768Z [AUDIT] development:development_hexagon.requirement_link.added actor=5b7bf422afc5417fb7d0a4f0db04524c target=perf_0153_node_103->perf_0153_node_105
2026-06-29T15:18:42.2005483Z [AUDIT] development:development_hexagon.requirement_link.added actor=5b7bf422afc5417fb7d0a4f0db04524c target=perf_0153_node_105->perf_0153_node_106
2026-06-29T15:18:42.5919060Z [AUDIT] development:development_hexagon.requirement_link.added actor=5b7bf422afc5417fb7d0a4f0db04524c target=perf_0153_node_104->perf_0153_node_106
2026-06-29T15:18:42.9945818Z [AUDIT] development:development_hexagon.requirement_link.added actor=5b7bf422afc5417fb7d0a4f0db04524c target=perf_0153_node_106->perf_0153_node_107
2026-06-29T15:18:43.2923308Z [AUDIT] development:development_hexagon.requirement_link.added actor=5b7bf422afc5417fb7d0a4f0db04524c target=perf_0153_node_105->perf_0153_node_107
2026-06-29T15:18:43.6873089Z [AUDIT] development:development_hexagon.requirement_link.added actor=5b7bf422afc5417fb7d0a4f0db04524c target=perf_0153_node_107->perf_0153_node_108
2026-06-29T15:18:44.0652053Z [AUDIT] development:development_hexagon.requirement_link.added actor=5b7bf422afc5417fb7d0a4f0db04524c target=perf_0153_node_106->perf_0153_node_108
2026-06-29T15:18:44.4942487Z [AUDIT] development:development_hexagon.requirement_link.added actor=5b7bf422afc5417fb7d0a4f0db04524c target=perf_0153_node_108->perf_0153_node_109
2026-06-29T15:18:44.7910511Z [AUDIT] development:development_hexagon.requirement_link.added actor=5b7bf422afc5417fb7d0a4f0db04524c target=perf_0153_node_107->perf_0153_node_109
2026-06-29T15:18:45.1647418Z [AUDIT] development:development_hexagon.requirement_link.added actor=5b7bf422afc5417fb7d0a4f0db04524c target=perf_0153_node_109->perf_0153_node_110
2026-06-29T15:18:45.5632863Z [AUDIT] development:development_hexagon.requirement_link.added actor=5b7bf422afc5417fb7d0a4f0db04524c target=perf_0153_node_108->perf_0153_node_110
2026-06-29T15:18:45.9657483Z [AUDIT] development:development_hexagon.requirement_link.added actor=5b7bf422afc5417fb7d0a4f0db04524c target=perf_0153_node_110->perf_0153_node_111
2026-06-29T15:18:46.2757617Z [AUDIT] development:development_hexagon.requirement_link.added actor=5b7bf422afc5417fb7d0a4f0db04524c target=perf_0153_node_109->perf_0153_node_111
2026-06-29T15:18:46.6477867Z [AUDIT] development:development_hexagon.requirement_link.added actor=5b7bf422afc5417fb7d0a4f0db04524c target=perf_0153_node_111->perf_0153_node_112
2026-06-29T15:18:47.0321223Z [AUDIT] development:development_hexagon.requirement_link.added actor=5b7bf422afc5417fb7d0a4f0db04524c target=perf_0153_node_110->perf_0153_node_112
2026-06-29T15:18:47.4636103Z [AUDIT] development:development_hexagon.requirement_link.added actor=5b7bf422afc5417fb7d0a4f0db04524c target=perf_0153_node_112->perf_0153_node_113
2026-06-29T15:18:47.7682251Z [AUDIT] development:development_hexagon.requirement_link.added actor=5b7bf422afc5417fb7d0a4f0db04524c target=perf_0153_node_111->perf_0153_node_113
2026-06-29T15:18:48.1752098Z [AUDIT] development:development_hexagon.requirement_link.added actor=5b7bf422afc5417fb7d0a4f0db04524c target=perf_0153_node_113->perf_0153_node_114
2026-06-29T15:18:48.5542536Z [AUDIT] development:development_hexagon.requirement_link.added actor=5b7bf422afc5417fb7d0a4f0db04524c target=perf_0153_node_112->perf_0153_node_114
2026-06-29T15:18:48.9866026Z [AUDIT] development:development_hexagon.requirement_link.added actor=5b7bf422afc5417fb7d0a4f0db04524c target=perf_0153_node_114->perf_0153_node_115
2026-06-29T15:18:49.2895917Z [AUDIT] development:development_hexagon.requirement_link.added actor=5b7bf422afc5417fb7d0a4f0db04524c target=perf_0153_node_113->perf_0153_node_115
2026-06-29T15:18:49.6641282Z [AUDIT] development:development_hexagon.requirement_link.added actor=5b7bf422afc5417fb7d0a4f0db04524c target=perf_0153_node_115->perf_0153_node_116
2026-06-29T15:18:50.0719660Z [AUDIT] development:development_hexagon.requirement_link.added actor=5b7bf422afc5417fb7d0a4f0db04524c target=perf_0153_node_114->perf_0153_node_116
2026-06-29T15:18:50.4863038Z [AUDIT] development:development_hexagon.requirement_link.added actor=5b7bf422afc5417fb7d0a4f0db04524c target=perf_0153_node_116->perf_0153_node_117
2026-06-29T15:18:50.7846202Z [AUDIT] development:development_hexagon.requirement_link.added actor=5b7bf422afc5417fb7d0a4f0db04524c target=perf_0153_node_115->perf_0153_node_117
2026-06-29T15:18:51.1609087Z [AUDIT] development:development_hexagon.requirement_link.added actor=5b7bf422afc5417fb7d0a4f0db04524c target=perf_0153_node_117->perf_0153_node_118
2026-06-29T15:18:51.5485616Z [AUDIT] development:development_hexagon.requirement_link.added actor=5b7bf422afc5417fb7d0a4f0db04524c target=perf_0153_node_116->perf_0153_node_118
2026-06-29T15:18:51.9898673Z [AUDIT] development:development_hexagon.requirement_link.added actor=5b7bf422afc5417fb7d0a4f0db04524c target=perf_0153_node_118->perf_0153_node_119
2026-06-29T15:18:52.2962095Z [AUDIT] development:development_hexagon.requirement_link.added actor=5b7bf422afc5417fb7d0a4f0db04524c target=perf_0153_node_117->perf_0153_node_119
2026-06-29T15:18:52.6849921Z [AUDIT] development:development_hexagon.requirement_link.added actor=5b7bf422afc5417fb7d0a4f0db04524c target=perf_0153_node_119->perf_0153_node_120
2026-06-29T15:18:53.1043215Z [AUDIT] development:development_hexagon.requirement_link.added actor=5b7bf422afc5417fb7d0a4f0db04524c target=perf_0153_node_118->perf_0153_node_120
2026-06-29T16:30:06.2026086Z [AUDIT] auth:login actor=5b7bf422afc5417fb7d0a4f0db04524c target=5b7bf422afc5417fb7d0a4f0db04524c
2026-06-29T16:30:06.4965910Z [AUDIT] auth:login actor=0584ae33047742a18f657d4ca9c86a01 target=0584ae33047742a18f657d4ca9c86a01
2026-06-29T16:30:12.4784099Z [AUDIT] gm_notes:gm.note.created actor=5b7bf422afc5417fb7d0a4f0db04524c target=89c7366668974f8a8763fdd9cf326d11
2026-06-29T16:30:12.5024098Z [AUDIT] gm_notes:gm.note.updated actor=5b7bf422afc5417fb7d0a4f0db04524c target=89c7366668974f8a8763fdd9cf326d11
2026-06-29T16:30:12.5084100Z [AUDIT] gm_notes:gm.note.pinned actor=5b7bf422afc5417fb7d0a4f0db04524c target=89c7366668974f8a8763fdd9cf326d11
2026-06-29T16:30:12.5144099Z [AUDIT] gm_notes:gm.note.archived actor=5b7bf422afc5417fb7d0a4f0db04524c target=89c7366668974f8a8763fdd9cf326d11
2026-06-29T16:30:12.5594098Z [AUDIT] event_journal:journal.event.manual.created actor=5b7bf422afc5417fb7d0a4f0db04524c target=5b76f35f8dc9491b94d97890b3943f32
2026-06-29T16:30:12.6214118Z [AUDIT] event_journal:journal.event.manual.created actor=5b7bf422afc5417fb7d0a4f0db04524c target=ec395926e2e7419e8403cbf9f9549683
2026-06-29T16:30:12.7264098Z [AUDIT] player_request:submit actor=0584ae33047742a18f657d4ca9c86a01 target=f33820b67f0049b4be9dc2241d7934c7
2026-06-29T16:30:12.7354097Z [AUDIT] event_journal:journal.event.request_created_submitted actor=0584ae33047742a18f657d4ca9c86a01 target=a5bca8b2364946b3916b8372feeee55f
2026-06-29T16:30:12.7674099Z [AUDIT] player_request:approve actor=5b7bf422afc5417fb7d0a4f0db04524c target=f33820b67f0049b4be9dc2241d7934c7
2026-06-29T16:30:12.7754097Z [AUDIT] event_journal:journal.event.request_approve actor=5b7bf422afc5417fb7d0a4f0db04524c target=5e9c4c2b79494648b54f7dcbfc94e968
2026-06-29T17:00:34.2706974Z [AUDIT] auth:login actor=5b7bf422afc5417fb7d0a4f0db04524c target=5b7bf422afc5417fb7d0a4f0db04524c
2026-06-29T17:00:34.5717151Z [AUDIT] auth:login actor=0584ae33047742a18f657d4ca9c86a01 target=0584ae33047742a18f657d4ca9c86a01
2026-06-29T17:00:40.6501009Z [AUDIT] gm_notes:gm.note.created actor=5b7bf422afc5417fb7d0a4f0db04524c target=32df7c34d1c34e488ad46ad07e7598b2
2026-06-29T17:00:40.6741011Z [AUDIT] gm_notes:gm.note.updated actor=5b7bf422afc5417fb7d0a4f0db04524c target=32df7c34d1c34e488ad46ad07e7598b2
2026-06-29T17:00:40.6801018Z [AUDIT] gm_notes:gm.note.pinned actor=5b7bf422afc5417fb7d0a4f0db04524c target=32df7c34d1c34e488ad46ad07e7598b2
2026-06-29T17:00:40.6861018Z [AUDIT] gm_notes:gm.note.archived actor=5b7bf422afc5417fb7d0a4f0db04524c target=32df7c34d1c34e488ad46ad07e7598b2
2026-06-29T17:00:40.7314602Z [AUDIT] event_journal:journal.event.manual.created actor=5b7bf422afc5417fb7d0a4f0db04524c target=2bea2a05cc1441039b86a64beafc15a2
2026-06-29T17:00:40.7952389Z [AUDIT] event_journal:journal.event.manual.created actor=5b7bf422afc5417fb7d0a4f0db04524c target=28e311f9a82f41919d1fc5fc4a9592cf
2026-06-29T17:00:40.9054591Z [AUDIT] player_request:submit actor=0584ae33047742a18f657d4ca9c86a01 target=723b8269f52c48e3913b77755287bf10
2026-06-29T17:00:40.9134603Z [AUDIT] event_journal:journal.event.request_created_submitted actor=0584ae33047742a18f657d4ca9c86a01 target=a2a0dfbbf49e479289e4705210d33b1b
2026-06-29T17:00:40.9453167Z [AUDIT] player_request:approve actor=5b7bf422afc5417fb7d0a4f0db04524c target=723b8269f52c48e3913b77755287bf10
2026-06-29T17:00:40.9533161Z [AUDIT] event_journal:journal.event.request_approve actor=5b7bf422afc5417fb7d0a4f0db04524c target=032ba0da444943efb2cf34a298327995
